modbusTCP;BatteryRack;Mars Energy;MarsLocalController Rack V7.0;;;;;;;
1;4;0;U16;;Rack - Number of cells in Rack;;1.000000;0.000000;;4
2;4;1;F32;;Rack - Rack Voltage;;1.000000;0.000000;V;4
3;4;3;F32;;Rack - Rack Current;;1.000000;0.000000;A;4
4;4;5;F32;;Rack - Rack SOC;;1.000000;0.000000;%;4
5;4;7;F32;;Rack - Rack SOH;;1.000000;0.000000;%;4
6;4;9;F32;;Rack - Rack Insulation Resistance;;1.000000;0.000000;Ω;4
7;4;11;F32;;Rack - Maximum Allowable Charge Current;;1.000000;0.000000;A;4
8;4;13;F32;;Rack - Maximum Allowable Discharge Current;;1.000000;0.000000;A;4
9;4;15;F32;;Rack - Total Charge Energy;;1.000000;0.000000;kWh;4
10;4;17;F32;;Rack - Total Discharge Energy;;1.000000;0.000000;kWh;4
11;4;19;F32;;Rack - Available Charge Energy;;1.000000;0.000000;kWh;4
12;4;21;F32;;Rack - Available Discharge Energy;;1.000000;0.000000;kWh;4
13;4;23;F32;;Rack - Average Cell Voltage;;1.000000;0.000000;V;4
14;4;25;F32;;Rack - Average Cell Temperature;;1.000000;0.000000;°C;4
15;4;27;F32;;Rack - Maximum Cell Voltage;;1.000000;0.000000;V;4
16;4;29;F32;;Rack - Maximum Cell Voltage Cell Number;;1.000000;0.000000;;4
17;4;31;F32;;Rack - Minimum Cell Voltage;;1.000000;0.000000;V;4
18;4;33;F32;;Rack - Minimum Cell Voltage Cell Number;;1.000000;0.000000;;4
19;4;35;F32;;Rack - Maximum Cell Temperature;;1.000000;0.000000;°C;4
20;4;37;F32;;Rack - Maximum Cell Temperature Cell Number;;1.000000;0.000000;;4
21;4;39;F32;;Rack - Minimum Cell Temperature;;1.000000;0.000000;°C;4
22;4;41;F32;;Rack - Minimum Cell Temperature Cell Number;;1.000000;0.000000;;4
23;4;43;F32;;Rack - Maximum Cell SOC;;1.000000;0.000000;%;4
24;4;45;F32;;Rack - Maximum Cell SOC Cell Number;;1.000000;0.000000;;4
25;4;47;F32;;Rack - Minimum Cell SOC;;1.000000;0.000000;%;4
26;4;49;F32;;Rack - Minimum Cell SOC Cell Number;;1.000000;0.000000;;4
27;4;51;F32;;Rack - Maximum Cell SOH;;1.000000;0.000000;%;4
28;4;53;F32;;Rack - Maximum Cell SOH Cell Number;;1.000000;0.000000;;4
29;4;55;F32;;Rack - Minimum Cell SOH;;1.000000;0.000000;%;4
30;4;57;F32;;Rack - Minimum Cell SOH Cell Number;;1.000000;0.000000;;4
31;4;100;F32;;Cell 1 - Cell Voltage;;1.000000;0.000000;V;4
32;4;102;F32;;Cell 1 - Cell Temperature;;1.000000;0.000000;°C;4
33;4;104;F32;;Cell 1 - Cell SOC;;1.000000;0.000000;%;4
34;4;106;F32;;Cell 1 - Cell SOH;;1.000000;0.000000;%;4
35;4;108;F32;;Cell 1 - Cell Resistance;;1.000000;0.000000;Ω;4
36;4;110;F32;;Cell 2 - Cell Voltage;;1.000000;0.000000;V;4
37;4;112;F32;;Cell 2 - Cell Temperature;;1.000000;0.000000;°C;4
38;4;114;F32;;Cell 2 - Cell SOC;;1.000000;0.000000;%;4
39;4;116;F32;;Cell 2 - Cell SOH;;1.000000;0.000000;%;4
40;4;118;F32;;Cell 2 - Cell Resistance;;1.000000;0.000000;Ω;4
41;4;120;F32;;Cell 3 - Cell Voltage;;1.000000;0.000000;V;4
42;4;122;F32;;Cell 3 - Cell Temperature;;1.000000;0.000000;°C;4
43;4;124;F32;;Cell 3 - Cell SOC;;1.000000;0.000000;%;4
44;4;126;F32;;Cell 3 - Cell SOH;;1.000000;0.000000;%;4
45;4;128;F32;;Cell 3 - Cell Resistance;;1.000000;0.000000;Ω;4
46;4;130;F32;;Cell 4 - Cell Voltage;;1.000000;0.000000;V;4
47;4;132;F32;;Cell 4 - Cell Temperature;;1.000000;0.000000;°C;4
48;4;134;F32;;Cell 4 - Cell SOC;;1.000000;0.000000;%;4
49;4;136;F32;;Cell 4 - Cell SOH;;1.000000;0.000000;%;4
50;4;138;F32;;Cell 4 - Cell Resistance;;1.000000;0.000000;Ω;4
51;4;140;F32;;Cell 5 - Cell Voltage;;1.000000;0.000000;V;4
52;4;142;F32;;Cell 5 - Cell Temperature;;1.000000;0.000000;°C;4
53;4;144;F32;;Cell 5 - Cell SOC;;1.000000;0.000000;%;4
54;4;146;F32;;Cell 5 - Cell SOH;;1.000000;0.000000;%;4
55;4;148;F32;;Cell 5 - Cell Resistance;;1.000000;0.000000;Ω;4
56;4;150;F32;;Cell 6 - Cell Voltage;;1.000000;0.000000;V;4
57;4;152;F32;;Cell 6 - Cell Temperature;;1.000000;0.000000;°C;4
58;4;154;F32;;Cell 6 - Cell SOC;;1.000000;0.000000;%;4
59;4;156;F32;;Cell 6 - Cell SOH;;1.000000;0.000000;%;4
60;4;158;F32;;Cell 6 - Cell Resistance;;1.000000;0.000000;Ω;4
61;4;160;F32;;Cell 7 - Cell Voltage;;1.000000;0.000000;V;4
62;4;162;F32;;Cell 7 - Cell Temperature;;1.000000;0.000000;°C;4
63;4;164;F32;;Cell 7 - Cell SOC;;1.000000;0.000000;%;4
64;4;166;F32;;Cell 7 - Cell SOH;;1.000000;0.000000;%;4
65;4;168;F32;;Cell 7 - Cell Resistance;;1.000000;0.000000;Ω;4
66;4;170;F32;;Cell 8 - Cell Voltage;;1.000000;0.000000;V;4
67;4;172;F32;;Cell 8 - Cell Temperature;;1.000000;0.000000;°C;4
68;4;174;F32;;Cell 8 - Cell SOC;;1.000000;0.000000;%;4
69;4;176;F32;;Cell 8 - Cell SOH;;1.000000;0.000000;%;4
70;4;178;F32;;Cell 8 - Cell Resistance;;1.000000;0.000000;Ω;4
71;4;180;F32;;Cell 9 - Cell Voltage;;1.000000;0.000000;V;4
72;4;182;F32;;Cell 9 - Cell Temperature;;1.000000;0.000000;°C;4
73;4;184;F32;;Cell 9 - Cell SOC;;1.000000;0.000000;%;4
74;4;186;F32;;Cell 9 - Cell SOH;;1.000000;0.000000;%;4
75;4;188;F32;;Cell 9 - Cell Resistance;;1.000000;0.000000;Ω;4
76;4;190;F32;;Cell 10 - Cell Voltage;;1.000000;0.000000;V;4
77;4;192;F32;;Cell 10 - Cell Temperature;;1.000000;0.000000;°C;4
78;4;194;F32;;Cell 10 - Cell SOC;;1.000000;0.000000;%;4
79;4;196;F32;;Cell 10 - Cell SOH;;1.000000;0.000000;%;4
80;4;198;F32;;Cell 10 - Cell Resistance;;1.000000;0.000000;Ω;4
81;4;200;F32;;Cell 11 - Cell Voltage;;1.000000;0.000000;V;4
82;4;202;F32;;Cell 11 - Cell Temperature;;1.000000;0.000000;°C;4
83;4;204;F32;;Cell 11 - Cell SOC;;1.000000;0.000000;%;4
84;4;206;F32;;Cell 11 - Cell SOH;;1.000000;0.000000;%;4
85;4;208;F32;;Cell 11 - Cell Resistance;;1.000000;0.000000;Ω;4
86;4;210;F32;;Cell 12 - Cell Voltage;;1.000000;0.000000;V;4
87;4;212;F32;;Cell 12 - Cell Temperature;;1.000000;0.000000;°C;4
88;4;214;F32;;Cell 12 - Cell SOC;;1.000000;0.000000;%;4
89;4;216;F32;;Cell 12 - Cell SOH;;1.000000;0.000000;%;4
90;4;218;F32;;Cell 12 - Cell Resistance;;1.000000;0.000000;Ω;4
91;4;220;F32;;Cell 13 - Cell Voltage;;1.000000;0.000000;V;4
92;4;222;F32;;Cell 13 - Cell Temperature;;1.000000;0.000000;°C;4
93;4;224;F32;;Cell 13 - Cell SOC;;1.000000;0.000000;%;4
94;4;226;F32;;Cell 13 - Cell SOH;;1.000000;0.000000;%;4
95;4;228;F32;;Cell 13 - Cell Resistance;;1.000000;0.000000;Ω;4
96;4;230;F32;;Cell 14 - Cell Voltage;;1.000000;0.000000;V;4
97;4;232;F32;;Cell 14 - Cell Temperature;;1.000000;0.000000;°C;4
98;4;234;F32;;Cell 14 - Cell SOC;;1.000000;0.000000;%;4
99;4;236;F32;;Cell 14 - Cell SOH;;1.000000;0.000000;%;4
100;4;238;F32;;Cell 14 - Cell Resistance;;1.000000;0.000000;Ω;4
101;4;240;F32;;Cell 15 - Cell Voltage;;1.000000;0.000000;V;4
102;4;242;F32;;Cell 15 - Cell Temperature;;1.000000;0.000000;°C;4
103;4;244;F32;;Cell 15 - Cell SOC;;1.000000;0.000000;%;4
104;4;246;F32;;Cell 15 - Cell SOH;;1.000000;0.000000;%;4
105;4;248;F32;;Cell 15 - Cell Resistance;;1.000000;0.000000;Ω;4
106;4;250;F32;;Cell 16 - Cell Voltage;;1.000000;0.000000;V;4
107;4;252;F32;;Cell 16 - Cell Temperature;;1.000000;0.000000;°C;4
108;4;254;F32;;Cell 16 - Cell SOC;;1.000000;0.000000;%;4
109;4;256;F32;;Cell 16 - Cell SOH;;1.000000;0.000000;%;4
110;4;258;F32;;Cell 16 - Cell Resistance;;1.000000;0.000000;Ω;4
111;4;260;F32;;Cell 17 - Cell Voltage;;1.000000;0.000000;V;4
112;4;262;F32;;Cell 17 - Cell Temperature;;1.000000;0.000000;°C;4
113;4;264;F32;;Cell 17 - Cell SOC;;1.000000;0.000000;%;4
114;4;266;F32;;Cell 17 - Cell SOH;;1.000000;0.000000;%;4
115;4;268;F32;;Cell 17 - Cell Resistance;;1.000000;0.000000;Ω;4
116;4;270;F32;;Cell 18 - Cell Voltage;;1.000000;0.000000;V;4
117;4;272;F32;;Cell 18 - Cell Temperature;;1.000000;0.000000;°C;4
118;4;274;F32;;Cell 18 - Cell SOC;;1.000000;0.000000;%;4
119;4;276;F32;;Cell 18 - Cell SOH;;1.000000;0.000000;%;4
120;4;278;F32;;Cell 18 - Cell Resistance;;1.000000;0.000000;Ω;4
121;4;280;F32;;Cell 19 - Cell Voltage;;1.000000;0.000000;V;4
122;4;282;F32;;Cell 19 - Cell Temperature;;1.000000;0.000000;°C;4
123;4;284;F32;;Cell 19 - Cell SOC;;1.000000;0.000000;%;4
124;4;286;F32;;Cell 19 - Cell SOH;;1.000000;0.000000;%;4
125;4;288;F32;;Cell 19 - Cell Resistance;;1.000000;0.000000;Ω;4
126;4;290;F32;;Cell 20 - Cell Voltage;;1.000000;0.000000;V;4
127;4;292;F32;;Cell 20 - Cell Temperature;;1.000000;0.000000;°C;4
128;4;294;F32;;Cell 20 - Cell SOC;;1.000000;0.000000;%;4
129;4;296;F32;;Cell 20 - Cell SOH;;1.000000;0.000000;%;4
130;4;298;F32;;Cell 20 - Cell Resistance;;1.000000;0.000000;Ω;4
131;4;300;F32;;Cell 21 - Cell Voltage;;1.000000;0.000000;V;4
132;4;302;F32;;Cell 21 - Cell Temperature;;1.000000;0.000000;°C;4
133;4;304;F32;;Cell 21 - Cell SOC;;1.000000;0.000000;%;4
134;4;306;F32;;Cell 21 - Cell SOH;;1.000000;0.000000;%;4
135;4;308;F32;;Cell 21 - Cell Resistance;;1.000000;0.000000;Ω;4
136;4;310;F32;;Cell 22 - Cell Voltage;;1.000000;0.000000;V;4
137;4;312;F32;;Cell 22 - Cell Temperature;;1.000000;0.000000;°C;4
138;4;314;F32;;Cell 22 - Cell SOC;;1.000000;0.000000;%;4
139;4;316;F32;;Cell 22 - Cell SOH;;1.000000;0.000000;%;4
140;4;318;F32;;Cell 22 - Cell Resistance;;1.000000;0.000000;Ω;4
141;4;320;F32;;Cell 23 - Cell Voltage;;1.000000;0.000000;V;4
142;4;322;F32;;Cell 23 - Cell Temperature;;1.000000;0.000000;°C;4
143;4;324;F32;;Cell 23 - Cell SOC;;1.000000;0.000000;%;4
144;4;326;F32;;Cell 23 - Cell SOH;;1.000000;0.000000;%;4
145;4;328;F32;;Cell 23 - Cell Resistance;;1.000000;0.000000;Ω;4
146;4;330;F32;;Cell 24 - Cell Voltage;;1.000000;0.000000;V;4
147;4;332;F32;;Cell 24 - Cell Temperature;;1.000000;0.000000;°C;4
148;4;334;F32;;Cell 24 - Cell SOC;;1.000000;0.000000;%;4
149;4;336;F32;;Cell 24 - Cell SOH;;1.000000;0.000000;%;4
150;4;338;F32;;Cell 24 - Cell Resistance;;1.000000;0.000000;Ω;4
151;4;340;F32;;Cell 25 - Cell Voltage;;1.000000;0.000000;V;4
152;4;342;F32;;Cell 25 - Cell Temperature;;1.000000;0.000000;°C;4
153;4;344;F32;;Cell 25 - Cell SOC;;1.000000;0.000000;%;4
154;4;346;F32;;Cell 25 - Cell SOH;;1.000000;0.000000;%;4
155;4;348;F32;;Cell 25 - Cell Resistance;;1.000000;0.000000;Ω;4
156;4;350;F32;;Cell 26 - Cell Voltage;;1.000000;0.000000;V;4
157;4;352;F32;;Cell 26 - Cell Temperature;;1.000000;0.000000;°C;4
158;4;354;F32;;Cell 26 - Cell SOC;;1.000000;0.000000;%;4
159;4;356;F32;;Cell 26 - Cell SOH;;1.000000;0.000000;%;4
160;4;358;F32;;Cell 26 - Cell Resistance;;1.000000;0.000000;Ω;4
161;4;360;F32;;Cell 27 - Cell Voltage;;1.000000;0.000000;V;4
162;4;362;F32;;Cell 27 - Cell Temperature;;1.000000;0.000000;°C;4
163;4;364;F32;;Cell 27 - Cell SOC;;1.000000;0.000000;%;4
164;4;366;F32;;Cell 27 - Cell SOH;;1.000000;0.000000;%;4
165;4;368;F32;;Cell 27 - Cell Resistance;;1.000000;0.000000;Ω;4
166;4;370;F32;;Cell 28 - Cell Voltage;;1.000000;0.000000;V;4
167;4;372;F32;;Cell 28 - Cell Temperature;;1.000000;0.000000;°C;4
168;4;374;F32;;Cell 28 - Cell SOC;;1.000000;0.000000;%;4
169;4;376;F32;;Cell 28 - Cell SOH;;1.000000;0.000000;%;4
170;4;378;F32;;Cell 28 - Cell Resistance;;1.000000;0.000000;Ω;4
171;4;380;F32;;Cell 29 - Cell Voltage;;1.000000;0.000000;V;4
172;4;382;F32;;Cell 29 - Cell Temperature;;1.000000;0.000000;°C;4
173;4;384;F32;;Cell 29 - Cell SOC;;1.000000;0.000000;%;4
174;4;386;F32;;Cell 29 - Cell SOH;;1.000000;0.000000;%;4
175;4;388;F32;;Cell 29 - Cell Resistance;;1.000000;0.000000;Ω;4
176;4;390;F32;;Cell 30 - Cell Voltage;;1.000000;0.000000;V;4
177;4;392;F32;;Cell 30 - Cell Temperature;;1.000000;0.000000;°C;4
178;4;394;F32;;Cell 30 - Cell SOC;;1.000000;0.000000;%;4
179;4;396;F32;;Cell 30 - Cell SOH;;1.000000;0.000000;%;4
180;4;398;F32;;Cell 30 - Cell Resistance;;1.000000;0.000000;Ω;4
181;4;400;F32;;Cell 31 - Cell Voltage;;1.000000;0.000000;V;4
182;4;402;F32;;Cell 31 - Cell Temperature;;1.000000;0.000000;°C;4
183;4;404;F32;;Cell 31 - Cell SOC;;1.000000;0.000000;%;4
184;4;406;F32;;Cell 31 - Cell SOH;;1.000000;0.000000;%;4
185;4;408;F32;;Cell 31 - Cell Resistance;;1.000000;0.000000;Ω;4
186;4;410;F32;;Cell 32 - Cell Voltage;;1.000000;0.000000;V;4
187;4;412;F32;;Cell 32 - Cell Temperature;;1.000000;0.000000;°C;4
188;4;414;F32;;Cell 32 - Cell SOC;;1.000000;0.000000;%;4
189;4;416;F32;;Cell 32 - Cell SOH;;1.000000;0.000000;%;4
190;4;418;F32;;Cell 32 - Cell Resistance;;1.000000;0.000000;Ω;4
191;4;420;F32;;Cell 33 - Cell Voltage;;1.000000;0.000000;V;4
192;4;422;F32;;Cell 33 - Cell Temperature;;1.000000;0.000000;°C;4
193;4;424;F32;;Cell 33 - Cell SOC;;1.000000;0.000000;%;4
194;4;426;F32;;Cell 33 - Cell SOH;;1.000000;0.000000;%;4
195;4;428;F32;;Cell 33 - Cell Resistance;;1.000000;0.000000;Ω;4
196;4;430;F32;;Cell 34 - Cell Voltage;;1.000000;0.000000;V;4
197;4;432;F32;;Cell 34 - Cell Temperature;;1.000000;0.000000;°C;4
198;4;434;F32;;Cell 34 - Cell SOC;;1.000000;0.000000;%;4
199;4;436;F32;;Cell 34 - Cell SOH;;1.000000;0.000000;%;4
200;4;438;F32;;Cell 34 - Cell Resistance;;1.000000;0.000000;Ω;4
201;4;440;F32;;Cell 35 - Cell Voltage;;1.000000;0.000000;V;4
202;4;442;F32;;Cell 35 - Cell Temperature;;1.000000;0.000000;°C;4
203;4;444;F32;;Cell 35 - Cell SOC;;1.000000;0.000000;%;4
204;4;446;F32;;Cell 35 - Cell SOH;;1.000000;0.000000;%;4
205;4;448;F32;;Cell 35 - Cell Resistance;;1.000000;0.000000;Ω;4
206;4;450;F32;;Cell 36 - Cell Voltage;;1.000000;0.000000;V;4
207;4;452;F32;;Cell 36 - Cell Temperature;;1.000000;0.000000;°C;4
208;4;454;F32;;Cell 36 - Cell SOC;;1.000000;0.000000;%;4
209;4;456;F32;;Cell 36 - Cell SOH;;1.000000;0.000000;%;4
210;4;458;F32;;Cell 36 - Cell Resistance;;1.000000;0.000000;Ω;4
211;4;460;F32;;Cell 37 - Cell Voltage;;1.000000;0.000000;V;4
212;4;462;F32;;Cell 37 - Cell Temperature;;1.000000;0.000000;°C;4
213;4;464;F32;;Cell 37 - Cell SOC;;1.000000;0.000000;%;4
214;4;466;F32;;Cell 37 - Cell SOH;;1.000000;0.000000;%;4
215;4;468;F32;;Cell 37 - Cell Resistance;;1.000000;0.000000;Ω;4
216;4;470;F32;;Cell 38 - Cell Voltage;;1.000000;0.000000;V;4
217;4;472;F32;;Cell 38 - Cell Temperature;;1.000000;0.000000;°C;4
218;4;474;F32;;Cell 38 - Cell SOC;;1.000000;0.000000;%;4
219;4;476;F32;;Cell 38 - Cell SOH;;1.000000;0.000000;%;4
220;4;478;F32;;Cell 38 - Cell Resistance;;1.000000;0.000000;Ω;4
221;4;480;F32;;Cell 39 - Cell Voltage;;1.000000;0.000000;V;4
222;4;482;F32;;Cell 39 - Cell Temperature;;1.000000;0.000000;°C;4
223;4;484;F32;;Cell 39 - Cell SOC;;1.000000;0.000000;%;4
224;4;486;F32;;Cell 39 - Cell SOH;;1.000000;0.000000;%;4
225;4;488;F32;;Cell 39 - Cell Resistance;;1.000000;0.000000;Ω;4
226;4;490;F32;;Cell 40 - Cell Voltage;;1.000000;0.000000;V;4
227;4;492;F32;;Cell 40 - Cell Temperature;;1.000000;0.000000;°C;4
228;4;494;F32;;Cell 40 - Cell SOC;;1.000000;0.000000;%;4
229;4;496;F32;;Cell 40 - Cell SOH;;1.000000;0.000000;%;4
230;4;498;F32;;Cell 40 - Cell Resistance;;1.000000;0.000000;Ω;4
231;4;500;F32;;Cell 41 - Cell Voltage;;1.000000;0.000000;V;4
232;4;502;F32;;Cell 41 - Cell Temperature;;1.000000;0.000000;°C;4
233;4;504;F32;;Cell 41 - Cell SOC;;1.000000;0.000000;%;4
234;4;506;F32;;Cell 41 - Cell SOH;;1.000000;0.000000;%;4
235;4;508;F32;;Cell 41 - Cell Resistance;;1.000000;0.000000;Ω;4
236;4;510;F32;;Cell 42 - Cell Voltage;;1.000000;0.000000;V;4
237;4;512;F32;;Cell 42 - Cell Temperature;;1.000000;0.000000;°C;4
238;4;514;F32;;Cell 42 - Cell SOC;;1.000000;0.000000;%;4
239;4;516;F32;;Cell 42 - Cell SOH;;1.000000;0.000000;%;4
240;4;518;F32;;Cell 42 - Cell Resistance;;1.000000;0.000000;Ω;4
241;4;520;F32;;Cell 43 - Cell Voltage;;1.000000;0.000000;V;4
242;4;522;F32;;Cell 43 - Cell Temperature;;1.000000;0.000000;°C;4
243;4;524;F32;;Cell 43 - Cell SOC;;1.000000;0.000000;%;4
244;4;526;F32;;Cell 43 - Cell SOH;;1.000000;0.000000;%;4
245;4;528;F32;;Cell 43 - Cell Resistance;;1.000000;0.000000;Ω;4
246;4;530;F32;;Cell 44 - Cell Voltage;;1.000000;0.000000;V;4
247;4;532;F32;;Cell 44 - Cell Temperature;;1.000000;0.000000;°C;4
248;4;534;F32;;Cell 44 - Cell SOC;;1.000000;0.000000;%;4
249;4;536;F32;;Cell 44 - Cell SOH;;1.000000;0.000000;%;4
250;4;538;F32;;Cell 44 - Cell Resistance;;1.000000;0.000000;Ω;4
251;4;540;F32;;Cell 45 - Cell Voltage;;1.000000;0.000000;V;4
252;4;542;F32;;Cell 45 - Cell Temperature;;1.000000;0.000000;°C;4
253;4;544;F32;;Cell 45 - Cell SOC;;1.000000;0.000000;%;4
254;4;546;F32;;Cell 45 - Cell SOH;;1.000000;0.000000;%;4
255;4;548;F32;;Cell 45 - Cell Resistance;;1.000000;0.000000;Ω;4
256;4;550;F32;;Cell 46 - Cell Voltage;;1.000000;0.000000;V;4
257;4;552;F32;;Cell 46 - Cell Temperature;;1.000000;0.000000;°C;4
258;4;554;F32;;Cell 46 - Cell SOC;;1.000000;0.000000;%;4
259;4;556;F32;;Cell 46 - Cell SOH;;1.000000;0.000000;%;4
260;4;558;F32;;Cell 46 - Cell Resistance;;1.000000;0.000000;Ω;4
261;4;560;F32;;Cell 47 - Cell Voltage;;1.000000;0.000000;V;4
262;4;562;F32;;Cell 47 - Cell Temperature;;1.000000;0.000000;°C;4
263;4;564;F32;;Cell 47 - Cell SOC;;1.000000;0.000000;%;4
264;4;566;F32;;Cell 47 - Cell SOH;;1.000000;0.000000;%;4
265;4;568;F32;;Cell 47 - Cell Resistance;;1.000000;0.000000;Ω;4
266;4;570;F32;;Cell 48 - Cell Voltage;;1.000000;0.000000;V;4
267;4;572;F32;;Cell 48 - Cell Temperature;;1.000000;0.000000;°C;4
268;4;574;F32;;Cell 48 - Cell SOC;;1.000000;0.000000;%;4
269;4;576;F32;;Cell 48 - Cell SOH;;1.000000;0.000000;%;4
270;4;578;F32;;Cell 48 - Cell Resistance;;1.000000;0.000000;Ω;4
271;4;580;F32;;Cell 49 - Cell Voltage;;1.000000;0.000000;V;4
272;4;582;F32;;Cell 49 - Cell Temperature;;1.000000;0.000000;°C;4
273;4;584;F32;;Cell 49 - Cell SOC;;1.000000;0.000000;%;4
274;4;586;F32;;Cell 49 - Cell SOH;;1.000000;0.000000;%;4
275;4;588;F32;;Cell 49 - Cell Resistance;;1.000000;0.000000;Ω;4
276;4;590;F32;;Cell 50 - Cell Voltage;;1.000000;0.000000;V;4
277;4;592;F32;;Cell 50 - Cell Temperature;;1.000000;0.000000;°C;4
278;4;594;F32;;Cell 50 - Cell SOC;;1.000000;0.000000;%;4
279;4;596;F32;;Cell 50 - Cell SOH;;1.000000;0.000000;%;4
280;4;598;F32;;Cell 50 - Cell Resistance;;1.000000;0.000000;Ω;4
281;4;600;F32;;Cell 51 - Cell Voltage;;1.000000;0.000000;V;4
282;4;602;F32;;Cell 51 - Cell Temperature;;1.000000;0.000000;°C;4
283;4;604;F32;;Cell 51 - Cell SOC;;1.000000;0.000000;%;4
284;4;606;F32;;Cell 51 - Cell SOH;;1.000000;0.000000;%;4
285;4;608;F32;;Cell 51 - Cell Resistance;;1.000000;0.000000;Ω;4
286;4;610;F32;;Cell 52 - Cell Voltage;;1.000000;0.000000;V;4
287;4;612;F32;;Cell 52 - Cell Temperature;;1.000000;0.000000;°C;4
288;4;614;F32;;Cell 52 - Cell SOC;;1.000000;0.000000;%;4
289;4;616;F32;;Cell 52 - Cell SOH;;1.000000;0.000000;%;4
290;4;618;F32;;Cell 52 - Cell Resistance;;1.000000;0.000000;Ω;4
291;4;620;F32;;Cell 53 - Cell Voltage;;1.000000;0.000000;V;4
292;4;622;F32;;Cell 53 - Cell Temperature;;1.000000;0.000000;°C;4
293;4;624;F32;;Cell 53 - Cell SOC;;1.000000;0.000000;%;4
294;4;626;F32;;Cell 53 - Cell SOH;;1.000000;0.000000;%;4
295;4;628;F32;;Cell 53 - Cell Resistance;;1.000000;0.000000;Ω;4
296;4;630;F32;;Cell 54 - Cell Voltage;;1.000000;0.000000;V;4
297;4;632;F32;;Cell 54 - Cell Temperature;;1.000000;0.000000;°C;4
298;4;634;F32;;Cell 54 - Cell SOC;;1.000000;0.000000;%;4
299;4;636;F32;;Cell 54 - Cell SOH;;1.000000;0.000000;%;4
300;4;638;F32;;Cell 54 - Cell Resistance;;1.000000;0.000000;Ω;4
301;4;640;F32;;Cell 55 - Cell Voltage;;1.000000;0.000000;V;4
302;4;642;F32;;Cell 55 - Cell Temperature;;1.000000;0.000000;°C;4
303;4;644;F32;;Cell 55 - Cell SOC;;1.000000;0.000000;%;4
304;4;646;F32;;Cell 55 - Cell SOH;;1.000000;0.000000;%;4
305;4;648;F32;;Cell 55 - Cell Resistance;;1.000000;0.000000;Ω;4
306;4;650;F32;;Cell 56 - Cell Voltage;;1.000000;0.000000;V;4
307;4;652;F32;;Cell 56 - Cell Temperature;;1.000000;0.000000;°C;4
308;4;654;F32;;Cell 56 - Cell SOC;;1.000000;0.000000;%;4
309;4;656;F32;;Cell 56 - Cell SOH;;1.000000;0.000000;%;4
310;4;658;F32;;Cell 56 - Cell Resistance;;1.000000;0.000000;Ω;4
311;4;660;F32;;Cell 57 - Cell Voltage;;1.000000;0.000000;V;4
312;4;662;F32;;Cell 57 - Cell Temperature;;1.000000;0.000000;°C;4
313;4;664;F32;;Cell 57 - Cell SOC;;1.000000;0.000000;%;4
314;4;666;F32;;Cell 57 - Cell SOH;;1.000000;0.000000;%;4
315;4;668;F32;;Cell 57 - Cell Resistance;;1.000000;0.000000;Ω;4
316;4;670;F32;;Cell 58 - Cell Voltage;;1.000000;0.000000;V;4
317;4;672;F32;;Cell 58 - Cell Temperature;;1.000000;0.000000;°C;4
318;4;674;F32;;Cell 58 - Cell SOC;;1.000000;0.000000;%;4
319;4;676;F32;;Cell 58 - Cell SOH;;1.000000;0.000000;%;4
320;4;678;F32;;Cell 58 - Cell Resistance;;1.000000;0.000000;Ω;4
321;4;680;F32;;Cell 59 - Cell Voltage;;1.000000;0.000000;V;4
322;4;682;F32;;Cell 59 - Cell Temperature;;1.000000;0.000000;°C;4
323;4;684;F32;;Cell 59 - Cell SOC;;1.000000;0.000000;%;4
324;4;686;F32;;Cell 59 - Cell SOH;;1.000000;0.000000;%;4
325;4;688;F32;;Cell 59 - Cell Resistance;;1.000000;0.000000;Ω;4
326;4;690;F32;;Cell 60 - Cell Voltage;;1.000000;0.000000;V;4
327;4;692;F32;;Cell 60 - Cell Temperature;;1.000000;0.000000;°C;4
328;4;694;F32;;Cell 60 - Cell SOC;;1.000000;0.000000;%;4
329;4;696;F32;;Cell 60 - Cell SOH;;1.000000;0.000000;%;4
330;4;698;F32;;Cell 60 - Cell Resistance;;1.000000;0.000000;Ω;4
331;4;700;F32;;Cell 61 - Cell Voltage;;1.000000;0.000000;V;4
332;4;702;F32;;Cell 61 - Cell Temperature;;1.000000;0.000000;°C;4
333;4;704;F32;;Cell 61 - Cell SOC;;1.000000;0.000000;%;4
334;4;706;F32;;Cell 61 - Cell SOH;;1.000000;0.000000;%;4
335;4;708;F32;;Cell 61 - Cell Resistance;;1.000000;0.000000;Ω;4
336;4;710;F32;;Cell 62 - Cell Voltage;;1.000000;0.000000;V;4
337;4;712;F32;;Cell 62 - Cell Temperature;;1.000000;0.000000;°C;4
338;4;714;F32;;Cell 62 - Cell SOC;;1.000000;0.000000;%;4
339;4;716;F32;;Cell 62 - Cell SOH;;1.000000;0.000000;%;4
340;4;718;F32;;Cell 62 - Cell Resistance;;1.000000;0.000000;Ω;4
341;4;720;F32;;Cell 63 - Cell Voltage;;1.000000;0.000000;V;4
342;4;722;F32;;Cell 63 - Cell Temperature;;1.000000;0.000000;°C;4
343;4;724;F32;;Cell 63 - Cell SOC;;1.000000;0.000000;%;4
344;4;726;F32;;Cell 63 - Cell SOH;;1.000000;0.000000;%;4
345;4;728;F32;;Cell 63 - Cell Resistance;;1.000000;0.000000;Ω;4
346;4;730;F32;;Cell 64 - Cell Voltage;;1.000000;0.000000;V;4
347;4;732;F32;;Cell 64 - Cell Temperature;;1.000000;0.000000;°C;4
348;4;734;F32;;Cell 64 - Cell SOC;;1.000000;0.000000;%;4
349;4;736;F32;;Cell 64 - Cell SOH;;1.000000;0.000000;%;4
350;4;738;F32;;Cell 64 - Cell Resistance;;1.000000;0.000000;Ω;4
351;4;740;F32;;Cell 65 - Cell Voltage;;1.000000;0.000000;V;4
352;4;742;F32;;Cell 65 - Cell Temperature;;1.000000;0.000000;°C;4
353;4;744;F32;;Cell 65 - Cell SOC;;1.000000;0.000000;%;4
354;4;746;F32;;Cell 65 - Cell SOH;;1.000000;0.000000;%;4
355;4;748;F32;;Cell 65 - Cell Resistance;;1.000000;0.000000;Ω;4
356;4;750;F32;;Cell 66 - Cell Voltage;;1.000000;0.000000;V;4
357;4;752;F32;;Cell 66 - Cell Temperature;;1.000000;0.000000;°C;4
358;4;754;F32;;Cell 66 - Cell SOC;;1.000000;0.000000;%;4
359;4;756;F32;;Cell 66 - Cell SOH;;1.000000;0.000000;%;4
360;4;758;F32;;Cell 66 - Cell Resistance;;1.000000;0.000000;Ω;4
361;4;760;F32;;Cell 67 - Cell Voltage;;1.000000;0.000000;V;4
362;4;762;F32;;Cell 67 - Cell Temperature;;1.000000;0.000000;°C;4
363;4;764;F32;;Cell 67 - Cell SOC;;1.000000;0.000000;%;4
364;4;766;F32;;Cell 67 - Cell SOH;;1.000000;0.000000;%;4
365;4;768;F32;;Cell 67 - Cell Resistance;;1.000000;0.000000;Ω;4
366;4;770;F32;;Cell 68 - Cell Voltage;;1.000000;0.000000;V;4
367;4;772;F32;;Cell 68 - Cell Temperature;;1.000000;0.000000;°C;4
368;4;774;F32;;Cell 68 - Cell SOC;;1.000000;0.000000;%;4
369;4;776;F32;;Cell 68 - Cell SOH;;1.000000;0.000000;%;4
370;4;778;F32;;Cell 68 - Cell Resistance;;1.000000;0.000000;Ω;4
371;4;780;F32;;Cell 69 - Cell Voltage;;1.000000;0.000000;V;4
372;4;782;F32;;Cell 69 - Cell Temperature;;1.000000;0.000000;°C;4
373;4;784;F32;;Cell 69 - Cell SOC;;1.000000;0.000000;%;4
374;4;786;F32;;Cell 69 - Cell SOH;;1.000000;0.000000;%;4
375;4;788;F32;;Cell 69 - Cell Resistance;;1.000000;0.000000;Ω;4
376;4;790;F32;;Cell 70 - Cell Voltage;;1.000000;0.000000;V;4
377;4;792;F32;;Cell 70 - Cell Temperature;;1.000000;0.000000;°C;4
378;4;794;F32;;Cell 70 - Cell SOC;;1.000000;0.000000;%;4
379;4;796;F32;;Cell 70 - Cell SOH;;1.000000;0.000000;%;4
380;4;798;F32;;Cell 70 - Cell Resistance;;1.000000;0.000000;Ω;4
381;4;800;F32;;Cell 71 - Cell Voltage;;1.000000;0.000000;V;4
382;4;802;F32;;Cell 71 - Cell Temperature;;1.000000;0.000000;°C;4
383;4;804;F32;;Cell 71 - Cell SOC;;1.000000;0.000000;%;4
384;4;806;F32;;Cell 71 - Cell SOH;;1.000000;0.000000;%;4
385;4;808;F32;;Cell 71 - Cell Resistance;;1.000000;0.000000;Ω;4
386;4;810;F32;;Cell 72 - Cell Voltage;;1.000000;0.000000;V;4
387;4;812;F32;;Cell 72 - Cell Temperature;;1.000000;0.000000;°C;4
388;4;814;F32;;Cell 72 - Cell SOC;;1.000000;0.000000;%;4
389;4;816;F32;;Cell 72 - Cell SOH;;1.000000;0.000000;%;4
390;4;818;F32;;Cell 72 - Cell Resistance;;1.000000;0.000000;Ω;4
391;4;820;F32;;Cell 73 - Cell Voltage;;1.000000;0.000000;V;4
392;4;822;F32;;Cell 73 - Cell Temperature;;1.000000;0.000000;°C;4
393;4;824;F32;;Cell 73 - Cell SOC;;1.000000;0.000000;%;4
394;4;826;F32;;Cell 73 - Cell SOH;;1.000000;0.000000;%;4
395;4;828;F32;;Cell 73 - Cell Resistance;;1.000000;0.000000;Ω;4
396;4;830;F32;;Cell 74 - Cell Voltage;;1.000000;0.000000;V;4
397;4;832;F32;;Cell 74 - Cell Temperature;;1.000000;0.000000;°C;4
398;4;834;F32;;Cell 74 - Cell SOC;;1.000000;0.000000;%;4
399;4;836;F32;;Cell 74 - Cell SOH;;1.000000;0.000000;%;4
400;4;838;F32;;Cell 74 - Cell Resistance;;1.000000;0.000000;Ω;4
401;4;840;F32;;Cell 75 - Cell Voltage;;1.000000;0.000000;V;4
402;4;842;F32;;Cell 75 - Cell Temperature;;1.000000;0.000000;°C;4
403;4;844;F32;;Cell 75 - Cell SOC;;1.000000;0.000000;%;4
404;4;846;F32;;Cell 75 - Cell SOH;;1.000000;0.000000;%;4
405;4;848;F32;;Cell 75 - Cell Resistance;;1.000000;0.000000;Ω;4
406;4;850;F32;;Cell 76 - Cell Voltage;;1.000000;0.000000;V;4
407;4;852;F32;;Cell 76 - Cell Temperature;;1.000000;0.000000;°C;4
408;4;854;F32;;Cell 76 - Cell SOC;;1.000000;0.000000;%;4
409;4;856;F32;;Cell 76 - Cell SOH;;1.000000;0.000000;%;4
410;4;858;F32;;Cell 76 - Cell Resistance;;1.000000;0.000000;Ω;4
411;4;860;F32;;Cell 77 - Cell Voltage;;1.000000;0.000000;V;4
412;4;862;F32;;Cell 77 - Cell Temperature;;1.000000;0.000000;°C;4
413;4;864;F32;;Cell 77 - Cell SOC;;1.000000;0.000000;%;4
414;4;866;F32;;Cell 77 - Cell SOH;;1.000000;0.000000;%;4
415;4;868;F32;;Cell 77 - Cell Resistance;;1.000000;0.000000;Ω;4
416;4;870;F32;;Cell 78 - Cell Voltage;;1.000000;0.000000;V;4
417;4;872;F32;;Cell 78 - Cell Temperature;;1.000000;0.000000;°C;4
418;4;874;F32;;Cell 78 - Cell SOC;;1.000000;0.000000;%;4
419;4;876;F32;;Cell 78 - Cell SOH;;1.000000;0.000000;%;4
420;4;878;F32;;Cell 78 - Cell Resistance;;1.000000;0.000000;Ω;4
421;4;880;F32;;Cell 79 - Cell Voltage;;1.000000;0.000000;V;4
422;4;882;F32;;Cell 79 - Cell Temperature;;1.000000;0.000000;°C;4
423;4;884;F32;;Cell 79 - Cell SOC;;1.000000;0.000000;%;4
424;4;886;F32;;Cell 79 - Cell SOH;;1.000000;0.000000;%;4
425;4;888;F32;;Cell 79 - Cell Resistance;;1.000000;0.000000;Ω;4
426;4;890;F32;;Cell 80 - Cell Voltage;;1.000000;0.000000;V;4
427;4;892;F32;;Cell 80 - Cell Temperature;;1.000000;0.000000;°C;4
428;4;894;F32;;Cell 80 - Cell SOC;;1.000000;0.000000;%;4
429;4;896;F32;;Cell 80 - Cell SOH;;1.000000;0.000000;%;4
430;4;898;F32;;Cell 80 - Cell Resistance;;1.000000;0.000000;Ω;4
431;4;900;F32;;Cell 81 - Cell Voltage;;1.000000;0.000000;V;4
432;4;902;F32;;Cell 81 - Cell Temperature;;1.000000;0.000000;°C;4
433;4;904;F32;;Cell 81 - Cell SOC;;1.000000;0.000000;%;4
434;4;906;F32;;Cell 81 - Cell SOH;;1.000000;0.000000;%;4
435;4;908;F32;;Cell 81 - Cell Resistance;;1.000000;0.000000;Ω;4
436;4;910;F32;;Cell 82 - Cell Voltage;;1.000000;0.000000;V;4
437;4;912;F32;;Cell 82 - Cell Temperature;;1.000000;0.000000;°C;4
438;4;914;F32;;Cell 82 - Cell SOC;;1.000000;0.000000;%;4
439;4;916;F32;;Cell 82 - Cell SOH;;1.000000;0.000000;%;4
440;4;918;F32;;Cell 82 - Cell Resistance;;1.000000;0.000000;Ω;4
441;4;920;F32;;Cell 83 - Cell Voltage;;1.000000;0.000000;V;4
442;4;922;F32;;Cell 83 - Cell Temperature;;1.000000;0.000000;°C;4
443;4;924;F32;;Cell 83 - Cell SOC;;1.000000;0.000000;%;4
444;4;926;F32;;Cell 83 - Cell SOH;;1.000000;0.000000;%;4
445;4;928;F32;;Cell 83 - Cell Resistance;;1.000000;0.000000;Ω;4
446;4;930;F32;;Cell 84 - Cell Voltage;;1.000000;0.000000;V;4
447;4;932;F32;;Cell 84 - Cell Temperature;;1.000000;0.000000;°C;4
448;4;934;F32;;Cell 84 - Cell SOC;;1.000000;0.000000;%;4
449;4;936;F32;;Cell 84 - Cell SOH;;1.000000;0.000000;%;4
450;4;938;F32;;Cell 84 - Cell Resistance;;1.000000;0.000000;Ω;4
451;4;940;F32;;Cell 85 - Cell Voltage;;1.000000;0.000000;V;4
452;4;942;F32;;Cell 85 - Cell Temperature;;1.000000;0.000000;°C;4
453;4;944;F32;;Cell 85 - Cell SOC;;1.000000;0.000000;%;4
454;4;946;F32;;Cell 85 - Cell SOH;;1.000000;0.000000;%;4
455;4;948;F32;;Cell 85 - Cell Resistance;;1.000000;0.000000;Ω;4
456;4;950;F32;;Cell 86 - Cell Voltage;;1.000000;0.000000;V;4
457;4;952;F32;;Cell 86 - Cell Temperature;;1.000000;0.000000;°C;4
458;4;954;F32;;Cell 86 - Cell SOC;;1.000000;0.000000;%;4
459;4;956;F32;;Cell 86 - Cell SOH;;1.000000;0.000000;%;4
460;4;958;F32;;Cell 86 - Cell Resistance;;1.000000;0.000000;Ω;4
461;4;960;F32;;Cell 87 - Cell Voltage;;1.000000;0.000000;V;4
462;4;962;F32;;Cell 87 - Cell Temperature;;1.000000;0.000000;°C;4
463;4;964;F32;;Cell 87 - Cell SOC;;1.000000;0.000000;%;4
464;4;966;F32;;Cell 87 - Cell SOH;;1.000000;0.000000;%;4
465;4;968;F32;;Cell 87 - Cell Resistance;;1.000000;0.000000;Ω;4
466;4;970;F32;;Cell 88 - Cell Voltage;;1.000000;0.000000;V;4
467;4;972;F32;;Cell 88 - Cell Temperature;;1.000000;0.000000;°C;4
468;4;974;F32;;Cell 88 - Cell SOC;;1.000000;0.000000;%;4
469;4;976;F32;;Cell 88 - Cell SOH;;1.000000;0.000000;%;4
470;4;978;F32;;Cell 88 - Cell Resistance;;1.000000;0.000000;Ω;4
471;4;980;F32;;Cell 89 - Cell Voltage;;1.000000;0.000000;V;4
472;4;982;F32;;Cell 89 - Cell Temperature;;1.000000;0.000000;°C;4
473;4;984;F32;;Cell 89 - Cell SOC;;1.000000;0.000000;%;4
474;4;986;F32;;Cell 89 - Cell SOH;;1.000000;0.000000;%;4
475;4;988;F32;;Cell 89 - Cell Resistance;;1.000000;0.000000;Ω;4
476;4;990;F32;;Cell 90 - Cell Voltage;;1.000000;0.000000;V;4
477;4;992;F32;;Cell 90 - Cell Temperature;;1.000000;0.000000;°C;4
478;4;994;F32;;Cell 90 - Cell SOC;;1.000000;0.000000;%;4
479;4;996;F32;;Cell 90 - Cell SOH;;1.000000;0.000000;%;4
480;4;998;F32;;Cell 90 - Cell Resistance;;1.000000;0.000000;Ω;4
481;4;1000;F32;;Cell 91 - Cell Voltage;;1.000000;0.000000;V;4
482;4;1002;F32;;Cell 91 - Cell Temperature;;1.000000;0.000000;°C;4
483;4;1004;F32;;Cell 91 - Cell SOC;;1.000000;0.000000;%;4
484;4;1006;F32;;Cell 91 - Cell SOH;;1.000000;0.000000;%;4
485;4;1008;F32;;Cell 91 - Cell Resistance;;1.000000;0.000000;Ω;4
486;4;1010;F32;;Cell 92 - Cell Voltage;;1.000000;0.000000;V;4
487;4;1012;F32;;Cell 92 - Cell Temperature;;1.000000;0.000000;°C;4
488;4;1014;F32;;Cell 92 - Cell SOC;;1.000000;0.000000;%;4
489;4;1016;F32;;Cell 92 - Cell SOH;;1.000000;0.000000;%;4
490;4;1018;F32;;Cell 92 - Cell Resistance;;1.000000;0.000000;Ω;4
491;4;1020;F32;;Cell 93 - Cell Voltage;;1.000000;0.000000;V;4
492;4;1022;F32;;Cell 93 - Cell Temperature;;1.000000;0.000000;°C;4
493;4;1024;F32;;Cell 93 - Cell SOC;;1.000000;0.000000;%;4
494;4;1026;F32;;Cell 93 - Cell SOH;;1.000000;0.000000;%;4
495;4;1028;F32;;Cell 93 - Cell Resistance;;1.000000;0.000000;Ω;4
496;4;1030;F32;;Cell 94 - Cell Voltage;;1.000000;0.000000;V;4
497;4;1032;F32;;Cell 94 - Cell Temperature;;1.000000;0.000000;°C;4
498;4;1034;F32;;Cell 94 - Cell SOC;;1.000000;0.000000;%;4
499;4;1036;F32;;Cell 94 - Cell SOH;;1.000000;0.000000;%;4
500;4;1038;F32;;Cell 94 - Cell Resistance;;1.000000;0.000000;Ω;4
501;4;1040;F32;;Cell 95 - Cell Voltage;;1.000000;0.000000;V;4
502;4;1042;F32;;Cell 95 - Cell Temperature;;1.000000;0.000000;°C;4
503;4;1044;F32;;Cell 95 - Cell SOC;;1.000000;0.000000;%;4
504;4;1046;F32;;Cell 95 - Cell SOH;;1.000000;0.000000;%;4
505;4;1048;F32;;Cell 95 - Cell Resistance;;1.000000;0.000000;Ω;4
506;4;1050;F32;;Cell 96 - Cell Voltage;;1.000000;0.000000;V;4
507;4;1052;F32;;Cell 96 - Cell Temperature;;1.000000;0.000000;°C;4
508;4;1054;F32;;Cell 96 - Cell SOC;;1.000000;0.000000;%;4
509;4;1056;F32;;Cell 96 - Cell SOH;;1.000000;0.000000;%;4
510;4;1058;F32;;Cell 96 - Cell Resistance;;1.000000;0.000000;Ω;4
511;4;1060;F32;;Cell 97 - Cell Voltage;;1.000000;0.000000;V;4
512;4;1062;F32;;Cell 97 - Cell Temperature;;1.000000;0.000000;°C;4
513;4;1064;F32;;Cell 97 - Cell SOC;;1.000000;0.000000;%;4
514;4;1066;F32;;Cell 97 - Cell SOH;;1.000000;0.000000;%;4
515;4;1068;F32;;Cell 97 - Cell Resistance;;1.000000;0.000000;Ω;4
516;4;1070;F32;;Cell 98 - Cell Voltage;;1.000000;0.000000;V;4
517;4;1072;F32;;Cell 98 - Cell Temperature;;1.000000;0.000000;°C;4
518;4;1074;F32;;Cell 98 - Cell SOC;;1.000000;0.000000;%;4
519;4;1076;F32;;Cell 98 - Cell SOH;;1.000000;0.000000;%;4
520;4;1078;F32;;Cell 98 - Cell Resistance;;1.000000;0.000000;Ω;4
521;4;1080;F32;;Cell 99 - Cell Voltage;;1.000000;0.000000;V;4
522;4;1082;F32;;Cell 99 - Cell Temperature;;1.000000;0.000000;°C;4
523;4;1084;F32;;Cell 99 - Cell SOC;;1.000000;0.000000;%;4
524;4;1086;F32;;Cell 99 - Cell SOH;;1.000000;0.000000;%;4
525;4;1088;F32;;Cell 99 - Cell Resistance;;1.000000;0.000000;Ω;4
526;4;1090;F32;;Cell 100 - Cell Voltage;;1.000000;0.000000;V;4
527;4;1092;F32;;Cell 100 - Cell Temperature;;1.000000;0.000000;°C;4
528;4;1094;F32;;Cell 100 - Cell SOC;;1.000000;0.000000;%;4
529;4;1096;F32;;Cell 100 - Cell SOH;;1.000000;0.000000;%;4
530;4;1098;F32;;Cell 100 - Cell Resistance;;1.000000;0.000000;Ω;4
531;4;1100;F32;;Cell 101 - Cell Voltage;;1.000000;0.000000;V;4
532;4;1102;F32;;Cell 101 - Cell Temperature;;1.000000;0.000000;°C;4
533;4;1104;F32;;Cell 101 - Cell SOC;;1.000000;0.000000;%;4
534;4;1106;F32;;Cell 101 - Cell SOH;;1.000000;0.000000;%;4
535;4;1108;F32;;Cell 101 - Cell Resistance;;1.000000;0.000000;Ω;4
536;4;1110;F32;;Cell 102 - Cell Voltage;;1.000000;0.000000;V;4
537;4;1112;F32;;Cell 102 - Cell Temperature;;1.000000;0.000000;°C;4
538;4;1114;F32;;Cell 102 - Cell SOC;;1.000000;0.000000;%;4
539;4;1116;F32;;Cell 102 - Cell SOH;;1.000000;0.000000;%;4
540;4;1118;F32;;Cell 102 - Cell Resistance;;1.000000;0.000000;Ω;4
541;4;1120;F32;;Cell 103 - Cell Voltage;;1.000000;0.000000;V;4
542;4;1122;F32;;Cell 103 - Cell Temperature;;1.000000;0.000000;°C;4
543;4;1124;F32;;Cell 103 - Cell SOC;;1.000000;0.000000;%;4
544;4;1126;F32;;Cell 103 - Cell SOH;;1.000000;0.000000;%;4
545;4;1128;F32;;Cell 103 - Cell Resistance;;1.000000;0.000000;Ω;4
546;4;1130;F32;;Cell 104 - Cell Voltage;;1.000000;0.000000;V;4
547;4;1132;F32;;Cell 104 - Cell Temperature;;1.000000;0.000000;°C;4
548;4;1134;F32;;Cell 104 - Cell SOC;;1.000000;0.000000;%;4
549;4;1136;F32;;Cell 104 - Cell SOH;;1.000000;0.000000;%;4
550;4;1138;F32;;Cell 104 - Cell Resistance;;1.000000;0.000000;Ω;4
551;4;1140;F32;;Cell 105 - Cell Voltage;;1.000000;0.000000;V;4
552;4;1142;F32;;Cell 105 - Cell Temperature;;1.000000;0.000000;°C;4
553;4;1144;F32;;Cell 105 - Cell SOC;;1.000000;0.000000;%;4
554;4;1146;F32;;Cell 105 - Cell SOH;;1.000000;0.000000;%;4
555;4;1148;F32;;Cell 105 - Cell Resistance;;1.000000;0.000000;Ω;4
556;4;1150;F32;;Cell 106 - Cell Voltage;;1.000000;0.000000;V;4
557;4;1152;F32;;Cell 106 - Cell Temperature;;1.000000;0.000000;°C;4
558;4;1154;F32;;Cell 106 - Cell SOC;;1.000000;0.000000;%;4
559;4;1156;F32;;Cell 106 - Cell SOH;;1.000000;0.000000;%;4
560;4;1158;F32;;Cell 106 - Cell Resistance;;1.000000;0.000000;Ω;4
561;4;1160;F32;;Cell 107 - Cell Voltage;;1.000000;0.000000;V;4
562;4;1162;F32;;Cell 107 - Cell Temperature;;1.000000;0.000000;°C;4
563;4;1164;F32;;Cell 107 - Cell SOC;;1.000000;0.000000;%;4
564;4;1166;F32;;Cell 107 - Cell SOH;;1.000000;0.000000;%;4
565;4;1168;F32;;Cell 107 - Cell Resistance;;1.000000;0.000000;Ω;4
566;4;1170;F32;;Cell 108 - Cell Voltage;;1.000000;0.000000;V;4
567;4;1172;F32;;Cell 108 - Cell Temperature;;1.000000;0.000000;°C;4
568;4;1174;F32;;Cell 108 - Cell SOC;;1.000000;0.000000;%;4
569;4;1176;F32;;Cell 108 - Cell SOH;;1.000000;0.000000;%;4
570;4;1178;F32;;Cell 108 - Cell Resistance;;1.000000;0.000000;Ω;4
571;4;1180;F32;;Cell 109 - Cell Voltage;;1.000000;0.000000;V;4
572;4;1182;F32;;Cell 109 - Cell Temperature;;1.000000;0.000000;°C;4
573;4;1184;F32;;Cell 109 - Cell SOC;;1.000000;0.000000;%;4
574;4;1186;F32;;Cell 109 - Cell SOH;;1.000000;0.000000;%;4
575;4;1188;F32;;Cell 109 - Cell Resistance;;1.000000;0.000000;Ω;4
576;4;1190;F32;;Cell 110 - Cell Voltage;;1.000000;0.000000;V;4
577;4;1192;F32;;Cell 110 - Cell Temperature;;1.000000;0.000000;°C;4
578;4;1194;F32;;Cell 110 - Cell SOC;;1.000000;0.000000;%;4
579;4;1196;F32;;Cell 110 - Cell SOH;;1.000000;0.000000;%;4
580;4;1198;F32;;Cell 110 - Cell Resistance;;1.000000;0.000000;Ω;4
581;4;1200;F32;;Cell 111 - Cell Voltage;;1.000000;0.000000;V;4
582;4;1202;F32;;Cell 111 - Cell Temperature;;1.000000;0.000000;°C;4
583;4;1204;F32;;Cell 111 - Cell SOC;;1.000000;0.000000;%;4
584;4;1206;F32;;Cell 111 - Cell SOH;;1.000000;0.000000;%;4
585;4;1208;F32;;Cell 111 - Cell Resistance;;1.000000;0.000000;Ω;4
586;4;1210;F32;;Cell 112 - Cell Voltage;;1.000000;0.000000;V;4
587;4;1212;F32;;Cell 112 - Cell Temperature;;1.000000;0.000000;°C;4
588;4;1214;F32;;Cell 112 - Cell SOC;;1.000000;0.000000;%;4
589;4;1216;F32;;Cell 112 - Cell SOH;;1.000000;0.000000;%;4
590;4;1218;F32;;Cell 112 - Cell Resistance;;1.000000;0.000000;Ω;4
591;4;1220;F32;;Cell 113 - Cell Voltage;;1.000000;0.000000;V;4
592;4;1222;F32;;Cell 113 - Cell Temperature;;1.000000;0.000000;°C;4
593;4;1224;F32;;Cell 113 - Cell SOC;;1.000000;0.000000;%;4
594;4;1226;F32;;Cell 113 - Cell SOH;;1.000000;0.000000;%;4
595;4;1228;F32;;Cell 113 - Cell Resistance;;1.000000;0.000000;Ω;4
596;4;1230;F32;;Cell 114 - Cell Voltage;;1.000000;0.000000;V;4
597;4;1232;F32;;Cell 114 - Cell Temperature;;1.000000;0.000000;°C;4
598;4;1234;F32;;Cell 114 - Cell SOC;;1.000000;0.000000;%;4
599;4;1236;F32;;Cell 114 - Cell SOH;;1.000000;0.000000;%;4
600;4;1238;F32;;Cell 114 - Cell Resistance;;1.000000;0.000000;Ω;4
601;4;1240;F32;;Cell 115 - Cell Voltage;;1.000000;0.000000;V;4
602;4;1242;F32;;Cell 115 - Cell Temperature;;1.000000;0.000000;°C;4
603;4;1244;F32;;Cell 115 - Cell SOC;;1.000000;0.000000;%;4
604;4;1246;F32;;Cell 115 - Cell SOH;;1.000000;0.000000;%;4
605;4;1248;F32;;Cell 115 - Cell Resistance;;1.000000;0.000000;Ω;4
606;4;1250;F32;;Cell 116 - Cell Voltage;;1.000000;0.000000;V;4
607;4;1252;F32;;Cell 116 - Cell Temperature;;1.000000;0.000000;°C;4
608;4;1254;F32;;Cell 116 - Cell SOC;;1.000000;0.000000;%;4
609;4;1256;F32;;Cell 116 - Cell SOH;;1.000000;0.000000;%;4
610;4;1258;F32;;Cell 116 - Cell Resistance;;1.000000;0.000000;Ω;4
611;4;1260;F32;;Cell 117 - Cell Voltage;;1.000000;0.000000;V;4
612;4;1262;F32;;Cell 117 - Cell Temperature;;1.000000;0.000000;°C;4
613;4;1264;F32;;Cell 117 - Cell SOC;;1.000000;0.000000;%;4
614;4;1266;F32;;Cell 117 - Cell SOH;;1.000000;0.000000;%;4
615;4;1268;F32;;Cell 117 - Cell Resistance;;1.000000;0.000000;Ω;4
616;4;1270;F32;;Cell 118 - Cell Voltage;;1.000000;0.000000;V;4
617;4;1272;F32;;Cell 118 - Cell Temperature;;1.000000;0.000000;°C;4
618;4;1274;F32;;Cell 118 - Cell SOC;;1.000000;0.000000;%;4
619;4;1276;F32;;Cell 118 - Cell SOH;;1.000000;0.000000;%;4
620;4;1278;F32;;Cell 118 - Cell Resistance;;1.000000;0.000000;Ω;4
621;4;1280;F32;;Cell 119 - Cell Voltage;;1.000000;0.000000;V;4
622;4;1282;F32;;Cell 119 - Cell Temperature;;1.000000;0.000000;°C;4
623;4;1284;F32;;Cell 119 - Cell SOC;;1.000000;0.000000;%;4
624;4;1286;F32;;Cell 119 - Cell SOH;;1.000000;0.000000;%;4
625;4;1288;F32;;Cell 119 - Cell Resistance;;1.000000;0.000000;Ω;4
626;4;1290;F32;;Cell 120 - Cell Voltage;;1.000000;0.000000;V;4
627;4;1292;F32;;Cell 120 - Cell Temperature;;1.000000;0.000000;°C;4
628;4;1294;F32;;Cell 120 - Cell SOC;;1.000000;0.000000;%;4
629;4;1296;F32;;Cell 120 - Cell SOH;;1.000000;0.000000;%;4
630;4;1298;F32;;Cell 120 - Cell Resistance;;1.000000;0.000000;Ω;4
631;4;1300;F32;;Cell 121 - Cell Voltage;;1.000000;0.000000;V;4
632;4;1302;F32;;Cell 121 - Cell Temperature;;1.000000;0.000000;°C;4
633;4;1304;F32;;Cell 121 - Cell SOC;;1.000000;0.000000;%;4
634;4;1306;F32;;Cell 121 - Cell SOH;;1.000000;0.000000;%;4
635;4;1308;F32;;Cell 121 - Cell Resistance;;1.000000;0.000000;Ω;4
636;4;1310;F32;;Cell 122 - Cell Voltage;;1.000000;0.000000;V;4
637;4;1312;F32;;Cell 122 - Cell Temperature;;1.000000;0.000000;°C;4
638;4;1314;F32;;Cell 122 - Cell SOC;;1.000000;0.000000;%;4
639;4;1316;F32;;Cell 122 - Cell SOH;;1.000000;0.000000;%;4
640;4;1318;F32;;Cell 122 - Cell Resistance;;1.000000;0.000000;Ω;4
641;4;1320;F32;;Cell 123 - Cell Voltage;;1.000000;0.000000;V;4
642;4;1322;F32;;Cell 123 - Cell Temperature;;1.000000;0.000000;°C;4
643;4;1324;F32;;Cell 123 - Cell SOC;;1.000000;0.000000;%;4
644;4;1326;F32;;Cell 123 - Cell SOH;;1.000000;0.000000;%;4
645;4;1328;F32;;Cell 123 - Cell Resistance;;1.000000;0.000000;Ω;4
646;4;1330;F32;;Cell 124 - Cell Voltage;;1.000000;0.000000;V;4
647;4;1332;F32;;Cell 124 - Cell Temperature;;1.000000;0.000000;°C;4
648;4;1334;F32;;Cell 124 - Cell SOC;;1.000000;0.000000;%;4
649;4;1336;F32;;Cell 124 - Cell SOH;;1.000000;0.000000;%;4
650;4;1338;F32;;Cell 124 - Cell Resistance;;1.000000;0.000000;Ω;4
651;4;1340;F32;;Cell 125 - Cell Voltage;;1.000000;0.000000;V;4
652;4;1342;F32;;Cell 125 - Cell Temperature;;1.000000;0.000000;°C;4
653;4;1344;F32;;Cell 125 - Cell SOC;;1.000000;0.000000;%;4
654;4;1346;F32;;Cell 125 - Cell SOH;;1.000000;0.000000;%;4
655;4;1348;F32;;Cell 125 - Cell Resistance;;1.000000;0.000000;Ω;4
656;4;1350;F32;;Cell 126 - Cell Voltage;;1.000000;0.000000;V;4
657;4;1352;F32;;Cell 126 - Cell Temperature;;1.000000;0.000000;°C;4
658;4;1354;F32;;Cell 126 - Cell SOC;;1.000000;0.000000;%;4
659;4;1356;F32;;Cell 126 - Cell SOH;;1.000000;0.000000;%;4
660;4;1358;F32;;Cell 126 - Cell Resistance;;1.000000;0.000000;Ω;4
661;4;1360;F32;;Cell 127 - Cell Voltage;;1.000000;0.000000;V;4
662;4;1362;F32;;Cell 127 - Cell Temperature;;1.000000;0.000000;°C;4
663;4;1364;F32;;Cell 127 - Cell SOC;;1.000000;0.000000;%;4
664;4;1366;F32;;Cell 127 - Cell SOH;;1.000000;0.000000;%;4
665;4;1368;F32;;Cell 127 - Cell Resistance;;1.000000;0.000000;Ω;4
666;4;1370;F32;;Cell 128 - Cell Voltage;;1.000000;0.000000;V;4
667;4;1372;F32;;Cell 128 - Cell Temperature;;1.000000;0.000000;°C;4
668;4;1374;F32;;Cell 128 - Cell SOC;;1.000000;0.000000;%;4
669;4;1376;F32;;Cell 128 - Cell SOH;;1.000000;0.000000;%;4
670;4;1378;F32;;Cell 128 - Cell Resistance;;1.000000;0.000000;Ω;4
671;4;1380;F32;;Cell 129 - Cell Voltage;;1.000000;0.000000;V;4
672;4;1382;F32;;Cell 129 - Cell Temperature;;1.000000;0.000000;°C;4
673;4;1384;F32;;Cell 129 - Cell SOC;;1.000000;0.000000;%;4
674;4;1386;F32;;Cell 129 - Cell SOH;;1.000000;0.000000;%;4
675;4;1388;F32;;Cell 129 - Cell Resistance;;1.000000;0.000000;Ω;4
676;4;1390;F32;;Cell 130 - Cell Voltage;;1.000000;0.000000;V;4
677;4;1392;F32;;Cell 130 - Cell Temperature;;1.000000;0.000000;°C;4
678;4;1394;F32;;Cell 130 - Cell SOC;;1.000000;0.000000;%;4
679;4;1396;F32;;Cell 130 - Cell SOH;;1.000000;0.000000;%;4
680;4;1398;F32;;Cell 130 - Cell Resistance;;1.000000;0.000000;Ω;4
681;4;1400;F32;;Cell 131 - Cell Voltage;;1.000000;0.000000;V;4
682;4;1402;F32;;Cell 131 - Cell Temperature;;1.000000;0.000000;°C;4
683;4;1404;F32;;Cell 131 - Cell SOC;;1.000000;0.000000;%;4
684;4;1406;F32;;Cell 131 - Cell SOH;;1.000000;0.000000;%;4
685;4;1408;F32;;Cell 131 - Cell Resistance;;1.000000;0.000000;Ω;4
686;4;1410;F32;;Cell 132 - Cell Voltage;;1.000000;0.000000;V;4
687;4;1412;F32;;Cell 132 - Cell Temperature;;1.000000;0.000000;°C;4
688;4;1414;F32;;Cell 132 - Cell SOC;;1.000000;0.000000;%;4
689;4;1416;F32;;Cell 132 - Cell SOH;;1.000000;0.000000;%;4
690;4;1418;F32;;Cell 132 - Cell Resistance;;1.000000;0.000000;Ω;4
691;4;1420;F32;;Cell 133 - Cell Voltage;;1.000000;0.000000;V;4
692;4;1422;F32;;Cell 133 - Cell Temperature;;1.000000;0.000000;°C;4
693;4;1424;F32;;Cell 133 - Cell SOC;;1.000000;0.000000;%;4
694;4;1426;F32;;Cell 133 - Cell SOH;;1.000000;0.000000;%;4
695;4;1428;F32;;Cell 133 - Cell Resistance;;1.000000;0.000000;Ω;4
696;4;1430;F32;;Cell 134 - Cell Voltage;;1.000000;0.000000;V;4
697;4;1432;F32;;Cell 134 - Cell Temperature;;1.000000;0.000000;°C;4
698;4;1434;F32;;Cell 134 - Cell SOC;;1.000000;0.000000;%;4
699;4;1436;F32;;Cell 134 - Cell SOH;;1.000000;0.000000;%;4
700;4;1438;F32;;Cell 134 - Cell Resistance;;1.000000;0.000000;Ω;4
701;4;1440;F32;;Cell 135 - Cell Voltage;;1.000000;0.000000;V;4
702;4;1442;F32;;Cell 135 - Cell Temperature;;1.000000;0.000000;°C;4
703;4;1444;F32;;Cell 135 - Cell SOC;;1.000000;0.000000;%;4
704;4;1446;F32;;Cell 135 - Cell SOH;;1.000000;0.000000;%;4
705;4;1448;F32;;Cell 135 - Cell Resistance;;1.000000;0.000000;Ω;4
706;4;1450;F32;;Cell 136 - Cell Voltage;;1.000000;0.000000;V;4
707;4;1452;F32;;Cell 136 - Cell Temperature;;1.000000;0.000000;°C;4
708;4;1454;F32;;Cell 136 - Cell SOC;;1.000000;0.000000;%;4
709;4;1456;F32;;Cell 136 - Cell SOH;;1.000000;0.000000;%;4
710;4;1458;F32;;Cell 136 - Cell Resistance;;1.000000;0.000000;Ω;4
711;4;1460;F32;;Cell 137 - Cell Voltage;;1.000000;0.000000;V;4
712;4;1462;F32;;Cell 137 - Cell Temperature;;1.000000;0.000000;°C;4
713;4;1464;F32;;Cell 137 - Cell SOC;;1.000000;0.000000;%;4
714;4;1466;F32;;Cell 137 - Cell SOH;;1.000000;0.000000;%;4
715;4;1468;F32;;Cell 137 - Cell Resistance;;1.000000;0.000000;Ω;4
716;4;1470;F32;;Cell 138 - Cell Voltage;;1.000000;0.000000;V;4
717;4;1472;F32;;Cell 138 - Cell Temperature;;1.000000;0.000000;°C;4
718;4;1474;F32;;Cell 138 - Cell SOC;;1.000000;0.000000;%;4
719;4;1476;F32;;Cell 138 - Cell SOH;;1.000000;0.000000;%;4
720;4;1478;F32;;Cell 138 - Cell Resistance;;1.000000;0.000000;Ω;4
721;4;1480;F32;;Cell 139 - Cell Voltage;;1.000000;0.000000;V;4
722;4;1482;F32;;Cell 139 - Cell Temperature;;1.000000;0.000000;°C;4
723;4;1484;F32;;Cell 139 - Cell SOC;;1.000000;0.000000;%;4
724;4;1486;F32;;Cell 139 - Cell SOH;;1.000000;0.000000;%;4
725;4;1488;F32;;Cell 139 - Cell Resistance;;1.000000;0.000000;Ω;4
726;4;1490;F32;;Cell 140 - Cell Voltage;;1.000000;0.000000;V;4
727;4;1492;F32;;Cell 140 - Cell Temperature;;1.000000;0.000000;°C;4
728;4;1494;F32;;Cell 140 - Cell SOC;;1.000000;0.000000;%;4
729;4;1496;F32;;Cell 140 - Cell SOH;;1.000000;0.000000;%;4
730;4;1498;F32;;Cell 140 - Cell Resistance;;1.000000;0.000000;Ω;4
731;4;1500;F32;;Cell 141 - Cell Voltage;;1.000000;0.000000;V;4
732;4;1502;F32;;Cell 141 - Cell Temperature;;1.000000;0.000000;°C;4
733;4;1504;F32;;Cell 141 - Cell SOC;;1.000000;0.000000;%;4
734;4;1506;F32;;Cell 141 - Cell SOH;;1.000000;0.000000;%;4
735;4;1508;F32;;Cell 141 - Cell Resistance;;1.000000;0.000000;Ω;4
736;4;1510;F32;;Cell 142 - Cell Voltage;;1.000000;0.000000;V;4
737;4;1512;F32;;Cell 142 - Cell Temperature;;1.000000;0.000000;°C;4
738;4;1514;F32;;Cell 142 - Cell SOC;;1.000000;0.000000;%;4
739;4;1516;F32;;Cell 142 - Cell SOH;;1.000000;0.000000;%;4
740;4;1518;F32;;Cell 142 - Cell Resistance;;1.000000;0.000000;Ω;4
741;4;1520;F32;;Cell 143 - Cell Voltage;;1.000000;0.000000;V;4
742;4;1522;F32;;Cell 143 - Cell Temperature;;1.000000;0.000000;°C;4
743;4;1524;F32;;Cell 143 - Cell SOC;;1.000000;0.000000;%;4
744;4;1526;F32;;Cell 143 - Cell SOH;;1.000000;0.000000;%;4
745;4;1528;F32;;Cell 143 - Cell Resistance;;1.000000;0.000000;Ω;4
746;4;1530;F32;;Cell 144 - Cell Voltage;;1.000000;0.000000;V;4
747;4;1532;F32;;Cell 144 - Cell Temperature;;1.000000;0.000000;°C;4
748;4;1534;F32;;Cell 144 - Cell SOC;;1.000000;0.000000;%;4
749;4;1536;F32;;Cell 144 - Cell SOH;;1.000000;0.000000;%;4
750;4;1538;F32;;Cell 144 - Cell Resistance;;1.000000;0.000000;Ω;4
751;4;1540;F32;;Cell 145 - Cell Voltage;;1.000000;0.000000;V;4
752;4;1542;F32;;Cell 145 - Cell Temperature;;1.000000;0.000000;°C;4
753;4;1544;F32;;Cell 145 - Cell SOC;;1.000000;0.000000;%;4
754;4;1546;F32;;Cell 145 - Cell SOH;;1.000000;0.000000;%;4
755;4;1548;F32;;Cell 145 - Cell Resistance;;1.000000;0.000000;Ω;4
756;4;1550;F32;;Cell 146 - Cell Voltage;;1.000000;0.000000;V;4
757;4;1552;F32;;Cell 146 - Cell Temperature;;1.000000;0.000000;°C;4
758;4;1554;F32;;Cell 146 - Cell SOC;;1.000000;0.000000;%;4
759;4;1556;F32;;Cell 146 - Cell SOH;;1.000000;0.000000;%;4
760;4;1558;F32;;Cell 146 - Cell Resistance;;1.000000;0.000000;Ω;4
761;4;1560;F32;;Cell 147 - Cell Voltage;;1.000000;0.000000;V;4
762;4;1562;F32;;Cell 147 - Cell Temperature;;1.000000;0.000000;°C;4
763;4;1564;F32;;Cell 147 - Cell SOC;;1.000000;0.000000;%;4
764;4;1566;F32;;Cell 147 - Cell SOH;;1.000000;0.000000;%;4
765;4;1568;F32;;Cell 147 - Cell Resistance;;1.000000;0.000000;Ω;4
766;4;1570;F32;;Cell 148 - Cell Voltage;;1.000000;0.000000;V;4
767;4;1572;F32;;Cell 148 - Cell Temperature;;1.000000;0.000000;°C;4
768;4;1574;F32;;Cell 148 - Cell SOC;;1.000000;0.000000;%;4
769;4;1576;F32;;Cell 148 - Cell SOH;;1.000000;0.000000;%;4
770;4;1578;F32;;Cell 148 - Cell Resistance;;1.000000;0.000000;Ω;4
771;4;1580;F32;;Cell 149 - Cell Voltage;;1.000000;0.000000;V;4
772;4;1582;F32;;Cell 149 - Cell Temperature;;1.000000;0.000000;°C;4
773;4;1584;F32;;Cell 149 - Cell SOC;;1.000000;0.000000;%;4
774;4;1586;F32;;Cell 149 - Cell SOH;;1.000000;0.000000;%;4
775;4;1588;F32;;Cell 149 - Cell Resistance;;1.000000;0.000000;Ω;4
776;4;1590;F32;;Cell 150 - Cell Voltage;;1.000000;0.000000;V;4
777;4;1592;F32;;Cell 150 - Cell Temperature;;1.000000;0.000000;°C;4
778;4;1594;F32;;Cell 150 - Cell SOC;;1.000000;0.000000;%;4
779;4;1596;F32;;Cell 150 - Cell SOH;;1.000000;0.000000;%;4
780;4;1598;F32;;Cell 150 - Cell Resistance;;1.000000;0.000000;Ω;4
781;4;1600;F32;;Cell 151 - Cell Voltage;;1.000000;0.000000;V;4
782;4;1602;F32;;Cell 151 - Cell Temperature;;1.000000;0.000000;°C;4
783;4;1604;F32;;Cell 151 - Cell SOC;;1.000000;0.000000;%;4
784;4;1606;F32;;Cell 151 - Cell SOH;;1.000000;0.000000;%;4
785;4;1608;F32;;Cell 151 - Cell Resistance;;1.000000;0.000000;Ω;4
786;4;1610;F32;;Cell 152 - Cell Voltage;;1.000000;0.000000;V;4
787;4;1612;F32;;Cell 152 - Cell Temperature;;1.000000;0.000000;°C;4
788;4;1614;F32;;Cell 152 - Cell SOC;;1.000000;0.000000;%;4
789;4;1616;F32;;Cell 152 - Cell SOH;;1.000000;0.000000;%;4
790;4;1618;F32;;Cell 152 - Cell Resistance;;1.000000;0.000000;Ω;4
791;4;1620;F32;;Cell 153 - Cell Voltage;;1.000000;0.000000;V;4
792;4;1622;F32;;Cell 153 - Cell Temperature;;1.000000;0.000000;°C;4
793;4;1624;F32;;Cell 153 - Cell SOC;;1.000000;0.000000;%;4
794;4;1626;F32;;Cell 153 - Cell SOH;;1.000000;0.000000;%;4
795;4;1628;F32;;Cell 153 - Cell Resistance;;1.000000;0.000000;Ω;4
796;4;1630;F32;;Cell 154 - Cell Voltage;;1.000000;0.000000;V;4
797;4;1632;F32;;Cell 154 - Cell Temperature;;1.000000;0.000000;°C;4
798;4;1634;F32;;Cell 154 - Cell SOC;;1.000000;0.000000;%;4
799;4;1636;F32;;Cell 154 - Cell SOH;;1.000000;0.000000;%;4
800;4;1638;F32;;Cell 154 - Cell Resistance;;1.000000;0.000000;Ω;4
801;4;1640;F32;;Cell 155 - Cell Voltage;;1.000000;0.000000;V;4
802;4;1642;F32;;Cell 155 - Cell Temperature;;1.000000;0.000000;°C;4
803;4;1644;F32;;Cell 155 - Cell SOC;;1.000000;0.000000;%;4
804;4;1646;F32;;Cell 155 - Cell SOH;;1.000000;0.000000;%;4
805;4;1648;F32;;Cell 155 - Cell Resistance;;1.000000;0.000000;Ω;4
806;4;1650;F32;;Cell 156 - Cell Voltage;;1.000000;0.000000;V;4
807;4;1652;F32;;Cell 156 - Cell Temperature;;1.000000;0.000000;°C;4
808;4;1654;F32;;Cell 156 - Cell SOC;;1.000000;0.000000;%;4
809;4;1656;F32;;Cell 156 - Cell SOH;;1.000000;0.000000;%;4
810;4;1658;F32;;Cell 156 - Cell Resistance;;1.000000;0.000000;Ω;4
811;4;1660;F32;;Cell 157 - Cell Voltage;;1.000000;0.000000;V;4
812;4;1662;F32;;Cell 157 - Cell Temperature;;1.000000;0.000000;°C;4
813;4;1664;F32;;Cell 157 - Cell SOC;;1.000000;0.000000;%;4
814;4;1666;F32;;Cell 157 - Cell SOH;;1.000000;0.000000;%;4
815;4;1668;F32;;Cell 157 - Cell Resistance;;1.000000;0.000000;Ω;4
816;4;1670;F32;;Cell 158 - Cell Voltage;;1.000000;0.000000;V;4
817;4;1672;F32;;Cell 158 - Cell Temperature;;1.000000;0.000000;°C;4
818;4;1674;F32;;Cell 158 - Cell SOC;;1.000000;0.000000;%;4
819;4;1676;F32;;Cell 158 - Cell SOH;;1.000000;0.000000;%;4
820;4;1678;F32;;Cell 158 - Cell Resistance;;1.000000;0.000000;Ω;4
821;4;1680;F32;;Cell 159 - Cell Voltage;;1.000000;0.000000;V;4
822;4;1682;F32;;Cell 159 - Cell Temperature;;1.000000;0.000000;°C;4
823;4;1684;F32;;Cell 159 - Cell SOC;;1.000000;0.000000;%;4
824;4;1686;F32;;Cell 159 - Cell SOH;;1.000000;0.000000;%;4
825;4;1688;F32;;Cell 159 - Cell Resistance;;1.000000;0.000000;Ω;4
826;4;1690;F32;;Cell 160 - Cell Voltage;;1.000000;0.000000;V;4
827;4;1692;F32;;Cell 160 - Cell Temperature;;1.000000;0.000000;°C;4
828;4;1694;F32;;Cell 160 - Cell SOC;;1.000000;0.000000;%;4
829;4;1696;F32;;Cell 160 - Cell SOH;;1.000000;0.000000;%;4
830;4;1698;F32;;Cell 160 - Cell Resistance;;1.000000;0.000000;Ω;4
831;4;1700;F32;;Cell 161 - Cell Voltage;;1.000000;0.000000;V;4
832;4;1702;F32;;Cell 161 - Cell Temperature;;1.000000;0.000000;°C;4
833;4;1704;F32;;Cell 161 - Cell SOC;;1.000000;0.000000;%;4
834;4;1706;F32;;Cell 161 - Cell SOH;;1.000000;0.000000;%;4
835;4;1708;F32;;Cell 161 - Cell Resistance;;1.000000;0.000000;Ω;4
836;4;1710;F32;;Cell 162 - Cell Voltage;;1.000000;0.000000;V;4
837;4;1712;F32;;Cell 162 - Cell Temperature;;1.000000;0.000000;°C;4
838;4;1714;F32;;Cell 162 - Cell SOC;;1.000000;0.000000;%;4
839;4;1716;F32;;Cell 162 - Cell SOH;;1.000000;0.000000;%;4
840;4;1718;F32;;Cell 162 - Cell Resistance;;1.000000;0.000000;Ω;4
841;4;1720;F32;;Cell 163 - Cell Voltage;;1.000000;0.000000;V;4
842;4;1722;F32;;Cell 163 - Cell Temperature;;1.000000;0.000000;°C;4
843;4;1724;F32;;Cell 163 - Cell SOC;;1.000000;0.000000;%;4
844;4;1726;F32;;Cell 163 - Cell SOH;;1.000000;0.000000;%;4
845;4;1728;F32;;Cell 163 - Cell Resistance;;1.000000;0.000000;Ω;4
846;4;1730;F32;;Cell 164 - Cell Voltage;;1.000000;0.000000;V;4
847;4;1732;F32;;Cell 164 - Cell Temperature;;1.000000;0.000000;°C;4
848;4;1734;F32;;Cell 164 - Cell SOC;;1.000000;0.000000;%;4
849;4;1736;F32;;Cell 164 - Cell SOH;;1.000000;0.000000;%;4
850;4;1738;F32;;Cell 164 - Cell Resistance;;1.000000;0.000000;Ω;4
851;4;1740;F32;;Cell 165 - Cell Voltage;;1.000000;0.000000;V;4
852;4;1742;F32;;Cell 165 - Cell Temperature;;1.000000;0.000000;°C;4
853;4;1744;F32;;Cell 165 - Cell SOC;;1.000000;0.000000;%;4
854;4;1746;F32;;Cell 165 - Cell SOH;;1.000000;0.000000;%;4
855;4;1748;F32;;Cell 165 - Cell Resistance;;1.000000;0.000000;Ω;4
856;4;1750;F32;;Cell 166 - Cell Voltage;;1.000000;0.000000;V;4
857;4;1752;F32;;Cell 166 - Cell Temperature;;1.000000;0.000000;°C;4
858;4;1754;F32;;Cell 166 - Cell SOC;;1.000000;0.000000;%;4
859;4;1756;F32;;Cell 166 - Cell SOH;;1.000000;0.000000;%;4
860;4;1758;F32;;Cell 166 - Cell Resistance;;1.000000;0.000000;Ω;4
861;4;1760;F32;;Cell 167 - Cell Voltage;;1.000000;0.000000;V;4
862;4;1762;F32;;Cell 167 - Cell Temperature;;1.000000;0.000000;°C;4
863;4;1764;F32;;Cell 167 - Cell SOC;;1.000000;0.000000;%;4
864;4;1766;F32;;Cell 167 - Cell SOH;;1.000000;0.000000;%;4
865;4;1768;F32;;Cell 167 - Cell Resistance;;1.000000;0.000000;Ω;4
866;4;1770;F32;;Cell 168 - Cell Voltage;;1.000000;0.000000;V;4
867;4;1772;F32;;Cell 168 - Cell Temperature;;1.000000;0.000000;°C;4
868;4;1774;F32;;Cell 168 - Cell SOC;;1.000000;0.000000;%;4
869;4;1776;F32;;Cell 168 - Cell SOH;;1.000000;0.000000;%;4
870;4;1778;F32;;Cell 168 - Cell Resistance;;1.000000;0.000000;Ω;4
871;4;1780;F32;;Cell 169 - Cell Voltage;;1.000000;0.000000;V;4
872;4;1782;F32;;Cell 169 - Cell Temperature;;1.000000;0.000000;°C;4
873;4;1784;F32;;Cell 169 - Cell SOC;;1.000000;0.000000;%;4
874;4;1786;F32;;Cell 169 - Cell SOH;;1.000000;0.000000;%;4
875;4;1788;F32;;Cell 169 - Cell Resistance;;1.000000;0.000000;Ω;4
876;4;1790;F32;;Cell 170 - Cell Voltage;;1.000000;0.000000;V;4
877;4;1792;F32;;Cell 170 - Cell Temperature;;1.000000;0.000000;°C;4
878;4;1794;F32;;Cell 170 - Cell SOC;;1.000000;0.000000;%;4
879;4;1796;F32;;Cell 170 - Cell SOH;;1.000000;0.000000;%;4
880;4;1798;F32;;Cell 170 - Cell Resistance;;1.000000;0.000000;Ω;4
881;4;1800;F32;;Cell 171 - Cell Voltage;;1.000000;0.000000;V;4
882;4;1802;F32;;Cell 171 - Cell Temperature;;1.000000;0.000000;°C;4
883;4;1804;F32;;Cell 171 - Cell SOC;;1.000000;0.000000;%;4
884;4;1806;F32;;Cell 171 - Cell SOH;;1.000000;0.000000;%;4
885;4;1808;F32;;Cell 171 - Cell Resistance;;1.000000;0.000000;Ω;4
886;4;1810;F32;;Cell 172 - Cell Voltage;;1.000000;0.000000;V;4
887;4;1812;F32;;Cell 172 - Cell Temperature;;1.000000;0.000000;°C;4
888;4;1814;F32;;Cell 172 - Cell SOC;;1.000000;0.000000;%;4
889;4;1816;F32;;Cell 172 - Cell SOH;;1.000000;0.000000;%;4
890;4;1818;F32;;Cell 172 - Cell Resistance;;1.000000;0.000000;Ω;4
891;4;1820;F32;;Cell 173 - Cell Voltage;;1.000000;0.000000;V;4
892;4;1822;F32;;Cell 173 - Cell Temperature;;1.000000;0.000000;°C;4
893;4;1824;F32;;Cell 173 - Cell SOC;;1.000000;0.000000;%;4
894;4;1826;F32;;Cell 173 - Cell SOH;;1.000000;0.000000;%;4
895;4;1828;F32;;Cell 173 - Cell Resistance;;1.000000;0.000000;Ω;4
896;4;1830;F32;;Cell 174 - Cell Voltage;;1.000000;0.000000;V;4
897;4;1832;F32;;Cell 174 - Cell Temperature;;1.000000;0.000000;°C;4
898;4;1834;F32;;Cell 174 - Cell SOC;;1.000000;0.000000;%;4
899;4;1836;F32;;Cell 174 - Cell SOH;;1.000000;0.000000;%;4
900;4;1838;F32;;Cell 174 - Cell Resistance;;1.000000;0.000000;Ω;4
901;4;1840;F32;;Cell 175 - Cell Voltage;;1.000000;0.000000;V;4
902;4;1842;F32;;Cell 175 - Cell Temperature;;1.000000;0.000000;°C;4
903;4;1844;F32;;Cell 175 - Cell SOC;;1.000000;0.000000;%;4
904;4;1846;F32;;Cell 175 - Cell SOH;;1.000000;0.000000;%;4
905;4;1848;F32;;Cell 175 - Cell Resistance;;1.000000;0.000000;Ω;4
906;4;1850;F32;;Cell 176 - Cell Voltage;;1.000000;0.000000;V;4
907;4;1852;F32;;Cell 176 - Cell Temperature;;1.000000;0.000000;°C;4
908;4;1854;F32;;Cell 176 - Cell SOC;;1.000000;0.000000;%;4
909;4;1856;F32;;Cell 176 - Cell SOH;;1.000000;0.000000;%;4
910;4;1858;F32;;Cell 176 - Cell Resistance;;1.000000;0.000000;Ω;4
911;4;1860;F32;;Cell 177 - Cell Voltage;;1.000000;0.000000;V;4
912;4;1862;F32;;Cell 177 - Cell Temperature;;1.000000;0.000000;°C;4
913;4;1864;F32;;Cell 177 - Cell SOC;;1.000000;0.000000;%;4
914;4;1866;F32;;Cell 177 - Cell SOH;;1.000000;0.000000;%;4
915;4;1868;F32;;Cell 177 - Cell Resistance;;1.000000;0.000000;Ω;4
916;4;1870;F32;;Cell 178 - Cell Voltage;;1.000000;0.000000;V;4
917;4;1872;F32;;Cell 178 - Cell Temperature;;1.000000;0.000000;°C;4
918;4;1874;F32;;Cell 178 - Cell SOC;;1.000000;0.000000;%;4
919;4;1876;F32;;Cell 178 - Cell SOH;;1.000000;0.000000;%;4
920;4;1878;F32;;Cell 178 - Cell Resistance;;1.000000;0.000000;Ω;4
921;4;1880;F32;;Cell 179 - Cell Voltage;;1.000000;0.000000;V;4
922;4;1882;F32;;Cell 179 - Cell Temperature;;1.000000;0.000000;°C;4
923;4;1884;F32;;Cell 179 - Cell SOC;;1.000000;0.000000;%;4
924;4;1886;F32;;Cell 179 - Cell SOH;;1.000000;0.000000;%;4
925;4;1888;F32;;Cell 179 - Cell Resistance;;1.000000;0.000000;Ω;4
926;4;1890;F32;;Cell 180 - Cell Voltage;;1.000000;0.000000;V;4
927;4;1892;F32;;Cell 180 - Cell Temperature;;1.000000;0.000000;°C;4
928;4;1894;F32;;Cell 180 - Cell SOC;;1.000000;0.000000;%;4
929;4;1896;F32;;Cell 180 - Cell SOH;;1.000000;0.000000;%;4
930;4;1898;F32;;Cell 180 - Cell Resistance;;1.000000;0.000000;Ω;4
931;4;1900;F32;;Cell 181 - Cell Voltage;;1.000000;0.000000;V;4
932;4;1902;F32;;Cell 181 - Cell Temperature;;1.000000;0.000000;°C;4
933;4;1904;F32;;Cell 181 - Cell SOC;;1.000000;0.000000;%;4
934;4;1906;F32;;Cell 181 - Cell SOH;;1.000000;0.000000;%;4
935;4;1908;F32;;Cell 181 - Cell Resistance;;1.000000;0.000000;Ω;4
936;4;1910;F32;;Cell 182 - Cell Voltage;;1.000000;0.000000;V;4
937;4;1912;F32;;Cell 182 - Cell Temperature;;1.000000;0.000000;°C;4
938;4;1914;F32;;Cell 182 - Cell SOC;;1.000000;0.000000;%;4
939;4;1916;F32;;Cell 182 - Cell SOH;;1.000000;0.000000;%;4
940;4;1918;F32;;Cell 182 - Cell Resistance;;1.000000;0.000000;Ω;4
941;4;1920;F32;;Cell 183 - Cell Voltage;;1.000000;0.000000;V;4
942;4;1922;F32;;Cell 183 - Cell Temperature;;1.000000;0.000000;°C;4
943;4;1924;F32;;Cell 183 - Cell SOC;;1.000000;0.000000;%;4
944;4;1926;F32;;Cell 183 - Cell SOH;;1.000000;0.000000;%;4
945;4;1928;F32;;Cell 183 - Cell Resistance;;1.000000;0.000000;Ω;4
946;4;1930;F32;;Cell 184 - Cell Voltage;;1.000000;0.000000;V;4
947;4;1932;F32;;Cell 184 - Cell Temperature;;1.000000;0.000000;°C;4
948;4;1934;F32;;Cell 184 - Cell SOC;;1.000000;0.000000;%;4
949;4;1936;F32;;Cell 184 - Cell SOH;;1.000000;0.000000;%;4
950;4;1938;F32;;Cell 184 - Cell Resistance;;1.000000;0.000000;Ω;4
951;4;1940;F32;;Cell 185 - Cell Voltage;;1.000000;0.000000;V;4
952;4;1942;F32;;Cell 185 - Cell Temperature;;1.000000;0.000000;°C;4
953;4;1944;F32;;Cell 185 - Cell SOC;;1.000000;0.000000;%;4
954;4;1946;F32;;Cell 185 - Cell SOH;;1.000000;0.000000;%;4
955;4;1948;F32;;Cell 185 - Cell Resistance;;1.000000;0.000000;Ω;4
956;4;1950;F32;;Cell 186 - Cell Voltage;;1.000000;0.000000;V;4
957;4;1952;F32;;Cell 186 - Cell Temperature;;1.000000;0.000000;°C;4
958;4;1954;F32;;Cell 186 - Cell SOC;;1.000000;0.000000;%;4
959;4;1956;F32;;Cell 186 - Cell SOH;;1.000000;0.000000;%;4
960;4;1958;F32;;Cell 186 - Cell Resistance;;1.000000;0.000000;Ω;4
961;4;1960;F32;;Cell 187 - Cell Voltage;;1.000000;0.000000;V;4
962;4;1962;F32;;Cell 187 - Cell Temperature;;1.000000;0.000000;°C;4
963;4;1964;F32;;Cell 187 - Cell SOC;;1.000000;0.000000;%;4
964;4;1966;F32;;Cell 187 - Cell SOH;;1.000000;0.000000;%;4
965;4;1968;F32;;Cell 187 - Cell Resistance;;1.000000;0.000000;Ω;4
966;4;1970;F32;;Cell 188 - Cell Voltage;;1.000000;0.000000;V;4
967;4;1972;F32;;Cell 188 - Cell Temperature;;1.000000;0.000000;°C;4
968;4;1974;F32;;Cell 188 - Cell SOC;;1.000000;0.000000;%;4
969;4;1976;F32;;Cell 188 - Cell SOH;;1.000000;0.000000;%;4
970;4;1978;F32;;Cell 188 - Cell Resistance;;1.000000;0.000000;Ω;4
971;4;1980;F32;;Cell 189 - Cell Voltage;;1.000000;0.000000;V;4
972;4;1982;F32;;Cell 189 - Cell Temperature;;1.000000;0.000000;°C;4
973;4;1984;F32;;Cell 189 - Cell SOC;;1.000000;0.000000;%;4
974;4;1986;F32;;Cell 189 - Cell SOH;;1.000000;0.000000;%;4
975;4;1988;F32;;Cell 189 - Cell Resistance;;1.000000;0.000000;Ω;4
976;4;1990;F32;;Cell 190 - Cell Voltage;;1.000000;0.000000;V;4
977;4;1992;F32;;Cell 190 - Cell Temperature;;1.000000;0.000000;°C;4
978;4;1994;F32;;Cell 190 - Cell SOC;;1.000000;0.000000;%;4
979;4;1996;F32;;Cell 190 - Cell SOH;;1.000000;0.000000;%;4
980;4;1998;F32;;Cell 190 - Cell Resistance;;1.000000;0.000000;Ω;4
981;4;2000;F32;;Cell 191 - Cell Voltage;;1.000000;0.000000;V;4
982;4;2002;F32;;Cell 191 - Cell Temperature;;1.000000;0.000000;°C;4
983;4;2004;F32;;Cell 191 - Cell SOC;;1.000000;0.000000;%;4
984;4;2006;F32;;Cell 191 - Cell SOH;;1.000000;0.000000;%;4
985;4;2008;F32;;Cell 191 - Cell Resistance;;1.000000;0.000000;Ω;4
986;4;2010;F32;;Cell 192 - Cell Voltage;;1.000000;0.000000;V;4
987;4;2012;F32;;Cell 192 - Cell Temperature;;1.000000;0.000000;°C;4
988;4;2014;F32;;Cell 192 - Cell SOC;;1.000000;0.000000;%;4
989;4;2016;F32;;Cell 192 - Cell SOH;;1.000000;0.000000;%;4
990;4;2018;F32;;Cell 192 - Cell Resistance;;1.000000;0.000000;Ω;4
991;4;2020;F32;;Cell 193 - Cell Voltage;;1.000000;0.000000;V;4
992;4;2022;F32;;Cell 193 - Cell Temperature;;1.000000;0.000000;°C;4
993;4;2024;F32;;Cell 193 - Cell SOC;;1.000000;0.000000;%;4
994;4;2026;F32;;Cell 193 - Cell SOH;;1.000000;0.000000;%;4
995;4;2028;F32;;Cell 193 - Cell Resistance;;1.000000;0.000000;Ω;4
996;4;2030;F32;;Cell 194 - Cell Voltage;;1.000000;0.000000;V;4
997;4;2032;F32;;Cell 194 - Cell Temperature;;1.000000;0.000000;°C;4
998;4;2034;F32;;Cell 194 - Cell SOC;;1.000000;0.000000;%;4
999;4;2036;F32;;Cell 194 - Cell SOH;;1.000000;0.000000;%;4
1000;4;2038;F32;;Cell 194 - Cell Resistance;;1.000000;0.000000;Ω;4
1001;4;2040;F32;;Cell 195 - Cell Voltage;;1.000000;0.000000;V;4
1002;4;2042;F32;;Cell 195 - Cell Temperature;;1.000000;0.000000;°C;4
1003;4;2044;F32;;Cell 195 - Cell SOC;;1.000000;0.000000;%;4
1004;4;2046;F32;;Cell 195 - Cell SOH;;1.000000;0.000000;%;4
1005;4;2048;F32;;Cell 195 - Cell Resistance;;1.000000;0.000000;Ω;4
1006;4;2050;F32;;Cell 196 - Cell Voltage;;1.000000;0.000000;V;4
1007;4;2052;F32;;Cell 196 - Cell Temperature;;1.000000;0.000000;°C;4
1008;4;2054;F32;;Cell 196 - Cell SOC;;1.000000;0.000000;%;4
1009;4;2056;F32;;Cell 196 - Cell SOH;;1.000000;0.000000;%;4
1010;4;2058;F32;;Cell 196 - Cell Resistance;;1.000000;0.000000;Ω;4
1011;4;2060;F32;;Cell 197 - Cell Voltage;;1.000000;0.000000;V;4
1012;4;2062;F32;;Cell 197 - Cell Temperature;;1.000000;0.000000;°C;4
1013;4;2064;F32;;Cell 197 - Cell SOC;;1.000000;0.000000;%;4
1014;4;2066;F32;;Cell 197 - Cell SOH;;1.000000;0.000000;%;4
1015;4;2068;F32;;Cell 197 - Cell Resistance;;1.000000;0.000000;Ω;4
1016;4;2070;F32;;Cell 198 - Cell Voltage;;1.000000;0.000000;V;4
1017;4;2072;F32;;Cell 198 - Cell Temperature;;1.000000;0.000000;°C;4
1018;4;2074;F32;;Cell 198 - Cell SOC;;1.000000;0.000000;%;4
1019;4;2076;F32;;Cell 198 - Cell SOH;;1.000000;0.000000;%;4
1020;4;2078;F32;;Cell 198 - Cell Resistance;;1.000000;0.000000;Ω;4
1021;4;2080;F32;;Cell 199 - Cell Voltage;;1.000000;0.000000;V;4
1022;4;2082;F32;;Cell 199 - Cell Temperature;;1.000000;0.000000;°C;4
1023;4;2084;F32;;Cell 199 - Cell SOC;;1.000000;0.000000;%;4
1024;4;2086;F32;;Cell 199 - Cell SOH;;1.000000;0.000000;%;4
1025;4;2088;F32;;Cell 199 - Cell Resistance;;1.000000;0.000000;Ω;4
1026;4;2090;F32;;Cell 200 - Cell Voltage;;1.000000;0.000000;V;4
1027;4;2092;F32;;Cell 200 - Cell Temperature;;1.000000;0.000000;°C;4
1028;4;2094;F32;;Cell 200 - Cell SOC;;1.000000;0.000000;%;4
1029;4;2096;F32;;Cell 200 - Cell SOH;;1.000000;0.000000;%;4
1030;4;2098;F32;;Cell 200 - Cell Resistance;;1.000000;0.000000;Ω;4
1031;4;2100;F32;;Cell 201 - Cell Voltage;;1.000000;0.000000;V;4
1032;4;2102;F32;;Cell 201 - Cell Temperature;;1.000000;0.000000;°C;4
1033;4;2104;F32;;Cell 201 - Cell SOC;;1.000000;0.000000;%;4
1034;4;2106;F32;;Cell 201 - Cell SOH;;1.000000;0.000000;%;4
1035;4;2108;F32;;Cell 201 - Cell Resistance;;1.000000;0.000000;Ω;4
1036;4;2110;F32;;Cell 202 - Cell Voltage;;1.000000;0.000000;V;4
1037;4;2112;F32;;Cell 202 - Cell Temperature;;1.000000;0.000000;°C;4
1038;4;2114;F32;;Cell 202 - Cell SOC;;1.000000;0.000000;%;4
1039;4;2116;F32;;Cell 202 - Cell SOH;;1.000000;0.000000;%;4
1040;4;2118;F32;;Cell 202 - Cell Resistance;;1.000000;0.000000;Ω;4
1041;4;2120;F32;;Cell 203 - Cell Voltage;;1.000000;0.000000;V;4
1042;4;2122;F32;;Cell 203 - Cell Temperature;;1.000000;0.000000;°C;4
1043;4;2124;F32;;Cell 203 - Cell SOC;;1.000000;0.000000;%;4
1044;4;2126;F32;;Cell 203 - Cell SOH;;1.000000;0.000000;%;4
1045;4;2128;F32;;Cell 203 - Cell Resistance;;1.000000;0.000000;Ω;4
1046;4;2130;F32;;Cell 204 - Cell Voltage;;1.000000;0.000000;V;4
1047;4;2132;F32;;Cell 204 - Cell Temperature;;1.000000;0.000000;°C;4
1048;4;2134;F32;;Cell 204 - Cell SOC;;1.000000;0.000000;%;4
1049;4;2136;F32;;Cell 204 - Cell SOH;;1.000000;0.000000;%;4
1050;4;2138;F32;;Cell 204 - Cell Resistance;;1.000000;0.000000;Ω;4
1051;4;2140;F32;;Cell 205 - Cell Voltage;;1.000000;0.000000;V;4
1052;4;2142;F32;;Cell 205 - Cell Temperature;;1.000000;0.000000;°C;4
1053;4;2144;F32;;Cell 205 - Cell SOC;;1.000000;0.000000;%;4
1054;4;2146;F32;;Cell 205 - Cell SOH;;1.000000;0.000000;%;4
1055;4;2148;F32;;Cell 205 - Cell Resistance;;1.000000;0.000000;Ω;4
1056;4;2150;F32;;Cell 206 - Cell Voltage;;1.000000;0.000000;V;4
1057;4;2152;F32;;Cell 206 - Cell Temperature;;1.000000;0.000000;°C;4
1058;4;2154;F32;;Cell 206 - Cell SOC;;1.000000;0.000000;%;4
1059;4;2156;F32;;Cell 206 - Cell SOH;;1.000000;0.000000;%;4
1060;4;2158;F32;;Cell 206 - Cell Resistance;;1.000000;0.000000;Ω;4
1061;4;2160;F32;;Cell 207 - Cell Voltage;;1.000000;0.000000;V;4
1062;4;2162;F32;;Cell 207 - Cell Temperature;;1.000000;0.000000;°C;4
1063;4;2164;F32;;Cell 207 - Cell SOC;;1.000000;0.000000;%;4
1064;4;2166;F32;;Cell 207 - Cell SOH;;1.000000;0.000000;%;4
1065;4;2168;F32;;Cell 207 - Cell Resistance;;1.000000;0.000000;Ω;4
1066;4;2170;F32;;Cell 208 - Cell Voltage;;1.000000;0.000000;V;4
1067;4;2172;F32;;Cell 208 - Cell Temperature;;1.000000;0.000000;°C;4
1068;4;2174;F32;;Cell 208 - Cell SOC;;1.000000;0.000000;%;4
1069;4;2176;F32;;Cell 208 - Cell SOH;;1.000000;0.000000;%;4
1070;4;2178;F32;;Cell 208 - Cell Resistance;;1.000000;0.000000;Ω;4
1071;4;2180;F32;;Cell 209 - Cell Voltage;;1.000000;0.000000;V;4
1072;4;2182;F32;;Cell 209 - Cell Temperature;;1.000000;0.000000;°C;4
1073;4;2184;F32;;Cell 209 - Cell SOC;;1.000000;0.000000;%;4
1074;4;2186;F32;;Cell 209 - Cell SOH;;1.000000;0.000000;%;4
1075;4;2188;F32;;Cell 209 - Cell Resistance;;1.000000;0.000000;Ω;4
1076;4;2190;F32;;Cell 210 - Cell Voltage;;1.000000;0.000000;V;4
1077;4;2192;F32;;Cell 210 - Cell Temperature;;1.000000;0.000000;°C;4
1078;4;2194;F32;;Cell 210 - Cell SOC;;1.000000;0.000000;%;4
1079;4;2196;F32;;Cell 210 - Cell SOH;;1.000000;0.000000;%;4
1080;4;2198;F32;;Cell 210 - Cell Resistance;;1.000000;0.000000;Ω;4
1081;4;2200;F32;;Cell 211 - Cell Voltage;;1.000000;0.000000;V;4
1082;4;2202;F32;;Cell 211 - Cell Temperature;;1.000000;0.000000;°C;4
1083;4;2204;F32;;Cell 211 - Cell SOC;;1.000000;0.000000;%;4
1084;4;2206;F32;;Cell 211 - Cell SOH;;1.000000;0.000000;%;4
1085;4;2208;F32;;Cell 211 - Cell Resistance;;1.000000;0.000000;Ω;4
1086;4;2210;F32;;Cell 212 - Cell Voltage;;1.000000;0.000000;V;4
1087;4;2212;F32;;Cell 212 - Cell Temperature;;1.000000;0.000000;°C;4
1088;4;2214;F32;;Cell 212 - Cell SOC;;1.000000;0.000000;%;4
1089;4;2216;F32;;Cell 212 - Cell SOH;;1.000000;0.000000;%;4
1090;4;2218;F32;;Cell 212 - Cell Resistance;;1.000000;0.000000;Ω;4
1091;4;2220;F32;;Cell 213 - Cell Voltage;;1.000000;0.000000;V;4
1092;4;2222;F32;;Cell 213 - Cell Temperature;;1.000000;0.000000;°C;4
1093;4;2224;F32;;Cell 213 - Cell SOC;;1.000000;0.000000;%;4
1094;4;2226;F32;;Cell 213 - Cell SOH;;1.000000;0.000000;%;4
1095;4;2228;F32;;Cell 213 - Cell Resistance;;1.000000;0.000000;Ω;4
1096;4;2230;F32;;Cell 214 - Cell Voltage;;1.000000;0.000000;V;4
1097;4;2232;F32;;Cell 214 - Cell Temperature;;1.000000;0.000000;°C;4
1098;4;2234;F32;;Cell 214 - Cell SOC;;1.000000;0.000000;%;4
1099;4;2236;F32;;Cell 214 - Cell SOH;;1.000000;0.000000;%;4
1100;4;2238;F32;;Cell 214 - Cell Resistance;;1.000000;0.000000;Ω;4
1101;4;2240;F32;;Cell 215 - Cell Voltage;;1.000000;0.000000;V;4
1102;4;2242;F32;;Cell 215 - Cell Temperature;;1.000000;0.000000;°C;4
1103;4;2244;F32;;Cell 215 - Cell SOC;;1.000000;0.000000;%;4
1104;4;2246;F32;;Cell 215 - Cell SOH;;1.000000;0.000000;%;4
1105;4;2248;F32;;Cell 215 - Cell Resistance;;1.000000;0.000000;Ω;4
1106;4;2250;F32;;Cell 216 - Cell Voltage;;1.000000;0.000000;V;4
1107;4;2252;F32;;Cell 216 - Cell Temperature;;1.000000;0.000000;°C;4
1108;4;2254;F32;;Cell 216 - Cell SOC;;1.000000;0.000000;%;4
1109;4;2256;F32;;Cell 216 - Cell SOH;;1.000000;0.000000;%;4
1110;4;2258;F32;;Cell 216 - Cell Resistance;;1.000000;0.000000;Ω;4
1111;4;2260;F32;;Cell 217 - Cell Voltage;;1.000000;0.000000;V;4
1112;4;2262;F32;;Cell 217 - Cell Temperature;;1.000000;0.000000;°C;4
1113;4;2264;F32;;Cell 217 - Cell SOC;;1.000000;0.000000;%;4
1114;4;2266;F32;;Cell 217 - Cell SOH;;1.000000;0.000000;%;4
1115;4;2268;F32;;Cell 217 - Cell Resistance;;1.000000;0.000000;Ω;4
1116;4;2270;F32;;Cell 218 - Cell Voltage;;1.000000;0.000000;V;4
1117;4;2272;F32;;Cell 218 - Cell Temperature;;1.000000;0.000000;°C;4
1118;4;2274;F32;;Cell 218 - Cell SOC;;1.000000;0.000000;%;4
1119;4;2276;F32;;Cell 218 - Cell SOH;;1.000000;0.000000;%;4
1120;4;2278;F32;;Cell 218 - Cell Resistance;;1.000000;0.000000;Ω;4
1121;4;2280;F32;;Cell 219 - Cell Voltage;;1.000000;0.000000;V;4
1122;4;2282;F32;;Cell 219 - Cell Temperature;;1.000000;0.000000;°C;4
1123;4;2284;F32;;Cell 219 - Cell SOC;;1.000000;0.000000;%;4
1124;4;2286;F32;;Cell 219 - Cell SOH;;1.000000;0.000000;%;4
1125;4;2288;F32;;Cell 219 - Cell Resistance;;1.000000;0.000000;Ω;4
1126;4;2290;F32;;Cell 220 - Cell Voltage;;1.000000;0.000000;V;4
1127;4;2292;F32;;Cell 220 - Cell Temperature;;1.000000;0.000000;°C;4
1128;4;2294;F32;;Cell 220 - Cell SOC;;1.000000;0.000000;%;4
1129;4;2296;F32;;Cell 220 - Cell SOH;;1.000000;0.000000;%;4
1130;4;2298;F32;;Cell 220 - Cell Resistance;;1.000000;0.000000;Ω;4
1131;4;2300;F32;;Cell 221 - Cell Voltage;;1.000000;0.000000;V;4
1132;4;2302;F32;;Cell 221 - Cell Temperature;;1.000000;0.000000;°C;4
1133;4;2304;F32;;Cell 221 - Cell SOC;;1.000000;0.000000;%;4
1134;4;2306;F32;;Cell 221 - Cell SOH;;1.000000;0.000000;%;4
1135;4;2308;F32;;Cell 221 - Cell Resistance;;1.000000;0.000000;Ω;4
1136;4;2310;F32;;Cell 222 - Cell Voltage;;1.000000;0.000000;V;4
1137;4;2312;F32;;Cell 222 - Cell Temperature;;1.000000;0.000000;°C;4
1138;4;2314;F32;;Cell 222 - Cell SOC;;1.000000;0.000000;%;4
1139;4;2316;F32;;Cell 222 - Cell SOH;;1.000000;0.000000;%;4
1140;4;2318;F32;;Cell 222 - Cell Resistance;;1.000000;0.000000;Ω;4
1141;4;2320;F32;;Cell 223 - Cell Voltage;;1.000000;0.000000;V;4
1142;4;2322;F32;;Cell 223 - Cell Temperature;;1.000000;0.000000;°C;4
1143;4;2324;F32;;Cell 223 - Cell SOC;;1.000000;0.000000;%;4
1144;4;2326;F32;;Cell 223 - Cell SOH;;1.000000;0.000000;%;4
1145;4;2328;F32;;Cell 223 - Cell Resistance;;1.000000;0.000000;Ω;4
1146;4;2330;F32;;Cell 224 - Cell Voltage;;1.000000;0.000000;V;4
1147;4;2332;F32;;Cell 224 - Cell Temperature;;1.000000;0.000000;°C;4
1148;4;2334;F32;;Cell 224 - Cell SOC;;1.000000;0.000000;%;4
1149;4;2336;F32;;Cell 224 - Cell SOH;;1.000000;0.000000;%;4
1150;4;2338;F32;;Cell 224 - Cell Resistance;;1.000000;0.000000;Ω;4
1151;4;2340;F32;;Cell 225 - Cell Voltage;;1.000000;0.000000;V;4
1152;4;2342;F32;;Cell 225 - Cell Temperature;;1.000000;0.000000;°C;4
1153;4;2344;F32;;Cell 225 - Cell SOC;;1.000000;0.000000;%;4
1154;4;2346;F32;;Cell 225 - Cell SOH;;1.000000;0.000000;%;4
1155;4;2348;F32;;Cell 225 - Cell Resistance;;1.000000;0.000000;Ω;4
1156;4;2350;F32;;Cell 226 - Cell Voltage;;1.000000;0.000000;V;4
1157;4;2352;F32;;Cell 226 - Cell Temperature;;1.000000;0.000000;°C;4
1158;4;2354;F32;;Cell 226 - Cell SOC;;1.000000;0.000000;%;4
1159;4;2356;F32;;Cell 226 - Cell SOH;;1.000000;0.000000;%;4
1160;4;2358;F32;;Cell 226 - Cell Resistance;;1.000000;0.000000;Ω;4
1161;4;2360;F32;;Cell 227 - Cell Voltage;;1.000000;0.000000;V;4
1162;4;2362;F32;;Cell 227 - Cell Temperature;;1.000000;0.000000;°C;4
1163;4;2364;F32;;Cell 227 - Cell SOC;;1.000000;0.000000;%;4
1164;4;2366;F32;;Cell 227 - Cell SOH;;1.000000;0.000000;%;4
1165;4;2368;F32;;Cell 227 - Cell Resistance;;1.000000;0.000000;Ω;4
1166;4;2370;F32;;Cell 228 - Cell Voltage;;1.000000;0.000000;V;4
1167;4;2372;F32;;Cell 228 - Cell Temperature;;1.000000;0.000000;°C;4
1168;4;2374;F32;;Cell 228 - Cell SOC;;1.000000;0.000000;%;4
1169;4;2376;F32;;Cell 228 - Cell SOH;;1.000000;0.000000;%;4
1170;4;2378;F32;;Cell 228 - Cell Resistance;;1.000000;0.000000;Ω;4
1171;4;2380;F32;;Cell 229 - Cell Voltage;;1.000000;0.000000;V;4
1172;4;2382;F32;;Cell 229 - Cell Temperature;;1.000000;0.000000;°C;4
1173;4;2384;F32;;Cell 229 - Cell SOC;;1.000000;0.000000;%;4
1174;4;2386;F32;;Cell 229 - Cell SOH;;1.000000;0.000000;%;4
1175;4;2388;F32;;Cell 229 - Cell Resistance;;1.000000;0.000000;Ω;4
1176;4;2390;F32;;Cell 230 - Cell Voltage;;1.000000;0.000000;V;4
1177;4;2392;F32;;Cell 230 - Cell Temperature;;1.000000;0.000000;°C;4
1178;4;2394;F32;;Cell 230 - Cell SOC;;1.000000;0.000000;%;4
1179;4;2396;F32;;Cell 230 - Cell SOH;;1.000000;0.000000;%;4
1180;4;2398;F32;;Cell 230 - Cell Resistance;;1.000000;0.000000;Ω;4
1181;4;2400;F32;;Cell 231 - Cell Voltage;;1.000000;0.000000;V;4
1182;4;2402;F32;;Cell 231 - Cell Temperature;;1.000000;0.000000;°C;4
1183;4;2404;F32;;Cell 231 - Cell SOC;;1.000000;0.000000;%;4
1184;4;2406;F32;;Cell 231 - Cell SOH;;1.000000;0.000000;%;4
1185;4;2408;F32;;Cell 231 - Cell Resistance;;1.000000;0.000000;Ω;4
1186;4;2410;F32;;Cell 232 - Cell Voltage;;1.000000;0.000000;V;4
1187;4;2412;F32;;Cell 232 - Cell Temperature;;1.000000;0.000000;°C;4
1188;4;2414;F32;;Cell 232 - Cell SOC;;1.000000;0.000000;%;4
1189;4;2416;F32;;Cell 232 - Cell SOH;;1.000000;0.000000;%;4
1190;4;2418;F32;;Cell 232 - Cell Resistance;;1.000000;0.000000;Ω;4
1191;4;2420;F32;;Cell 233 - Cell Voltage;;1.000000;0.000000;V;4
1192;4;2422;F32;;Cell 233 - Cell Temperature;;1.000000;0.000000;°C;4
1193;4;2424;F32;;Cell 233 - Cell SOC;;1.000000;0.000000;%;4
1194;4;2426;F32;;Cell 233 - Cell SOH;;1.000000;0.000000;%;4
1195;4;2428;F32;;Cell 233 - Cell Resistance;;1.000000;0.000000;Ω;4
1196;4;2430;F32;;Cell 234 - Cell Voltage;;1.000000;0.000000;V;4
1197;4;2432;F32;;Cell 234 - Cell Temperature;;1.000000;0.000000;°C;4
1198;4;2434;F32;;Cell 234 - Cell SOC;;1.000000;0.000000;%;4
1199;4;2436;F32;;Cell 234 - Cell SOH;;1.000000;0.000000;%;4
1200;4;2438;F32;;Cell 234 - Cell Resistance;;1.000000;0.000000;Ω;4
1201;4;2440;F32;;Cell 235 - Cell Voltage;;1.000000;0.000000;V;4
1202;4;2442;F32;;Cell 235 - Cell Temperature;;1.000000;0.000000;°C;4
1203;4;2444;F32;;Cell 235 - Cell SOC;;1.000000;0.000000;%;4
1204;4;2446;F32;;Cell 235 - Cell SOH;;1.000000;0.000000;%;4
1205;4;2448;F32;;Cell 235 - Cell Resistance;;1.000000;0.000000;Ω;4
1206;4;2450;F32;;Cell 236 - Cell Voltage;;1.000000;0.000000;V;4
1207;4;2452;F32;;Cell 236 - Cell Temperature;;1.000000;0.000000;°C;4
1208;4;2454;F32;;Cell 236 - Cell SOC;;1.000000;0.000000;%;4
1209;4;2456;F32;;Cell 236 - Cell SOH;;1.000000;0.000000;%;4
1210;4;2458;F32;;Cell 236 - Cell Resistance;;1.000000;0.000000;Ω;4
1211;4;2460;F32;;Cell 237 - Cell Voltage;;1.000000;0.000000;V;4
1212;4;2462;F32;;Cell 237 - Cell Temperature;;1.000000;0.000000;°C;4
1213;4;2464;F32;;Cell 237 - Cell SOC;;1.000000;0.000000;%;4
1214;4;2466;F32;;Cell 237 - Cell SOH;;1.000000;0.000000;%;4
1215;4;2468;F32;;Cell 237 - Cell Resistance;;1.000000;0.000000;Ω;4
1216;4;2470;F32;;Cell 238 - Cell Voltage;;1.000000;0.000000;V;4
1217;4;2472;F32;;Cell 238 - Cell Temperature;;1.000000;0.000000;°C;4
1218;4;2474;F32;;Cell 238 - Cell SOC;;1.000000;0.000000;%;4
1219;4;2476;F32;;Cell 238 - Cell SOH;;1.000000;0.000000;%;4
1220;4;2478;F32;;Cell 238 - Cell Resistance;;1.000000;0.000000;Ω;4
1221;4;2480;F32;;Cell 239 - Cell Voltage;;1.000000;0.000000;V;4
1222;4;2482;F32;;Cell 239 - Cell Temperature;;1.000000;0.000000;°C;4
1223;4;2484;F32;;Cell 239 - Cell SOC;;1.000000;0.000000;%;4
1224;4;2486;F32;;Cell 239 - Cell SOH;;1.000000;0.000000;%;4
1225;4;2488;F32;;Cell 239 - Cell Resistance;;1.000000;0.000000;Ω;4
1226;4;2490;F32;;Cell 240 - Cell Voltage;;1.000000;0.000000;V;4
1227;4;2492;F32;;Cell 240 - Cell Temperature;;1.000000;0.000000;°C;4
1228;4;2494;F32;;Cell 240 - Cell SOC;;1.000000;0.000000;%;4
1229;4;2496;F32;;Cell 240 - Cell SOH;;1.000000;0.000000;%;4
1230;4;2498;F32;;Cell 240 - Cell Resistance;;1.000000;0.000000;Ω;4
1231;4;2500;F32;;Cell 241 - Cell Voltage;;1.000000;0.000000;V;4
1232;4;2502;F32;;Cell 241 - Cell Temperature;;1.000000;0.000000;°C;4
1233;4;2504;F32;;Cell 241 - Cell SOC;;1.000000;0.000000;%;4
1234;4;2506;F32;;Cell 241 - Cell SOH;;1.000000;0.000000;%;4
1235;4;2508;F32;;Cell 241 - Cell Resistance;;1.000000;0.000000;Ω;4
1236;4;2510;F32;;Cell 242 - Cell Voltage;;1.000000;0.000000;V;4
1237;4;2512;F32;;Cell 242 - Cell Temperature;;1.000000;0.000000;°C;4
1238;4;2514;F32;;Cell 242 - Cell SOC;;1.000000;0.000000;%;4
1239;4;2516;F32;;Cell 242 - Cell SOH;;1.000000;0.000000;%;4
1240;4;2518;F32;;Cell 242 - Cell Resistance;;1.000000;0.000000;Ω;4
1241;4;2520;F32;;Cell 243 - Cell Voltage;;1.000000;0.000000;V;4
1242;4;2522;F32;;Cell 243 - Cell Temperature;;1.000000;0.000000;°C;4
1243;4;2524;F32;;Cell 243 - Cell SOC;;1.000000;0.000000;%;4
1244;4;2526;F32;;Cell 243 - Cell SOH;;1.000000;0.000000;%;4
1245;4;2528;F32;;Cell 243 - Cell Resistance;;1.000000;0.000000;Ω;4
1246;4;2530;F32;;Cell 244 - Cell Voltage;;1.000000;0.000000;V;4
1247;4;2532;F32;;Cell 244 - Cell Temperature;;1.000000;0.000000;°C;4
1248;4;2534;F32;;Cell 244 - Cell SOC;;1.000000;0.000000;%;4
1249;4;2536;F32;;Cell 244 - Cell SOH;;1.000000;0.000000;%;4
1250;4;2538;F32;;Cell 244 - Cell Resistance;;1.000000;0.000000;Ω;4
1251;4;2540;F32;;Cell 245 - Cell Voltage;;1.000000;0.000000;V;4
1252;4;2542;F32;;Cell 245 - Cell Temperature;;1.000000;0.000000;°C;4
1253;4;2544;F32;;Cell 245 - Cell SOC;;1.000000;0.000000;%;4
1254;4;2546;F32;;Cell 245 - Cell SOH;;1.000000;0.000000;%;4
1255;4;2548;F32;;Cell 245 - Cell Resistance;;1.000000;0.000000;Ω;4
1256;4;2550;F32;;Cell 246 - Cell Voltage;;1.000000;0.000000;V;4
1257;4;2552;F32;;Cell 246 - Cell Temperature;;1.000000;0.000000;°C;4
1258;4;2554;F32;;Cell 246 - Cell SOC;;1.000000;0.000000;%;4
1259;4;2556;F32;;Cell 246 - Cell SOH;;1.000000;0.000000;%;4
1260;4;2558;F32;;Cell 246 - Cell Resistance;;1.000000;0.000000;Ω;4
1261;4;2560;F32;;Cell 247 - Cell Voltage;;1.000000;0.000000;V;4
1262;4;2562;F32;;Cell 247 - Cell Temperature;;1.000000;0.000000;°C;4
1263;4;2564;F32;;Cell 247 - Cell SOC;;1.000000;0.000000;%;4
1264;4;2566;F32;;Cell 247 - Cell SOH;;1.000000;0.000000;%;4
1265;4;2568;F32;;Cell 247 - Cell Resistance;;1.000000;0.000000;Ω;4
1266;4;2570;F32;;Cell 248 - Cell Voltage;;1.000000;0.000000;V;4
1267;4;2572;F32;;Cell 248 - Cell Temperature;;1.000000;0.000000;°C;4
1268;4;2574;F32;;Cell 248 - Cell SOC;;1.000000;0.000000;%;4
1269;4;2576;F32;;Cell 248 - Cell SOH;;1.000000;0.000000;%;4
1270;4;2578;F32;;Cell 248 - Cell Resistance;;1.000000;0.000000;Ω;4
1271;4;2580;F32;;Cell 249 - Cell Voltage;;1.000000;0.000000;V;4
1272;4;2582;F32;;Cell 249 - Cell Temperature;;1.000000;0.000000;°C;4
1273;4;2584;F32;;Cell 249 - Cell SOC;;1.000000;0.000000;%;4
1274;4;2586;F32;;Cell 249 - Cell SOH;;1.000000;0.000000;%;4
1275;4;2588;F32;;Cell 249 - Cell Resistance;;1.000000;0.000000;Ω;4
1276;4;2590;F32;;Cell 250 - Cell Voltage;;1.000000;0.000000;V;4
1277;4;2592;F32;;Cell 250 - Cell Temperature;;1.000000;0.000000;°C;4
1278;4;2594;F32;;Cell 250 - Cell SOC;;1.000000;0.000000;%;4
1279;4;2596;F32;;Cell 250 - Cell SOH;;1.000000;0.000000;%;4
1280;4;2598;F32;;Cell 250 - Cell Resistance;;1.000000;0.000000;Ω;4
1281;4;2600;F32;;Cell 251 - Cell Voltage;;1.000000;0.000000;V;4
1282;4;2602;F32;;Cell 251 - Cell Temperature;;1.000000;0.000000;°C;4
1283;4;2604;F32;;Cell 251 - Cell SOC;;1.000000;0.000000;%;4
1284;4;2606;F32;;Cell 251 - Cell SOH;;1.000000;0.000000;%;4
1285;4;2608;F32;;Cell 251 - Cell Resistance;;1.000000;0.000000;Ω;4
1286;4;2610;F32;;Cell 252 - Cell Voltage;;1.000000;0.000000;V;4
1287;4;2612;F32;;Cell 252 - Cell Temperature;;1.000000;0.000000;°C;4
1288;4;2614;F32;;Cell 252 - Cell SOC;;1.000000;0.000000;%;4
1289;4;2616;F32;;Cell 252 - Cell SOH;;1.000000;0.000000;%;4
1290;4;2618;F32;;Cell 252 - Cell Resistance;;1.000000;0.000000;Ω;4
1291;4;2620;F32;;Cell 253 - Cell Voltage;;1.000000;0.000000;V;4
1292;4;2622;F32;;Cell 253 - Cell Temperature;;1.000000;0.000000;°C;4
1293;4;2624;F32;;Cell 253 - Cell SOC;;1.000000;0.000000;%;4
1294;4;2626;F32;;Cell 253 - Cell SOH;;1.000000;0.000000;%;4
1295;4;2628;F32;;Cell 253 - Cell Resistance;;1.000000;0.000000;Ω;4
1296;4;2630;F32;;Cell 254 - Cell Voltage;;1.000000;0.000000;V;4
1297;4;2632;F32;;Cell 254 - Cell Temperature;;1.000000;0.000000;°C;4
1298;4;2634;F32;;Cell 254 - Cell SOC;;1.000000;0.000000;%;4
1299;4;2636;F32;;Cell 254 - Cell SOH;;1.000000;0.000000;%;4
1300;4;2638;F32;;Cell 254 - Cell Resistance;;1.000000;0.000000;Ω;4
1301;4;2640;F32;;Cell 255 - Cell Voltage;;1.000000;0.000000;V;4
1302;4;2642;F32;;Cell 255 - Cell Temperature;;1.000000;0.000000;°C;4
1303;4;2644;F32;;Cell 255 - Cell SOC;;1.000000;0.000000;%;4
1304;4;2646;F32;;Cell 255 - Cell SOH;;1.000000;0.000000;%;4
1305;4;2648;F32;;Cell 255 - Cell Resistance;;1.000000;0.000000;Ω;4
1306;4;2650;F32;;Cell 256 - Cell Voltage;;1.000000;0.000000;V;4
1307;4;2652;F32;;Cell 256 - Cell Temperature;;1.000000;0.000000;°C;4
1308;4;2654;F32;;Cell 256 - Cell SOC;;1.000000;0.000000;%;4
1309;4;2656;F32;;Cell 256 - Cell SOH;;1.000000;0.000000;%;4
1310;4;2658;F32;;Cell 256 - Cell Resistance;;1.000000;0.000000;Ω;4
1311;4;2660;F32;;Cell 257 - Cell Voltage;;1.000000;0.000000;V;4
1312;4;2662;F32;;Cell 257 - Cell Temperature;;1.000000;0.000000;°C;4
1313;4;2664;F32;;Cell 257 - Cell SOC;;1.000000;0.000000;%;4
1314;4;2666;F32;;Cell 257 - Cell SOH;;1.000000;0.000000;%;4
1315;4;2668;F32;;Cell 257 - Cell Resistance;;1.000000;0.000000;Ω;4
1316;4;2670;F32;;Cell 258 - Cell Voltage;;1.000000;0.000000;V;4
1317;4;2672;F32;;Cell 258 - Cell Temperature;;1.000000;0.000000;°C;4
1318;4;2674;F32;;Cell 258 - Cell SOC;;1.000000;0.000000;%;4
1319;4;2676;F32;;Cell 258 - Cell SOH;;1.000000;0.000000;%;4
1320;4;2678;F32;;Cell 258 - Cell Resistance;;1.000000;0.000000;Ω;4
1321;4;2680;F32;;Cell 259 - Cell Voltage;;1.000000;0.000000;V;4
1322;4;2682;F32;;Cell 259 - Cell Temperature;;1.000000;0.000000;°C;4
1323;4;2684;F32;;Cell 259 - Cell SOC;;1.000000;0.000000;%;4
1324;4;2686;F32;;Cell 259 - Cell SOH;;1.000000;0.000000;%;4
1325;4;2688;F32;;Cell 259 - Cell Resistance;;1.000000;0.000000;Ω;4
1326;4;2690;F32;;Cell 260 - Cell Voltage;;1.000000;0.000000;V;4
1327;4;2692;F32;;Cell 260 - Cell Temperature;;1.000000;0.000000;°C;4
1328;4;2694;F32;;Cell 260 - Cell SOC;;1.000000;0.000000;%;4
1329;4;2696;F32;;Cell 260 - Cell SOH;;1.000000;0.000000;%;4
1330;4;2698;F32;;Cell 260 - Cell Resistance;;1.000000;0.000000;Ω;4
1331;4;2700;F32;;Cell 261 - Cell Voltage;;1.000000;0.000000;V;4
1332;4;2702;F32;;Cell 261 - Cell Temperature;;1.000000;0.000000;°C;4
1333;4;2704;F32;;Cell 261 - Cell SOC;;1.000000;0.000000;%;4
1334;4;2706;F32;;Cell 261 - Cell SOH;;1.000000;0.000000;%;4
1335;4;2708;F32;;Cell 261 - Cell Resistance;;1.000000;0.000000;Ω;4
1336;4;2710;F32;;Cell 262 - Cell Voltage;;1.000000;0.000000;V;4
1337;4;2712;F32;;Cell 262 - Cell Temperature;;1.000000;0.000000;°C;4
1338;4;2714;F32;;Cell 262 - Cell SOC;;1.000000;0.000000;%;4
1339;4;2716;F32;;Cell 262 - Cell SOH;;1.000000;0.000000;%;4
1340;4;2718;F32;;Cell 262 - Cell Resistance;;1.000000;0.000000;Ω;4
1341;4;2720;F32;;Cell 263 - Cell Voltage;;1.000000;0.000000;V;4
1342;4;2722;F32;;Cell 263 - Cell Temperature;;1.000000;0.000000;°C;4
1343;4;2724;F32;;Cell 263 - Cell SOC;;1.000000;0.000000;%;4
1344;4;2726;F32;;Cell 263 - Cell SOH;;1.000000;0.000000;%;4
1345;4;2728;F32;;Cell 263 - Cell Resistance;;1.000000;0.000000;Ω;4
1346;4;2730;F32;;Cell 264 - Cell Voltage;;1.000000;0.000000;V;4
1347;4;2732;F32;;Cell 264 - Cell Temperature;;1.000000;0.000000;°C;4
1348;4;2734;F32;;Cell 264 - Cell SOC;;1.000000;0.000000;%;4
1349;4;2736;F32;;Cell 264 - Cell SOH;;1.000000;0.000000;%;4
1350;4;2738;F32;;Cell 264 - Cell Resistance;;1.000000;0.000000;Ω;4
1351;4;2740;F32;;Cell 265 - Cell Voltage;;1.000000;0.000000;V;4
1352;4;2742;F32;;Cell 265 - Cell Temperature;;1.000000;0.000000;°C;4
1353;4;2744;F32;;Cell 265 - Cell SOC;;1.000000;0.000000;%;4
1354;4;2746;F32;;Cell 265 - Cell SOH;;1.000000;0.000000;%;4
1355;4;2748;F32;;Cell 265 - Cell Resistance;;1.000000;0.000000;Ω;4
1356;4;2750;F32;;Cell 266 - Cell Voltage;;1.000000;0.000000;V;4
1357;4;2752;F32;;Cell 266 - Cell Temperature;;1.000000;0.000000;°C;4
1358;4;2754;F32;;Cell 266 - Cell SOC;;1.000000;0.000000;%;4
1359;4;2756;F32;;Cell 266 - Cell SOH;;1.000000;0.000000;%;4
1360;4;2758;F32;;Cell 266 - Cell Resistance;;1.000000;0.000000;Ω;4
1361;4;2760;F32;;Cell 267 - Cell Voltage;;1.000000;0.000000;V;4
1362;4;2762;F32;;Cell 267 - Cell Temperature;;1.000000;0.000000;°C;4
1363;4;2764;F32;;Cell 267 - Cell SOC;;1.000000;0.000000;%;4
1364;4;2766;F32;;Cell 267 - Cell SOH;;1.000000;0.000000;%;4
1365;4;2768;F32;;Cell 267 - Cell Resistance;;1.000000;0.000000;Ω;4
1366;4;2770;F32;;Cell 268 - Cell Voltage;;1.000000;0.000000;V;4
1367;4;2772;F32;;Cell 268 - Cell Temperature;;1.000000;0.000000;°C;4
1368;4;2774;F32;;Cell 268 - Cell SOC;;1.000000;0.000000;%;4
1369;4;2776;F32;;Cell 268 - Cell SOH;;1.000000;0.000000;%;4
1370;4;2778;F32;;Cell 268 - Cell Resistance;;1.000000;0.000000;Ω;4
1371;4;2780;F32;;Cell 269 - Cell Voltage;;1.000000;0.000000;V;4
1372;4;2782;F32;;Cell 269 - Cell Temperature;;1.000000;0.000000;°C;4
1373;4;2784;F32;;Cell 269 - Cell SOC;;1.000000;0.000000;%;4
1374;4;2786;F32;;Cell 269 - Cell SOH;;1.000000;0.000000;%;4
1375;4;2788;F32;;Cell 269 - Cell Resistance;;1.000000;0.000000;Ω;4
1376;4;2790;F32;;Cell 270 - Cell Voltage;;1.000000;0.000000;V;4
1377;4;2792;F32;;Cell 270 - Cell Temperature;;1.000000;0.000000;°C;4
1378;4;2794;F32;;Cell 270 - Cell SOC;;1.000000;0.000000;%;4
1379;4;2796;F32;;Cell 270 - Cell SOH;;1.000000;0.000000;%;4
1380;4;2798;F32;;Cell 270 - Cell Resistance;;1.000000;0.000000;Ω;4
1381;4;2800;F32;;Cell 271 - Cell Voltage;;1.000000;0.000000;V;4
1382;4;2802;F32;;Cell 271 - Cell Temperature;;1.000000;0.000000;°C;4
1383;4;2804;F32;;Cell 271 - Cell SOC;;1.000000;0.000000;%;4
1384;4;2806;F32;;Cell 271 - Cell SOH;;1.000000;0.000000;%;4
1385;4;2808;F32;;Cell 271 - Cell Resistance;;1.000000;0.000000;Ω;4
1386;4;2810;F32;;Cell 272 - Cell Voltage;;1.000000;0.000000;V;4
1387;4;2812;F32;;Cell 272 - Cell Temperature;;1.000000;0.000000;°C;4
1388;4;2814;F32;;Cell 272 - Cell SOC;;1.000000;0.000000;%;4
1389;4;2816;F32;;Cell 272 - Cell SOH;;1.000000;0.000000;%;4
1390;4;2818;F32;;Cell 272 - Cell Resistance;;1.000000;0.000000;Ω;4
1391;4;2820;F32;;Cell 273 - Cell Voltage;;1.000000;0.000000;V;4
1392;4;2822;F32;;Cell 273 - Cell Temperature;;1.000000;0.000000;°C;4
1393;4;2824;F32;;Cell 273 - Cell SOC;;1.000000;0.000000;%;4
1394;4;2826;F32;;Cell 273 - Cell SOH;;1.000000;0.000000;%;4
1395;4;2828;F32;;Cell 273 - Cell Resistance;;1.000000;0.000000;Ω;4
1396;4;2830;F32;;Cell 274 - Cell Voltage;;1.000000;0.000000;V;4
1397;4;2832;F32;;Cell 274 - Cell Temperature;;1.000000;0.000000;°C;4
1398;4;2834;F32;;Cell 274 - Cell SOC;;1.000000;0.000000;%;4
1399;4;2836;F32;;Cell 274 - Cell SOH;;1.000000;0.000000;%;4
1400;4;2838;F32;;Cell 274 - Cell Resistance;;1.000000;0.000000;Ω;4
1401;4;2840;F32;;Cell 275 - Cell Voltage;;1.000000;0.000000;V;4
1402;4;2842;F32;;Cell 275 - Cell Temperature;;1.000000;0.000000;°C;4
1403;4;2844;F32;;Cell 275 - Cell SOC;;1.000000;0.000000;%;4
1404;4;2846;F32;;Cell 275 - Cell SOH;;1.000000;0.000000;%;4
1405;4;2848;F32;;Cell 275 - Cell Resistance;;1.000000;0.000000;Ω;4
1406;4;2850;F32;;Cell 276 - Cell Voltage;;1.000000;0.000000;V;4
1407;4;2852;F32;;Cell 276 - Cell Temperature;;1.000000;0.000000;°C;4
1408;4;2854;F32;;Cell 276 - Cell SOC;;1.000000;0.000000;%;4
1409;4;2856;F32;;Cell 276 - Cell SOH;;1.000000;0.000000;%;4
1410;4;2858;F32;;Cell 276 - Cell Resistance;;1.000000;0.000000;Ω;4
1411;4;2860;F32;;Cell 277 - Cell Voltage;;1.000000;0.000000;V;4
1412;4;2862;F32;;Cell 277 - Cell Temperature;;1.000000;0.000000;°C;4
1413;4;2864;F32;;Cell 277 - Cell SOC;;1.000000;0.000000;%;4
1414;4;2866;F32;;Cell 277 - Cell SOH;;1.000000;0.000000;%;4
1415;4;2868;F32;;Cell 277 - Cell Resistance;;1.000000;0.000000;Ω;4
1416;4;2870;F32;;Cell 278 - Cell Voltage;;1.000000;0.000000;V;4
1417;4;2872;F32;;Cell 278 - Cell Temperature;;1.000000;0.000000;°C;4
1418;4;2874;F32;;Cell 278 - Cell SOC;;1.000000;0.000000;%;4
1419;4;2876;F32;;Cell 278 - Cell SOH;;1.000000;0.000000;%;4
1420;4;2878;F32;;Cell 278 - Cell Resistance;;1.000000;0.000000;Ω;4
1421;4;2880;F32;;Cell 279 - Cell Voltage;;1.000000;0.000000;V;4
1422;4;2882;F32;;Cell 279 - Cell Temperature;;1.000000;0.000000;°C;4
1423;4;2884;F32;;Cell 279 - Cell SOC;;1.000000;0.000000;%;4
1424;4;2886;F32;;Cell 279 - Cell SOH;;1.000000;0.000000;%;4
1425;4;2888;F32;;Cell 279 - Cell Resistance;;1.000000;0.000000;Ω;4
1426;4;2890;F32;;Cell 280 - Cell Voltage;;1.000000;0.000000;V;4
1427;4;2892;F32;;Cell 280 - Cell Temperature;;1.000000;0.000000;°C;4
1428;4;2894;F32;;Cell 280 - Cell SOC;;1.000000;0.000000;%;4
1429;4;2896;F32;;Cell 280 - Cell SOH;;1.000000;0.000000;%;4
1430;4;2898;F32;;Cell 280 - Cell Resistance;;1.000000;0.000000;Ω;4
1431;4;2900;F32;;Cell 281 - Cell Voltage;;1.000000;0.000000;V;4
1432;4;2902;F32;;Cell 281 - Cell Temperature;;1.000000;0.000000;°C;4
1433;4;2904;F32;;Cell 281 - Cell SOC;;1.000000;0.000000;%;4
1434;4;2906;F32;;Cell 281 - Cell SOH;;1.000000;0.000000;%;4
1435;4;2908;F32;;Cell 281 - Cell Resistance;;1.000000;0.000000;Ω;4
1436;4;2910;F32;;Cell 282 - Cell Voltage;;1.000000;0.000000;V;4
1437;4;2912;F32;;Cell 282 - Cell Temperature;;1.000000;0.000000;°C;4
1438;4;2914;F32;;Cell 282 - Cell SOC;;1.000000;0.000000;%;4
1439;4;2916;F32;;Cell 282 - Cell SOH;;1.000000;0.000000;%;4
1440;4;2918;F32;;Cell 282 - Cell Resistance;;1.000000;0.000000;Ω;4
1441;4;2920;F32;;Cell 283 - Cell Voltage;;1.000000;0.000000;V;4
1442;4;2922;F32;;Cell 283 - Cell Temperature;;1.000000;0.000000;°C;4
1443;4;2924;F32;;Cell 283 - Cell SOC;;1.000000;0.000000;%;4
1444;4;2926;F32;;Cell 283 - Cell SOH;;1.000000;0.000000;%;4
1445;4;2928;F32;;Cell 283 - Cell Resistance;;1.000000;0.000000;Ω;4
1446;4;2930;F32;;Cell 284 - Cell Voltage;;1.000000;0.000000;V;4
1447;4;2932;F32;;Cell 284 - Cell Temperature;;1.000000;0.000000;°C;4
1448;4;2934;F32;;Cell 284 - Cell SOC;;1.000000;0.000000;%;4
1449;4;2936;F32;;Cell 284 - Cell SOH;;1.000000;0.000000;%;4
1450;4;2938;F32;;Cell 284 - Cell Resistance;;1.000000;0.000000;Ω;4
1451;4;2940;F32;;Cell 285 - Cell Voltage;;1.000000;0.000000;V;4
1452;4;2942;F32;;Cell 285 - Cell Temperature;;1.000000;0.000000;°C;4
1453;4;2944;F32;;Cell 285 - Cell SOC;;1.000000;0.000000;%;4
1454;4;2946;F32;;Cell 285 - Cell SOH;;1.000000;0.000000;%;4
1455;4;2948;F32;;Cell 285 - Cell Resistance;;1.000000;0.000000;Ω;4
1456;4;2950;F32;;Cell 286 - Cell Voltage;;1.000000;0.000000;V;4
1457;4;2952;F32;;Cell 286 - Cell Temperature;;1.000000;0.000000;°C;4
1458;4;2954;F32;;Cell 286 - Cell SOC;;1.000000;0.000000;%;4
1459;4;2956;F32;;Cell 286 - Cell SOH;;1.000000;0.000000;%;4
1460;4;2958;F32;;Cell 286 - Cell Resistance;;1.000000;0.000000;Ω;4
1461;4;2960;F32;;Cell 287 - Cell Voltage;;1.000000;0.000000;V;4
1462;4;2962;F32;;Cell 287 - Cell Temperature;;1.000000;0.000000;°C;4
1463;4;2964;F32;;Cell 287 - Cell SOC;;1.000000;0.000000;%;4
1464;4;2966;F32;;Cell 287 - Cell SOH;;1.000000;0.000000;%;4
1465;4;2968;F32;;Cell 287 - Cell Resistance;;1.000000;0.000000;Ω;4
1466;4;2970;F32;;Cell 288 - Cell Voltage;;1.000000;0.000000;V;4
1467;4;2972;F32;;Cell 288 - Cell Temperature;;1.000000;0.000000;°C;4
1468;4;2974;F32;;Cell 288 - Cell SOC;;1.000000;0.000000;%;4
1469;4;2976;F32;;Cell 288 - Cell SOH;;1.000000;0.000000;%;4
1470;4;2978;F32;;Cell 288 - Cell Resistance;;1.000000;0.000000;Ω;4
1471;4;2980;F32;;Cell 289 - Cell Voltage;;1.000000;0.000000;V;4
1472;4;2982;F32;;Cell 289 - Cell Temperature;;1.000000;0.000000;°C;4
1473;4;2984;F32;;Cell 289 - Cell SOC;;1.000000;0.000000;%;4
1474;4;2986;F32;;Cell 289 - Cell SOH;;1.000000;0.000000;%;4
1475;4;2988;F32;;Cell 289 - Cell Resistance;;1.000000;0.000000;Ω;4
1476;4;2990;F32;;Cell 290 - Cell Voltage;;1.000000;0.000000;V;4
1477;4;2992;F32;;Cell 290 - Cell Temperature;;1.000000;0.000000;°C;4
1478;4;2994;F32;;Cell 290 - Cell SOC;;1.000000;0.000000;%;4
1479;4;2996;F32;;Cell 290 - Cell SOH;;1.000000;0.000000;%;4
1480;4;2998;F32;;Cell 290 - Cell Resistance;;1.000000;0.000000;Ω;4
1481;4;3000;F32;;Cell 291 - Cell Voltage;;1.000000;0.000000;V;4
1482;4;3002;F32;;Cell 291 - Cell Temperature;;1.000000;0.000000;°C;4
1483;4;3004;F32;;Cell 291 - Cell SOC;;1.000000;0.000000;%;4
1484;4;3006;F32;;Cell 291 - Cell SOH;;1.000000;0.000000;%;4
1485;4;3008;F32;;Cell 291 - Cell Resistance;;1.000000;0.000000;Ω;4
1486;4;3010;F32;;Cell 292 - Cell Voltage;;1.000000;0.000000;V;4
1487;4;3012;F32;;Cell 292 - Cell Temperature;;1.000000;0.000000;°C;4
1488;4;3014;F32;;Cell 292 - Cell SOC;;1.000000;0.000000;%;4
1489;4;3016;F32;;Cell 292 - Cell SOH;;1.000000;0.000000;%;4
1490;4;3018;F32;;Cell 292 - Cell Resistance;;1.000000;0.000000;Ω;4
1491;4;3020;F32;;Cell 293 - Cell Voltage;;1.000000;0.000000;V;4
1492;4;3022;F32;;Cell 293 - Cell Temperature;;1.000000;0.000000;°C;4
1493;4;3024;F32;;Cell 293 - Cell SOC;;1.000000;0.000000;%;4
1494;4;3026;F32;;Cell 293 - Cell SOH;;1.000000;0.000000;%;4
1495;4;3028;F32;;Cell 293 - Cell Resistance;;1.000000;0.000000;Ω;4
1496;4;3030;F32;;Cell 294 - Cell Voltage;;1.000000;0.000000;V;4
1497;4;3032;F32;;Cell 294 - Cell Temperature;;1.000000;0.000000;°C;4
1498;4;3034;F32;;Cell 294 - Cell SOC;;1.000000;0.000000;%;4
1499;4;3036;F32;;Cell 294 - Cell SOH;;1.000000;0.000000;%;4
1500;4;3038;F32;;Cell 294 - Cell Resistance;;1.000000;0.000000;Ω;4
1501;4;3040;F32;;Cell 295 - Cell Voltage;;1.000000;0.000000;V;4
1502;4;3042;F32;;Cell 295 - Cell Temperature;;1.000000;0.000000;°C;4
1503;4;3044;F32;;Cell 295 - Cell SOC;;1.000000;0.000000;%;4
1504;4;3046;F32;;Cell 295 - Cell SOH;;1.000000;0.000000;%;4
1505;4;3048;F32;;Cell 295 - Cell Resistance;;1.000000;0.000000;Ω;4
1506;4;3050;F32;;Cell 296 - Cell Voltage;;1.000000;0.000000;V;4
1507;4;3052;F32;;Cell 296 - Cell Temperature;;1.000000;0.000000;°C;4
1508;4;3054;F32;;Cell 296 - Cell SOC;;1.000000;0.000000;%;4
1509;4;3056;F32;;Cell 296 - Cell SOH;;1.000000;0.000000;%;4
1510;4;3058;F32;;Cell 296 - Cell Resistance;;1.000000;0.000000;Ω;4
1511;4;3060;F32;;Cell 297 - Cell Voltage;;1.000000;0.000000;V;4
1512;4;3062;F32;;Cell 297 - Cell Temperature;;1.000000;0.000000;°C;4
1513;4;3064;F32;;Cell 297 - Cell SOC;;1.000000;0.000000;%;4
1514;4;3066;F32;;Cell 297 - Cell SOH;;1.000000;0.000000;%;4
1515;4;3068;F32;;Cell 297 - Cell Resistance;;1.000000;0.000000;Ω;4
1516;4;3070;F32;;Cell 298 - Cell Voltage;;1.000000;0.000000;V;4
1517;4;3072;F32;;Cell 298 - Cell Temperature;;1.000000;0.000000;°C;4
1518;4;3074;F32;;Cell 298 - Cell SOC;;1.000000;0.000000;%;4
1519;4;3076;F32;;Cell 298 - Cell SOH;;1.000000;0.000000;%;4
1520;4;3078;F32;;Cell 298 - Cell Resistance;;1.000000;0.000000;Ω;4
1521;4;3080;F32;;Cell 299 - Cell Voltage;;1.000000;0.000000;V;4
1522;4;3082;F32;;Cell 299 - Cell Temperature;;1.000000;0.000000;°C;4
1523;4;3084;F32;;Cell 299 - Cell SOC;;1.000000;0.000000;%;4
1524;4;3086;F32;;Cell 299 - Cell SOH;;1.000000;0.000000;%;4
1525;4;3088;F32;;Cell 299 - Cell Resistance;;1.000000;0.000000;Ω;4
1526;4;3090;F32;;Cell 300 - Cell Voltage;;1.000000;0.000000;V;4
1527;4;3092;F32;;Cell 300 - Cell Temperature;;1.000000;0.000000;°C;4
1528;4;3094;F32;;Cell 300 - Cell SOC;;1.000000;0.000000;%;4
1529;4;3096;F32;;Cell 300 - Cell SOH;;1.000000;0.000000;%;4
1530;4;3098;F32;;Cell 300 - Cell Resistance;;1.000000;0.000000;Ω;4
1531;4;3100;F32;;Cell 301 - Cell Voltage;;1.000000;0.000000;V;4
1532;4;3102;F32;;Cell 301 - Cell Temperature;;1.000000;0.000000;°C;4
1533;4;3104;F32;;Cell 301 - Cell SOC;;1.000000;0.000000;%;4
1534;4;3106;F32;;Cell 301 - Cell SOH;;1.000000;0.000000;%;4
1535;4;3108;F32;;Cell 301 - Cell Resistance;;1.000000;0.000000;Ω;4
1536;4;3110;F32;;Cell 302 - Cell Voltage;;1.000000;0.000000;V;4
1537;4;3112;F32;;Cell 302 - Cell Temperature;;1.000000;0.000000;°C;4
1538;4;3114;F32;;Cell 302 - Cell SOC;;1.000000;0.000000;%;4
1539;4;3116;F32;;Cell 302 - Cell SOH;;1.000000;0.000000;%;4
1540;4;3118;F32;;Cell 302 - Cell Resistance;;1.000000;0.000000;Ω;4
1541;4;3120;F32;;Cell 303 - Cell Voltage;;1.000000;0.000000;V;4
1542;4;3122;F32;;Cell 303 - Cell Temperature;;1.000000;0.000000;°C;4
1543;4;3124;F32;;Cell 303 - Cell SOC;;1.000000;0.000000;%;4
1544;4;3126;F32;;Cell 303 - Cell SOH;;1.000000;0.000000;%;4
1545;4;3128;F32;;Cell 303 - Cell Resistance;;1.000000;0.000000;Ω;4
1546;4;3130;F32;;Cell 304 - Cell Voltage;;1.000000;0.000000;V;4
1547;4;3132;F32;;Cell 304 - Cell Temperature;;1.000000;0.000000;°C;4
1548;4;3134;F32;;Cell 304 - Cell SOC;;1.000000;0.000000;%;4
1549;4;3136;F32;;Cell 304 - Cell SOH;;1.000000;0.000000;%;4
1550;4;3138;F32;;Cell 304 - Cell Resistance;;1.000000;0.000000;Ω;4
1551;4;3140;F32;;Cell 305 - Cell Voltage;;1.000000;0.000000;V;4
1552;4;3142;F32;;Cell 305 - Cell Temperature;;1.000000;0.000000;°C;4
1553;4;3144;F32;;Cell 305 - Cell SOC;;1.000000;0.000000;%;4
1554;4;3146;F32;;Cell 305 - Cell SOH;;1.000000;0.000000;%;4
1555;4;3148;F32;;Cell 305 - Cell Resistance;;1.000000;0.000000;Ω;4
1556;4;3150;F32;;Cell 306 - Cell Voltage;;1.000000;0.000000;V;4
1557;4;3152;F32;;Cell 306 - Cell Temperature;;1.000000;0.000000;°C;4
1558;4;3154;F32;;Cell 306 - Cell SOC;;1.000000;0.000000;%;4
1559;4;3156;F32;;Cell 306 - Cell SOH;;1.000000;0.000000;%;4
1560;4;3158;F32;;Cell 306 - Cell Resistance;;1.000000;0.000000;Ω;4
1561;4;3160;F32;;Cell 307 - Cell Voltage;;1.000000;0.000000;V;4
1562;4;3162;F32;;Cell 307 - Cell Temperature;;1.000000;0.000000;°C;4
1563;4;3164;F32;;Cell 307 - Cell SOC;;1.000000;0.000000;%;4
1564;4;3166;F32;;Cell 307 - Cell SOH;;1.000000;0.000000;%;4
1565;4;3168;F32;;Cell 307 - Cell Resistance;;1.000000;0.000000;Ω;4
1566;4;3170;F32;;Cell 308 - Cell Voltage;;1.000000;0.000000;V;4
1567;4;3172;F32;;Cell 308 - Cell Temperature;;1.000000;0.000000;°C;4
1568;4;3174;F32;;Cell 308 - Cell SOC;;1.000000;0.000000;%;4
1569;4;3176;F32;;Cell 308 - Cell SOH;;1.000000;0.000000;%;4
1570;4;3178;F32;;Cell 308 - Cell Resistance;;1.000000;0.000000;Ω;4
1571;4;3180;F32;;Cell 309 - Cell Voltage;;1.000000;0.000000;V;4
1572;4;3182;F32;;Cell 309 - Cell Temperature;;1.000000;0.000000;°C;4
1573;4;3184;F32;;Cell 309 - Cell SOC;;1.000000;0.000000;%;4
1574;4;3186;F32;;Cell 309 - Cell SOH;;1.000000;0.000000;%;4
1575;4;3188;F32;;Cell 309 - Cell Resistance;;1.000000;0.000000;Ω;4
1576;4;3190;F32;;Cell 310 - Cell Voltage;;1.000000;0.000000;V;4
1577;4;3192;F32;;Cell 310 - Cell Temperature;;1.000000;0.000000;°C;4
1578;4;3194;F32;;Cell 310 - Cell SOC;;1.000000;0.000000;%;4
1579;4;3196;F32;;Cell 310 - Cell SOH;;1.000000;0.000000;%;4
1580;4;3198;F32;;Cell 310 - Cell Resistance;;1.000000;0.000000;Ω;4
1581;4;3200;F32;;Cell 311 - Cell Voltage;;1.000000;0.000000;V;4
1582;4;3202;F32;;Cell 311 - Cell Temperature;;1.000000;0.000000;°C;4
1583;4;3204;F32;;Cell 311 - Cell SOC;;1.000000;0.000000;%;4
1584;4;3206;F32;;Cell 311 - Cell SOH;;1.000000;0.000000;%;4
1585;4;3208;F32;;Cell 311 - Cell Resistance;;1.000000;0.000000;Ω;4
1586;4;3210;F32;;Cell 312 - Cell Voltage;;1.000000;0.000000;V;4
1587;4;3212;F32;;Cell 312 - Cell Temperature;;1.000000;0.000000;°C;4
1588;4;3214;F32;;Cell 312 - Cell SOC;;1.000000;0.000000;%;4
1589;4;3216;F32;;Cell 312 - Cell SOH;;1.000000;0.000000;%;4
1590;4;3218;F32;;Cell 312 - Cell Resistance;;1.000000;0.000000;Ω;4
1591;4;3220;F32;;Cell 313 - Cell Voltage;;1.000000;0.000000;V;4
1592;4;3222;F32;;Cell 313 - Cell Temperature;;1.000000;0.000000;°C;4
1593;4;3224;F32;;Cell 313 - Cell SOC;;1.000000;0.000000;%;4
1594;4;3226;F32;;Cell 313 - Cell SOH;;1.000000;0.000000;%;4
1595;4;3228;F32;;Cell 313 - Cell Resistance;;1.000000;0.000000;Ω;4
1596;4;3230;F32;;Cell 314 - Cell Voltage;;1.000000;0.000000;V;4
1597;4;3232;F32;;Cell 314 - Cell Temperature;;1.000000;0.000000;°C;4
1598;4;3234;F32;;Cell 314 - Cell SOC;;1.000000;0.000000;%;4
1599;4;3236;F32;;Cell 314 - Cell SOH;;1.000000;0.000000;%;4
1600;4;3238;F32;;Cell 314 - Cell Resistance;;1.000000;0.000000;Ω;4
1601;4;3240;F32;;Cell 315 - Cell Voltage;;1.000000;0.000000;V;4
1602;4;3242;F32;;Cell 315 - Cell Temperature;;1.000000;0.000000;°C;4
1603;4;3244;F32;;Cell 315 - Cell SOC;;1.000000;0.000000;%;4
1604;4;3246;F32;;Cell 315 - Cell SOH;;1.000000;0.000000;%;4
1605;4;3248;F32;;Cell 315 - Cell Resistance;;1.000000;0.000000;Ω;4
1606;4;3250;F32;;Cell 316 - Cell Voltage;;1.000000;0.000000;V;4
1607;4;3252;F32;;Cell 316 - Cell Temperature;;1.000000;0.000000;°C;4
1608;4;3254;F32;;Cell 316 - Cell SOC;;1.000000;0.000000;%;4
1609;4;3256;F32;;Cell 316 - Cell SOH;;1.000000;0.000000;%;4
1610;4;3258;F32;;Cell 316 - Cell Resistance;;1.000000;0.000000;Ω;4
1611;4;3260;F32;;Cell 317 - Cell Voltage;;1.000000;0.000000;V;4
1612;4;3262;F32;;Cell 317 - Cell Temperature;;1.000000;0.000000;°C;4
1613;4;3264;F32;;Cell 317 - Cell SOC;;1.000000;0.000000;%;4
1614;4;3266;F32;;Cell 317 - Cell SOH;;1.000000;0.000000;%;4
1615;4;3268;F32;;Cell 317 - Cell Resistance;;1.000000;0.000000;Ω;4
1616;4;3270;F32;;Cell 318 - Cell Voltage;;1.000000;0.000000;V;4
1617;4;3272;F32;;Cell 318 - Cell Temperature;;1.000000;0.000000;°C;4
1618;4;3274;F32;;Cell 318 - Cell SOC;;1.000000;0.000000;%;4
1619;4;3276;F32;;Cell 318 - Cell SOH;;1.000000;0.000000;%;4
1620;4;3278;F32;;Cell 318 - Cell Resistance;;1.000000;0.000000;Ω;4
1621;4;3280;F32;;Cell 319 - Cell Voltage;;1.000000;0.000000;V;4
1622;4;3282;F32;;Cell 319 - Cell Temperature;;1.000000;0.000000;°C;4
1623;4;3284;F32;;Cell 319 - Cell SOC;;1.000000;0.000000;%;4
1624;4;3286;F32;;Cell 319 - Cell SOH;;1.000000;0.000000;%;4
1625;4;3288;F32;;Cell 319 - Cell Resistance;;1.000000;0.000000;Ω;4
1626;4;3290;F32;;Cell 320 - Cell Voltage;;1.000000;0.000000;V;4
1627;4;3292;F32;;Cell 320 - Cell Temperature;;1.000000;0.000000;°C;4
1628;4;3294;F32;;Cell 320 - Cell SOC;;1.000000;0.000000;%;4
1629;4;3296;F32;;Cell 320 - Cell SOH;;1.000000;0.000000;%;4
1630;4;3298;F32;;Cell 320 - Cell Resistance;;1.000000;0.000000;Ω;4
1631;4;3300;F32;;Cell 321 - Cell Voltage;;1.000000;0.000000;V;4
1632;4;3302;F32;;Cell 321 - Cell Temperature;;1.000000;0.000000;°C;4
1633;4;3304;F32;;Cell 321 - Cell SOC;;1.000000;0.000000;%;4
1634;4;3306;F32;;Cell 321 - Cell SOH;;1.000000;0.000000;%;4
1635;4;3308;F32;;Cell 321 - Cell Resistance;;1.000000;0.000000;Ω;4
1636;4;3310;F32;;Cell 322 - Cell Voltage;;1.000000;0.000000;V;4
1637;4;3312;F32;;Cell 322 - Cell Temperature;;1.000000;0.000000;°C;4
1638;4;3314;F32;;Cell 322 - Cell SOC;;1.000000;0.000000;%;4
1639;4;3316;F32;;Cell 322 - Cell SOH;;1.000000;0.000000;%;4
1640;4;3318;F32;;Cell 322 - Cell Resistance;;1.000000;0.000000;Ω;4
1641;4;3320;F32;;Cell 323 - Cell Voltage;;1.000000;0.000000;V;4
1642;4;3322;F32;;Cell 323 - Cell Temperature;;1.000000;0.000000;°C;4
1643;4;3324;F32;;Cell 323 - Cell SOC;;1.000000;0.000000;%;4
1644;4;3326;F32;;Cell 323 - Cell SOH;;1.000000;0.000000;%;4
1645;4;3328;F32;;Cell 323 - Cell Resistance;;1.000000;0.000000;Ω;4
1646;4;3330;F32;;Cell 324 - Cell Voltage;;1.000000;0.000000;V;4
1647;4;3332;F32;;Cell 324 - Cell Temperature;;1.000000;0.000000;°C;4
1648;4;3334;F32;;Cell 324 - Cell SOC;;1.000000;0.000000;%;4
1649;4;3336;F32;;Cell 324 - Cell SOH;;1.000000;0.000000;%;4
1650;4;3338;F32;;Cell 324 - Cell Resistance;;1.000000;0.000000;Ω;4
1651;4;3340;F32;;Cell 325 - Cell Voltage;;1.000000;0.000000;V;4
1652;4;3342;F32;;Cell 325 - Cell Temperature;;1.000000;0.000000;°C;4
1653;4;3344;F32;;Cell 325 - Cell SOC;;1.000000;0.000000;%;4
1654;4;3346;F32;;Cell 325 - Cell SOH;;1.000000;0.000000;%;4
1655;4;3348;F32;;Cell 325 - Cell Resistance;;1.000000;0.000000;Ω;4
1656;4;3350;F32;;Cell 326 - Cell Voltage;;1.000000;0.000000;V;4
1657;4;3352;F32;;Cell 326 - Cell Temperature;;1.000000;0.000000;°C;4
1658;4;3354;F32;;Cell 326 - Cell SOC;;1.000000;0.000000;%;4
1659;4;3356;F32;;Cell 326 - Cell SOH;;1.000000;0.000000;%;4
1660;4;3358;F32;;Cell 326 - Cell Resistance;;1.000000;0.000000;Ω;4
1661;4;3360;F32;;Cell 327 - Cell Voltage;;1.000000;0.000000;V;4
1662;4;3362;F32;;Cell 327 - Cell Temperature;;1.000000;0.000000;°C;4
1663;4;3364;F32;;Cell 327 - Cell SOC;;1.000000;0.000000;%;4
1664;4;3366;F32;;Cell 327 - Cell SOH;;1.000000;0.000000;%;4
1665;4;3368;F32;;Cell 327 - Cell Resistance;;1.000000;0.000000;Ω;4
1666;4;3370;F32;;Cell 328 - Cell Voltage;;1.000000;0.000000;V;4
1667;4;3372;F32;;Cell 328 - Cell Temperature;;1.000000;0.000000;°C;4
1668;4;3374;F32;;Cell 328 - Cell SOC;;1.000000;0.000000;%;4
1669;4;3376;F32;;Cell 328 - Cell SOH;;1.000000;0.000000;%;4
1670;4;3378;F32;;Cell 328 - Cell Resistance;;1.000000;0.000000;Ω;4
1671;4;3380;F32;;Cell 329 - Cell Voltage;;1.000000;0.000000;V;4
1672;4;3382;F32;;Cell 329 - Cell Temperature;;1.000000;0.000000;°C;4
1673;4;3384;F32;;Cell 329 - Cell SOC;;1.000000;0.000000;%;4
1674;4;3386;F32;;Cell 329 - Cell SOH;;1.000000;0.000000;%;4
1675;4;3388;F32;;Cell 329 - Cell Resistance;;1.000000;0.000000;Ω;4
1676;4;3390;F32;;Cell 330 - Cell Voltage;;1.000000;0.000000;V;4
1677;4;3392;F32;;Cell 330 - Cell Temperature;;1.000000;0.000000;°C;4
1678;4;3394;F32;;Cell 330 - Cell SOC;;1.000000;0.000000;%;4
1679;4;3396;F32;;Cell 330 - Cell SOH;;1.000000;0.000000;%;4
1680;4;3398;F32;;Cell 330 - Cell Resistance;;1.000000;0.000000;Ω;4
1681;4;3400;F32;;Cell 331 - Cell Voltage;;1.000000;0.000000;V;4
1682;4;3402;F32;;Cell 331 - Cell Temperature;;1.000000;0.000000;°C;4
1683;4;3404;F32;;Cell 331 - Cell SOC;;1.000000;0.000000;%;4
1684;4;3406;F32;;Cell 331 - Cell SOH;;1.000000;0.000000;%;4
1685;4;3408;F32;;Cell 331 - Cell Resistance;;1.000000;0.000000;Ω;4
1686;4;3410;F32;;Cell 332 - Cell Voltage;;1.000000;0.000000;V;4
1687;4;3412;F32;;Cell 332 - Cell Temperature;;1.000000;0.000000;°C;4
1688;4;3414;F32;;Cell 332 - Cell SOC;;1.000000;0.000000;%;4
1689;4;3416;F32;;Cell 332 - Cell SOH;;1.000000;0.000000;%;4
1690;4;3418;F32;;Cell 332 - Cell Resistance;;1.000000;0.000000;Ω;4
1691;4;3420;F32;;Cell 333 - Cell Voltage;;1.000000;0.000000;V;4
1692;4;3422;F32;;Cell 333 - Cell Temperature;;1.000000;0.000000;°C;4
1693;4;3424;F32;;Cell 333 - Cell SOC;;1.000000;0.000000;%;4
1694;4;3426;F32;;Cell 333 - Cell SOH;;1.000000;0.000000;%;4
1695;4;3428;F32;;Cell 333 - Cell Resistance;;1.000000;0.000000;Ω;4
1696;4;3430;F32;;Cell 334 - Cell Voltage;;1.000000;0.000000;V;4
1697;4;3432;F32;;Cell 334 - Cell Temperature;;1.000000;0.000000;°C;4
1698;4;3434;F32;;Cell 334 - Cell SOC;;1.000000;0.000000;%;4
1699;4;3436;F32;;Cell 334 - Cell SOH;;1.000000;0.000000;%;4
1700;4;3438;F32;;Cell 334 - Cell Resistance;;1.000000;0.000000;Ω;4
1701;4;3440;F32;;Cell 335 - Cell Voltage;;1.000000;0.000000;V;4
1702;4;3442;F32;;Cell 335 - Cell Temperature;;1.000000;0.000000;°C;4
1703;4;3444;F32;;Cell 335 - Cell SOC;;1.000000;0.000000;%;4
1704;4;3446;F32;;Cell 335 - Cell SOH;;1.000000;0.000000;%;4
1705;4;3448;F32;;Cell 335 - Cell Resistance;;1.000000;0.000000;Ω;4
1706;4;3450;F32;;Cell 336 - Cell Voltage;;1.000000;0.000000;V;4
1707;4;3452;F32;;Cell 336 - Cell Temperature;;1.000000;0.000000;°C;4
1708;4;3454;F32;;Cell 336 - Cell SOC;;1.000000;0.000000;%;4
1709;4;3456;F32;;Cell 336 - Cell SOH;;1.000000;0.000000;%;4
1710;4;3458;F32;;Cell 336 - Cell Resistance;;1.000000;0.000000;Ω;4
1711;4;3460;F32;;Cell 337 - Cell Voltage;;1.000000;0.000000;V;4
1712;4;3462;F32;;Cell 337 - Cell Temperature;;1.000000;0.000000;°C;4
1713;4;3464;F32;;Cell 337 - Cell SOC;;1.000000;0.000000;%;4
1714;4;3466;F32;;Cell 337 - Cell SOH;;1.000000;0.000000;%;4
1715;4;3468;F32;;Cell 337 - Cell Resistance;;1.000000;0.000000;Ω;4
1716;4;3470;F32;;Cell 338 - Cell Voltage;;1.000000;0.000000;V;4
1717;4;3472;F32;;Cell 338 - Cell Temperature;;1.000000;0.000000;°C;4
1718;4;3474;F32;;Cell 338 - Cell SOC;;1.000000;0.000000;%;4
1719;4;3476;F32;;Cell 338 - Cell SOH;;1.000000;0.000000;%;4
1720;4;3478;F32;;Cell 338 - Cell Resistance;;1.000000;0.000000;Ω;4
1721;4;3480;F32;;Cell 339 - Cell Voltage;;1.000000;0.000000;V;4
1722;4;3482;F32;;Cell 339 - Cell Temperature;;1.000000;0.000000;°C;4
1723;4;3484;F32;;Cell 339 - Cell SOC;;1.000000;0.000000;%;4
1724;4;3486;F32;;Cell 339 - Cell SOH;;1.000000;0.000000;%;4
1725;4;3488;F32;;Cell 339 - Cell Resistance;;1.000000;0.000000;Ω;4
1726;4;3490;F32;;Cell 340 - Cell Voltage;;1.000000;0.000000;V;4
1727;4;3492;F32;;Cell 340 - Cell Temperature;;1.000000;0.000000;°C;4
1728;4;3494;F32;;Cell 340 - Cell SOC;;1.000000;0.000000;%;4
1729;4;3496;F32;;Cell 340 - Cell SOH;;1.000000;0.000000;%;4
1730;4;3498;F32;;Cell 340 - Cell Resistance;;1.000000;0.000000;Ω;4
1731;4;3500;F32;;Cell 341 - Cell Voltage;;1.000000;0.000000;V;4
1732;4;3502;F32;;Cell 341 - Cell Temperature;;1.000000;0.000000;°C;4
1733;4;3504;F32;;Cell 341 - Cell SOC;;1.000000;0.000000;%;4
1734;4;3506;F32;;Cell 341 - Cell SOH;;1.000000;0.000000;%;4
1735;4;3508;F32;;Cell 341 - Cell Resistance;;1.000000;0.000000;Ω;4
1736;4;3510;F32;;Cell 342 - Cell Voltage;;1.000000;0.000000;V;4
1737;4;3512;F32;;Cell 342 - Cell Temperature;;1.000000;0.000000;°C;4
1738;4;3514;F32;;Cell 342 - Cell SOC;;1.000000;0.000000;%;4
1739;4;3516;F32;;Cell 342 - Cell SOH;;1.000000;0.000000;%;4
1740;4;3518;F32;;Cell 342 - Cell Resistance;;1.000000;0.000000;Ω;4
1741;4;3520;F32;;Cell 343 - Cell Voltage;;1.000000;0.000000;V;4
1742;4;3522;F32;;Cell 343 - Cell Temperature;;1.000000;0.000000;°C;4
1743;4;3524;F32;;Cell 343 - Cell SOC;;1.000000;0.000000;%;4
1744;4;3526;F32;;Cell 343 - Cell SOH;;1.000000;0.000000;%;4
1745;4;3528;F32;;Cell 343 - Cell Resistance;;1.000000;0.000000;Ω;4
1746;4;3530;F32;;Cell 344 - Cell Voltage;;1.000000;0.000000;V;4
1747;4;3532;F32;;Cell 344 - Cell Temperature;;1.000000;0.000000;°C;4
1748;4;3534;F32;;Cell 344 - Cell SOC;;1.000000;0.000000;%;4
1749;4;3536;F32;;Cell 344 - Cell SOH;;1.000000;0.000000;%;4
1750;4;3538;F32;;Cell 344 - Cell Resistance;;1.000000;0.000000;Ω;4
1751;4;3540;F32;;Cell 345 - Cell Voltage;;1.000000;0.000000;V;4
1752;4;3542;F32;;Cell 345 - Cell Temperature;;1.000000;0.000000;°C;4
1753;4;3544;F32;;Cell 345 - Cell SOC;;1.000000;0.000000;%;4
1754;4;3546;F32;;Cell 345 - Cell SOH;;1.000000;0.000000;%;4
1755;4;3548;F32;;Cell 345 - Cell Resistance;;1.000000;0.000000;Ω;4
1756;4;3550;F32;;Cell 346 - Cell Voltage;;1.000000;0.000000;V;4
1757;4;3552;F32;;Cell 346 - Cell Temperature;;1.000000;0.000000;°C;4
1758;4;3554;F32;;Cell 346 - Cell SOC;;1.000000;0.000000;%;4
1759;4;3556;F32;;Cell 346 - Cell SOH;;1.000000;0.000000;%;4
1760;4;3558;F32;;Cell 346 - Cell Resistance;;1.000000;0.000000;Ω;4
1761;4;3560;F32;;Cell 347 - Cell Voltage;;1.000000;0.000000;V;4
1762;4;3562;F32;;Cell 347 - Cell Temperature;;1.000000;0.000000;°C;4
1763;4;3564;F32;;Cell 347 - Cell SOC;;1.000000;0.000000;%;4
1764;4;3566;F32;;Cell 347 - Cell SOH;;1.000000;0.000000;%;4
1765;4;3568;F32;;Cell 347 - Cell Resistance;;1.000000;0.000000;Ω;4
1766;4;3570;F32;;Cell 348 - Cell Voltage;;1.000000;0.000000;V;4
1767;4;3572;F32;;Cell 348 - Cell Temperature;;1.000000;0.000000;°C;4
1768;4;3574;F32;;Cell 348 - Cell SOC;;1.000000;0.000000;%;4
1769;4;3576;F32;;Cell 348 - Cell SOH;;1.000000;0.000000;%;4
1770;4;3578;F32;;Cell 348 - Cell Resistance;;1.000000;0.000000;Ω;4
1771;4;3580;F32;;Cell 349 - Cell Voltage;;1.000000;0.000000;V;4
1772;4;3582;F32;;Cell 349 - Cell Temperature;;1.000000;0.000000;°C;4
1773;4;3584;F32;;Cell 349 - Cell SOC;;1.000000;0.000000;%;4
1774;4;3586;F32;;Cell 349 - Cell SOH;;1.000000;0.000000;%;4
1775;4;3588;F32;;Cell 349 - Cell Resistance;;1.000000;0.000000;Ω;4
1776;4;3590;F32;;Cell 350 - Cell Voltage;;1.000000;0.000000;V;4
1777;4;3592;F32;;Cell 350 - Cell Temperature;;1.000000;0.000000;°C;4
1778;4;3594;F32;;Cell 350 - Cell SOC;;1.000000;0.000000;%;4
1779;4;3596;F32;;Cell 350 - Cell SOH;;1.000000;0.000000;%;4
1780;4;3598;F32;;Cell 350 - Cell Resistance;;1.000000;0.000000;Ω;4
1781;4;3600;F32;;Cell 351 - Cell Voltage;;1.000000;0.000000;V;4
1782;4;3602;F32;;Cell 351 - Cell Temperature;;1.000000;0.000000;°C;4
1783;4;3604;F32;;Cell 351 - Cell SOC;;1.000000;0.000000;%;4
1784;4;3606;F32;;Cell 351 - Cell SOH;;1.000000;0.000000;%;4
1785;4;3608;F32;;Cell 351 - Cell Resistance;;1.000000;0.000000;Ω;4
1786;4;3610;F32;;Cell 352 - Cell Voltage;;1.000000;0.000000;V;4
1787;4;3612;F32;;Cell 352 - Cell Temperature;;1.000000;0.000000;°C;4
1788;4;3614;F32;;Cell 352 - Cell SOC;;1.000000;0.000000;%;4
1789;4;3616;F32;;Cell 352 - Cell SOH;;1.000000;0.000000;%;4
1790;4;3618;F32;;Cell 352 - Cell Resistance;;1.000000;0.000000;Ω;4
1791;4;3620;F32;;Cell 353 - Cell Voltage;;1.000000;0.000000;V;4
1792;4;3622;F32;;Cell 353 - Cell Temperature;;1.000000;0.000000;°C;4
1793;4;3624;F32;;Cell 353 - Cell SOC;;1.000000;0.000000;%;4
1794;4;3626;F32;;Cell 353 - Cell SOH;;1.000000;0.000000;%;4
1795;4;3628;F32;;Cell 353 - Cell Resistance;;1.000000;0.000000;Ω;4
1796;4;3630;F32;;Cell 354 - Cell Voltage;;1.000000;0.000000;V;4
1797;4;3632;F32;;Cell 354 - Cell Temperature;;1.000000;0.000000;°C;4
1798;4;3634;F32;;Cell 354 - Cell SOC;;1.000000;0.000000;%;4
1799;4;3636;F32;;Cell 354 - Cell SOH;;1.000000;0.000000;%;4
1800;4;3638;F32;;Cell 354 - Cell Resistance;;1.000000;0.000000;Ω;4
1801;4;3640;F32;;Cell 355 - Cell Voltage;;1.000000;0.000000;V;4
1802;4;3642;F32;;Cell 355 - Cell Temperature;;1.000000;0.000000;°C;4
1803;4;3644;F32;;Cell 355 - Cell SOC;;1.000000;0.000000;%;4
1804;4;3646;F32;;Cell 355 - Cell SOH;;1.000000;0.000000;%;4
1805;4;3648;F32;;Cell 355 - Cell Resistance;;1.000000;0.000000;Ω;4
1806;4;3650;F32;;Cell 356 - Cell Voltage;;1.000000;0.000000;V;4
1807;4;3652;F32;;Cell 356 - Cell Temperature;;1.000000;0.000000;°C;4
1808;4;3654;F32;;Cell 356 - Cell SOC;;1.000000;0.000000;%;4
1809;4;3656;F32;;Cell 356 - Cell SOH;;1.000000;0.000000;%;4
1810;4;3658;F32;;Cell 356 - Cell Resistance;;1.000000;0.000000;Ω;4
1811;4;3660;F32;;Cell 357 - Cell Voltage;;1.000000;0.000000;V;4
1812;4;3662;F32;;Cell 357 - Cell Temperature;;1.000000;0.000000;°C;4
1813;4;3664;F32;;Cell 357 - Cell SOC;;1.000000;0.000000;%;4
1814;4;3666;F32;;Cell 357 - Cell SOH;;1.000000;0.000000;%;4
1815;4;3668;F32;;Cell 357 - Cell Resistance;;1.000000;0.000000;Ω;4
1816;4;3670;F32;;Cell 358 - Cell Voltage;;1.000000;0.000000;V;4
1817;4;3672;F32;;Cell 358 - Cell Temperature;;1.000000;0.000000;°C;4
1818;4;3674;F32;;Cell 358 - Cell SOC;;1.000000;0.000000;%;4
1819;4;3676;F32;;Cell 358 - Cell SOH;;1.000000;0.000000;%;4
1820;4;3678;F32;;Cell 358 - Cell Resistance;;1.000000;0.000000;Ω;4
1821;4;3680;F32;;Cell 359 - Cell Voltage;;1.000000;0.000000;V;4
1822;4;3682;F32;;Cell 359 - Cell Temperature;;1.000000;0.000000;°C;4
1823;4;3684;F32;;Cell 359 - Cell SOC;;1.000000;0.000000;%;4
1824;4;3686;F32;;Cell 359 - Cell SOH;;1.000000;0.000000;%;4
1825;4;3688;F32;;Cell 359 - Cell Resistance;;1.000000;0.000000;Ω;4
1826;4;3690;F32;;Cell 360 - Cell Voltage;;1.000000;0.000000;V;4
1827;4;3692;F32;;Cell 360 - Cell Temperature;;1.000000;0.000000;°C;4
1828;4;3694;F32;;Cell 360 - Cell SOC;;1.000000;0.000000;%;4
1829;4;3696;F32;;Cell 360 - Cell SOH;;1.000000;0.000000;%;4
1830;4;3698;F32;;Cell 360 - Cell Resistance;;1.000000;0.000000;Ω;4
1831;4;3700;F32;;Cell 361 - Cell Voltage;;1.000000;0.000000;V;4
1832;4;3702;F32;;Cell 361 - Cell Temperature;;1.000000;0.000000;°C;4
1833;4;3704;F32;;Cell 361 - Cell SOC;;1.000000;0.000000;%;4
1834;4;3706;F32;;Cell 361 - Cell SOH;;1.000000;0.000000;%;4
1835;4;3708;F32;;Cell 361 - Cell Resistance;;1.000000;0.000000;Ω;4
1836;4;3710;F32;;Cell 362 - Cell Voltage;;1.000000;0.000000;V;4
1837;4;3712;F32;;Cell 362 - Cell Temperature;;1.000000;0.000000;°C;4
1838;4;3714;F32;;Cell 362 - Cell SOC;;1.000000;0.000000;%;4
1839;4;3716;F32;;Cell 362 - Cell SOH;;1.000000;0.000000;%;4
1840;4;3718;F32;;Cell 362 - Cell Resistance;;1.000000;0.000000;Ω;4
1841;4;3720;F32;;Cell 363 - Cell Voltage;;1.000000;0.000000;V;4
1842;4;3722;F32;;Cell 363 - Cell Temperature;;1.000000;0.000000;°C;4
1843;4;3724;F32;;Cell 363 - Cell SOC;;1.000000;0.000000;%;4
1844;4;3726;F32;;Cell 363 - Cell SOH;;1.000000;0.000000;%;4
1845;4;3728;F32;;Cell 363 - Cell Resistance;;1.000000;0.000000;Ω;4
1846;4;3730;F32;;Cell 364 - Cell Voltage;;1.000000;0.000000;V;4
1847;4;3732;F32;;Cell 364 - Cell Temperature;;1.000000;0.000000;°C;4
1848;4;3734;F32;;Cell 364 - Cell SOC;;1.000000;0.000000;%;4
1849;4;3736;F32;;Cell 364 - Cell SOH;;1.000000;0.000000;%;4
1850;4;3738;F32;;Cell 364 - Cell Resistance;;1.000000;0.000000;Ω;4
1851;4;3740;F32;;Cell 365 - Cell Voltage;;1.000000;0.000000;V;4
1852;4;3742;F32;;Cell 365 - Cell Temperature;;1.000000;0.000000;°C;4
1853;4;3744;F32;;Cell 365 - Cell SOC;;1.000000;0.000000;%;4
1854;4;3746;F32;;Cell 365 - Cell SOH;;1.000000;0.000000;%;4
1855;4;3748;F32;;Cell 365 - Cell Resistance;;1.000000;0.000000;Ω;4
1856;4;3750;F32;;Cell 366 - Cell Voltage;;1.000000;0.000000;V;4
1857;4;3752;F32;;Cell 366 - Cell Temperature;;1.000000;0.000000;°C;4
1858;4;3754;F32;;Cell 366 - Cell SOC;;1.000000;0.000000;%;4
1859;4;3756;F32;;Cell 366 - Cell SOH;;1.000000;0.000000;%;4
1860;4;3758;F32;;Cell 366 - Cell Resistance;;1.000000;0.000000;Ω;4
1861;4;3760;F32;;Cell 367 - Cell Voltage;;1.000000;0.000000;V;4
1862;4;3762;F32;;Cell 367 - Cell Temperature;;1.000000;0.000000;°C;4
1863;4;3764;F32;;Cell 367 - Cell SOC;;1.000000;0.000000;%;4
1864;4;3766;F32;;Cell 367 - Cell SOH;;1.000000;0.000000;%;4
1865;4;3768;F32;;Cell 367 - Cell Resistance;;1.000000;0.000000;Ω;4
1866;4;3770;F32;;Cell 368 - Cell Voltage;;1.000000;0.000000;V;4
1867;4;3772;F32;;Cell 368 - Cell Temperature;;1.000000;0.000000;°C;4
1868;4;3774;F32;;Cell 368 - Cell SOC;;1.000000;0.000000;%;4
1869;4;3776;F32;;Cell 368 - Cell SOH;;1.000000;0.000000;%;4
1870;4;3778;F32;;Cell 368 - Cell Resistance;;1.000000;0.000000;Ω;4
1871;4;3780;F32;;Cell 369 - Cell Voltage;;1.000000;0.000000;V;4
1872;4;3782;F32;;Cell 369 - Cell Temperature;;1.000000;0.000000;°C;4
1873;4;3784;F32;;Cell 369 - Cell SOC;;1.000000;0.000000;%;4
1874;4;3786;F32;;Cell 369 - Cell SOH;;1.000000;0.000000;%;4
1875;4;3788;F32;;Cell 369 - Cell Resistance;;1.000000;0.000000;Ω;4
1876;4;3790;F32;;Cell 370 - Cell Voltage;;1.000000;0.000000;V;4
1877;4;3792;F32;;Cell 370 - Cell Temperature;;1.000000;0.000000;°C;4
1878;4;3794;F32;;Cell 370 - Cell SOC;;1.000000;0.000000;%;4
1879;4;3796;F32;;Cell 370 - Cell SOH;;1.000000;0.000000;%;4
1880;4;3798;F32;;Cell 370 - Cell Resistance;;1.000000;0.000000;Ω;4
1881;4;3800;F32;;Cell 371 - Cell Voltage;;1.000000;0.000000;V;4
1882;4;3802;F32;;Cell 371 - Cell Temperature;;1.000000;0.000000;°C;4
1883;4;3804;F32;;Cell 371 - Cell SOC;;1.000000;0.000000;%;4
1884;4;3806;F32;;Cell 371 - Cell SOH;;1.000000;0.000000;%;4
1885;4;3808;F32;;Cell 371 - Cell Resistance;;1.000000;0.000000;Ω;4
1886;4;3810;F32;;Cell 372 - Cell Voltage;;1.000000;0.000000;V;4
1887;4;3812;F32;;Cell 372 - Cell Temperature;;1.000000;0.000000;°C;4
1888;4;3814;F32;;Cell 372 - Cell SOC;;1.000000;0.000000;%;4
1889;4;3816;F32;;Cell 372 - Cell SOH;;1.000000;0.000000;%;4
1890;4;3818;F32;;Cell 372 - Cell Resistance;;1.000000;0.000000;Ω;4
1891;4;3820;F32;;Cell 373 - Cell Voltage;;1.000000;0.000000;V;4
1892;4;3822;F32;;Cell 373 - Cell Temperature;;1.000000;0.000000;°C;4
1893;4;3824;F32;;Cell 373 - Cell SOC;;1.000000;0.000000;%;4
1894;4;3826;F32;;Cell 373 - Cell SOH;;1.000000;0.000000;%;4
1895;4;3828;F32;;Cell 373 - Cell Resistance;;1.000000;0.000000;Ω;4
1896;4;3830;F32;;Cell 374 - Cell Voltage;;1.000000;0.000000;V;4
1897;4;3832;F32;;Cell 374 - Cell Temperature;;1.000000;0.000000;°C;4
1898;4;3834;F32;;Cell 374 - Cell SOC;;1.000000;0.000000;%;4
1899;4;3836;F32;;Cell 374 - Cell SOH;;1.000000;0.000000;%;4
1900;4;3838;F32;;Cell 374 - Cell Resistance;;1.000000;0.000000;Ω;4
1901;4;3840;F32;;Cell 375 - Cell Voltage;;1.000000;0.000000;V;4
1902;4;3842;F32;;Cell 375 - Cell Temperature;;1.000000;0.000000;°C;4
1903;4;3844;F32;;Cell 375 - Cell SOC;;1.000000;0.000000;%;4
1904;4;3846;F32;;Cell 375 - Cell SOH;;1.000000;0.000000;%;4
1905;4;3848;F32;;Cell 375 - Cell Resistance;;1.000000;0.000000;Ω;4
1906;4;3850;F32;;Cell 376 - Cell Voltage;;1.000000;0.000000;V;4
1907;4;3852;F32;;Cell 376 - Cell Temperature;;1.000000;0.000000;°C;4
1908;4;3854;F32;;Cell 376 - Cell SOC;;1.000000;0.000000;%;4
1909;4;3856;F32;;Cell 376 - Cell SOH;;1.000000;0.000000;%;4
1910;4;3858;F32;;Cell 376 - Cell Resistance;;1.000000;0.000000;Ω;4
1911;4;3860;F32;;Cell 377 - Cell Voltage;;1.000000;0.000000;V;4
1912;4;3862;F32;;Cell 377 - Cell Temperature;;1.000000;0.000000;°C;4
1913;4;3864;F32;;Cell 377 - Cell SOC;;1.000000;0.000000;%;4
1914;4;3866;F32;;Cell 377 - Cell SOH;;1.000000;0.000000;%;4
1915;4;3868;F32;;Cell 377 - Cell Resistance;;1.000000;0.000000;Ω;4
1916;4;3870;F32;;Cell 378 - Cell Voltage;;1.000000;0.000000;V;4
1917;4;3872;F32;;Cell 378 - Cell Temperature;;1.000000;0.000000;°C;4
1918;4;3874;F32;;Cell 378 - Cell SOC;;1.000000;0.000000;%;4
1919;4;3876;F32;;Cell 378 - Cell SOH;;1.000000;0.000000;%;4
1920;4;3878;F32;;Cell 378 - Cell Resistance;;1.000000;0.000000;Ω;4
1921;4;3880;F32;;Cell 379 - Cell Voltage;;1.000000;0.000000;V;4
1922;4;3882;F32;;Cell 379 - Cell Temperature;;1.000000;0.000000;°C;4
1923;4;3884;F32;;Cell 379 - Cell SOC;;1.000000;0.000000;%;4
1924;4;3886;F32;;Cell 379 - Cell SOH;;1.000000;0.000000;%;4
1925;4;3888;F32;;Cell 379 - Cell Resistance;;1.000000;0.000000;Ω;4
1926;4;3890;F32;;Cell 380 - Cell Voltage;;1.000000;0.000000;V;4
1927;4;3892;F32;;Cell 380 - Cell Temperature;;1.000000;0.000000;°C;4
1928;4;3894;F32;;Cell 380 - Cell SOC;;1.000000;0.000000;%;4
1929;4;3896;F32;;Cell 380 - Cell SOH;;1.000000;0.000000;%;4
1930;4;3898;F32;;Cell 380 - Cell Resistance;;1.000000;0.000000;Ω;4
1931;4;3900;F32;;Cell 381 - Cell Voltage;;1.000000;0.000000;V;4
1932;4;3902;F32;;Cell 381 - Cell Temperature;;1.000000;0.000000;°C;4
1933;4;3904;F32;;Cell 381 - Cell SOC;;1.000000;0.000000;%;4
1934;4;3906;F32;;Cell 381 - Cell SOH;;1.000000;0.000000;%;4
1935;4;3908;F32;;Cell 381 - Cell Resistance;;1.000000;0.000000;Ω;4
1936;4;3910;F32;;Cell 382 - Cell Voltage;;1.000000;0.000000;V;4
1937;4;3912;F32;;Cell 382 - Cell Temperature;;1.000000;0.000000;°C;4
1938;4;3914;F32;;Cell 382 - Cell SOC;;1.000000;0.000000;%;4
1939;4;3916;F32;;Cell 382 - Cell SOH;;1.000000;0.000000;%;4
1940;4;3918;F32;;Cell 382 - Cell Resistance;;1.000000;0.000000;Ω;4
1941;4;3920;F32;;Cell 383 - Cell Voltage;;1.000000;0.000000;V;4
1942;4;3922;F32;;Cell 383 - Cell Temperature;;1.000000;0.000000;°C;4
1943;4;3924;F32;;Cell 383 - Cell SOC;;1.000000;0.000000;%;4
1944;4;3926;F32;;Cell 383 - Cell SOH;;1.000000;0.000000;%;4
1945;4;3928;F32;;Cell 383 - Cell Resistance;;1.000000;0.000000;Ω;4
1946;4;3930;F32;;Cell 384 - Cell Voltage;;1.000000;0.000000;V;4
1947;4;3932;F32;;Cell 384 - Cell Temperature;;1.000000;0.000000;°C;4
1948;4;3934;F32;;Cell 384 - Cell SOC;;1.000000;0.000000;%;4
1949;4;3936;F32;;Cell 384 - Cell SOH;;1.000000;0.000000;%;4
1950;4;3938;F32;;Cell 384 - Cell Resistance;;1.000000;0.000000;Ω;4
1951;4;3940;F32;;Cell 385 - Cell Voltage;;1.000000;0.000000;V;4
1952;4;3942;F32;;Cell 385 - Cell Temperature;;1.000000;0.000000;°C;4
1953;4;3944;F32;;Cell 385 - Cell SOC;;1.000000;0.000000;%;4
1954;4;3946;F32;;Cell 385 - Cell SOH;;1.000000;0.000000;%;4
1955;4;3948;F32;;Cell 385 - Cell Resistance;;1.000000;0.000000;Ω;4
1956;4;3950;F32;;Cell 386 - Cell Voltage;;1.000000;0.000000;V;4
1957;4;3952;F32;;Cell 386 - Cell Temperature;;1.000000;0.000000;°C;4
1958;4;3954;F32;;Cell 386 - Cell SOC;;1.000000;0.000000;%;4
1959;4;3956;F32;;Cell 386 - Cell SOH;;1.000000;0.000000;%;4
1960;4;3958;F32;;Cell 386 - Cell Resistance;;1.000000;0.000000;Ω;4
1961;4;3960;F32;;Cell 387 - Cell Voltage;;1.000000;0.000000;V;4
1962;4;3962;F32;;Cell 387 - Cell Temperature;;1.000000;0.000000;°C;4
1963;4;3964;F32;;Cell 387 - Cell SOC;;1.000000;0.000000;%;4
1964;4;3966;F32;;Cell 387 - Cell SOH;;1.000000;0.000000;%;4
1965;4;3968;F32;;Cell 387 - Cell Resistance;;1.000000;0.000000;Ω;4
1966;4;3970;F32;;Cell 388 - Cell Voltage;;1.000000;0.000000;V;4
1967;4;3972;F32;;Cell 388 - Cell Temperature;;1.000000;0.000000;°C;4
1968;4;3974;F32;;Cell 388 - Cell SOC;;1.000000;0.000000;%;4
1969;4;3976;F32;;Cell 388 - Cell SOH;;1.000000;0.000000;%;4
1970;4;3978;F32;;Cell 388 - Cell Resistance;;1.000000;0.000000;Ω;4
1971;4;3980;F32;;Cell 389 - Cell Voltage;;1.000000;0.000000;V;4
1972;4;3982;F32;;Cell 389 - Cell Temperature;;1.000000;0.000000;°C;4
1973;4;3984;F32;;Cell 389 - Cell SOC;;1.000000;0.000000;%;4
1974;4;3986;F32;;Cell 389 - Cell SOH;;1.000000;0.000000;%;4
1975;4;3988;F32;;Cell 389 - Cell Resistance;;1.000000;0.000000;Ω;4
1976;4;3990;F32;;Cell 390 - Cell Voltage;;1.000000;0.000000;V;4
1977;4;3992;F32;;Cell 390 - Cell Temperature;;1.000000;0.000000;°C;4
1978;4;3994;F32;;Cell 390 - Cell SOC;;1.000000;0.000000;%;4
1979;4;3996;F32;;Cell 390 - Cell SOH;;1.000000;0.000000;%;4
1980;4;3998;F32;;Cell 390 - Cell Resistance;;1.000000;0.000000;Ω;4
1981;4;4000;F32;;Cell 391 - Cell Voltage;;1.000000;0.000000;V;4
1982;4;4002;F32;;Cell 391 - Cell Temperature;;1.000000;0.000000;°C;4
1983;4;4004;F32;;Cell 391 - Cell SOC;;1.000000;0.000000;%;4
1984;4;4006;F32;;Cell 391 - Cell SOH;;1.000000;0.000000;%;4
1985;4;4008;F32;;Cell 391 - Cell Resistance;;1.000000;0.000000;Ω;4
1986;4;4010;F32;;Cell 392 - Cell Voltage;;1.000000;0.000000;V;4
1987;4;4012;F32;;Cell 392 - Cell Temperature;;1.000000;0.000000;°C;4
1988;4;4014;F32;;Cell 392 - Cell SOC;;1.000000;0.000000;%;4
1989;4;4016;F32;;Cell 392 - Cell SOH;;1.000000;0.000000;%;4
1990;4;4018;F32;;Cell 392 - Cell Resistance;;1.000000;0.000000;Ω;4
1991;4;4020;F32;;Cell 393 - Cell Voltage;;1.000000;0.000000;V;4
1992;4;4022;F32;;Cell 393 - Cell Temperature;;1.000000;0.000000;°C;4
1993;4;4024;F32;;Cell 393 - Cell SOC;;1.000000;0.000000;%;4
1994;4;4026;F32;;Cell 393 - Cell SOH;;1.000000;0.000000;%;4
1995;4;4028;F32;;Cell 393 - Cell Resistance;;1.000000;0.000000;Ω;4
1996;4;4030;F32;;Cell 394 - Cell Voltage;;1.000000;0.000000;V;4
1997;4;4032;F32;;Cell 394 - Cell Temperature;;1.000000;0.000000;°C;4
1998;4;4034;F32;;Cell 394 - Cell SOC;;1.000000;0.000000;%;4
1999;4;4036;F32;;Cell 394 - Cell SOH;;1.000000;0.000000;%;4
2000;4;4038;F32;;Cell 394 - Cell Resistance;;1.000000;0.000000;Ω;4
2001;4;4040;F32;;Cell 395 - Cell Voltage;;1.000000;0.000000;V;4
2002;4;4042;F32;;Cell 395 - Cell Temperature;;1.000000;0.000000;°C;4
2003;4;4044;F32;;Cell 395 - Cell SOC;;1.000000;0.000000;%;4
2004;4;4046;F32;;Cell 395 - Cell SOH;;1.000000;0.000000;%;4
2005;4;4048;F32;;Cell 395 - Cell Resistance;;1.000000;0.000000;Ω;4
2006;4;4050;F32;;Cell 396 - Cell Voltage;;1.000000;0.000000;V;4
2007;4;4052;F32;;Cell 396 - Cell Temperature;;1.000000;0.000000;°C;4
2008;4;4054;F32;;Cell 396 - Cell SOC;;1.000000;0.000000;%;4
2009;4;4056;F32;;Cell 396 - Cell SOH;;1.000000;0.000000;%;4
2010;4;4058;F32;;Cell 396 - Cell Resistance;;1.000000;0.000000;Ω;4
2011;4;4060;F32;;Cell 397 - Cell Voltage;;1.000000;0.000000;V;4
2012;4;4062;F32;;Cell 397 - Cell Temperature;;1.000000;0.000000;°C;4
2013;4;4064;F32;;Cell 397 - Cell SOC;;1.000000;0.000000;%;4
2014;4;4066;F32;;Cell 397 - Cell SOH;;1.000000;0.000000;%;4
2015;4;4068;F32;;Cell 397 - Cell Resistance;;1.000000;0.000000;Ω;4
2016;4;4070;F32;;Cell 398 - Cell Voltage;;1.000000;0.000000;V;4
2017;4;4072;F32;;Cell 398 - Cell Temperature;;1.000000;0.000000;°C;4
2018;4;4074;F32;;Cell 398 - Cell SOC;;1.000000;0.000000;%;4
2019;4;4076;F32;;Cell 398 - Cell SOH;;1.000000;0.000000;%;4
2020;4;4078;F32;;Cell 398 - Cell Resistance;;1.000000;0.000000;Ω;4
2021;4;4080;F32;;Cell 399 - Cell Voltage;;1.000000;0.000000;V;4
2022;4;4082;F32;;Cell 399 - Cell Temperature;;1.000000;0.000000;°C;4
2023;4;4084;F32;;Cell 399 - Cell SOC;;1.000000;0.000000;%;4
2024;4;4086;F32;;Cell 399 - Cell SOH;;1.000000;0.000000;%;4
2025;4;4088;F32;;Cell 399 - Cell Resistance;;1.000000;0.000000;Ω;4
2026;4;4090;F32;;Cell 400 - Cell Voltage;;1.000000;0.000000;V;4
2027;4;4092;F32;;Cell 400 - Cell Temperature;;1.000000;0.000000;°C;4
2028;4;4094;F32;;Cell 400 - Cell SOC;;1.000000;0.000000;%;4
2029;4;4096;F32;;Cell 400 - Cell SOH;;1.000000;0.000000;%;4
2030;4;4098;F32;;Cell 400 - Cell Resistance;;1.000000;0.000000;Ω;4
2031;4;4100;F32;;Cell 401 - Cell Voltage;;1.000000;0.000000;V;4
2032;4;4102;F32;;Cell 401 - Cell Temperature;;1.000000;0.000000;°C;4
2033;4;4104;F32;;Cell 401 - Cell SOC;;1.000000;0.000000;%;4
2034;4;4106;F32;;Cell 401 - Cell SOH;;1.000000;0.000000;%;4
2035;4;4108;F32;;Cell 401 - Cell Resistance;;1.000000;0.000000;Ω;4
2036;4;4110;F32;;Cell 402 - Cell Voltage;;1.000000;0.000000;V;4
2037;4;4112;F32;;Cell 402 - Cell Temperature;;1.000000;0.000000;°C;4
2038;4;4114;F32;;Cell 402 - Cell SOC;;1.000000;0.000000;%;4
2039;4;4116;F32;;Cell 402 - Cell SOH;;1.000000;0.000000;%;4
2040;4;4118;F32;;Cell 402 - Cell Resistance;;1.000000;0.000000;Ω;4
2041;4;4120;F32;;Cell 403 - Cell Voltage;;1.000000;0.000000;V;4
2042;4;4122;F32;;Cell 403 - Cell Temperature;;1.000000;0.000000;°C;4
2043;4;4124;F32;;Cell 403 - Cell SOC;;1.000000;0.000000;%;4
2044;4;4126;F32;;Cell 403 - Cell SOH;;1.000000;0.000000;%;4
2045;4;4128;F32;;Cell 403 - Cell Resistance;;1.000000;0.000000;Ω;4
2046;4;4130;F32;;Cell 404 - Cell Voltage;;1.000000;0.000000;V;4
2047;4;4132;F32;;Cell 404 - Cell Temperature;;1.000000;0.000000;°C;4
2048;4;4134;F32;;Cell 404 - Cell SOC;;1.000000;0.000000;%;4
2049;4;4136;F32;;Cell 404 - Cell SOH;;1.000000;0.000000;%;4
2050;4;4138;F32;;Cell 404 - Cell Resistance;;1.000000;0.000000;Ω;4
2051;4;4140;F32;;Cell 405 - Cell Voltage;;1.000000;0.000000;V;4
2052;4;4142;F32;;Cell 405 - Cell Temperature;;1.000000;0.000000;°C;4
2053;4;4144;F32;;Cell 405 - Cell SOC;;1.000000;0.000000;%;4
2054;4;4146;F32;;Cell 405 - Cell SOH;;1.000000;0.000000;%;4
2055;4;4148;F32;;Cell 405 - Cell Resistance;;1.000000;0.000000;Ω;4
2056;4;4150;F32;;Cell 406 - Cell Voltage;;1.000000;0.000000;V;4
2057;4;4152;F32;;Cell 406 - Cell Temperature;;1.000000;0.000000;°C;4
2058;4;4154;F32;;Cell 406 - Cell SOC;;1.000000;0.000000;%;4
2059;4;4156;F32;;Cell 406 - Cell SOH;;1.000000;0.000000;%;4
2060;4;4158;F32;;Cell 406 - Cell Resistance;;1.000000;0.000000;Ω;4
2061;4;4160;F32;;Cell 407 - Cell Voltage;;1.000000;0.000000;V;4
2062;4;4162;F32;;Cell 407 - Cell Temperature;;1.000000;0.000000;°C;4
2063;4;4164;F32;;Cell 407 - Cell SOC;;1.000000;0.000000;%;4
2064;4;4166;F32;;Cell 407 - Cell SOH;;1.000000;0.000000;%;4
2065;4;4168;F32;;Cell 407 - Cell Resistance;;1.000000;0.000000;Ω;4
2066;4;4170;F32;;Cell 408 - Cell Voltage;;1.000000;0.000000;V;4
2067;4;4172;F32;;Cell 408 - Cell Temperature;;1.000000;0.000000;°C;4
2068;4;4174;F32;;Cell 408 - Cell SOC;;1.000000;0.000000;%;4
2069;4;4176;F32;;Cell 408 - Cell SOH;;1.000000;0.000000;%;4
2070;4;4178;F32;;Cell 408 - Cell Resistance;;1.000000;0.000000;Ω;4
2071;4;4180;F32;;Cell 409 - Cell Voltage;;1.000000;0.000000;V;4
2072;4;4182;F32;;Cell 409 - Cell Temperature;;1.000000;0.000000;°C;4
2073;4;4184;F32;;Cell 409 - Cell SOC;;1.000000;0.000000;%;4
2074;4;4186;F32;;Cell 409 - Cell SOH;;1.000000;0.000000;%;4
2075;4;4188;F32;;Cell 409 - Cell Resistance;;1.000000;0.000000;Ω;4
2076;4;4190;F32;;Cell 410 - Cell Voltage;;1.000000;0.000000;V;4
2077;4;4192;F32;;Cell 410 - Cell Temperature;;1.000000;0.000000;°C;4
2078;4;4194;F32;;Cell 410 - Cell SOC;;1.000000;0.000000;%;4
2079;4;4196;F32;;Cell 410 - Cell SOH;;1.000000;0.000000;%;4
2080;4;4198;F32;;Cell 410 - Cell Resistance;;1.000000;0.000000;Ω;4
2081;4;4200;F32;;Cell 411 - Cell Voltage;;1.000000;0.000000;V;4
2082;4;4202;F32;;Cell 411 - Cell Temperature;;1.000000;0.000000;°C;4
2083;4;4204;F32;;Cell 411 - Cell SOC;;1.000000;0.000000;%;4
2084;4;4206;F32;;Cell 411 - Cell SOH;;1.000000;0.000000;%;4
2085;4;4208;F32;;Cell 411 - Cell Resistance;;1.000000;0.000000;Ω;4
2086;4;4210;F32;;Cell 412 - Cell Voltage;;1.000000;0.000000;V;4
2087;4;4212;F32;;Cell 412 - Cell Temperature;;1.000000;0.000000;°C;4
2088;4;4214;F32;;Cell 412 - Cell SOC;;1.000000;0.000000;%;4
2089;4;4216;F32;;Cell 412 - Cell SOH;;1.000000;0.000000;%;4
2090;4;4218;F32;;Cell 412 - Cell Resistance;;1.000000;0.000000;Ω;4
2091;4;4220;F32;;Cell 413 - Cell Voltage;;1.000000;0.000000;V;4
2092;4;4222;F32;;Cell 413 - Cell Temperature;;1.000000;0.000000;°C;4
2093;4;4224;F32;;Cell 413 - Cell SOC;;1.000000;0.000000;%;4
2094;4;4226;F32;;Cell 413 - Cell SOH;;1.000000;0.000000;%;4
2095;4;4228;F32;;Cell 413 - Cell Resistance;;1.000000;0.000000;Ω;4
2096;4;4230;F32;;Cell 414 - Cell Voltage;;1.000000;0.000000;V;4
2097;4;4232;F32;;Cell 414 - Cell Temperature;;1.000000;0.000000;°C;4
2098;4;4234;F32;;Cell 414 - Cell SOC;;1.000000;0.000000;%;4
2099;4;4236;F32;;Cell 414 - Cell SOH;;1.000000;0.000000;%;4
2100;4;4238;F32;;Cell 414 - Cell Resistance;;1.000000;0.000000;Ω;4
2101;4;4240;F32;;Cell 415 - Cell Voltage;;1.000000;0.000000;V;4
2102;4;4242;F32;;Cell 415 - Cell Temperature;;1.000000;0.000000;°C;4
2103;4;4244;F32;;Cell 415 - Cell SOC;;1.000000;0.000000;%;4
2104;4;4246;F32;;Cell 415 - Cell SOH;;1.000000;0.000000;%;4
2105;4;4248;F32;;Cell 415 - Cell Resistance;;1.000000;0.000000;Ω;4
2106;4;4250;F32;;Cell 416 - Cell Voltage;;1.000000;0.000000;V;4
2107;4;4252;F32;;Cell 416 - Cell Temperature;;1.000000;0.000000;°C;4
2108;4;4254;F32;;Cell 416 - Cell SOC;;1.000000;0.000000;%;4
2109;4;4256;F32;;Cell 416 - Cell SOH;;1.000000;0.000000;%;4
2110;4;4258;F32;;Cell 416 - Cell Resistance;;1.000000;0.000000;Ω;4
2111;4;4260;F32;;Cell 417 - Cell Voltage;;1.000000;0.000000;V;4
2112;4;4262;F32;;Cell 417 - Cell Temperature;;1.000000;0.000000;°C;4
2113;4;4264;F32;;Cell 417 - Cell SOC;;1.000000;0.000000;%;4
2114;4;4266;F32;;Cell 417 - Cell SOH;;1.000000;0.000000;%;4
2115;4;4268;F32;;Cell 417 - Cell Resistance;;1.000000;0.000000;Ω;4
2116;4;4270;F32;;Cell 418 - Cell Voltage;;1.000000;0.000000;V;4
2117;4;4272;F32;;Cell 418 - Cell Temperature;;1.000000;0.000000;°C;4
2118;4;4274;F32;;Cell 418 - Cell SOC;;1.000000;0.000000;%;4
2119;4;4276;F32;;Cell 418 - Cell SOH;;1.000000;0.000000;%;4
2120;4;4278;F32;;Cell 418 - Cell Resistance;;1.000000;0.000000;Ω;4
2121;4;4280;F32;;Cell 419 - Cell Voltage;;1.000000;0.000000;V;4
2122;4;4282;F32;;Cell 419 - Cell Temperature;;1.000000;0.000000;°C;4
2123;4;4284;F32;;Cell 419 - Cell SOC;;1.000000;0.000000;%;4
2124;4;4286;F32;;Cell 419 - Cell SOH;;1.000000;0.000000;%;4
2125;4;4288;F32;;Cell 419 - Cell Resistance;;1.000000;0.000000;Ω;4
2126;4;4290;F32;;Cell 420 - Cell Voltage;;1.000000;0.000000;V;4
2127;4;4292;F32;;Cell 420 - Cell Temperature;;1.000000;0.000000;°C;4
2128;4;4294;F32;;Cell 420 - Cell SOC;;1.000000;0.000000;%;4
2129;4;4296;F32;;Cell 420 - Cell SOH;;1.000000;0.000000;%;4
2130;4;4298;F32;;Cell 420 - Cell Resistance;;1.000000;0.000000;Ω;4
2131;4;4300;F32;;Cell 421 - Cell Voltage;;1.000000;0.000000;V;4
2132;4;4302;F32;;Cell 421 - Cell Temperature;;1.000000;0.000000;°C;4
2133;4;4304;F32;;Cell 421 - Cell SOC;;1.000000;0.000000;%;4
2134;4;4306;F32;;Cell 421 - Cell SOH;;1.000000;0.000000;%;4
2135;4;4308;F32;;Cell 421 - Cell Resistance;;1.000000;0.000000;Ω;4
2136;4;4310;F32;;Cell 422 - Cell Voltage;;1.000000;0.000000;V;4
2137;4;4312;F32;;Cell 422 - Cell Temperature;;1.000000;0.000000;°C;4
2138;4;4314;F32;;Cell 422 - Cell SOC;;1.000000;0.000000;%;4
2139;4;4316;F32;;Cell 422 - Cell SOH;;1.000000;0.000000;%;4
2140;4;4318;F32;;Cell 422 - Cell Resistance;;1.000000;0.000000;Ω;4
2141;4;4320;F32;;Cell 423 - Cell Voltage;;1.000000;0.000000;V;4
2142;4;4322;F32;;Cell 423 - Cell Temperature;;1.000000;0.000000;°C;4
2143;4;4324;F32;;Cell 423 - Cell SOC;;1.000000;0.000000;%;4
2144;4;4326;F32;;Cell 423 - Cell SOH;;1.000000;0.000000;%;4
2145;4;4328;F32;;Cell 423 - Cell Resistance;;1.000000;0.000000;Ω;4
2146;4;4330;F32;;Cell 424 - Cell Voltage;;1.000000;0.000000;V;4
2147;4;4332;F32;;Cell 424 - Cell Temperature;;1.000000;0.000000;°C;4
2148;4;4334;F32;;Cell 424 - Cell SOC;;1.000000;0.000000;%;4
2149;4;4336;F32;;Cell 424 - Cell SOH;;1.000000;0.000000;%;4
2150;4;4338;F32;;Cell 424 - Cell Resistance;;1.000000;0.000000;Ω;4
2151;4;4340;F32;;Cell 425 - Cell Voltage;;1.000000;0.000000;V;4
2152;4;4342;F32;;Cell 425 - Cell Temperature;;1.000000;0.000000;°C;4
2153;4;4344;F32;;Cell 425 - Cell SOC;;1.000000;0.000000;%;4
2154;4;4346;F32;;Cell 425 - Cell SOH;;1.000000;0.000000;%;4
2155;4;4348;F32;;Cell 425 - Cell Resistance;;1.000000;0.000000;Ω;4
2156;4;4350;F32;;Cell 426 - Cell Voltage;;1.000000;0.000000;V;4
2157;4;4352;F32;;Cell 426 - Cell Temperature;;1.000000;0.000000;°C;4
2158;4;4354;F32;;Cell 426 - Cell SOC;;1.000000;0.000000;%;4
2159;4;4356;F32;;Cell 426 - Cell SOH;;1.000000;0.000000;%;4
2160;4;4358;F32;;Cell 426 - Cell Resistance;;1.000000;0.000000;Ω;4
2161;4;4360;F32;;Cell 427 - Cell Voltage;;1.000000;0.000000;V;4
2162;4;4362;F32;;Cell 427 - Cell Temperature;;1.000000;0.000000;°C;4
2163;4;4364;F32;;Cell 427 - Cell SOC;;1.000000;0.000000;%;4
2164;4;4366;F32;;Cell 427 - Cell SOH;;1.000000;0.000000;%;4
2165;4;4368;F32;;Cell 427 - Cell Resistance;;1.000000;0.000000;Ω;4
2166;4;4370;F32;;Cell 428 - Cell Voltage;;1.000000;0.000000;V;4
2167;4;4372;F32;;Cell 428 - Cell Temperature;;1.000000;0.000000;°C;4
2168;4;4374;F32;;Cell 428 - Cell SOC;;1.000000;0.000000;%;4
2169;4;4376;F32;;Cell 428 - Cell SOH;;1.000000;0.000000;%;4
2170;4;4378;F32;;Cell 428 - Cell Resistance;;1.000000;0.000000;Ω;4
2171;4;4380;F32;;Cell 429 - Cell Voltage;;1.000000;0.000000;V;4
2172;4;4382;F32;;Cell 429 - Cell Temperature;;1.000000;0.000000;°C;4
2173;4;4384;F32;;Cell 429 - Cell SOC;;1.000000;0.000000;%;4
2174;4;4386;F32;;Cell 429 - Cell SOH;;1.000000;0.000000;%;4
2175;4;4388;F32;;Cell 429 - Cell Resistance;;1.000000;0.000000;Ω;4
2176;4;4390;F32;;Cell 430 - Cell Voltage;;1.000000;0.000000;V;4
2177;4;4392;F32;;Cell 430 - Cell Temperature;;1.000000;0.000000;°C;4
2178;4;4394;F32;;Cell 430 - Cell SOC;;1.000000;0.000000;%;4
2179;4;4396;F32;;Cell 430 - Cell SOH;;1.000000;0.000000;%;4
2180;4;4398;F32;;Cell 430 - Cell Resistance;;1.000000;0.000000;Ω;4
2181;4;4400;F32;;Cell 431 - Cell Voltage;;1.000000;0.000000;V;4
2182;4;4402;F32;;Cell 431 - Cell Temperature;;1.000000;0.000000;°C;4
2183;4;4404;F32;;Cell 431 - Cell SOC;;1.000000;0.000000;%;4
2184;4;4406;F32;;Cell 431 - Cell SOH;;1.000000;0.000000;%;4
2185;4;4408;F32;;Cell 431 - Cell Resistance;;1.000000;0.000000;Ω;4
2186;4;4410;F32;;Cell 432 - Cell Voltage;;1.000000;0.000000;V;4
2187;4;4412;F32;;Cell 432 - Cell Temperature;;1.000000;0.000000;°C;4
2188;4;4414;F32;;Cell 432 - Cell SOC;;1.000000;0.000000;%;4
2189;4;4416;F32;;Cell 432 - Cell SOH;;1.000000;0.000000;%;4
2190;4;4418;F32;;Cell 432 - Cell Resistance;;1.000000;0.000000;Ω;4
2191;4;4420;F32;;Cell 433 - Cell Voltage;;1.000000;0.000000;V;4
2192;4;4422;F32;;Cell 433 - Cell Temperature;;1.000000;0.000000;°C;4
2193;4;4424;F32;;Cell 433 - Cell SOC;;1.000000;0.000000;%;4
2194;4;4426;F32;;Cell 433 - Cell SOH;;1.000000;0.000000;%;4
2195;4;4428;F32;;Cell 433 - Cell Resistance;;1.000000;0.000000;Ω;4
2196;4;4430;F32;;Cell 434 - Cell Voltage;;1.000000;0.000000;V;4
2197;4;4432;F32;;Cell 434 - Cell Temperature;;1.000000;0.000000;°C;4
2198;4;4434;F32;;Cell 434 - Cell SOC;;1.000000;0.000000;%;4
2199;4;4436;F32;;Cell 434 - Cell SOH;;1.000000;0.000000;%;4
2200;4;4438;F32;;Cell 434 - Cell Resistance;;1.000000;0.000000;Ω;4
2201;4;4440;F32;;Cell 435 - Cell Voltage;;1.000000;0.000000;V;4
2202;4;4442;F32;;Cell 435 - Cell Temperature;;1.000000;0.000000;°C;4
2203;4;4444;F32;;Cell 435 - Cell SOC;;1.000000;0.000000;%;4
2204;4;4446;F32;;Cell 435 - Cell SOH;;1.000000;0.000000;%;4
2205;4;4448;F32;;Cell 435 - Cell Resistance;;1.000000;0.000000;Ω;4
2206;4;4450;F32;;Cell 436 - Cell Voltage;;1.000000;0.000000;V;4
2207;4;4452;F32;;Cell 436 - Cell Temperature;;1.000000;0.000000;°C;4
2208;4;4454;F32;;Cell 436 - Cell SOC;;1.000000;0.000000;%;4
2209;4;4456;F32;;Cell 436 - Cell SOH;;1.000000;0.000000;%;4
2210;4;4458;F32;;Cell 436 - Cell Resistance;;1.000000;0.000000;Ω;4
2211;4;4460;F32;;Cell 437 - Cell Voltage;;1.000000;0.000000;V;4
2212;4;4462;F32;;Cell 437 - Cell Temperature;;1.000000;0.000000;°C;4
2213;4;4464;F32;;Cell 437 - Cell SOC;;1.000000;0.000000;%;4
2214;4;4466;F32;;Cell 437 - Cell SOH;;1.000000;0.000000;%;4
2215;4;4468;F32;;Cell 437 - Cell Resistance;;1.000000;0.000000;Ω;4
2216;4;4470;F32;;Cell 438 - Cell Voltage;;1.000000;0.000000;V;4
2217;4;4472;F32;;Cell 438 - Cell Temperature;;1.000000;0.000000;°C;4
2218;4;4474;F32;;Cell 438 - Cell SOC;;1.000000;0.000000;%;4
2219;4;4476;F32;;Cell 438 - Cell SOH;;1.000000;0.000000;%;4
2220;4;4478;F32;;Cell 438 - Cell Resistance;;1.000000;0.000000;Ω;4
2221;4;4480;F32;;Cell 439 - Cell Voltage;;1.000000;0.000000;V;4
2222;4;4482;F32;;Cell 439 - Cell Temperature;;1.000000;0.000000;°C;4
2223;4;4484;F32;;Cell 439 - Cell SOC;;1.000000;0.000000;%;4
2224;4;4486;F32;;Cell 439 - Cell SOH;;1.000000;0.000000;%;4
2225;4;4488;F32;;Cell 439 - Cell Resistance;;1.000000;0.000000;Ω;4
2226;4;4490;F32;;Cell 440 - Cell Voltage;;1.000000;0.000000;V;4
2227;4;4492;F32;;Cell 440 - Cell Temperature;;1.000000;0.000000;°C;4
2228;4;4494;F32;;Cell 440 - Cell SOC;;1.000000;0.000000;%;4
2229;4;4496;F32;;Cell 440 - Cell SOH;;1.000000;0.000000;%;4
2230;4;4498;F32;;Cell 440 - Cell Resistance;;1.000000;0.000000;Ω;4
2231;4;4500;F32;;Cell 441 - Cell Voltage;;1.000000;0.000000;V;4
2232;4;4502;F32;;Cell 441 - Cell Temperature;;1.000000;0.000000;°C;4
2233;4;4504;F32;;Cell 441 - Cell SOC;;1.000000;0.000000;%;4
2234;4;4506;F32;;Cell 441 - Cell SOH;;1.000000;0.000000;%;4
2235;4;4508;F32;;Cell 441 - Cell Resistance;;1.000000;0.000000;Ω;4
2236;4;4510;F32;;Cell 442 - Cell Voltage;;1.000000;0.000000;V;4
2237;4;4512;F32;;Cell 442 - Cell Temperature;;1.000000;0.000000;°C;4
2238;4;4514;F32;;Cell 442 - Cell SOC;;1.000000;0.000000;%;4
2239;4;4516;F32;;Cell 442 - Cell SOH;;1.000000;0.000000;%;4
2240;4;4518;F32;;Cell 442 - Cell Resistance;;1.000000;0.000000;Ω;4
2241;4;4520;F32;;Cell 443 - Cell Voltage;;1.000000;0.000000;V;4
2242;4;4522;F32;;Cell 443 - Cell Temperature;;1.000000;0.000000;°C;4
2243;4;4524;F32;;Cell 443 - Cell SOC;;1.000000;0.000000;%;4
2244;4;4526;F32;;Cell 443 - Cell SOH;;1.000000;0.000000;%;4
2245;4;4528;F32;;Cell 443 - Cell Resistance;;1.000000;0.000000;Ω;4
2246;4;4530;F32;;Cell 444 - Cell Voltage;;1.000000;0.000000;V;4
2247;4;4532;F32;;Cell 444 - Cell Temperature;;1.000000;0.000000;°C;4
2248;4;4534;F32;;Cell 444 - Cell SOC;;1.000000;0.000000;%;4
2249;4;4536;F32;;Cell 444 - Cell SOH;;1.000000;0.000000;%;4
2250;4;4538;F32;;Cell 444 - Cell Resistance;;1.000000;0.000000;Ω;4
2251;4;4540;F32;;Cell 445 - Cell Voltage;;1.000000;0.000000;V;4
2252;4;4542;F32;;Cell 445 - Cell Temperature;;1.000000;0.000000;°C;4
2253;4;4544;F32;;Cell 445 - Cell SOC;;1.000000;0.000000;%;4
2254;4;4546;F32;;Cell 445 - Cell SOH;;1.000000;0.000000;%;4
2255;4;4548;F32;;Cell 445 - Cell Resistance;;1.000000;0.000000;Ω;4
2256;4;4550;F32;;Cell 446 - Cell Voltage;;1.000000;0.000000;V;4
2257;4;4552;F32;;Cell 446 - Cell Temperature;;1.000000;0.000000;°C;4
2258;4;4554;F32;;Cell 446 - Cell SOC;;1.000000;0.000000;%;4
2259;4;4556;F32;;Cell 446 - Cell SOH;;1.000000;0.000000;%;4
2260;4;4558;F32;;Cell 446 - Cell Resistance;;1.000000;0.000000;Ω;4
2261;4;4560;F32;;Cell 447 - Cell Voltage;;1.000000;0.000000;V;4
2262;4;4562;F32;;Cell 447 - Cell Temperature;;1.000000;0.000000;°C;4
2263;4;4564;F32;;Cell 447 - Cell SOC;;1.000000;0.000000;%;4
2264;4;4566;F32;;Cell 447 - Cell SOH;;1.000000;0.000000;%;4
2265;4;4568;F32;;Cell 447 - Cell Resistance;;1.000000;0.000000;Ω;4
2266;4;4570;F32;;Cell 448 - Cell Voltage;;1.000000;0.000000;V;4
2267;4;4572;F32;;Cell 448 - Cell Temperature;;1.000000;0.000000;°C;4
2268;4;4574;F32;;Cell 448 - Cell SOC;;1.000000;0.000000;%;4
2269;4;4576;F32;;Cell 448 - Cell SOH;;1.000000;0.000000;%;4
2270;4;4578;F32;;Cell 448 - Cell Resistance;;1.000000;0.000000;Ω;4
2271;4;4580;F32;;Cell 449 - Cell Voltage;;1.000000;0.000000;V;4
2272;4;4582;F32;;Cell 449 - Cell Temperature;;1.000000;0.000000;°C;4
2273;4;4584;F32;;Cell 449 - Cell SOC;;1.000000;0.000000;%;4
2274;4;4586;F32;;Cell 449 - Cell SOH;;1.000000;0.000000;%;4
2275;4;4588;F32;;Cell 449 - Cell Resistance;;1.000000;0.000000;Ω;4
2276;4;4590;F32;;Cell 450 - Cell Voltage;;1.000000;0.000000;V;4
2277;4;4592;F32;;Cell 450 - Cell Temperature;;1.000000;0.000000;°C;4
2278;4;4594;F32;;Cell 450 - Cell SOC;;1.000000;0.000000;%;4
2279;4;4596;F32;;Cell 450 - Cell SOH;;1.000000;0.000000;%;4
2280;4;4598;F32;;Cell 450 - Cell Resistance;;1.000000;0.000000;Ω;4
2281;4;4600;F32;;Cell 451 - Cell Voltage;;1.000000;0.000000;V;4
2282;4;4602;F32;;Cell 451 - Cell Temperature;;1.000000;0.000000;°C;4
2283;4;4604;F32;;Cell 451 - Cell SOC;;1.000000;0.000000;%;4
2284;4;4606;F32;;Cell 451 - Cell SOH;;1.000000;0.000000;%;4
2285;4;4608;F32;;Cell 451 - Cell Resistance;;1.000000;0.000000;Ω;4
2286;4;4610;F32;;Cell 452 - Cell Voltage;;1.000000;0.000000;V;4
2287;4;4612;F32;;Cell 452 - Cell Temperature;;1.000000;0.000000;°C;4
2288;4;4614;F32;;Cell 452 - Cell SOC;;1.000000;0.000000;%;4
2289;4;4616;F32;;Cell 452 - Cell SOH;;1.000000;0.000000;%;4
2290;4;4618;F32;;Cell 452 - Cell Resistance;;1.000000;0.000000;Ω;4
2291;4;4620;F32;;Cell 453 - Cell Voltage;;1.000000;0.000000;V;4
2292;4;4622;F32;;Cell 453 - Cell Temperature;;1.000000;0.000000;°C;4
2293;4;4624;F32;;Cell 453 - Cell SOC;;1.000000;0.000000;%;4
2294;4;4626;F32;;Cell 453 - Cell SOH;;1.000000;0.000000;%;4
2295;4;4628;F32;;Cell 453 - Cell Resistance;;1.000000;0.000000;Ω;4
2296;4;4630;F32;;Cell 454 - Cell Voltage;;1.000000;0.000000;V;4
2297;4;4632;F32;;Cell 454 - Cell Temperature;;1.000000;0.000000;°C;4
2298;4;4634;F32;;Cell 454 - Cell SOC;;1.000000;0.000000;%;4
2299;4;4636;F32;;Cell 454 - Cell SOH;;1.000000;0.000000;%;4
2300;4;4638;F32;;Cell 454 - Cell Resistance;;1.000000;0.000000;Ω;4
2301;4;4640;F32;;Cell 455 - Cell Voltage;;1.000000;0.000000;V;4
2302;4;4642;F32;;Cell 455 - Cell Temperature;;1.000000;0.000000;°C;4
2303;4;4644;F32;;Cell 455 - Cell SOC;;1.000000;0.000000;%;4
2304;4;4646;F32;;Cell 455 - Cell SOH;;1.000000;0.000000;%;4
2305;4;4648;F32;;Cell 455 - Cell Resistance;;1.000000;0.000000;Ω;4
2306;4;4650;F32;;Cell 456 - Cell Voltage;;1.000000;0.000000;V;4
2307;4;4652;F32;;Cell 456 - Cell Temperature;;1.000000;0.000000;°C;4
2308;4;4654;F32;;Cell 456 - Cell SOC;;1.000000;0.000000;%;4
2309;4;4656;F32;;Cell 456 - Cell SOH;;1.000000;0.000000;%;4
2310;4;4658;F32;;Cell 456 - Cell Resistance;;1.000000;0.000000;Ω;4
2311;4;4660;F32;;Cell 457 - Cell Voltage;;1.000000;0.000000;V;4
2312;4;4662;F32;;Cell 457 - Cell Temperature;;1.000000;0.000000;°C;4
2313;4;4664;F32;;Cell 457 - Cell SOC;;1.000000;0.000000;%;4
2314;4;4666;F32;;Cell 457 - Cell SOH;;1.000000;0.000000;%;4
2315;4;4668;F32;;Cell 457 - Cell Resistance;;1.000000;0.000000;Ω;4
2316;4;4670;F32;;Cell 458 - Cell Voltage;;1.000000;0.000000;V;4
2317;4;4672;F32;;Cell 458 - Cell Temperature;;1.000000;0.000000;°C;4
2318;4;4674;F32;;Cell 458 - Cell SOC;;1.000000;0.000000;%;4
2319;4;4676;F32;;Cell 458 - Cell SOH;;1.000000;0.000000;%;4
2320;4;4678;F32;;Cell 458 - Cell Resistance;;1.000000;0.000000;Ω;4
2321;4;4680;F32;;Cell 459 - Cell Voltage;;1.000000;0.000000;V;4
2322;4;4682;F32;;Cell 459 - Cell Temperature;;1.000000;0.000000;°C;4
2323;4;4684;F32;;Cell 459 - Cell SOC;;1.000000;0.000000;%;4
2324;4;4686;F32;;Cell 459 - Cell SOH;;1.000000;0.000000;%;4
2325;4;4688;F32;;Cell 459 - Cell Resistance;;1.000000;0.000000;Ω;4
2326;4;4690;F32;;Cell 460 - Cell Voltage;;1.000000;0.000000;V;4
2327;4;4692;F32;;Cell 460 - Cell Temperature;;1.000000;0.000000;°C;4
2328;4;4694;F32;;Cell 460 - Cell SOC;;1.000000;0.000000;%;4
2329;4;4696;F32;;Cell 460 - Cell SOH;;1.000000;0.000000;%;4
2330;4;4698;F32;;Cell 460 - Cell Resistance;;1.000000;0.000000;Ω;4
2331;4;4700;F32;;Cell 461 - Cell Voltage;;1.000000;0.000000;V;4
2332;4;4702;F32;;Cell 461 - Cell Temperature;;1.000000;0.000000;°C;4
2333;4;4704;F32;;Cell 461 - Cell SOC;;1.000000;0.000000;%;4
2334;4;4706;F32;;Cell 461 - Cell SOH;;1.000000;0.000000;%;4
2335;4;4708;F32;;Cell 461 - Cell Resistance;;1.000000;0.000000;Ω;4
2336;4;4710;F32;;Cell 462 - Cell Voltage;;1.000000;0.000000;V;4
2337;4;4712;F32;;Cell 462 - Cell Temperature;;1.000000;0.000000;°C;4
2338;4;4714;F32;;Cell 462 - Cell SOC;;1.000000;0.000000;%;4
2339;4;4716;F32;;Cell 462 - Cell SOH;;1.000000;0.000000;%;4
2340;4;4718;F32;;Cell 462 - Cell Resistance;;1.000000;0.000000;Ω;4
2341;4;4720;F32;;Cell 463 - Cell Voltage;;1.000000;0.000000;V;4
2342;4;4722;F32;;Cell 463 - Cell Temperature;;1.000000;0.000000;°C;4
2343;4;4724;F32;;Cell 463 - Cell SOC;;1.000000;0.000000;%;4
2344;4;4726;F32;;Cell 463 - Cell SOH;;1.000000;0.000000;%;4
2345;4;4728;F32;;Cell 463 - Cell Resistance;;1.000000;0.000000;Ω;4
2346;4;4730;F32;;Cell 464 - Cell Voltage;;1.000000;0.000000;V;4
2347;4;4732;F32;;Cell 464 - Cell Temperature;;1.000000;0.000000;°C;4
2348;4;4734;F32;;Cell 464 - Cell SOC;;1.000000;0.000000;%;4
2349;4;4736;F32;;Cell 464 - Cell SOH;;1.000000;0.000000;%;4
2350;4;4738;F32;;Cell 464 - Cell Resistance;;1.000000;0.000000;Ω;4
2351;4;4740;F32;;Cell 465 - Cell Voltage;;1.000000;0.000000;V;4
2352;4;4742;F32;;Cell 465 - Cell Temperature;;1.000000;0.000000;°C;4
2353;4;4744;F32;;Cell 465 - Cell SOC;;1.000000;0.000000;%;4
2354;4;4746;F32;;Cell 465 - Cell SOH;;1.000000;0.000000;%;4
2355;4;4748;F32;;Cell 465 - Cell Resistance;;1.000000;0.000000;Ω;4
2356;4;4750;F32;;Cell 466 - Cell Voltage;;1.000000;0.000000;V;4
2357;4;4752;F32;;Cell 466 - Cell Temperature;;1.000000;0.000000;°C;4
2358;4;4754;F32;;Cell 466 - Cell SOC;;1.000000;0.000000;%;4
2359;4;4756;F32;;Cell 466 - Cell SOH;;1.000000;0.000000;%;4
2360;4;4758;F32;;Cell 466 - Cell Resistance;;1.000000;0.000000;Ω;4
2361;4;4760;F32;;Cell 467 - Cell Voltage;;1.000000;0.000000;V;4
2362;4;4762;F32;;Cell 467 - Cell Temperature;;1.000000;0.000000;°C;4
2363;4;4764;F32;;Cell 467 - Cell SOC;;1.000000;0.000000;%;4
2364;4;4766;F32;;Cell 467 - Cell SOH;;1.000000;0.000000;%;4
2365;4;4768;F32;;Cell 467 - Cell Resistance;;1.000000;0.000000;Ω;4
2366;4;4770;F32;;Cell 468 - Cell Voltage;;1.000000;0.000000;V;4
2367;4;4772;F32;;Cell 468 - Cell Temperature;;1.000000;0.000000;°C;4
2368;4;4774;F32;;Cell 468 - Cell SOC;;1.000000;0.000000;%;4
2369;4;4776;F32;;Cell 468 - Cell SOH;;1.000000;0.000000;%;4
2370;4;4778;F32;;Cell 468 - Cell Resistance;;1.000000;0.000000;Ω;4
2371;4;4780;F32;;Cell 469 - Cell Voltage;;1.000000;0.000000;V;4
2372;4;4782;F32;;Cell 469 - Cell Temperature;;1.000000;0.000000;°C;4
2373;4;4784;F32;;Cell 469 - Cell SOC;;1.000000;0.000000;%;4
2374;4;4786;F32;;Cell 469 - Cell SOH;;1.000000;0.000000;%;4
2375;4;4788;F32;;Cell 469 - Cell Resistance;;1.000000;0.000000;Ω;4
2376;4;4790;F32;;Cell 470 - Cell Voltage;;1.000000;0.000000;V;4
2377;4;4792;F32;;Cell 470 - Cell Temperature;;1.000000;0.000000;°C;4
2378;4;4794;F32;;Cell 470 - Cell SOC;;1.000000;0.000000;%;4
2379;4;4796;F32;;Cell 470 - Cell SOH;;1.000000;0.000000;%;4
2380;4;4798;F32;;Cell 470 - Cell Resistance;;1.000000;0.000000;Ω;4
2381;4;4800;F32;;Cell 471 - Cell Voltage;;1.000000;0.000000;V;4
2382;4;4802;F32;;Cell 471 - Cell Temperature;;1.000000;0.000000;°C;4
2383;4;4804;F32;;Cell 471 - Cell SOC;;1.000000;0.000000;%;4
2384;4;4806;F32;;Cell 471 - Cell SOH;;1.000000;0.000000;%;4
2385;4;4808;F32;;Cell 471 - Cell Resistance;;1.000000;0.000000;Ω;4
2386;4;4810;F32;;Cell 472 - Cell Voltage;;1.000000;0.000000;V;4
2387;4;4812;F32;;Cell 472 - Cell Temperature;;1.000000;0.000000;°C;4
2388;4;4814;F32;;Cell 472 - Cell SOC;;1.000000;0.000000;%;4
2389;4;4816;F32;;Cell 472 - Cell SOH;;1.000000;0.000000;%;4
2390;4;4818;F32;;Cell 472 - Cell Resistance;;1.000000;0.000000;Ω;4
2391;4;4820;F32;;Cell 473 - Cell Voltage;;1.000000;0.000000;V;4
2392;4;4822;F32;;Cell 473 - Cell Temperature;;1.000000;0.000000;°C;4
2393;4;4824;F32;;Cell 473 - Cell SOC;;1.000000;0.000000;%;4
2394;4;4826;F32;;Cell 473 - Cell SOH;;1.000000;0.000000;%;4
2395;4;4828;F32;;Cell 473 - Cell Resistance;;1.000000;0.000000;Ω;4
2396;4;4830;F32;;Cell 474 - Cell Voltage;;1.000000;0.000000;V;4
2397;4;4832;F32;;Cell 474 - Cell Temperature;;1.000000;0.000000;°C;4
2398;4;4834;F32;;Cell 474 - Cell SOC;;1.000000;0.000000;%;4
2399;4;4836;F32;;Cell 474 - Cell SOH;;1.000000;0.000000;%;4
2400;4;4838;F32;;Cell 474 - Cell Resistance;;1.000000;0.000000;Ω;4
2401;4;4840;F32;;Cell 475 - Cell Voltage;;1.000000;0.000000;V;4
2402;4;4842;F32;;Cell 475 - Cell Temperature;;1.000000;0.000000;°C;4
2403;4;4844;F32;;Cell 475 - Cell SOC;;1.000000;0.000000;%;4
2404;4;4846;F32;;Cell 475 - Cell SOH;;1.000000;0.000000;%;4
2405;4;4848;F32;;Cell 475 - Cell Resistance;;1.000000;0.000000;Ω;4
2406;4;4850;F32;;Cell 476 - Cell Voltage;;1.000000;0.000000;V;4
2407;4;4852;F32;;Cell 476 - Cell Temperature;;1.000000;0.000000;°C;4
2408;4;4854;F32;;Cell 476 - Cell SOC;;1.000000;0.000000;%;4
2409;4;4856;F32;;Cell 476 - Cell SOH;;1.000000;0.000000;%;4
2410;4;4858;F32;;Cell 476 - Cell Resistance;;1.000000;0.000000;Ω;4
2411;4;4860;F32;;Cell 477 - Cell Voltage;;1.000000;0.000000;V;4
2412;4;4862;F32;;Cell 477 - Cell Temperature;;1.000000;0.000000;°C;4
2413;4;4864;F32;;Cell 477 - Cell SOC;;1.000000;0.000000;%;4
2414;4;4866;F32;;Cell 477 - Cell SOH;;1.000000;0.000000;%;4
2415;4;4868;F32;;Cell 477 - Cell Resistance;;1.000000;0.000000;Ω;4
2416;4;4870;F32;;Cell 478 - Cell Voltage;;1.000000;0.000000;V;4
2417;4;4872;F32;;Cell 478 - Cell Temperature;;1.000000;0.000000;°C;4
2418;4;4874;F32;;Cell 478 - Cell SOC;;1.000000;0.000000;%;4
2419;4;4876;F32;;Cell 478 - Cell SOH;;1.000000;0.000000;%;4
2420;4;4878;F32;;Cell 478 - Cell Resistance;;1.000000;0.000000;Ω;4
2421;4;4880;F32;;Cell 479 - Cell Voltage;;1.000000;0.000000;V;4
2422;4;4882;F32;;Cell 479 - Cell Temperature;;1.000000;0.000000;°C;4
2423;4;4884;F32;;Cell 479 - Cell SOC;;1.000000;0.000000;%;4
2424;4;4886;F32;;Cell 479 - Cell SOH;;1.000000;0.000000;%;4
2425;4;4888;F32;;Cell 479 - Cell Resistance;;1.000000;0.000000;Ω;4
2426;4;4890;F32;;Cell 480 - Cell Voltage;;1.000000;0.000000;V;4
2427;4;4892;F32;;Cell 480 - Cell Temperature;;1.000000;0.000000;°C;4
2428;4;4894;F32;;Cell 480 - Cell SOC;;1.000000;0.000000;%;4
2429;4;4896;F32;;Cell 480 - Cell SOH;;1.000000;0.000000;%;4
2430;4;4898;F32;;Cell 480 - Cell Resistance;;1.000000;0.000000;Ω;4
2431;4;4900;F32;;Cell 481 - Cell Voltage;;1.000000;0.000000;V;4
2432;4;4902;F32;;Cell 481 - Cell Temperature;;1.000000;0.000000;°C;4
2433;4;4904;F32;;Cell 481 - Cell SOC;;1.000000;0.000000;%;4
2434;4;4906;F32;;Cell 481 - Cell SOH;;1.000000;0.000000;%;4
2435;4;4908;F32;;Cell 481 - Cell Resistance;;1.000000;0.000000;Ω;4
2436;4;4910;F32;;Cell 482 - Cell Voltage;;1.000000;0.000000;V;4
2437;4;4912;F32;;Cell 482 - Cell Temperature;;1.000000;0.000000;°C;4
2438;4;4914;F32;;Cell 482 - Cell SOC;;1.000000;0.000000;%;4
2439;4;4916;F32;;Cell 482 - Cell SOH;;1.000000;0.000000;%;4
2440;4;4918;F32;;Cell 482 - Cell Resistance;;1.000000;0.000000;Ω;4
2441;4;4920;F32;;Cell 483 - Cell Voltage;;1.000000;0.000000;V;4
2442;4;4922;F32;;Cell 483 - Cell Temperature;;1.000000;0.000000;°C;4
2443;4;4924;F32;;Cell 483 - Cell SOC;;1.000000;0.000000;%;4
2444;4;4926;F32;;Cell 483 - Cell SOH;;1.000000;0.000000;%;4
2445;4;4928;F32;;Cell 483 - Cell Resistance;;1.000000;0.000000;Ω;4
2446;4;4930;F32;;Cell 484 - Cell Voltage;;1.000000;0.000000;V;4
2447;4;4932;F32;;Cell 484 - Cell Temperature;;1.000000;0.000000;°C;4
2448;4;4934;F32;;Cell 484 - Cell SOC;;1.000000;0.000000;%;4
2449;4;4936;F32;;Cell 484 - Cell SOH;;1.000000;0.000000;%;4
2450;4;4938;F32;;Cell 484 - Cell Resistance;;1.000000;0.000000;Ω;4
2451;4;4940;F32;;Cell 485 - Cell Voltage;;1.000000;0.000000;V;4
2452;4;4942;F32;;Cell 485 - Cell Temperature;;1.000000;0.000000;°C;4
2453;4;4944;F32;;Cell 485 - Cell SOC;;1.000000;0.000000;%;4
2454;4;4946;F32;;Cell 485 - Cell SOH;;1.000000;0.000000;%;4
2455;4;4948;F32;;Cell 485 - Cell Resistance;;1.000000;0.000000;Ω;4
2456;4;4950;F32;;Cell 486 - Cell Voltage;;1.000000;0.000000;V;4
2457;4;4952;F32;;Cell 486 - Cell Temperature;;1.000000;0.000000;°C;4
2458;4;4954;F32;;Cell 486 - Cell SOC;;1.000000;0.000000;%;4
2459;4;4956;F32;;Cell 486 - Cell SOH;;1.000000;0.000000;%;4
2460;4;4958;F32;;Cell 486 - Cell Resistance;;1.000000;0.000000;Ω;4
2461;4;4960;F32;;Cell 487 - Cell Voltage;;1.000000;0.000000;V;4
2462;4;4962;F32;;Cell 487 - Cell Temperature;;1.000000;0.000000;°C;4
2463;4;4964;F32;;Cell 487 - Cell SOC;;1.000000;0.000000;%;4
2464;4;4966;F32;;Cell 487 - Cell SOH;;1.000000;0.000000;%;4
2465;4;4968;F32;;Cell 487 - Cell Resistance;;1.000000;0.000000;Ω;4
2466;4;4970;F32;;Cell 488 - Cell Voltage;;1.000000;0.000000;V;4
2467;4;4972;F32;;Cell 488 - Cell Temperature;;1.000000;0.000000;°C;4
2468;4;4974;F32;;Cell 488 - Cell SOC;;1.000000;0.000000;%;4
2469;4;4976;F32;;Cell 488 - Cell SOH;;1.000000;0.000000;%;4
2470;4;4978;F32;;Cell 488 - Cell Resistance;;1.000000;0.000000;Ω;4
2471;4;4980;F32;;Cell 489 - Cell Voltage;;1.000000;0.000000;V;4
2472;4;4982;F32;;Cell 489 - Cell Temperature;;1.000000;0.000000;°C;4
2473;4;4984;F32;;Cell 489 - Cell SOC;;1.000000;0.000000;%;4
2474;4;4986;F32;;Cell 489 - Cell SOH;;1.000000;0.000000;%;4
2475;4;4988;F32;;Cell 489 - Cell Resistance;;1.000000;0.000000;Ω;4
2476;4;4990;F32;;Cell 490 - Cell Voltage;;1.000000;0.000000;V;4
2477;4;4992;F32;;Cell 490 - Cell Temperature;;1.000000;0.000000;°C;4
2478;4;4994;F32;;Cell 490 - Cell SOC;;1.000000;0.000000;%;4
2479;4;4996;F32;;Cell 490 - Cell SOH;;1.000000;0.000000;%;4
2480;4;4998;F32;;Cell 490 - Cell Resistance;;1.000000;0.000000;Ω;4
2481;4;5000;F32;;Cell 491 - Cell Voltage;;1.000000;0.000000;V;4
2482;4;5002;F32;;Cell 491 - Cell Temperature;;1.000000;0.000000;°C;4
2483;4;5004;F32;;Cell 491 - Cell SOC;;1.000000;0.000000;%;4
2484;4;5006;F32;;Cell 491 - Cell SOH;;1.000000;0.000000;%;4
2485;4;5008;F32;;Cell 491 - Cell Resistance;;1.000000;0.000000;Ω;4
2486;4;5010;F32;;Cell 492 - Cell Voltage;;1.000000;0.000000;V;4
2487;4;5012;F32;;Cell 492 - Cell Temperature;;1.000000;0.000000;°C;4
2488;4;5014;F32;;Cell 492 - Cell SOC;;1.000000;0.000000;%;4
2489;4;5016;F32;;Cell 492 - Cell SOH;;1.000000;0.000000;%;4
2490;4;5018;F32;;Cell 492 - Cell Resistance;;1.000000;0.000000;Ω;4
2491;4;5020;F32;;Cell 493 - Cell Voltage;;1.000000;0.000000;V;4
2492;4;5022;F32;;Cell 493 - Cell Temperature;;1.000000;0.000000;°C;4
2493;4;5024;F32;;Cell 493 - Cell SOC;;1.000000;0.000000;%;4
2494;4;5026;F32;;Cell 493 - Cell SOH;;1.000000;0.000000;%;4
2495;4;5028;F32;;Cell 493 - Cell Resistance;;1.000000;0.000000;Ω;4
2496;4;5030;F32;;Cell 494 - Cell Voltage;;1.000000;0.000000;V;4
2497;4;5032;F32;;Cell 494 - Cell Temperature;;1.000000;0.000000;°C;4
2498;4;5034;F32;;Cell 494 - Cell SOC;;1.000000;0.000000;%;4
2499;4;5036;F32;;Cell 494 - Cell SOH;;1.000000;0.000000;%;4
2500;4;5038;F32;;Cell 494 - Cell Resistance;;1.000000;0.000000;Ω;4
2501;4;5040;F32;;Cell 495 - Cell Voltage;;1.000000;0.000000;V;4
2502;4;5042;F32;;Cell 495 - Cell Temperature;;1.000000;0.000000;°C;4
2503;4;5044;F32;;Cell 495 - Cell SOC;;1.000000;0.000000;%;4
2504;4;5046;F32;;Cell 495 - Cell SOH;;1.000000;0.000000;%;4
2505;4;5048;F32;;Cell 495 - Cell Resistance;;1.000000;0.000000;Ω;4
2506;4;5050;F32;;Cell 496 - Cell Voltage;;1.000000;0.000000;V;4
2507;4;5052;F32;;Cell 496 - Cell Temperature;;1.000000;0.000000;°C;4
2508;4;5054;F32;;Cell 496 - Cell SOC;;1.000000;0.000000;%;4
2509;4;5056;F32;;Cell 496 - Cell SOH;;1.000000;0.000000;%;4
2510;4;5058;F32;;Cell 496 - Cell Resistance;;1.000000;0.000000;Ω;4
2511;4;5060;F32;;Cell 497 - Cell Voltage;;1.000000;0.000000;V;4
2512;4;5062;F32;;Cell 497 - Cell Temperature;;1.000000;0.000000;°C;4
2513;4;5064;F32;;Cell 497 - Cell SOC;;1.000000;0.000000;%;4
2514;4;5066;F32;;Cell 497 - Cell SOH;;1.000000;0.000000;%;4
2515;4;5068;F32;;Cell 497 - Cell Resistance;;1.000000;0.000000;Ω;4
2516;4;5070;F32;;Cell 498 - Cell Voltage;;1.000000;0.000000;V;4
2517;4;5072;F32;;Cell 498 - Cell Temperature;;1.000000;0.000000;°C;4
2518;4;5074;F32;;Cell 498 - Cell SOC;;1.000000;0.000000;%;4
2519;4;5076;F32;;Cell 498 - Cell SOH;;1.000000;0.000000;%;4
2520;4;5078;F32;;Cell 498 - Cell Resistance;;1.000000;0.000000;Ω;4
2521;4;5080;F32;;Cell 499 - Cell Voltage;;1.000000;0.000000;V;4
2522;4;5082;F32;;Cell 499 - Cell Temperature;;1.000000;0.000000;°C;4
2523;4;5084;F32;;Cell 499 - Cell SOC;;1.000000;0.000000;%;4
2524;4;5086;F32;;Cell 499 - Cell SOH;;1.000000;0.000000;%;4
2525;4;5088;F32;;Cell 499 - Cell Resistance;;1.000000;0.000000;Ω;4
2526;4;5090;F32;;Cell 500 - Cell Voltage;;1.000000;0.000000;V;4
2527;4;5092;F32;;Cell 500 - Cell Temperature;;1.000000;0.000000;°C;4
2528;4;5094;F32;;Cell 500 - Cell SOC;;1.000000;0.000000;%;4
2529;4;5096;F32;;Cell 500 - Cell SOH;;1.000000;0.000000;%;4
2530;4;5098;F32;;Cell 500 - Cell Resistance;;1.000000;0.000000;Ω;4
2531;4;5100;F32;;Cell 501 - Cell Voltage;;1.000000;0.000000;V;4
2532;4;5102;F32;;Cell 501 - Cell Temperature;;1.000000;0.000000;°C;4
2533;4;5104;F32;;Cell 501 - Cell SOC;;1.000000;0.000000;%;4
2534;4;5106;F32;;Cell 501 - Cell SOH;;1.000000;0.000000;%;4
2535;4;5108;F32;;Cell 501 - Cell Resistance;;1.000000;0.000000;Ω;4
2536;4;5110;F32;;Cell 502 - Cell Voltage;;1.000000;0.000000;V;4
2537;4;5112;F32;;Cell 502 - Cell Temperature;;1.000000;0.000000;°C;4
2538;4;5114;F32;;Cell 502 - Cell SOC;;1.000000;0.000000;%;4
2539;4;5116;F32;;Cell 502 - Cell SOH;;1.000000;0.000000;%;4
2540;4;5118;F32;;Cell 502 - Cell Resistance;;1.000000;0.000000;Ω;4
2541;4;5120;F32;;Cell 503 - Cell Voltage;;1.000000;0.000000;V;4
2542;4;5122;F32;;Cell 503 - Cell Temperature;;1.000000;0.000000;°C;4
2543;4;5124;F32;;Cell 503 - Cell SOC;;1.000000;0.000000;%;4
2544;4;5126;F32;;Cell 503 - Cell SOH;;1.000000;0.000000;%;4
2545;4;5128;F32;;Cell 503 - Cell Resistance;;1.000000;0.000000;Ω;4
2546;4;5130;F32;;Cell 504 - Cell Voltage;;1.000000;0.000000;V;4
2547;4;5132;F32;;Cell 504 - Cell Temperature;;1.000000;0.000000;°C;4
2548;4;5134;F32;;Cell 504 - Cell SOC;;1.000000;0.000000;%;4
2549;4;5136;F32;;Cell 504 - Cell SOH;;1.000000;0.000000;%;4
2550;4;5138;F32;;Cell 504 - Cell Resistance;;1.000000;0.000000;Ω;4
2551;4;5140;F32;;Cell 505 - Cell Voltage;;1.000000;0.000000;V;4
2552;4;5142;F32;;Cell 505 - Cell Temperature;;1.000000;0.000000;°C;4
2553;4;5144;F32;;Cell 505 - Cell SOC;;1.000000;0.000000;%;4
2554;4;5146;F32;;Cell 505 - Cell SOH;;1.000000;0.000000;%;4
2555;4;5148;F32;;Cell 505 - Cell Resistance;;1.000000;0.000000;Ω;4
2556;4;5150;F32;;Cell 506 - Cell Voltage;;1.000000;0.000000;V;4
2557;4;5152;F32;;Cell 506 - Cell Temperature;;1.000000;0.000000;°C;4
2558;4;5154;F32;;Cell 506 - Cell SOC;;1.000000;0.000000;%;4
2559;4;5156;F32;;Cell 506 - Cell SOH;;1.000000;0.000000;%;4
2560;4;5158;F32;;Cell 506 - Cell Resistance;;1.000000;0.000000;Ω;4
2561;4;5160;F32;;Cell 507 - Cell Voltage;;1.000000;0.000000;V;4
2562;4;5162;F32;;Cell 507 - Cell Temperature;;1.000000;0.000000;°C;4
2563;4;5164;F32;;Cell 507 - Cell SOC;;1.000000;0.000000;%;4
2564;4;5166;F32;;Cell 507 - Cell SOH;;1.000000;0.000000;%;4
2565;4;5168;F32;;Cell 507 - Cell Resistance;;1.000000;0.000000;Ω;4
2566;4;5170;F32;;Cell 508 - Cell Voltage;;1.000000;0.000000;V;4
2567;4;5172;F32;;Cell 508 - Cell Temperature;;1.000000;0.000000;°C;4
2568;4;5174;F32;;Cell 508 - Cell SOC;;1.000000;0.000000;%;4
2569;4;5176;F32;;Cell 508 - Cell SOH;;1.000000;0.000000;%;4
2570;4;5178;F32;;Cell 508 - Cell Resistance;;1.000000;0.000000;Ω;4
2571;4;5180;F32;;Cell 509 - Cell Voltage;;1.000000;0.000000;V;4
2572;4;5182;F32;;Cell 509 - Cell Temperature;;1.000000;0.000000;°C;4
2573;4;5184;F32;;Cell 509 - Cell SOC;;1.000000;0.000000;%;4
2574;4;5186;F32;;Cell 509 - Cell SOH;;1.000000;0.000000;%;4
2575;4;5188;F32;;Cell 509 - Cell Resistance;;1.000000;0.000000;Ω;4
2576;4;5190;F32;;Cell 510 - Cell Voltage;;1.000000;0.000000;V;4
2577;4;5192;F32;;Cell 510 - Cell Temperature;;1.000000;0.000000;°C;4
2578;4;5194;F32;;Cell 510 - Cell SOC;;1.000000;0.000000;%;4
2579;4;5196;F32;;Cell 510 - Cell SOH;;1.000000;0.000000;%;4
2580;4;5198;F32;;Cell 510 - Cell Resistance;;1.000000;0.000000;Ω;4
2581;4;5200;F32;;Cell 511 - Cell Voltage;;1.000000;0.000000;V;4
2582;4;5202;F32;;Cell 511 - Cell Temperature;;1.000000;0.000000;°C;4
2583;4;5204;F32;;Cell 511 - Cell SOC;;1.000000;0.000000;%;4
2584;4;5206;F32;;Cell 511 - Cell SOH;;1.000000;0.000000;%;4
2585;4;5208;F32;;Cell 511 - Cell Resistance;;1.000000;0.000000;Ω;4
2586;4;5210;F32;;Cell 512 - Cell Voltage;;1.000000;0.000000;V;4
2587;4;5212;F32;;Cell 512 - Cell Temperature;;1.000000;0.000000;°C;4
2588;4;5214;F32;;Cell 512 - Cell SOC;;1.000000;0.000000;%;4
2589;4;5216;F32;;Cell 512 - Cell SOH;;1.000000;0.000000;%;4
2590;4;5218;F32;;Cell 512 - Cell Resistance;;1.000000;0.000000;Ω;4
2591;4;5220;F32;;Cell 513 - Cell Voltage;;1.000000;0.000000;V;4
2592;4;5222;F32;;Cell 513 - Cell Temperature;;1.000000;0.000000;°C;4
2593;4;5224;F32;;Cell 513 - Cell SOC;;1.000000;0.000000;%;4
2594;4;5226;F32;;Cell 513 - Cell SOH;;1.000000;0.000000;%;4
2595;4;5228;F32;;Cell 513 - Cell Resistance;;1.000000;0.000000;Ω;4
2596;4;5230;F32;;Cell 514 - Cell Voltage;;1.000000;0.000000;V;4
2597;4;5232;F32;;Cell 514 - Cell Temperature;;1.000000;0.000000;°C;4
2598;4;5234;F32;;Cell 514 - Cell SOC;;1.000000;0.000000;%;4
2599;4;5236;F32;;Cell 514 - Cell SOH;;1.000000;0.000000;%;4
2600;4;5238;F32;;Cell 514 - Cell Resistance;;1.000000;0.000000;Ω;4
2601;4;5240;F32;;Cell 515 - Cell Voltage;;1.000000;0.000000;V;4
2602;4;5242;F32;;Cell 515 - Cell Temperature;;1.000000;0.000000;°C;4
2603;4;5244;F32;;Cell 515 - Cell SOC;;1.000000;0.000000;%;4
2604;4;5246;F32;;Cell 515 - Cell SOH;;1.000000;0.000000;%;4
2605;4;5248;F32;;Cell 515 - Cell Resistance;;1.000000;0.000000;Ω;4
2606;4;5250;F32;;Cell 516 - Cell Voltage;;1.000000;0.000000;V;4
2607;4;5252;F32;;Cell 516 - Cell Temperature;;1.000000;0.000000;°C;4
2608;4;5254;F32;;Cell 516 - Cell SOC;;1.000000;0.000000;%;4
2609;4;5256;F32;;Cell 516 - Cell SOH;;1.000000;0.000000;%;4
2610;4;5258;F32;;Cell 516 - Cell Resistance;;1.000000;0.000000;Ω;4
2611;4;5260;F32;;Cell 517 - Cell Voltage;;1.000000;0.000000;V;4
2612;4;5262;F32;;Cell 517 - Cell Temperature;;1.000000;0.000000;°C;4
2613;4;5264;F32;;Cell 517 - Cell SOC;;1.000000;0.000000;%;4
2614;4;5266;F32;;Cell 517 - Cell SOH;;1.000000;0.000000;%;4
2615;4;5268;F32;;Cell 517 - Cell Resistance;;1.000000;0.000000;Ω;4
2616;4;5270;F32;;Cell 518 - Cell Voltage;;1.000000;0.000000;V;4
2617;4;5272;F32;;Cell 518 - Cell Temperature;;1.000000;0.000000;°C;4
2618;4;5274;F32;;Cell 518 - Cell SOC;;1.000000;0.000000;%;4
2619;4;5276;F32;;Cell 518 - Cell SOH;;1.000000;0.000000;%;4
2620;4;5278;F32;;Cell 518 - Cell Resistance;;1.000000;0.000000;Ω;4
2621;4;5280;F32;;Cell 519 - Cell Voltage;;1.000000;0.000000;V;4
2622;4;5282;F32;;Cell 519 - Cell Temperature;;1.000000;0.000000;°C;4
2623;4;5284;F32;;Cell 519 - Cell SOC;;1.000000;0.000000;%;4
2624;4;5286;F32;;Cell 519 - Cell SOH;;1.000000;0.000000;%;4
2625;4;5288;F32;;Cell 519 - Cell Resistance;;1.000000;0.000000;Ω;4
2626;4;5290;F32;;Cell 520 - Cell Voltage;;1.000000;0.000000;V;4
2627;4;5292;F32;;Cell 520 - Cell Temperature;;1.000000;0.000000;°C;4
2628;4;5294;F32;;Cell 520 - Cell SOC;;1.000000;0.000000;%;4
2629;4;5296;F32;;Cell 520 - Cell SOH;;1.000000;0.000000;%;4
2630;4;5298;F32;;Cell 520 - Cell Resistance;;1.000000;0.000000;Ω;4
2631;4;5300;F32;;Cell 521 - Cell Voltage;;1.000000;0.000000;V;4
2632;4;5302;F32;;Cell 521 - Cell Temperature;;1.000000;0.000000;°C;4
2633;4;5304;F32;;Cell 521 - Cell SOC;;1.000000;0.000000;%;4
2634;4;5306;F32;;Cell 521 - Cell SOH;;1.000000;0.000000;%;4
2635;4;5308;F32;;Cell 521 - Cell Resistance;;1.000000;0.000000;Ω;4
2636;4;5310;F32;;Cell 522 - Cell Voltage;;1.000000;0.000000;V;4
2637;4;5312;F32;;Cell 522 - Cell Temperature;;1.000000;0.000000;°C;4
2638;4;5314;F32;;Cell 522 - Cell SOC;;1.000000;0.000000;%;4
2639;4;5316;F32;;Cell 522 - Cell SOH;;1.000000;0.000000;%;4
2640;4;5318;F32;;Cell 522 - Cell Resistance;;1.000000;0.000000;Ω;4
2641;4;5320;F32;;Cell 523 - Cell Voltage;;1.000000;0.000000;V;4
2642;4;5322;F32;;Cell 523 - Cell Temperature;;1.000000;0.000000;°C;4
2643;4;5324;F32;;Cell 523 - Cell SOC;;1.000000;0.000000;%;4
2644;4;5326;F32;;Cell 523 - Cell SOH;;1.000000;0.000000;%;4
2645;4;5328;F32;;Cell 523 - Cell Resistance;;1.000000;0.000000;Ω;4
2646;4;5330;F32;;Cell 524 - Cell Voltage;;1.000000;0.000000;V;4
2647;4;5332;F32;;Cell 524 - Cell Temperature;;1.000000;0.000000;°C;4
2648;4;5334;F32;;Cell 524 - Cell SOC;;1.000000;0.000000;%;4
2649;4;5336;F32;;Cell 524 - Cell SOH;;1.000000;0.000000;%;4
2650;4;5338;F32;;Cell 524 - Cell Resistance;;1.000000;0.000000;Ω;4
2651;4;5340;F32;;Cell 525 - Cell Voltage;;1.000000;0.000000;V;4
2652;4;5342;F32;;Cell 525 - Cell Temperature;;1.000000;0.000000;°C;4
2653;4;5344;F32;;Cell 525 - Cell SOC;;1.000000;0.000000;%;4
2654;4;5346;F32;;Cell 525 - Cell SOH;;1.000000;0.000000;%;4
2655;4;5348;F32;;Cell 525 - Cell Resistance;;1.000000;0.000000;Ω;4
2656;4;5350;F32;;Cell 526 - Cell Voltage;;1.000000;0.000000;V;4
2657;4;5352;F32;;Cell 526 - Cell Temperature;;1.000000;0.000000;°C;4
2658;4;5354;F32;;Cell 526 - Cell SOC;;1.000000;0.000000;%;4
2659;4;5356;F32;;Cell 526 - Cell SOH;;1.000000;0.000000;%;4
2660;4;5358;F32;;Cell 526 - Cell Resistance;;1.000000;0.000000;Ω;4
2661;4;5360;F32;;Cell 527 - Cell Voltage;;1.000000;0.000000;V;4
2662;4;5362;F32;;Cell 527 - Cell Temperature;;1.000000;0.000000;°C;4
2663;4;5364;F32;;Cell 527 - Cell SOC;;1.000000;0.000000;%;4
2664;4;5366;F32;;Cell 527 - Cell SOH;;1.000000;0.000000;%;4
2665;4;5368;F32;;Cell 527 - Cell Resistance;;1.000000;0.000000;Ω;4
2666;4;5370;F32;;Cell 528 - Cell Voltage;;1.000000;0.000000;V;4
2667;4;5372;F32;;Cell 528 - Cell Temperature;;1.000000;0.000000;°C;4
2668;4;5374;F32;;Cell 528 - Cell SOC;;1.000000;0.000000;%;4
2669;4;5376;F32;;Cell 528 - Cell SOH;;1.000000;0.000000;%;4
2670;4;5378;F32;;Cell 528 - Cell Resistance;;1.000000;0.000000;Ω;4
2671;4;5380;F32;;Cell 529 - Cell Voltage;;1.000000;0.000000;V;4
2672;4;5382;F32;;Cell 529 - Cell Temperature;;1.000000;0.000000;°C;4
2673;4;5384;F32;;Cell 529 - Cell SOC;;1.000000;0.000000;%;4
2674;4;5386;F32;;Cell 529 - Cell SOH;;1.000000;0.000000;%;4
2675;4;5388;F32;;Cell 529 - Cell Resistance;;1.000000;0.000000;Ω;4
2676;4;5390;F32;;Cell 530 - Cell Voltage;;1.000000;0.000000;V;4
2677;4;5392;F32;;Cell 530 - Cell Temperature;;1.000000;0.000000;°C;4
2678;4;5394;F32;;Cell 530 - Cell SOC;;1.000000;0.000000;%;4
2679;4;5396;F32;;Cell 530 - Cell SOH;;1.000000;0.000000;%;4
2680;4;5398;F32;;Cell 530 - Cell Resistance;;1.000000;0.000000;Ω;4
2681;4;5400;F32;;Cell 531 - Cell Voltage;;1.000000;0.000000;V;4
2682;4;5402;F32;;Cell 531 - Cell Temperature;;1.000000;0.000000;°C;4
2683;4;5404;F32;;Cell 531 - Cell SOC;;1.000000;0.000000;%;4
2684;4;5406;F32;;Cell 531 - Cell SOH;;1.000000;0.000000;%;4
2685;4;5408;F32;;Cell 531 - Cell Resistance;;1.000000;0.000000;Ω;4
2686;4;5410;F32;;Cell 532 - Cell Voltage;;1.000000;0.000000;V;4
2687;4;5412;F32;;Cell 532 - Cell Temperature;;1.000000;0.000000;°C;4
2688;4;5414;F32;;Cell 532 - Cell SOC;;1.000000;0.000000;%;4
2689;4;5416;F32;;Cell 532 - Cell SOH;;1.000000;0.000000;%;4
2690;4;5418;F32;;Cell 532 - Cell Resistance;;1.000000;0.000000;Ω;4
2691;4;5420;F32;;Cell 533 - Cell Voltage;;1.000000;0.000000;V;4
2692;4;5422;F32;;Cell 533 - Cell Temperature;;1.000000;0.000000;°C;4
2693;4;5424;F32;;Cell 533 - Cell SOC;;1.000000;0.000000;%;4
2694;4;5426;F32;;Cell 533 - Cell SOH;;1.000000;0.000000;%;4
2695;4;5428;F32;;Cell 533 - Cell Resistance;;1.000000;0.000000;Ω;4
2696;4;5430;F32;;Cell 534 - Cell Voltage;;1.000000;0.000000;V;4
2697;4;5432;F32;;Cell 534 - Cell Temperature;;1.000000;0.000000;°C;4
2698;4;5434;F32;;Cell 534 - Cell SOC;;1.000000;0.000000;%;4
2699;4;5436;F32;;Cell 534 - Cell SOH;;1.000000;0.000000;%;4
2700;4;5438;F32;;Cell 534 - Cell Resistance;;1.000000;0.000000;Ω;4
2701;4;5440;F32;;Cell 535 - Cell Voltage;;1.000000;0.000000;V;4
2702;4;5442;F32;;Cell 535 - Cell Temperature;;1.000000;0.000000;°C;4
2703;4;5444;F32;;Cell 535 - Cell SOC;;1.000000;0.000000;%;4
2704;4;5446;F32;;Cell 535 - Cell SOH;;1.000000;0.000000;%;4
2705;4;5448;F32;;Cell 535 - Cell Resistance;;1.000000;0.000000;Ω;4
2706;4;5450;F32;;Cell 536 - Cell Voltage;;1.000000;0.000000;V;4
2707;4;5452;F32;;Cell 536 - Cell Temperature;;1.000000;0.000000;°C;4
2708;4;5454;F32;;Cell 536 - Cell SOC;;1.000000;0.000000;%;4
2709;4;5456;F32;;Cell 536 - Cell SOH;;1.000000;0.000000;%;4
2710;4;5458;F32;;Cell 536 - Cell Resistance;;1.000000;0.000000;Ω;4
2711;4;5460;F32;;Cell 537 - Cell Voltage;;1.000000;0.000000;V;4
2712;4;5462;F32;;Cell 537 - Cell Temperature;;1.000000;0.000000;°C;4
2713;4;5464;F32;;Cell 537 - Cell SOC;;1.000000;0.000000;%;4
2714;4;5466;F32;;Cell 537 - Cell SOH;;1.000000;0.000000;%;4
2715;4;5468;F32;;Cell 537 - Cell Resistance;;1.000000;0.000000;Ω;4
2716;4;5470;F32;;Cell 538 - Cell Voltage;;1.000000;0.000000;V;4
2717;4;5472;F32;;Cell 538 - Cell Temperature;;1.000000;0.000000;°C;4
2718;4;5474;F32;;Cell 538 - Cell SOC;;1.000000;0.000000;%;4
2719;4;5476;F32;;Cell 538 - Cell SOH;;1.000000;0.000000;%;4
2720;4;5478;F32;;Cell 538 - Cell Resistance;;1.000000;0.000000;Ω;4
2721;4;5480;F32;;Cell 539 - Cell Voltage;;1.000000;0.000000;V;4
2722;4;5482;F32;;Cell 539 - Cell Temperature;;1.000000;0.000000;°C;4
2723;4;5484;F32;;Cell 539 - Cell SOC;;1.000000;0.000000;%;4
2724;4;5486;F32;;Cell 539 - Cell SOH;;1.000000;0.000000;%;4
2725;4;5488;F32;;Cell 539 - Cell Resistance;;1.000000;0.000000;Ω;4
2726;4;5490;F32;;Cell 540 - Cell Voltage;;1.000000;0.000000;V;4
2727;4;5492;F32;;Cell 540 - Cell Temperature;;1.000000;0.000000;°C;4
2728;4;5494;F32;;Cell 540 - Cell SOC;;1.000000;0.000000;%;4
2729;4;5496;F32;;Cell 540 - Cell SOH;;1.000000;0.000000;%;4
2730;4;5498;F32;;Cell 540 - Cell Resistance;;1.000000;0.000000;Ω;4
2731;4;5500;F32;;Cell 541 - Cell Voltage;;1.000000;0.000000;V;4
2732;4;5502;F32;;Cell 541 - Cell Temperature;;1.000000;0.000000;°C;4
2733;4;5504;F32;;Cell 541 - Cell SOC;;1.000000;0.000000;%;4
2734;4;5506;F32;;Cell 541 - Cell SOH;;1.000000;0.000000;%;4
2735;4;5508;F32;;Cell 541 - Cell Resistance;;1.000000;0.000000;Ω;4
2736;4;5510;F32;;Cell 542 - Cell Voltage;;1.000000;0.000000;V;4
2737;4;5512;F32;;Cell 542 - Cell Temperature;;1.000000;0.000000;°C;4
2738;4;5514;F32;;Cell 542 - Cell SOC;;1.000000;0.000000;%;4
2739;4;5516;F32;;Cell 542 - Cell SOH;;1.000000;0.000000;%;4
2740;4;5518;F32;;Cell 542 - Cell Resistance;;1.000000;0.000000;Ω;4
2741;4;5520;F32;;Cell 543 - Cell Voltage;;1.000000;0.000000;V;4
2742;4;5522;F32;;Cell 543 - Cell Temperature;;1.000000;0.000000;°C;4
2743;4;5524;F32;;Cell 543 - Cell SOC;;1.000000;0.000000;%;4
2744;4;5526;F32;;Cell 543 - Cell SOH;;1.000000;0.000000;%;4
2745;4;5528;F32;;Cell 543 - Cell Resistance;;1.000000;0.000000;Ω;4
2746;4;5530;F32;;Cell 544 - Cell Voltage;;1.000000;0.000000;V;4
2747;4;5532;F32;;Cell 544 - Cell Temperature;;1.000000;0.000000;°C;4
2748;4;5534;F32;;Cell 544 - Cell SOC;;1.000000;0.000000;%;4
2749;4;5536;F32;;Cell 544 - Cell SOH;;1.000000;0.000000;%;4
2750;4;5538;F32;;Cell 544 - Cell Resistance;;1.000000;0.000000;Ω;4
2751;4;5540;F32;;Cell 545 - Cell Voltage;;1.000000;0.000000;V;4
2752;4;5542;F32;;Cell 545 - Cell Temperature;;1.000000;0.000000;°C;4
2753;4;5544;F32;;Cell 545 - Cell SOC;;1.000000;0.000000;%;4
2754;4;5546;F32;;Cell 545 - Cell SOH;;1.000000;0.000000;%;4
2755;4;5548;F32;;Cell 545 - Cell Resistance;;1.000000;0.000000;Ω;4
2756;4;5550;F32;;Cell 546 - Cell Voltage;;1.000000;0.000000;V;4
2757;4;5552;F32;;Cell 546 - Cell Temperature;;1.000000;0.000000;°C;4
2758;4;5554;F32;;Cell 546 - Cell SOC;;1.000000;0.000000;%;4
2759;4;5556;F32;;Cell 546 - Cell SOH;;1.000000;0.000000;%;4
2760;4;5558;F32;;Cell 546 - Cell Resistance;;1.000000;0.000000;Ω;4
2761;4;5560;F32;;Cell 547 - Cell Voltage;;1.000000;0.000000;V;4
2762;4;5562;F32;;Cell 547 - Cell Temperature;;1.000000;0.000000;°C;4
2763;4;5564;F32;;Cell 547 - Cell SOC;;1.000000;0.000000;%;4
2764;4;5566;F32;;Cell 547 - Cell SOH;;1.000000;0.000000;%;4
2765;4;5568;F32;;Cell 547 - Cell Resistance;;1.000000;0.000000;Ω;4
2766;4;5570;F32;;Cell 548 - Cell Voltage;;1.000000;0.000000;V;4
2767;4;5572;F32;;Cell 548 - Cell Temperature;;1.000000;0.000000;°C;4
2768;4;5574;F32;;Cell 548 - Cell SOC;;1.000000;0.000000;%;4
2769;4;5576;F32;;Cell 548 - Cell SOH;;1.000000;0.000000;%;4
2770;4;5578;F32;;Cell 548 - Cell Resistance;;1.000000;0.000000;Ω;4
2771;4;5580;F32;;Cell 549 - Cell Voltage;;1.000000;0.000000;V;4
2772;4;5582;F32;;Cell 549 - Cell Temperature;;1.000000;0.000000;°C;4
2773;4;5584;F32;;Cell 549 - Cell SOC;;1.000000;0.000000;%;4
2774;4;5586;F32;;Cell 549 - Cell SOH;;1.000000;0.000000;%;4
2775;4;5588;F32;;Cell 549 - Cell Resistance;;1.000000;0.000000;Ω;4
2776;4;5590;F32;;Cell 550 - Cell Voltage;;1.000000;0.000000;V;4
2777;4;5592;F32;;Cell 550 - Cell Temperature;;1.000000;0.000000;°C;4
2778;4;5594;F32;;Cell 550 - Cell SOC;;1.000000;0.000000;%;4
2779;4;5596;F32;;Cell 550 - Cell SOH;;1.000000;0.000000;%;4
2780;4;5598;F32;;Cell 550 - Cell Resistance;;1.000000;0.000000;Ω;4
2781;4;5600;F32;;Cell 551 - Cell Voltage;;1.000000;0.000000;V;4
2782;4;5602;F32;;Cell 551 - Cell Temperature;;1.000000;0.000000;°C;4
2783;4;5604;F32;;Cell 551 - Cell SOC;;1.000000;0.000000;%;4
2784;4;5606;F32;;Cell 551 - Cell SOH;;1.000000;0.000000;%;4
2785;4;5608;F32;;Cell 551 - Cell Resistance;;1.000000;0.000000;Ω;4
2786;4;5610;F32;;Cell 552 - Cell Voltage;;1.000000;0.000000;V;4
2787;4;5612;F32;;Cell 552 - Cell Temperature;;1.000000;0.000000;°C;4
2788;4;5614;F32;;Cell 552 - Cell SOC;;1.000000;0.000000;%;4
2789;4;5616;F32;;Cell 552 - Cell SOH;;1.000000;0.000000;%;4
2790;4;5618;F32;;Cell 552 - Cell Resistance;;1.000000;0.000000;Ω;4
2791;4;5620;F32;;Cell 553 - Cell Voltage;;1.000000;0.000000;V;4
2792;4;5622;F32;;Cell 553 - Cell Temperature;;1.000000;0.000000;°C;4
2793;4;5624;F32;;Cell 553 - Cell SOC;;1.000000;0.000000;%;4
2794;4;5626;F32;;Cell 553 - Cell SOH;;1.000000;0.000000;%;4
2795;4;5628;F32;;Cell 553 - Cell Resistance;;1.000000;0.000000;Ω;4
2796;4;5630;F32;;Cell 554 - Cell Voltage;;1.000000;0.000000;V;4
2797;4;5632;F32;;Cell 554 - Cell Temperature;;1.000000;0.000000;°C;4
2798;4;5634;F32;;Cell 554 - Cell SOC;;1.000000;0.000000;%;4
2799;4;5636;F32;;Cell 554 - Cell SOH;;1.000000;0.000000;%;4
2800;4;5638;F32;;Cell 554 - Cell Resistance;;1.000000;0.000000;Ω;4
2801;4;5640;F32;;Cell 555 - Cell Voltage;;1.000000;0.000000;V;4
2802;4;5642;F32;;Cell 555 - Cell Temperature;;1.000000;0.000000;°C;4
2803;4;5644;F32;;Cell 555 - Cell SOC;;1.000000;0.000000;%;4
2804;4;5646;F32;;Cell 555 - Cell SOH;;1.000000;0.000000;%;4
2805;4;5648;F32;;Cell 555 - Cell Resistance;;1.000000;0.000000;Ω;4
2806;4;5650;F32;;Cell 556 - Cell Voltage;;1.000000;0.000000;V;4
2807;4;5652;F32;;Cell 556 - Cell Temperature;;1.000000;0.000000;°C;4
2808;4;5654;F32;;Cell 556 - Cell SOC;;1.000000;0.000000;%;4
2809;4;5656;F32;;Cell 556 - Cell SOH;;1.000000;0.000000;%;4
2810;4;5658;F32;;Cell 556 - Cell Resistance;;1.000000;0.000000;Ω;4
2811;4;5660;F32;;Cell 557 - Cell Voltage;;1.000000;0.000000;V;4
2812;4;5662;F32;;Cell 557 - Cell Temperature;;1.000000;0.000000;°C;4
2813;4;5664;F32;;Cell 557 - Cell SOC;;1.000000;0.000000;%;4
2814;4;5666;F32;;Cell 557 - Cell SOH;;1.000000;0.000000;%;4
2815;4;5668;F32;;Cell 557 - Cell Resistance;;1.000000;0.000000;Ω;4
2816;4;5670;F32;;Cell 558 - Cell Voltage;;1.000000;0.000000;V;4
2817;4;5672;F32;;Cell 558 - Cell Temperature;;1.000000;0.000000;°C;4
2818;4;5674;F32;;Cell 558 - Cell SOC;;1.000000;0.000000;%;4
2819;4;5676;F32;;Cell 558 - Cell SOH;;1.000000;0.000000;%;4
2820;4;5678;F32;;Cell 558 - Cell Resistance;;1.000000;0.000000;Ω;4
2821;4;5680;F32;;Cell 559 - Cell Voltage;;1.000000;0.000000;V;4
2822;4;5682;F32;;Cell 559 - Cell Temperature;;1.000000;0.000000;°C;4
2823;4;5684;F32;;Cell 559 - Cell SOC;;1.000000;0.000000;%;4
2824;4;5686;F32;;Cell 559 - Cell SOH;;1.000000;0.000000;%;4
2825;4;5688;F32;;Cell 559 - Cell Resistance;;1.000000;0.000000;Ω;4
2826;4;5690;F32;;Cell 560 - Cell Voltage;;1.000000;0.000000;V;4
2827;4;5692;F32;;Cell 560 - Cell Temperature;;1.000000;0.000000;°C;4
2828;4;5694;F32;;Cell 560 - Cell SOC;;1.000000;0.000000;%;4
2829;4;5696;F32;;Cell 560 - Cell SOH;;1.000000;0.000000;%;4
2830;4;5698;F32;;Cell 560 - Cell Resistance;;1.000000;0.000000;Ω;4
2831;4;5700;F32;;Cell 561 - Cell Voltage;;1.000000;0.000000;V;4
2832;4;5702;F32;;Cell 561 - Cell Temperature;;1.000000;0.000000;°C;4
2833;4;5704;F32;;Cell 561 - Cell SOC;;1.000000;0.000000;%;4
2834;4;5706;F32;;Cell 561 - Cell SOH;;1.000000;0.000000;%;4
2835;4;5708;F32;;Cell 561 - Cell Resistance;;1.000000;0.000000;Ω;4
2836;4;5710;F32;;Cell 562 - Cell Voltage;;1.000000;0.000000;V;4
2837;4;5712;F32;;Cell 562 - Cell Temperature;;1.000000;0.000000;°C;4
2838;4;5714;F32;;Cell 562 - Cell SOC;;1.000000;0.000000;%;4
2839;4;5716;F32;;Cell 562 - Cell SOH;;1.000000;0.000000;%;4
2840;4;5718;F32;;Cell 562 - Cell Resistance;;1.000000;0.000000;Ω;4
2841;4;5720;F32;;Cell 563 - Cell Voltage;;1.000000;0.000000;V;4
2842;4;5722;F32;;Cell 563 - Cell Temperature;;1.000000;0.000000;°C;4
2843;4;5724;F32;;Cell 563 - Cell SOC;;1.000000;0.000000;%;4
2844;4;5726;F32;;Cell 563 - Cell SOH;;1.000000;0.000000;%;4
2845;4;5728;F32;;Cell 563 - Cell Resistance;;1.000000;0.000000;Ω;4
2846;4;5730;F32;;Cell 564 - Cell Voltage;;1.000000;0.000000;V;4
2847;4;5732;F32;;Cell 564 - Cell Temperature;;1.000000;0.000000;°C;4
2848;4;5734;F32;;Cell 564 - Cell SOC;;1.000000;0.000000;%;4
2849;4;5736;F32;;Cell 564 - Cell SOH;;1.000000;0.000000;%;4
2850;4;5738;F32;;Cell 564 - Cell Resistance;;1.000000;0.000000;Ω;4
2851;4;5740;F32;;Cell 565 - Cell Voltage;;1.000000;0.000000;V;4
2852;4;5742;F32;;Cell 565 - Cell Temperature;;1.000000;0.000000;°C;4
2853;4;5744;F32;;Cell 565 - Cell SOC;;1.000000;0.000000;%;4
2854;4;5746;F32;;Cell 565 - Cell SOH;;1.000000;0.000000;%;4
2855;4;5748;F32;;Cell 565 - Cell Resistance;;1.000000;0.000000;Ω;4
2856;4;5750;F32;;Cell 566 - Cell Voltage;;1.000000;0.000000;V;4
2857;4;5752;F32;;Cell 566 - Cell Temperature;;1.000000;0.000000;°C;4
2858;4;5754;F32;;Cell 566 - Cell SOC;;1.000000;0.000000;%;4
2859;4;5756;F32;;Cell 566 - Cell SOH;;1.000000;0.000000;%;4
2860;4;5758;F32;;Cell 566 - Cell Resistance;;1.000000;0.000000;Ω;4
2861;4;5760;F32;;Cell 567 - Cell Voltage;;1.000000;0.000000;V;4
2862;4;5762;F32;;Cell 567 - Cell Temperature;;1.000000;0.000000;°C;4
2863;4;5764;F32;;Cell 567 - Cell SOC;;1.000000;0.000000;%;4
2864;4;5766;F32;;Cell 567 - Cell SOH;;1.000000;0.000000;%;4
2865;4;5768;F32;;Cell 567 - Cell Resistance;;1.000000;0.000000;Ω;4
2866;4;5770;F32;;Cell 568 - Cell Voltage;;1.000000;0.000000;V;4
2867;4;5772;F32;;Cell 568 - Cell Temperature;;1.000000;0.000000;°C;4
2868;4;5774;F32;;Cell 568 - Cell SOC;;1.000000;0.000000;%;4
2869;4;5776;F32;;Cell 568 - Cell SOH;;1.000000;0.000000;%;4
2870;4;5778;F32;;Cell 568 - Cell Resistance;;1.000000;0.000000;Ω;4
2871;4;5780;F32;;Cell 569 - Cell Voltage;;1.000000;0.000000;V;4
2872;4;5782;F32;;Cell 569 - Cell Temperature;;1.000000;0.000000;°C;4
2873;4;5784;F32;;Cell 569 - Cell SOC;;1.000000;0.000000;%;4
2874;4;5786;F32;;Cell 569 - Cell SOH;;1.000000;0.000000;%;4
2875;4;5788;F32;;Cell 569 - Cell Resistance;;1.000000;0.000000;Ω;4
2876;4;5790;F32;;Cell 570 - Cell Voltage;;1.000000;0.000000;V;4
2877;4;5792;F32;;Cell 570 - Cell Temperature;;1.000000;0.000000;°C;4
2878;4;5794;F32;;Cell 570 - Cell SOC;;1.000000;0.000000;%;4
2879;4;5796;F32;;Cell 570 - Cell SOH;;1.000000;0.000000;%;4
2880;4;5798;F32;;Cell 570 - Cell Resistance;;1.000000;0.000000;Ω;4
2881;4;5800;F32;;Cell 571 - Cell Voltage;;1.000000;0.000000;V;4
2882;4;5802;F32;;Cell 571 - Cell Temperature;;1.000000;0.000000;°C;4
2883;4;5804;F32;;Cell 571 - Cell SOC;;1.000000;0.000000;%;4
2884;4;5806;F32;;Cell 571 - Cell SOH;;1.000000;0.000000;%;4
2885;4;5808;F32;;Cell 571 - Cell Resistance;;1.000000;0.000000;Ω;4
2886;4;5810;F32;;Cell 572 - Cell Voltage;;1.000000;0.000000;V;4
2887;4;5812;F32;;Cell 572 - Cell Temperature;;1.000000;0.000000;°C;4
2888;4;5814;F32;;Cell 572 - Cell SOC;;1.000000;0.000000;%;4
2889;4;5816;F32;;Cell 572 - Cell SOH;;1.000000;0.000000;%;4
2890;4;5818;F32;;Cell 572 - Cell Resistance;;1.000000;0.000000;Ω;4
2891;4;5820;F32;;Cell 573 - Cell Voltage;;1.000000;0.000000;V;4
2892;4;5822;F32;;Cell 573 - Cell Temperature;;1.000000;0.000000;°C;4
2893;4;5824;F32;;Cell 573 - Cell SOC;;1.000000;0.000000;%;4
2894;4;5826;F32;;Cell 573 - Cell SOH;;1.000000;0.000000;%;4
2895;4;5828;F32;;Cell 573 - Cell Resistance;;1.000000;0.000000;Ω;4
2896;4;5830;F32;;Cell 574 - Cell Voltage;;1.000000;0.000000;V;4
2897;4;5832;F32;;Cell 574 - Cell Temperature;;1.000000;0.000000;°C;4
2898;4;5834;F32;;Cell 574 - Cell SOC;;1.000000;0.000000;%;4
2899;4;5836;F32;;Cell 574 - Cell SOH;;1.000000;0.000000;%;4
2900;4;5838;F32;;Cell 574 - Cell Resistance;;1.000000;0.000000;Ω;4
2901;4;5840;F32;;Cell 575 - Cell Voltage;;1.000000;0.000000;V;4
2902;4;5842;F32;;Cell 575 - Cell Temperature;;1.000000;0.000000;°C;4
2903;4;5844;F32;;Cell 575 - Cell SOC;;1.000000;0.000000;%;4
2904;4;5846;F32;;Cell 575 - Cell SOH;;1.000000;0.000000;%;4
2905;4;5848;F32;;Cell 575 - Cell Resistance;;1.000000;0.000000;Ω;4
2906;4;5850;F32;;Cell 576 - Cell Voltage;;1.000000;0.000000;V;4
2907;4;5852;F32;;Cell 576 - Cell Temperature;;1.000000;0.000000;°C;4
2908;4;5854;F32;;Cell 576 - Cell SOC;;1.000000;0.000000;%;4
2909;4;5856;F32;;Cell 576 - Cell SOH;;1.000000;0.000000;%;4
2910;4;5858;F32;;Cell 576 - Cell Resistance;;1.000000;0.000000;Ω;4
2911;4;5860;F32;;Cell 577 - Cell Voltage;;1.000000;0.000000;V;4
2912;4;5862;F32;;Cell 577 - Cell Temperature;;1.000000;0.000000;°C;4
2913;4;5864;F32;;Cell 577 - Cell SOC;;1.000000;0.000000;%;4
2914;4;5866;F32;;Cell 577 - Cell SOH;;1.000000;0.000000;%;4
2915;4;5868;F32;;Cell 577 - Cell Resistance;;1.000000;0.000000;Ω;4
2916;4;5870;F32;;Cell 578 - Cell Voltage;;1.000000;0.000000;V;4
2917;4;5872;F32;;Cell 578 - Cell Temperature;;1.000000;0.000000;°C;4
2918;4;5874;F32;;Cell 578 - Cell SOC;;1.000000;0.000000;%;4
2919;4;5876;F32;;Cell 578 - Cell SOH;;1.000000;0.000000;%;4
2920;4;5878;F32;;Cell 578 - Cell Resistance;;1.000000;0.000000;Ω;4
2921;4;5880;F32;;Cell 579 - Cell Voltage;;1.000000;0.000000;V;4
2922;4;5882;F32;;Cell 579 - Cell Temperature;;1.000000;0.000000;°C;4
2923;4;5884;F32;;Cell 579 - Cell SOC;;1.000000;0.000000;%;4
2924;4;5886;F32;;Cell 579 - Cell SOH;;1.000000;0.000000;%;4
2925;4;5888;F32;;Cell 579 - Cell Resistance;;1.000000;0.000000;Ω;4
2926;4;5890;F32;;Cell 580 - Cell Voltage;;1.000000;0.000000;V;4
2927;4;5892;F32;;Cell 580 - Cell Temperature;;1.000000;0.000000;°C;4
2928;4;5894;F32;;Cell 580 - Cell SOC;;1.000000;0.000000;%;4
2929;4;5896;F32;;Cell 580 - Cell SOH;;1.000000;0.000000;%;4
2930;4;5898;F32;;Cell 580 - Cell Resistance;;1.000000;0.000000;Ω;4
2931;4;5900;F32;;Cell 581 - Cell Voltage;;1.000000;0.000000;V;4
2932;4;5902;F32;;Cell 581 - Cell Temperature;;1.000000;0.000000;°C;4
2933;4;5904;F32;;Cell 581 - Cell SOC;;1.000000;0.000000;%;4
2934;4;5906;F32;;Cell 581 - Cell SOH;;1.000000;0.000000;%;4
2935;4;5908;F32;;Cell 581 - Cell Resistance;;1.000000;0.000000;Ω;4
2936;4;5910;F32;;Cell 582 - Cell Voltage;;1.000000;0.000000;V;4
2937;4;5912;F32;;Cell 582 - Cell Temperature;;1.000000;0.000000;°C;4
2938;4;5914;F32;;Cell 582 - Cell SOC;;1.000000;0.000000;%;4
2939;4;5916;F32;;Cell 582 - Cell SOH;;1.000000;0.000000;%;4
2940;4;5918;F32;;Cell 582 - Cell Resistance;;1.000000;0.000000;Ω;4
2941;4;5920;F32;;Cell 583 - Cell Voltage;;1.000000;0.000000;V;4
2942;4;5922;F32;;Cell 583 - Cell Temperature;;1.000000;0.000000;°C;4
2943;4;5924;F32;;Cell 583 - Cell SOC;;1.000000;0.000000;%;4
2944;4;5926;F32;;Cell 583 - Cell SOH;;1.000000;0.000000;%;4
2945;4;5928;F32;;Cell 583 - Cell Resistance;;1.000000;0.000000;Ω;4
2946;4;5930;F32;;Cell 584 - Cell Voltage;;1.000000;0.000000;V;4
2947;4;5932;F32;;Cell 584 - Cell Temperature;;1.000000;0.000000;°C;4
2948;4;5934;F32;;Cell 584 - Cell SOC;;1.000000;0.000000;%;4
2949;4;5936;F32;;Cell 584 - Cell SOH;;1.000000;0.000000;%;4
2950;4;5938;F32;;Cell 584 - Cell Resistance;;1.000000;0.000000;Ω;4
2951;4;5940;F32;;Cell 585 - Cell Voltage;;1.000000;0.000000;V;4
2952;4;5942;F32;;Cell 585 - Cell Temperature;;1.000000;0.000000;°C;4
2953;4;5944;F32;;Cell 585 - Cell SOC;;1.000000;0.000000;%;4
2954;4;5946;F32;;Cell 585 - Cell SOH;;1.000000;0.000000;%;4
2955;4;5948;F32;;Cell 585 - Cell Resistance;;1.000000;0.000000;Ω;4
2956;4;5950;F32;;Cell 586 - Cell Voltage;;1.000000;0.000000;V;4
2957;4;5952;F32;;Cell 586 - Cell Temperature;;1.000000;0.000000;°C;4
2958;4;5954;F32;;Cell 586 - Cell SOC;;1.000000;0.000000;%;4
2959;4;5956;F32;;Cell 586 - Cell SOH;;1.000000;0.000000;%;4
2960;4;5958;F32;;Cell 586 - Cell Resistance;;1.000000;0.000000;Ω;4
2961;4;5960;F32;;Cell 587 - Cell Voltage;;1.000000;0.000000;V;4
2962;4;5962;F32;;Cell 587 - Cell Temperature;;1.000000;0.000000;°C;4
2963;4;5964;F32;;Cell 587 - Cell SOC;;1.000000;0.000000;%;4
2964;4;5966;F32;;Cell 587 - Cell SOH;;1.000000;0.000000;%;4
2965;4;5968;F32;;Cell 587 - Cell Resistance;;1.000000;0.000000;Ω;4
2966;4;5970;F32;;Cell 588 - Cell Voltage;;1.000000;0.000000;V;4
2967;4;5972;F32;;Cell 588 - Cell Temperature;;1.000000;0.000000;°C;4
2968;4;5974;F32;;Cell 588 - Cell SOC;;1.000000;0.000000;%;4
2969;4;5976;F32;;Cell 588 - Cell SOH;;1.000000;0.000000;%;4
2970;4;5978;F32;;Cell 588 - Cell Resistance;;1.000000;0.000000;Ω;4
2971;4;5980;F32;;Cell 589 - Cell Voltage;;1.000000;0.000000;V;4
2972;4;5982;F32;;Cell 589 - Cell Temperature;;1.000000;0.000000;°C;4
2973;4;5984;F32;;Cell 589 - Cell SOC;;1.000000;0.000000;%;4
2974;4;5986;F32;;Cell 589 - Cell SOH;;1.000000;0.000000;%;4
2975;4;5988;F32;;Cell 589 - Cell Resistance;;1.000000;0.000000;Ω;4
2976;4;5990;F32;;Cell 590 - Cell Voltage;;1.000000;0.000000;V;4
2977;4;5992;F32;;Cell 590 - Cell Temperature;;1.000000;0.000000;°C;4
2978;4;5994;F32;;Cell 590 - Cell SOC;;1.000000;0.000000;%;4
2979;4;5996;F32;;Cell 590 - Cell SOH;;1.000000;0.000000;%;4
2980;4;5998;F32;;Cell 590 - Cell Resistance;;1.000000;0.000000;Ω;4
2981;4;6000;F32;;Cell 591 - Cell Voltage;;1.000000;0.000000;V;4
2982;4;6002;F32;;Cell 591 - Cell Temperature;;1.000000;0.000000;°C;4
2983;4;6004;F32;;Cell 591 - Cell SOC;;1.000000;0.000000;%;4
2984;4;6006;F32;;Cell 591 - Cell SOH;;1.000000;0.000000;%;4
2985;4;6008;F32;;Cell 591 - Cell Resistance;;1.000000;0.000000;Ω;4
2986;4;6010;F32;;Cell 592 - Cell Voltage;;1.000000;0.000000;V;4
2987;4;6012;F32;;Cell 592 - Cell Temperature;;1.000000;0.000000;°C;4
2988;4;6014;F32;;Cell 592 - Cell SOC;;1.000000;0.000000;%;4
2989;4;6016;F32;;Cell 592 - Cell SOH;;1.000000;0.000000;%;4
2990;4;6018;F32;;Cell 592 - Cell Resistance;;1.000000;0.000000;Ω;4
2991;4;6020;F32;;Cell 593 - Cell Voltage;;1.000000;0.000000;V;4
2992;4;6022;F32;;Cell 593 - Cell Temperature;;1.000000;0.000000;°C;4
2993;4;6024;F32;;Cell 593 - Cell SOC;;1.000000;0.000000;%;4
2994;4;6026;F32;;Cell 593 - Cell SOH;;1.000000;0.000000;%;4
2995;4;6028;F32;;Cell 593 - Cell Resistance;;1.000000;0.000000;Ω;4
2996;4;6030;F32;;Cell 594 - Cell Voltage;;1.000000;0.000000;V;4
2997;4;6032;F32;;Cell 594 - Cell Temperature;;1.000000;0.000000;°C;4
2998;4;6034;F32;;Cell 594 - Cell SOC;;1.000000;0.000000;%;4
2999;4;6036;F32;;Cell 594 - Cell SOH;;1.000000;0.000000;%;4
3000;4;6038;F32;;Cell 594 - Cell Resistance;;1.000000;0.000000;Ω;4
3001;4;6040;F32;;Cell 595 - Cell Voltage;;1.000000;0.000000;V;4
3002;4;6042;F32;;Cell 595 - Cell Temperature;;1.000000;0.000000;°C;4
3003;4;6044;F32;;Cell 595 - Cell SOC;;1.000000;0.000000;%;4
3004;4;6046;F32;;Cell 595 - Cell SOH;;1.000000;0.000000;%;4
3005;4;6048;F32;;Cell 595 - Cell Resistance;;1.000000;0.000000;Ω;4
3006;4;6050;F32;;Cell 596 - Cell Voltage;;1.000000;0.000000;V;4
3007;4;6052;F32;;Cell 596 - Cell Temperature;;1.000000;0.000000;°C;4
3008;4;6054;F32;;Cell 596 - Cell SOC;;1.000000;0.000000;%;4
3009;4;6056;F32;;Cell 596 - Cell SOH;;1.000000;0.000000;%;4
3010;4;6058;F32;;Cell 596 - Cell Resistance;;1.000000;0.000000;Ω;4
3011;4;6060;F32;;Cell 597 - Cell Voltage;;1.000000;0.000000;V;4
3012;4;6062;F32;;Cell 597 - Cell Temperature;;1.000000;0.000000;°C;4
3013;4;6064;F32;;Cell 597 - Cell SOC;;1.000000;0.000000;%;4
3014;4;6066;F32;;Cell 597 - Cell SOH;;1.000000;0.000000;%;4
3015;4;6068;F32;;Cell 597 - Cell Resistance;;1.000000;0.000000;Ω;4
3016;4;6070;F32;;Cell 598 - Cell Voltage;;1.000000;0.000000;V;4
3017;4;6072;F32;;Cell 598 - Cell Temperature;;1.000000;0.000000;°C;4
3018;4;6074;F32;;Cell 598 - Cell SOC;;1.000000;0.000000;%;4
3019;4;6076;F32;;Cell 598 - Cell SOH;;1.000000;0.000000;%;4
3020;4;6078;F32;;Cell 598 - Cell Resistance;;1.000000;0.000000;Ω;4
3021;4;6080;F32;;Cell 599 - Cell Voltage;;1.000000;0.000000;V;4
3022;4;6082;F32;;Cell 599 - Cell Temperature;;1.000000;0.000000;°C;4
3023;4;6084;F32;;Cell 599 - Cell SOC;;1.000000;0.000000;%;4
3024;4;6086;F32;;Cell 599 - Cell SOH;;1.000000;0.000000;%;4
3025;4;6088;F32;;Cell 599 - Cell Resistance;;1.000000;0.000000;Ω;4
3026;4;6090;F32;;Cell 600 - Cell Voltage;;1.000000;0.000000;V;4
3027;4;6092;F32;;Cell 600 - Cell Temperature;;1.000000;0.000000;°C;4
3028;4;6094;F32;;Cell 600 - Cell SOC;;1.000000;0.000000;%;4
3029;4;6096;F32;;Cell 600 - Cell SOH;;1.000000;0.000000;%;4
3030;4;6098;F32;;Cell 600 - Cell Resistance;;1.000000;0.000000;Ω;4
3031;4;6100;F32;;Cell 601 - Cell Voltage;;1.000000;0.000000;V;4
3032;4;6102;F32;;Cell 601 - Cell Temperature;;1.000000;0.000000;°C;4
3033;4;6104;F32;;Cell 601 - Cell SOC;;1.000000;0.000000;%;4
3034;4;6106;F32;;Cell 601 - Cell SOH;;1.000000;0.000000;%;4
3035;4;6108;F32;;Cell 601 - Cell Resistance;;1.000000;0.000000;Ω;4
3036;4;6110;F32;;Cell 602 - Cell Voltage;;1.000000;0.000000;V;4
3037;4;6112;F32;;Cell 602 - Cell Temperature;;1.000000;0.000000;°C;4
3038;4;6114;F32;;Cell 602 - Cell SOC;;1.000000;0.000000;%;4
3039;4;6116;F32;;Cell 602 - Cell SOH;;1.000000;0.000000;%;4
3040;4;6118;F32;;Cell 602 - Cell Resistance;;1.000000;0.000000;Ω;4
3041;4;6120;F32;;Cell 603 - Cell Voltage;;1.000000;0.000000;V;4
3042;4;6122;F32;;Cell 603 - Cell Temperature;;1.000000;0.000000;°C;4
3043;4;6124;F32;;Cell 603 - Cell SOC;;1.000000;0.000000;%;4
3044;4;6126;F32;;Cell 603 - Cell SOH;;1.000000;0.000000;%;4
3045;4;6128;F32;;Cell 603 - Cell Resistance;;1.000000;0.000000;Ω;4
3046;4;6130;F32;;Cell 604 - Cell Voltage;;1.000000;0.000000;V;4
3047;4;6132;F32;;Cell 604 - Cell Temperature;;1.000000;0.000000;°C;4
3048;4;6134;F32;;Cell 604 - Cell SOC;;1.000000;0.000000;%;4
3049;4;6136;F32;;Cell 604 - Cell SOH;;1.000000;0.000000;%;4
3050;4;6138;F32;;Cell 604 - Cell Resistance;;1.000000;0.000000;Ω;4
3051;4;6140;F32;;Cell 605 - Cell Voltage;;1.000000;0.000000;V;4
3052;4;6142;F32;;Cell 605 - Cell Temperature;;1.000000;0.000000;°C;4
3053;4;6144;F32;;Cell 605 - Cell SOC;;1.000000;0.000000;%;4
3054;4;6146;F32;;Cell 605 - Cell SOH;;1.000000;0.000000;%;4
3055;4;6148;F32;;Cell 605 - Cell Resistance;;1.000000;0.000000;Ω;4
3056;4;6150;F32;;Cell 606 - Cell Voltage;;1.000000;0.000000;V;4
3057;4;6152;F32;;Cell 606 - Cell Temperature;;1.000000;0.000000;°C;4
3058;4;6154;F32;;Cell 606 - Cell SOC;;1.000000;0.000000;%;4
3059;4;6156;F32;;Cell 606 - Cell SOH;;1.000000;0.000000;%;4
3060;4;6158;F32;;Cell 606 - Cell Resistance;;1.000000;0.000000;Ω;4
3061;4;6160;F32;;Cell 607 - Cell Voltage;;1.000000;0.000000;V;4
3062;4;6162;F32;;Cell 607 - Cell Temperature;;1.000000;0.000000;°C;4
3063;4;6164;F32;;Cell 607 - Cell SOC;;1.000000;0.000000;%;4
3064;4;6166;F32;;Cell 607 - Cell SOH;;1.000000;0.000000;%;4
3065;4;6168;F32;;Cell 607 - Cell Resistance;;1.000000;0.000000;Ω;4
3066;4;6170;F32;;Cell 608 - Cell Voltage;;1.000000;0.000000;V;4
3067;4;6172;F32;;Cell 608 - Cell Temperature;;1.000000;0.000000;°C;4
3068;4;6174;F32;;Cell 608 - Cell SOC;;1.000000;0.000000;%;4
3069;4;6176;F32;;Cell 608 - Cell SOH;;1.000000;0.000000;%;4
3070;4;6178;F32;;Cell 608 - Cell Resistance;;1.000000;0.000000;Ω;4
3071;4;6180;F32;;Cell 609 - Cell Voltage;;1.000000;0.000000;V;4
3072;4;6182;F32;;Cell 609 - Cell Temperature;;1.000000;0.000000;°C;4
3073;4;6184;F32;;Cell 609 - Cell SOC;;1.000000;0.000000;%;4
3074;4;6186;F32;;Cell 609 - Cell SOH;;1.000000;0.000000;%;4
3075;4;6188;F32;;Cell 609 - Cell Resistance;;1.000000;0.000000;Ω;4
3076;4;6190;F32;;Cell 610 - Cell Voltage;;1.000000;0.000000;V;4
3077;4;6192;F32;;Cell 610 - Cell Temperature;;1.000000;0.000000;°C;4
3078;4;6194;F32;;Cell 610 - Cell SOC;;1.000000;0.000000;%;4
3079;4;6196;F32;;Cell 610 - Cell SOH;;1.000000;0.000000;%;4
3080;4;6198;F32;;Cell 610 - Cell Resistance;;1.000000;0.000000;Ω;4
3081;4;6200;F32;;Cell 611 - Cell Voltage;;1.000000;0.000000;V;4
3082;4;6202;F32;;Cell 611 - Cell Temperature;;1.000000;0.000000;°C;4
3083;4;6204;F32;;Cell 611 - Cell SOC;;1.000000;0.000000;%;4
3084;4;6206;F32;;Cell 611 - Cell SOH;;1.000000;0.000000;%;4
3085;4;6208;F32;;Cell 611 - Cell Resistance;;1.000000;0.000000;Ω;4
3086;4;6210;F32;;Cell 612 - Cell Voltage;;1.000000;0.000000;V;4
3087;4;6212;F32;;Cell 612 - Cell Temperature;;1.000000;0.000000;°C;4
3088;4;6214;F32;;Cell 612 - Cell SOC;;1.000000;0.000000;%;4
3089;4;6216;F32;;Cell 612 - Cell SOH;;1.000000;0.000000;%;4
3090;4;6218;F32;;Cell 612 - Cell Resistance;;1.000000;0.000000;Ω;4
3091;4;6220;F32;;Cell 613 - Cell Voltage;;1.000000;0.000000;V;4
3092;4;6222;F32;;Cell 613 - Cell Temperature;;1.000000;0.000000;°C;4
3093;4;6224;F32;;Cell 613 - Cell SOC;;1.000000;0.000000;%;4
3094;4;6226;F32;;Cell 613 - Cell SOH;;1.000000;0.000000;%;4
3095;4;6228;F32;;Cell 613 - Cell Resistance;;1.000000;0.000000;Ω;4
3096;4;6230;F32;;Cell 614 - Cell Voltage;;1.000000;0.000000;V;4
3097;4;6232;F32;;Cell 614 - Cell Temperature;;1.000000;0.000000;°C;4
3098;4;6234;F32;;Cell 614 - Cell SOC;;1.000000;0.000000;%;4
3099;4;6236;F32;;Cell 614 - Cell SOH;;1.000000;0.000000;%;4
3100;4;6238;F32;;Cell 614 - Cell Resistance;;1.000000;0.000000;Ω;4
3101;4;6240;F32;;Cell 615 - Cell Voltage;;1.000000;0.000000;V;4
3102;4;6242;F32;;Cell 615 - Cell Temperature;;1.000000;0.000000;°C;4
3103;4;6244;F32;;Cell 615 - Cell SOC;;1.000000;0.000000;%;4
3104;4;6246;F32;;Cell 615 - Cell SOH;;1.000000;0.000000;%;4
3105;4;6248;F32;;Cell 615 - Cell Resistance;;1.000000;0.000000;Ω;4
3106;4;6250;F32;;Cell 616 - Cell Voltage;;1.000000;0.000000;V;4
3107;4;6252;F32;;Cell 616 - Cell Temperature;;1.000000;0.000000;°C;4
3108;4;6254;F32;;Cell 616 - Cell SOC;;1.000000;0.000000;%;4
3109;4;6256;F32;;Cell 616 - Cell SOH;;1.000000;0.000000;%;4
3110;4;6258;F32;;Cell 616 - Cell Resistance;;1.000000;0.000000;Ω;4
3111;4;6260;F32;;Cell 617 - Cell Voltage;;1.000000;0.000000;V;4
3112;4;6262;F32;;Cell 617 - Cell Temperature;;1.000000;0.000000;°C;4
3113;4;6264;F32;;Cell 617 - Cell SOC;;1.000000;0.000000;%;4
3114;4;6266;F32;;Cell 617 - Cell SOH;;1.000000;0.000000;%;4
3115;4;6268;F32;;Cell 617 - Cell Resistance;;1.000000;0.000000;Ω;4
3116;4;6270;F32;;Cell 618 - Cell Voltage;;1.000000;0.000000;V;4
3117;4;6272;F32;;Cell 618 - Cell Temperature;;1.000000;0.000000;°C;4
3118;4;6274;F32;;Cell 618 - Cell SOC;;1.000000;0.000000;%;4
3119;4;6276;F32;;Cell 618 - Cell SOH;;1.000000;0.000000;%;4
3120;4;6278;F32;;Cell 618 - Cell Resistance;;1.000000;0.000000;Ω;4
3121;4;6280;F32;;Cell 619 - Cell Voltage;;1.000000;0.000000;V;4
3122;4;6282;F32;;Cell 619 - Cell Temperature;;1.000000;0.000000;°C;4
3123;4;6284;F32;;Cell 619 - Cell SOC;;1.000000;0.000000;%;4
3124;4;6286;F32;;Cell 619 - Cell SOH;;1.000000;0.000000;%;4
3125;4;6288;F32;;Cell 619 - Cell Resistance;;1.000000;0.000000;Ω;4
3126;4;6290;F32;;Cell 620 - Cell Voltage;;1.000000;0.000000;V;4
3127;4;6292;F32;;Cell 620 - Cell Temperature;;1.000000;0.000000;°C;4
3128;4;6294;F32;;Cell 620 - Cell SOC;;1.000000;0.000000;%;4
3129;4;6296;F32;;Cell 620 - Cell SOH;;1.000000;0.000000;%;4
3130;4;6298;F32;;Cell 620 - Cell Resistance;;1.000000;0.000000;Ω;4
3131;4;6300;F32;;Cell 621 - Cell Voltage;;1.000000;0.000000;V;4
3132;4;6302;F32;;Cell 621 - Cell Temperature;;1.000000;0.000000;°C;4
3133;4;6304;F32;;Cell 621 - Cell SOC;;1.000000;0.000000;%;4
3134;4;6306;F32;;Cell 621 - Cell SOH;;1.000000;0.000000;%;4
3135;4;6308;F32;;Cell 621 - Cell Resistance;;1.000000;0.000000;Ω;4
3136;4;6310;F32;;Cell 622 - Cell Voltage;;1.000000;0.000000;V;4
3137;4;6312;F32;;Cell 622 - Cell Temperature;;1.000000;0.000000;°C;4
3138;4;6314;F32;;Cell 622 - Cell SOC;;1.000000;0.000000;%;4
3139;4;6316;F32;;Cell 622 - Cell SOH;;1.000000;0.000000;%;4
3140;4;6318;F32;;Cell 622 - Cell Resistance;;1.000000;0.000000;Ω;4
3141;4;6320;F32;;Cell 623 - Cell Voltage;;1.000000;0.000000;V;4
3142;4;6322;F32;;Cell 623 - Cell Temperature;;1.000000;0.000000;°C;4
3143;4;6324;F32;;Cell 623 - Cell SOC;;1.000000;0.000000;%;4
3144;4;6326;F32;;Cell 623 - Cell SOH;;1.000000;0.000000;%;4
3145;4;6328;F32;;Cell 623 - Cell Resistance;;1.000000;0.000000;Ω;4
3146;4;6330;F32;;Cell 624 - Cell Voltage;;1.000000;0.000000;V;4
3147;4;6332;F32;;Cell 624 - Cell Temperature;;1.000000;0.000000;°C;4
3148;4;6334;F32;;Cell 624 - Cell SOC;;1.000000;0.000000;%;4
3149;4;6336;F32;;Cell 624 - Cell SOH;;1.000000;0.000000;%;4
3150;4;6338;F32;;Cell 624 - Cell Resistance;;1.000000;0.000000;Ω;4
3151;4;6340;F32;;Cell 625 - Cell Voltage;;1.000000;0.000000;V;4
3152;4;6342;F32;;Cell 625 - Cell Temperature;;1.000000;0.000000;°C;4
3153;4;6344;F32;;Cell 625 - Cell SOC;;1.000000;0.000000;%;4
3154;4;6346;F32;;Cell 625 - Cell SOH;;1.000000;0.000000;%;4
3155;4;6348;F32;;Cell 625 - Cell Resistance;;1.000000;0.000000;Ω;4
3156;4;6350;F32;;Cell 626 - Cell Voltage;;1.000000;0.000000;V;4
3157;4;6352;F32;;Cell 626 - Cell Temperature;;1.000000;0.000000;°C;4
3158;4;6354;F32;;Cell 626 - Cell SOC;;1.000000;0.000000;%;4
3159;4;6356;F32;;Cell 626 - Cell SOH;;1.000000;0.000000;%;4
3160;4;6358;F32;;Cell 626 - Cell Resistance;;1.000000;0.000000;Ω;4
3161;4;6360;F32;;Cell 627 - Cell Voltage;;1.000000;0.000000;V;4
3162;4;6362;F32;;Cell 627 - Cell Temperature;;1.000000;0.000000;°C;4
3163;4;6364;F32;;Cell 627 - Cell SOC;;1.000000;0.000000;%;4
3164;4;6366;F32;;Cell 627 - Cell SOH;;1.000000;0.000000;%;4
3165;4;6368;F32;;Cell 627 - Cell Resistance;;1.000000;0.000000;Ω;4
3166;4;6370;F32;;Cell 628 - Cell Voltage;;1.000000;0.000000;V;4
3167;4;6372;F32;;Cell 628 - Cell Temperature;;1.000000;0.000000;°C;4
3168;4;6374;F32;;Cell 628 - Cell SOC;;1.000000;0.000000;%;4
3169;4;6376;F32;;Cell 628 - Cell SOH;;1.000000;0.000000;%;4
3170;4;6378;F32;;Cell 628 - Cell Resistance;;1.000000;0.000000;Ω;4
3171;4;6380;F32;;Cell 629 - Cell Voltage;;1.000000;0.000000;V;4
3172;4;6382;F32;;Cell 629 - Cell Temperature;;1.000000;0.000000;°C;4
3173;4;6384;F32;;Cell 629 - Cell SOC;;1.000000;0.000000;%;4
3174;4;6386;F32;;Cell 629 - Cell SOH;;1.000000;0.000000;%;4
3175;4;6388;F32;;Cell 629 - Cell Resistance;;1.000000;0.000000;Ω;4
3176;4;6390;F32;;Cell 630 - Cell Voltage;;1.000000;0.000000;V;4
3177;4;6392;F32;;Cell 630 - Cell Temperature;;1.000000;0.000000;°C;4
3178;4;6394;F32;;Cell 630 - Cell SOC;;1.000000;0.000000;%;4
3179;4;6396;F32;;Cell 630 - Cell SOH;;1.000000;0.000000;%;4
3180;4;6398;F32;;Cell 630 - Cell Resistance;;1.000000;0.000000;Ω;4
3181;4;6400;F32;;Cell 631 - Cell Voltage;;1.000000;0.000000;V;4
3182;4;6402;F32;;Cell 631 - Cell Temperature;;1.000000;0.000000;°C;4
3183;4;6404;F32;;Cell 631 - Cell SOC;;1.000000;0.000000;%;4
3184;4;6406;F32;;Cell 631 - Cell SOH;;1.000000;0.000000;%;4
3185;4;6408;F32;;Cell 631 - Cell Resistance;;1.000000;0.000000;Ω;4
3186;4;6410;F32;;Cell 632 - Cell Voltage;;1.000000;0.000000;V;4
3187;4;6412;F32;;Cell 632 - Cell Temperature;;1.000000;0.000000;°C;4
3188;4;6414;F32;;Cell 632 - Cell SOC;;1.000000;0.000000;%;4
3189;4;6416;F32;;Cell 632 - Cell SOH;;1.000000;0.000000;%;4
3190;4;6418;F32;;Cell 632 - Cell Resistance;;1.000000;0.000000;Ω;4
3191;4;6420;F32;;Cell 633 - Cell Voltage;;1.000000;0.000000;V;4
3192;4;6422;F32;;Cell 633 - Cell Temperature;;1.000000;0.000000;°C;4
3193;4;6424;F32;;Cell 633 - Cell SOC;;1.000000;0.000000;%;4
3194;4;6426;F32;;Cell 633 - Cell SOH;;1.000000;0.000000;%;4
3195;4;6428;F32;;Cell 633 - Cell Resistance;;1.000000;0.000000;Ω;4
3196;4;6430;F32;;Cell 634 - Cell Voltage;;1.000000;0.000000;V;4
3197;4;6432;F32;;Cell 634 - Cell Temperature;;1.000000;0.000000;°C;4
3198;4;6434;F32;;Cell 634 - Cell SOC;;1.000000;0.000000;%;4
3199;4;6436;F32;;Cell 634 - Cell SOH;;1.000000;0.000000;%;4
3200;4;6438;F32;;Cell 634 - Cell Resistance;;1.000000;0.000000;Ω;4
3201;4;6440;F32;;Cell 635 - Cell Voltage;;1.000000;0.000000;V;4
3202;4;6442;F32;;Cell 635 - Cell Temperature;;1.000000;0.000000;°C;4
3203;4;6444;F32;;Cell 635 - Cell SOC;;1.000000;0.000000;%;4
3204;4;6446;F32;;Cell 635 - Cell SOH;;1.000000;0.000000;%;4
3205;4;6448;F32;;Cell 635 - Cell Resistance;;1.000000;0.000000;Ω;4
3206;4;6450;F32;;Cell 636 - Cell Voltage;;1.000000;0.000000;V;4
3207;4;6452;F32;;Cell 636 - Cell Temperature;;1.000000;0.000000;°C;4
3208;4;6454;F32;;Cell 636 - Cell SOC;;1.000000;0.000000;%;4
3209;4;6456;F32;;Cell 636 - Cell SOH;;1.000000;0.000000;%;4
3210;4;6458;F32;;Cell 636 - Cell Resistance;;1.000000;0.000000;Ω;4
3211;4;6460;F32;;Cell 637 - Cell Voltage;;1.000000;0.000000;V;4
3212;4;6462;F32;;Cell 637 - Cell Temperature;;1.000000;0.000000;°C;4
3213;4;6464;F32;;Cell 637 - Cell SOC;;1.000000;0.000000;%;4
3214;4;6466;F32;;Cell 637 - Cell SOH;;1.000000;0.000000;%;4
3215;4;6468;F32;;Cell 637 - Cell Resistance;;1.000000;0.000000;Ω;4
3216;4;6470;F32;;Cell 638 - Cell Voltage;;1.000000;0.000000;V;4
3217;4;6472;F32;;Cell 638 - Cell Temperature;;1.000000;0.000000;°C;4
3218;4;6474;F32;;Cell 638 - Cell SOC;;1.000000;0.000000;%;4
3219;4;6476;F32;;Cell 638 - Cell SOH;;1.000000;0.000000;%;4
3220;4;6478;F32;;Cell 638 - Cell Resistance;;1.000000;0.000000;Ω;4
3221;4;6480;F32;;Cell 639 - Cell Voltage;;1.000000;0.000000;V;4
3222;4;6482;F32;;Cell 639 - Cell Temperature;;1.000000;0.000000;°C;4
3223;4;6484;F32;;Cell 639 - Cell SOC;;1.000000;0.000000;%;4
3224;4;6486;F32;;Cell 639 - Cell SOH;;1.000000;0.000000;%;4
3225;4;6488;F32;;Cell 639 - Cell Resistance;;1.000000;0.000000;Ω;4
3226;4;6490;F32;;Cell 640 - Cell Voltage;;1.000000;0.000000;V;4
3227;4;6492;F32;;Cell 640 - Cell Temperature;;1.000000;0.000000;°C;4
3228;4;6494;F32;;Cell 640 - Cell SOC;;1.000000;0.000000;%;4
3229;4;6496;F32;;Cell 640 - Cell SOH;;1.000000;0.000000;%;4
3230;4;6498;F32;;Cell 640 - Cell Resistance;;1.000000;0.000000;Ω;4
3231;4;6500;F32;;Cell 641 - Cell Voltage;;1.000000;0.000000;V;4
3232;4;6502;F32;;Cell 641 - Cell Temperature;;1.000000;0.000000;°C;4
3233;4;6504;F32;;Cell 641 - Cell SOC;;1.000000;0.000000;%;4
3234;4;6506;F32;;Cell 641 - Cell SOH;;1.000000;0.000000;%;4
3235;4;6508;F32;;Cell 641 - Cell Resistance;;1.000000;0.000000;Ω;4
3236;4;6510;F32;;Cell 642 - Cell Voltage;;1.000000;0.000000;V;4
3237;4;6512;F32;;Cell 642 - Cell Temperature;;1.000000;0.000000;°C;4
3238;4;6514;F32;;Cell 642 - Cell SOC;;1.000000;0.000000;%;4
3239;4;6516;F32;;Cell 642 - Cell SOH;;1.000000;0.000000;%;4
3240;4;6518;F32;;Cell 642 - Cell Resistance;;1.000000;0.000000;Ω;4
3241;4;6520;F32;;Cell 643 - Cell Voltage;;1.000000;0.000000;V;4
3242;4;6522;F32;;Cell 643 - Cell Temperature;;1.000000;0.000000;°C;4
3243;4;6524;F32;;Cell 643 - Cell SOC;;1.000000;0.000000;%;4
3244;4;6526;F32;;Cell 643 - Cell SOH;;1.000000;0.000000;%;4
3245;4;6528;F32;;Cell 643 - Cell Resistance;;1.000000;0.000000;Ω;4
3246;4;6530;F32;;Cell 644 - Cell Voltage;;1.000000;0.000000;V;4
3247;4;6532;F32;;Cell 644 - Cell Temperature;;1.000000;0.000000;°C;4
3248;4;6534;F32;;Cell 644 - Cell SOC;;1.000000;0.000000;%;4
3249;4;6536;F32;;Cell 644 - Cell SOH;;1.000000;0.000000;%;4
3250;4;6538;F32;;Cell 644 - Cell Resistance;;1.000000;0.000000;Ω;4
3251;4;6540;F32;;Cell 645 - Cell Voltage;;1.000000;0.000000;V;4
3252;4;6542;F32;;Cell 645 - Cell Temperature;;1.000000;0.000000;°C;4
3253;4;6544;F32;;Cell 645 - Cell SOC;;1.000000;0.000000;%;4
3254;4;6546;F32;;Cell 645 - Cell SOH;;1.000000;0.000000;%;4
3255;4;6548;F32;;Cell 645 - Cell Resistance;;1.000000;0.000000;Ω;4
3256;4;6550;F32;;Cell 646 - Cell Voltage;;1.000000;0.000000;V;4
3257;4;6552;F32;;Cell 646 - Cell Temperature;;1.000000;0.000000;°C;4
3258;4;6554;F32;;Cell 646 - Cell SOC;;1.000000;0.000000;%;4
3259;4;6556;F32;;Cell 646 - Cell SOH;;1.000000;0.000000;%;4
3260;4;6558;F32;;Cell 646 - Cell Resistance;;1.000000;0.000000;Ω;4
3261;4;6560;F32;;Cell 647 - Cell Voltage;;1.000000;0.000000;V;4
3262;4;6562;F32;;Cell 647 - Cell Temperature;;1.000000;0.000000;°C;4
3263;4;6564;F32;;Cell 647 - Cell SOC;;1.000000;0.000000;%;4
3264;4;6566;F32;;Cell 647 - Cell SOH;;1.000000;0.000000;%;4
3265;4;6568;F32;;Cell 647 - Cell Resistance;;1.000000;0.000000;Ω;4
3266;4;6570;F32;;Cell 648 - Cell Voltage;;1.000000;0.000000;V;4
3267;4;6572;F32;;Cell 648 - Cell Temperature;;1.000000;0.000000;°C;4
3268;4;6574;F32;;Cell 648 - Cell SOC;;1.000000;0.000000;%;4
3269;4;6576;F32;;Cell 648 - Cell SOH;;1.000000;0.000000;%;4
3270;4;6578;F32;;Cell 648 - Cell Resistance;;1.000000;0.000000;Ω;4
3271;4;6580;F32;;Cell 649 - Cell Voltage;;1.000000;0.000000;V;4
3272;4;6582;F32;;Cell 649 - Cell Temperature;;1.000000;0.000000;°C;4
3273;4;6584;F32;;Cell 649 - Cell SOC;;1.000000;0.000000;%;4
3274;4;6586;F32;;Cell 649 - Cell SOH;;1.000000;0.000000;%;4
3275;4;6588;F32;;Cell 649 - Cell Resistance;;1.000000;0.000000;Ω;4
3276;4;6590;F32;;Cell 650 - Cell Voltage;;1.000000;0.000000;V;4
3277;4;6592;F32;;Cell 650 - Cell Temperature;;1.000000;0.000000;°C;4
3278;4;6594;F32;;Cell 650 - Cell SOC;;1.000000;0.000000;%;4
3279;4;6596;F32;;Cell 650 - Cell SOH;;1.000000;0.000000;%;4
3280;4;6598;F32;;Cell 650 - Cell Resistance;;1.000000;0.000000;Ω;4
3281;4;6600;F32;;Cell 651 - Cell Voltage;;1.000000;0.000000;V;4
3282;4;6602;F32;;Cell 651 - Cell Temperature;;1.000000;0.000000;°C;4
3283;4;6604;F32;;Cell 651 - Cell SOC;;1.000000;0.000000;%;4
3284;4;6606;F32;;Cell 651 - Cell SOH;;1.000000;0.000000;%;4
3285;4;6608;F32;;Cell 651 - Cell Resistance;;1.000000;0.000000;Ω;4
3286;4;6610;F32;;Cell 652 - Cell Voltage;;1.000000;0.000000;V;4
3287;4;6612;F32;;Cell 652 - Cell Temperature;;1.000000;0.000000;°C;4
3288;4;6614;F32;;Cell 652 - Cell SOC;;1.000000;0.000000;%;4
3289;4;6616;F32;;Cell 652 - Cell SOH;;1.000000;0.000000;%;4
3290;4;6618;F32;;Cell 652 - Cell Resistance;;1.000000;0.000000;Ω;4
3291;4;6620;F32;;Cell 653 - Cell Voltage;;1.000000;0.000000;V;4
3292;4;6622;F32;;Cell 653 - Cell Temperature;;1.000000;0.000000;°C;4
3293;4;6624;F32;;Cell 653 - Cell SOC;;1.000000;0.000000;%;4
3294;4;6626;F32;;Cell 653 - Cell SOH;;1.000000;0.000000;%;4
3295;4;6628;F32;;Cell 653 - Cell Resistance;;1.000000;0.000000;Ω;4
3296;4;6630;F32;;Cell 654 - Cell Voltage;;1.000000;0.000000;V;4
3297;4;6632;F32;;Cell 654 - Cell Temperature;;1.000000;0.000000;°C;4
3298;4;6634;F32;;Cell 654 - Cell SOC;;1.000000;0.000000;%;4
3299;4;6636;F32;;Cell 654 - Cell SOH;;1.000000;0.000000;%;4
3300;4;6638;F32;;Cell 654 - Cell Resistance;;1.000000;0.000000;Ω;4
3301;4;6640;F32;;Cell 655 - Cell Voltage;;1.000000;0.000000;V;4
3302;4;6642;F32;;Cell 655 - Cell Temperature;;1.000000;0.000000;°C;4
3303;4;6644;F32;;Cell 655 - Cell SOC;;1.000000;0.000000;%;4
3304;4;6646;F32;;Cell 655 - Cell SOH;;1.000000;0.000000;%;4
3305;4;6648;F32;;Cell 655 - Cell Resistance;;1.000000;0.000000;Ω;4
3306;4;6650;F32;;Cell 656 - Cell Voltage;;1.000000;0.000000;V;4
3307;4;6652;F32;;Cell 656 - Cell Temperature;;1.000000;0.000000;°C;4
3308;4;6654;F32;;Cell 656 - Cell SOC;;1.000000;0.000000;%;4
3309;4;6656;F32;;Cell 656 - Cell SOH;;1.000000;0.000000;%;4
3310;4;6658;F32;;Cell 656 - Cell Resistance;;1.000000;0.000000;Ω;4
3311;4;6660;F32;;Cell 657 - Cell Voltage;;1.000000;0.000000;V;4
3312;4;6662;F32;;Cell 657 - Cell Temperature;;1.000000;0.000000;°C;4
3313;4;6664;F32;;Cell 657 - Cell SOC;;1.000000;0.000000;%;4
3314;4;6666;F32;;Cell 657 - Cell SOH;;1.000000;0.000000;%;4
3315;4;6668;F32;;Cell 657 - Cell Resistance;;1.000000;0.000000;Ω;4
3316;4;6670;F32;;Cell 658 - Cell Voltage;;1.000000;0.000000;V;4
3317;4;6672;F32;;Cell 658 - Cell Temperature;;1.000000;0.000000;°C;4
3318;4;6674;F32;;Cell 658 - Cell SOC;;1.000000;0.000000;%;4
3319;4;6676;F32;;Cell 658 - Cell SOH;;1.000000;0.000000;%;4
3320;4;6678;F32;;Cell 658 - Cell Resistance;;1.000000;0.000000;Ω;4
3321;4;6680;F32;;Cell 659 - Cell Voltage;;1.000000;0.000000;V;4
3322;4;6682;F32;;Cell 659 - Cell Temperature;;1.000000;0.000000;°C;4
3323;4;6684;F32;;Cell 659 - Cell SOC;;1.000000;0.000000;%;4
3324;4;6686;F32;;Cell 659 - Cell SOH;;1.000000;0.000000;%;4
3325;4;6688;F32;;Cell 659 - Cell Resistance;;1.000000;0.000000;Ω;4
3326;4;6690;F32;;Cell 660 - Cell Voltage;;1.000000;0.000000;V;4
3327;4;6692;F32;;Cell 660 - Cell Temperature;;1.000000;0.000000;°C;4
3328;4;6694;F32;;Cell 660 - Cell SOC;;1.000000;0.000000;%;4
3329;4;6696;F32;;Cell 660 - Cell SOH;;1.000000;0.000000;%;4
3330;4;6698;F32;;Cell 660 - Cell Resistance;;1.000000;0.000000;Ω;4
3331;4;6700;F32;;Cell 661 - Cell Voltage;;1.000000;0.000000;V;4
3332;4;6702;F32;;Cell 661 - Cell Temperature;;1.000000;0.000000;°C;4
3333;4;6704;F32;;Cell 661 - Cell SOC;;1.000000;0.000000;%;4
3334;4;6706;F32;;Cell 661 - Cell SOH;;1.000000;0.000000;%;4
3335;4;6708;F32;;Cell 661 - Cell Resistance;;1.000000;0.000000;Ω;4
3336;4;6710;F32;;Cell 662 - Cell Voltage;;1.000000;0.000000;V;4
3337;4;6712;F32;;Cell 662 - Cell Temperature;;1.000000;0.000000;°C;4
3338;4;6714;F32;;Cell 662 - Cell SOC;;1.000000;0.000000;%;4
3339;4;6716;F32;;Cell 662 - Cell SOH;;1.000000;0.000000;%;4
3340;4;6718;F32;;Cell 662 - Cell Resistance;;1.000000;0.000000;Ω;4
3341;4;6720;F32;;Cell 663 - Cell Voltage;;1.000000;0.000000;V;4
3342;4;6722;F32;;Cell 663 - Cell Temperature;;1.000000;0.000000;°C;4
3343;4;6724;F32;;Cell 663 - Cell SOC;;1.000000;0.000000;%;4
3344;4;6726;F32;;Cell 663 - Cell SOH;;1.000000;0.000000;%;4
3345;4;6728;F32;;Cell 663 - Cell Resistance;;1.000000;0.000000;Ω;4
3346;4;6730;F32;;Cell 664 - Cell Voltage;;1.000000;0.000000;V;4
3347;4;6732;F32;;Cell 664 - Cell Temperature;;1.000000;0.000000;°C;4
3348;4;6734;F32;;Cell 664 - Cell SOC;;1.000000;0.000000;%;4
3349;4;6736;F32;;Cell 664 - Cell SOH;;1.000000;0.000000;%;4
3350;4;6738;F32;;Cell 664 - Cell Resistance;;1.000000;0.000000;Ω;4
3351;4;6740;F32;;Cell 665 - Cell Voltage;;1.000000;0.000000;V;4
3352;4;6742;F32;;Cell 665 - Cell Temperature;;1.000000;0.000000;°C;4
3353;4;6744;F32;;Cell 665 - Cell SOC;;1.000000;0.000000;%;4
3354;4;6746;F32;;Cell 665 - Cell SOH;;1.000000;0.000000;%;4
3355;4;6748;F32;;Cell 665 - Cell Resistance;;1.000000;0.000000;Ω;4
3356;4;6750;F32;;Cell 666 - Cell Voltage;;1.000000;0.000000;V;4
3357;4;6752;F32;;Cell 666 - Cell Temperature;;1.000000;0.000000;°C;4
3358;4;6754;F32;;Cell 666 - Cell SOC;;1.000000;0.000000;%;4
3359;4;6756;F32;;Cell 666 - Cell SOH;;1.000000;0.000000;%;4
3360;4;6758;F32;;Cell 666 - Cell Resistance;;1.000000;0.000000;Ω;4
3361;4;6760;F32;;Cell 667 - Cell Voltage;;1.000000;0.000000;V;4
3362;4;6762;F32;;Cell 667 - Cell Temperature;;1.000000;0.000000;°C;4
3363;4;6764;F32;;Cell 667 - Cell SOC;;1.000000;0.000000;%;4
3364;4;6766;F32;;Cell 667 - Cell SOH;;1.000000;0.000000;%;4
3365;4;6768;F32;;Cell 667 - Cell Resistance;;1.000000;0.000000;Ω;4
3366;4;6770;F32;;Cell 668 - Cell Voltage;;1.000000;0.000000;V;4
3367;4;6772;F32;;Cell 668 - Cell Temperature;;1.000000;0.000000;°C;4
3368;4;6774;F32;;Cell 668 - Cell SOC;;1.000000;0.000000;%;4
3369;4;6776;F32;;Cell 668 - Cell SOH;;1.000000;0.000000;%;4
3370;4;6778;F32;;Cell 668 - Cell Resistance;;1.000000;0.000000;Ω;4
3371;4;6780;F32;;Cell 669 - Cell Voltage;;1.000000;0.000000;V;4
3372;4;6782;F32;;Cell 669 - Cell Temperature;;1.000000;0.000000;°C;4
3373;4;6784;F32;;Cell 669 - Cell SOC;;1.000000;0.000000;%;4
3374;4;6786;F32;;Cell 669 - Cell SOH;;1.000000;0.000000;%;4
3375;4;6788;F32;;Cell 669 - Cell Resistance;;1.000000;0.000000;Ω;4
3376;4;6790;F32;;Cell 670 - Cell Voltage;;1.000000;0.000000;V;4
3377;4;6792;F32;;Cell 670 - Cell Temperature;;1.000000;0.000000;°C;4
3378;4;6794;F32;;Cell 670 - Cell SOC;;1.000000;0.000000;%;4
3379;4;6796;F32;;Cell 670 - Cell SOH;;1.000000;0.000000;%;4
3380;4;6798;F32;;Cell 670 - Cell Resistance;;1.000000;0.000000;Ω;4
3381;4;6800;F32;;Cell 671 - Cell Voltage;;1.000000;0.000000;V;4
3382;4;6802;F32;;Cell 671 - Cell Temperature;;1.000000;0.000000;°C;4
3383;4;6804;F32;;Cell 671 - Cell SOC;;1.000000;0.000000;%;4
3384;4;6806;F32;;Cell 671 - Cell SOH;;1.000000;0.000000;%;4
3385;4;6808;F32;;Cell 671 - Cell Resistance;;1.000000;0.000000;Ω;4
3386;4;6810;F32;;Cell 672 - Cell Voltage;;1.000000;0.000000;V;4
3387;4;6812;F32;;Cell 672 - Cell Temperature;;1.000000;0.000000;°C;4
3388;4;6814;F32;;Cell 672 - Cell SOC;;1.000000;0.000000;%;4
3389;4;6816;F32;;Cell 672 - Cell SOH;;1.000000;0.000000;%;4
3390;4;6818;F32;;Cell 672 - Cell Resistance;;1.000000;0.000000;Ω;4
3391;4;6820;F32;;Cell 673 - Cell Voltage;;1.000000;0.000000;V;4
3392;4;6822;F32;;Cell 673 - Cell Temperature;;1.000000;0.000000;°C;4
3393;4;6824;F32;;Cell 673 - Cell SOC;;1.000000;0.000000;%;4
3394;4;6826;F32;;Cell 673 - Cell SOH;;1.000000;0.000000;%;4
3395;4;6828;F32;;Cell 673 - Cell Resistance;;1.000000;0.000000;Ω;4
3396;4;6830;F32;;Cell 674 - Cell Voltage;;1.000000;0.000000;V;4
3397;4;6832;F32;;Cell 674 - Cell Temperature;;1.000000;0.000000;°C;4
3398;4;6834;F32;;Cell 674 - Cell SOC;;1.000000;0.000000;%;4
3399;4;6836;F32;;Cell 674 - Cell SOH;;1.000000;0.000000;%;4
3400;4;6838;F32;;Cell 674 - Cell Resistance;;1.000000;0.000000;Ω;4
3401;4;6840;F32;;Cell 675 - Cell Voltage;;1.000000;0.000000;V;4
3402;4;6842;F32;;Cell 675 - Cell Temperature;;1.000000;0.000000;°C;4
3403;4;6844;F32;;Cell 675 - Cell SOC;;1.000000;0.000000;%;4
3404;4;6846;F32;;Cell 675 - Cell SOH;;1.000000;0.000000;%;4
3405;4;6848;F32;;Cell 675 - Cell Resistance;;1.000000;0.000000;Ω;4
3406;4;6850;F32;;Cell 676 - Cell Voltage;;1.000000;0.000000;V;4
3407;4;6852;F32;;Cell 676 - Cell Temperature;;1.000000;0.000000;°C;4
3408;4;6854;F32;;Cell 676 - Cell SOC;;1.000000;0.000000;%;4
3409;4;6856;F32;;Cell 676 - Cell SOH;;1.000000;0.000000;%;4
3410;4;6858;F32;;Cell 676 - Cell Resistance;;1.000000;0.000000;Ω;4
3411;4;6860;F32;;Cell 677 - Cell Voltage;;1.000000;0.000000;V;4
3412;4;6862;F32;;Cell 677 - Cell Temperature;;1.000000;0.000000;°C;4
3413;4;6864;F32;;Cell 677 - Cell SOC;;1.000000;0.000000;%;4
3414;4;6866;F32;;Cell 677 - Cell SOH;;1.000000;0.000000;%;4
3415;4;6868;F32;;Cell 677 - Cell Resistance;;1.000000;0.000000;Ω;4
3416;4;6870;F32;;Cell 678 - Cell Voltage;;1.000000;0.000000;V;4
3417;4;6872;F32;;Cell 678 - Cell Temperature;;1.000000;0.000000;°C;4
3418;4;6874;F32;;Cell 678 - Cell SOC;;1.000000;0.000000;%;4
3419;4;6876;F32;;Cell 678 - Cell SOH;;1.000000;0.000000;%;4
3420;4;6878;F32;;Cell 678 - Cell Resistance;;1.000000;0.000000;Ω;4
3421;4;6880;F32;;Cell 679 - Cell Voltage;;1.000000;0.000000;V;4
3422;4;6882;F32;;Cell 679 - Cell Temperature;;1.000000;0.000000;°C;4
3423;4;6884;F32;;Cell 679 - Cell SOC;;1.000000;0.000000;%;4
3424;4;6886;F32;;Cell 679 - Cell SOH;;1.000000;0.000000;%;4
3425;4;6888;F32;;Cell 679 - Cell Resistance;;1.000000;0.000000;Ω;4
3426;4;6890;F32;;Cell 680 - Cell Voltage;;1.000000;0.000000;V;4
3427;4;6892;F32;;Cell 680 - Cell Temperature;;1.000000;0.000000;°C;4
3428;4;6894;F32;;Cell 680 - Cell SOC;;1.000000;0.000000;%;4
3429;4;6896;F32;;Cell 680 - Cell SOH;;1.000000;0.000000;%;4
3430;4;6898;F32;;Cell 680 - Cell Resistance;;1.000000;0.000000;Ω;4
3431;4;6900;F32;;Cell 681 - Cell Voltage;;1.000000;0.000000;V;4
3432;4;6902;F32;;Cell 681 - Cell Temperature;;1.000000;0.000000;°C;4
3433;4;6904;F32;;Cell 681 - Cell SOC;;1.000000;0.000000;%;4
3434;4;6906;F32;;Cell 681 - Cell SOH;;1.000000;0.000000;%;4
3435;4;6908;F32;;Cell 681 - Cell Resistance;;1.000000;0.000000;Ω;4
3436;4;6910;F32;;Cell 682 - Cell Voltage;;1.000000;0.000000;V;4
3437;4;6912;F32;;Cell 682 - Cell Temperature;;1.000000;0.000000;°C;4
3438;4;6914;F32;;Cell 682 - Cell SOC;;1.000000;0.000000;%;4
3439;4;6916;F32;;Cell 682 - Cell SOH;;1.000000;0.000000;%;4
3440;4;6918;F32;;Cell 682 - Cell Resistance;;1.000000;0.000000;Ω;4
3441;4;6920;F32;;Cell 683 - Cell Voltage;;1.000000;0.000000;V;4
3442;4;6922;F32;;Cell 683 - Cell Temperature;;1.000000;0.000000;°C;4
3443;4;6924;F32;;Cell 683 - Cell SOC;;1.000000;0.000000;%;4
3444;4;6926;F32;;Cell 683 - Cell SOH;;1.000000;0.000000;%;4
3445;4;6928;F32;;Cell 683 - Cell Resistance;;1.000000;0.000000;Ω;4
3446;4;6930;F32;;Cell 684 - Cell Voltage;;1.000000;0.000000;V;4
3447;4;6932;F32;;Cell 684 - Cell Temperature;;1.000000;0.000000;°C;4
3448;4;6934;F32;;Cell 684 - Cell SOC;;1.000000;0.000000;%;4
3449;4;6936;F32;;Cell 684 - Cell SOH;;1.000000;0.000000;%;4
3450;4;6938;F32;;Cell 684 - Cell Resistance;;1.000000;0.000000;Ω;4
3451;4;6940;F32;;Cell 685 - Cell Voltage;;1.000000;0.000000;V;4
3452;4;6942;F32;;Cell 685 - Cell Temperature;;1.000000;0.000000;°C;4
3453;4;6944;F32;;Cell 685 - Cell SOC;;1.000000;0.000000;%;4
3454;4;6946;F32;;Cell 685 - Cell SOH;;1.000000;0.000000;%;4
3455;4;6948;F32;;Cell 685 - Cell Resistance;;1.000000;0.000000;Ω;4
3456;4;6950;F32;;Cell 686 - Cell Voltage;;1.000000;0.000000;V;4
3457;4;6952;F32;;Cell 686 - Cell Temperature;;1.000000;0.000000;°C;4
3458;4;6954;F32;;Cell 686 - Cell SOC;;1.000000;0.000000;%;4
3459;4;6956;F32;;Cell 686 - Cell SOH;;1.000000;0.000000;%;4
3460;4;6958;F32;;Cell 686 - Cell Resistance;;1.000000;0.000000;Ω;4
3461;4;6960;F32;;Cell 687 - Cell Voltage;;1.000000;0.000000;V;4
3462;4;6962;F32;;Cell 687 - Cell Temperature;;1.000000;0.000000;°C;4
3463;4;6964;F32;;Cell 687 - Cell SOC;;1.000000;0.000000;%;4
3464;4;6966;F32;;Cell 687 - Cell SOH;;1.000000;0.000000;%;4
3465;4;6968;F32;;Cell 687 - Cell Resistance;;1.000000;0.000000;Ω;4
3466;4;6970;F32;;Cell 688 - Cell Voltage;;1.000000;0.000000;V;4
3467;4;6972;F32;;Cell 688 - Cell Temperature;;1.000000;0.000000;°C;4
3468;4;6974;F32;;Cell 688 - Cell SOC;;1.000000;0.000000;%;4
3469;4;6976;F32;;Cell 688 - Cell SOH;;1.000000;0.000000;%;4
3470;4;6978;F32;;Cell 688 - Cell Resistance;;1.000000;0.000000;Ω;4
3471;4;6980;F32;;Cell 689 - Cell Voltage;;1.000000;0.000000;V;4
3472;4;6982;F32;;Cell 689 - Cell Temperature;;1.000000;0.000000;°C;4
3473;4;6984;F32;;Cell 689 - Cell SOC;;1.000000;0.000000;%;4
3474;4;6986;F32;;Cell 689 - Cell SOH;;1.000000;0.000000;%;4
3475;4;6988;F32;;Cell 689 - Cell Resistance;;1.000000;0.000000;Ω;4
3476;4;6990;F32;;Cell 690 - Cell Voltage;;1.000000;0.000000;V;4
3477;4;6992;F32;;Cell 690 - Cell Temperature;;1.000000;0.000000;°C;4
3478;4;6994;F32;;Cell 690 - Cell SOC;;1.000000;0.000000;%;4
3479;4;6996;F32;;Cell 690 - Cell SOH;;1.000000;0.000000;%;4
3480;4;6998;F32;;Cell 690 - Cell Resistance;;1.000000;0.000000;Ω;4
3481;4;7000;F32;;Cell 691 - Cell Voltage;;1.000000;0.000000;V;4
3482;4;7002;F32;;Cell 691 - Cell Temperature;;1.000000;0.000000;°C;4
3483;4;7004;F32;;Cell 691 - Cell SOC;;1.000000;0.000000;%;4
3484;4;7006;F32;;Cell 691 - Cell SOH;;1.000000;0.000000;%;4
3485;4;7008;F32;;Cell 691 - Cell Resistance;;1.000000;0.000000;Ω;4
3486;4;7010;F32;;Cell 692 - Cell Voltage;;1.000000;0.000000;V;4
3487;4;7012;F32;;Cell 692 - Cell Temperature;;1.000000;0.000000;°C;4
3488;4;7014;F32;;Cell 692 - Cell SOC;;1.000000;0.000000;%;4
3489;4;7016;F32;;Cell 692 - Cell SOH;;1.000000;0.000000;%;4
3490;4;7018;F32;;Cell 692 - Cell Resistance;;1.000000;0.000000;Ω;4
3491;4;7020;F32;;Cell 693 - Cell Voltage;;1.000000;0.000000;V;4
3492;4;7022;F32;;Cell 693 - Cell Temperature;;1.000000;0.000000;°C;4
3493;4;7024;F32;;Cell 693 - Cell SOC;;1.000000;0.000000;%;4
3494;4;7026;F32;;Cell 693 - Cell SOH;;1.000000;0.000000;%;4
3495;4;7028;F32;;Cell 693 - Cell Resistance;;1.000000;0.000000;Ω;4
3496;4;7030;F32;;Cell 694 - Cell Voltage;;1.000000;0.000000;V;4
3497;4;7032;F32;;Cell 694 - Cell Temperature;;1.000000;0.000000;°C;4
3498;4;7034;F32;;Cell 694 - Cell SOC;;1.000000;0.000000;%;4
3499;4;7036;F32;;Cell 694 - Cell SOH;;1.000000;0.000000;%;4
3500;4;7038;F32;;Cell 694 - Cell Resistance;;1.000000;0.000000;Ω;4
3501;4;7040;F32;;Cell 695 - Cell Voltage;;1.000000;0.000000;V;4
3502;4;7042;F32;;Cell 695 - Cell Temperature;;1.000000;0.000000;°C;4
3503;4;7044;F32;;Cell 695 - Cell SOC;;1.000000;0.000000;%;4
3504;4;7046;F32;;Cell 695 - Cell SOH;;1.000000;0.000000;%;4
3505;4;7048;F32;;Cell 695 - Cell Resistance;;1.000000;0.000000;Ω;4
3506;4;7050;F32;;Cell 696 - Cell Voltage;;1.000000;0.000000;V;4
3507;4;7052;F32;;Cell 696 - Cell Temperature;;1.000000;0.000000;°C;4
3508;4;7054;F32;;Cell 696 - Cell SOC;;1.000000;0.000000;%;4
3509;4;7056;F32;;Cell 696 - Cell SOH;;1.000000;0.000000;%;4
3510;4;7058;F32;;Cell 696 - Cell Resistance;;1.000000;0.000000;Ω;4
3511;4;7060;F32;;Cell 697 - Cell Voltage;;1.000000;0.000000;V;4
3512;4;7062;F32;;Cell 697 - Cell Temperature;;1.000000;0.000000;°C;4
3513;4;7064;F32;;Cell 697 - Cell SOC;;1.000000;0.000000;%;4
3514;4;7066;F32;;Cell 697 - Cell SOH;;1.000000;0.000000;%;4
3515;4;7068;F32;;Cell 697 - Cell Resistance;;1.000000;0.000000;Ω;4
3516;4;7070;F32;;Cell 698 - Cell Voltage;;1.000000;0.000000;V;4
3517;4;7072;F32;;Cell 698 - Cell Temperature;;1.000000;0.000000;°C;4
3518;4;7074;F32;;Cell 698 - Cell SOC;;1.000000;0.000000;%;4
3519;4;7076;F32;;Cell 698 - Cell SOH;;1.000000;0.000000;%;4
3520;4;7078;F32;;Cell 698 - Cell Resistance;;1.000000;0.000000;Ω;4
3521;4;7080;F32;;Cell 699 - Cell Voltage;;1.000000;0.000000;V;4
3522;4;7082;F32;;Cell 699 - Cell Temperature;;1.000000;0.000000;°C;4
3523;4;7084;F32;;Cell 699 - Cell SOC;;1.000000;0.000000;%;4
3524;4;7086;F32;;Cell 699 - Cell SOH;;1.000000;0.000000;%;4
3525;4;7088;F32;;Cell 699 - Cell Resistance;;1.000000;0.000000;Ω;4
3526;4;7090;F32;;Cell 700 - Cell Voltage;;1.000000;0.000000;V;4
3527;4;7092;F32;;Cell 700 - Cell Temperature;;1.000000;0.000000;°C;4
3528;4;7094;F32;;Cell 700 - Cell SOC;;1.000000;0.000000;%;4
3529;4;7096;F32;;Cell 700 - Cell SOH;;1.000000;0.000000;%;4
3530;4;7098;F32;;Cell 700 - Cell Resistance;;1.000000;0.000000;Ω;4
3531;4;7100;F32;;Cell 701 - Cell Voltage;;1.000000;0.000000;V;4
3532;4;7102;F32;;Cell 701 - Cell Temperature;;1.000000;0.000000;°C;4
3533;4;7104;F32;;Cell 701 - Cell SOC;;1.000000;0.000000;%;4
3534;4;7106;F32;;Cell 701 - Cell SOH;;1.000000;0.000000;%;4
3535;4;7108;F32;;Cell 701 - Cell Resistance;;1.000000;0.000000;Ω;4
3536;4;7110;F32;;Cell 702 - Cell Voltage;;1.000000;0.000000;V;4
3537;4;7112;F32;;Cell 702 - Cell Temperature;;1.000000;0.000000;°C;4
3538;4;7114;F32;;Cell 702 - Cell SOC;;1.000000;0.000000;%;4
3539;4;7116;F32;;Cell 702 - Cell SOH;;1.000000;0.000000;%;4
3540;4;7118;F32;;Cell 702 - Cell Resistance;;1.000000;0.000000;Ω;4
3541;4;7120;F32;;Cell 703 - Cell Voltage;;1.000000;0.000000;V;4
3542;4;7122;F32;;Cell 703 - Cell Temperature;;1.000000;0.000000;°C;4
3543;4;7124;F32;;Cell 703 - Cell SOC;;1.000000;0.000000;%;4
3544;4;7126;F32;;Cell 703 - Cell SOH;;1.000000;0.000000;%;4
3545;4;7128;F32;;Cell 703 - Cell Resistance;;1.000000;0.000000;Ω;4
3546;4;7130;F32;;Cell 704 - Cell Voltage;;1.000000;0.000000;V;4
3547;4;7132;F32;;Cell 704 - Cell Temperature;;1.000000;0.000000;°C;4
3548;4;7134;F32;;Cell 704 - Cell SOC;;1.000000;0.000000;%;4
3549;4;7136;F32;;Cell 704 - Cell SOH;;1.000000;0.000000;%;4
3550;4;7138;F32;;Cell 704 - Cell Resistance;;1.000000;0.000000;Ω;4
3551;4;7140;F32;;Cell 705 - Cell Voltage;;1.000000;0.000000;V;4
3552;4;7142;F32;;Cell 705 - Cell Temperature;;1.000000;0.000000;°C;4
3553;4;7144;F32;;Cell 705 - Cell SOC;;1.000000;0.000000;%;4
3554;4;7146;F32;;Cell 705 - Cell SOH;;1.000000;0.000000;%;4
3555;4;7148;F32;;Cell 705 - Cell Resistance;;1.000000;0.000000;Ω;4
3556;4;7150;F32;;Cell 706 - Cell Voltage;;1.000000;0.000000;V;4
3557;4;7152;F32;;Cell 706 - Cell Temperature;;1.000000;0.000000;°C;4
3558;4;7154;F32;;Cell 706 - Cell SOC;;1.000000;0.000000;%;4
3559;4;7156;F32;;Cell 706 - Cell SOH;;1.000000;0.000000;%;4
3560;4;7158;F32;;Cell 706 - Cell Resistance;;1.000000;0.000000;Ω;4
3561;4;7160;F32;;Cell 707 - Cell Voltage;;1.000000;0.000000;V;4
3562;4;7162;F32;;Cell 707 - Cell Temperature;;1.000000;0.000000;°C;4
3563;4;7164;F32;;Cell 707 - Cell SOC;;1.000000;0.000000;%;4
3564;4;7166;F32;;Cell 707 - Cell SOH;;1.000000;0.000000;%;4
3565;4;7168;F32;;Cell 707 - Cell Resistance;;1.000000;0.000000;Ω;4
3566;4;7170;F32;;Cell 708 - Cell Voltage;;1.000000;0.000000;V;4
3567;4;7172;F32;;Cell 708 - Cell Temperature;;1.000000;0.000000;°C;4
3568;4;7174;F32;;Cell 708 - Cell SOC;;1.000000;0.000000;%;4
3569;4;7176;F32;;Cell 708 - Cell SOH;;1.000000;0.000000;%;4
3570;4;7178;F32;;Cell 708 - Cell Resistance;;1.000000;0.000000;Ω;4
3571;4;7180;F32;;Cell 709 - Cell Voltage;;1.000000;0.000000;V;4
3572;4;7182;F32;;Cell 709 - Cell Temperature;;1.000000;0.000000;°C;4
3573;4;7184;F32;;Cell 709 - Cell SOC;;1.000000;0.000000;%;4
3574;4;7186;F32;;Cell 709 - Cell SOH;;1.000000;0.000000;%;4
3575;4;7188;F32;;Cell 709 - Cell Resistance;;1.000000;0.000000;Ω;4
3576;4;7190;F32;;Cell 710 - Cell Voltage;;1.000000;0.000000;V;4
3577;4;7192;F32;;Cell 710 - Cell Temperature;;1.000000;0.000000;°C;4
3578;4;7194;F32;;Cell 710 - Cell SOC;;1.000000;0.000000;%;4
3579;4;7196;F32;;Cell 710 - Cell SOH;;1.000000;0.000000;%;4
3580;4;7198;F32;;Cell 710 - Cell Resistance;;1.000000;0.000000;Ω;4
3581;4;7200;F32;;Cell 711 - Cell Voltage;;1.000000;0.000000;V;4
3582;4;7202;F32;;Cell 711 - Cell Temperature;;1.000000;0.000000;°C;4
3583;4;7204;F32;;Cell 711 - Cell SOC;;1.000000;0.000000;%;4
3584;4;7206;F32;;Cell 711 - Cell SOH;;1.000000;0.000000;%;4
3585;4;7208;F32;;Cell 711 - Cell Resistance;;1.000000;0.000000;Ω;4
3586;4;7210;F32;;Cell 712 - Cell Voltage;;1.000000;0.000000;V;4
3587;4;7212;F32;;Cell 712 - Cell Temperature;;1.000000;0.000000;°C;4
3588;4;7214;F32;;Cell 712 - Cell SOC;;1.000000;0.000000;%;4
3589;4;7216;F32;;Cell 712 - Cell SOH;;1.000000;0.000000;%;4
3590;4;7218;F32;;Cell 712 - Cell Resistance;;1.000000;0.000000;Ω;4
3591;4;7220;F32;;Cell 713 - Cell Voltage;;1.000000;0.000000;V;4
3592;4;7222;F32;;Cell 713 - Cell Temperature;;1.000000;0.000000;°C;4
3593;4;7224;F32;;Cell 713 - Cell SOC;;1.000000;0.000000;%;4
3594;4;7226;F32;;Cell 713 - Cell SOH;;1.000000;0.000000;%;4
3595;4;7228;F32;;Cell 713 - Cell Resistance;;1.000000;0.000000;Ω;4
3596;4;7230;F32;;Cell 714 - Cell Voltage;;1.000000;0.000000;V;4
3597;4;7232;F32;;Cell 714 - Cell Temperature;;1.000000;0.000000;°C;4
3598;4;7234;F32;;Cell 714 - Cell SOC;;1.000000;0.000000;%;4
3599;4;7236;F32;;Cell 714 - Cell SOH;;1.000000;0.000000;%;4
3600;4;7238;F32;;Cell 714 - Cell Resistance;;1.000000;0.000000;Ω;4
3601;4;7240;F32;;Cell 715 - Cell Voltage;;1.000000;0.000000;V;4
3602;4;7242;F32;;Cell 715 - Cell Temperature;;1.000000;0.000000;°C;4
3603;4;7244;F32;;Cell 715 - Cell SOC;;1.000000;0.000000;%;4
3604;4;7246;F32;;Cell 715 - Cell SOH;;1.000000;0.000000;%;4
3605;4;7248;F32;;Cell 715 - Cell Resistance;;1.000000;0.000000;Ω;4
3606;4;7250;F32;;Cell 716 - Cell Voltage;;1.000000;0.000000;V;4
3607;4;7252;F32;;Cell 716 - Cell Temperature;;1.000000;0.000000;°C;4
3608;4;7254;F32;;Cell 716 - Cell SOC;;1.000000;0.000000;%;4
3609;4;7256;F32;;Cell 716 - Cell SOH;;1.000000;0.000000;%;4
3610;4;7258;F32;;Cell 716 - Cell Resistance;;1.000000;0.000000;Ω;4
3611;4;7260;F32;;Cell 717 - Cell Voltage;;1.000000;0.000000;V;4
3612;4;7262;F32;;Cell 717 - Cell Temperature;;1.000000;0.000000;°C;4
3613;4;7264;F32;;Cell 717 - Cell SOC;;1.000000;0.000000;%;4
3614;4;7266;F32;;Cell 717 - Cell SOH;;1.000000;0.000000;%;4
3615;4;7268;F32;;Cell 717 - Cell Resistance;;1.000000;0.000000;Ω;4
3616;4;7270;F32;;Cell 718 - Cell Voltage;;1.000000;0.000000;V;4
3617;4;7272;F32;;Cell 718 - Cell Temperature;;1.000000;0.000000;°C;4
3618;4;7274;F32;;Cell 718 - Cell SOC;;1.000000;0.000000;%;4
3619;4;7276;F32;;Cell 718 - Cell SOH;;1.000000;0.000000;%;4
3620;4;7278;F32;;Cell 718 - Cell Resistance;;1.000000;0.000000;Ω;4
3621;4;7280;F32;;Cell 719 - Cell Voltage;;1.000000;0.000000;V;4
3622;4;7282;F32;;Cell 719 - Cell Temperature;;1.000000;0.000000;°C;4
3623;4;7284;F32;;Cell 719 - Cell SOC;;1.000000;0.000000;%;4
3624;4;7286;F32;;Cell 719 - Cell SOH;;1.000000;0.000000;%;4
3625;4;7288;F32;;Cell 719 - Cell Resistance;;1.000000;0.000000;Ω;4
3626;4;7290;F32;;Cell 720 - Cell Voltage;;1.000000;0.000000;V;4
3627;4;7292;F32;;Cell 720 - Cell Temperature;;1.000000;0.000000;°C;4
3628;4;7294;F32;;Cell 720 - Cell SOC;;1.000000;0.000000;%;4
3629;4;7296;F32;;Cell 720 - Cell SOH;;1.000000;0.000000;%;4
3630;4;7298;F32;;Cell 720 - Cell Resistance;;1.000000;0.000000;Ω;4
3631;4;7300;F32;;Cell 721 - Cell Voltage;;1.000000;0.000000;V;4
3632;4;7302;F32;;Cell 721 - Cell Temperature;;1.000000;0.000000;°C;4
3633;4;7304;F32;;Cell 721 - Cell SOC;;1.000000;0.000000;%;4
3634;4;7306;F32;;Cell 721 - Cell SOH;;1.000000;0.000000;%;4
3635;4;7308;F32;;Cell 721 - Cell Resistance;;1.000000;0.000000;Ω;4
3636;4;7310;F32;;Cell 722 - Cell Voltage;;1.000000;0.000000;V;4
3637;4;7312;F32;;Cell 722 - Cell Temperature;;1.000000;0.000000;°C;4
3638;4;7314;F32;;Cell 722 - Cell SOC;;1.000000;0.000000;%;4
3639;4;7316;F32;;Cell 722 - Cell SOH;;1.000000;0.000000;%;4
3640;4;7318;F32;;Cell 722 - Cell Resistance;;1.000000;0.000000;Ω;4
3641;4;7320;F32;;Cell 723 - Cell Voltage;;1.000000;0.000000;V;4
3642;4;7322;F32;;Cell 723 - Cell Temperature;;1.000000;0.000000;°C;4
3643;4;7324;F32;;Cell 723 - Cell SOC;;1.000000;0.000000;%;4
3644;4;7326;F32;;Cell 723 - Cell SOH;;1.000000;0.000000;%;4
3645;4;7328;F32;;Cell 723 - Cell Resistance;;1.000000;0.000000;Ω;4
3646;4;7330;F32;;Cell 724 - Cell Voltage;;1.000000;0.000000;V;4
3647;4;7332;F32;;Cell 724 - Cell Temperature;;1.000000;0.000000;°C;4
3648;4;7334;F32;;Cell 724 - Cell SOC;;1.000000;0.000000;%;4
3649;4;7336;F32;;Cell 724 - Cell SOH;;1.000000;0.000000;%;4
3650;4;7338;F32;;Cell 724 - Cell Resistance;;1.000000;0.000000;Ω;4
3651;4;7340;F32;;Cell 725 - Cell Voltage;;1.000000;0.000000;V;4
3652;4;7342;F32;;Cell 725 - Cell Temperature;;1.000000;0.000000;°C;4
3653;4;7344;F32;;Cell 725 - Cell SOC;;1.000000;0.000000;%;4
3654;4;7346;F32;;Cell 725 - Cell SOH;;1.000000;0.000000;%;4
3655;4;7348;F32;;Cell 725 - Cell Resistance;;1.000000;0.000000;Ω;4
3656;4;7350;F32;;Cell 726 - Cell Voltage;;1.000000;0.000000;V;4
3657;4;7352;F32;;Cell 726 - Cell Temperature;;1.000000;0.000000;°C;4
3658;4;7354;F32;;Cell 726 - Cell SOC;;1.000000;0.000000;%;4
3659;4;7356;F32;;Cell 726 - Cell SOH;;1.000000;0.000000;%;4
3660;4;7358;F32;;Cell 726 - Cell Resistance;;1.000000;0.000000;Ω;4
3661;4;7360;F32;;Cell 727 - Cell Voltage;;1.000000;0.000000;V;4
3662;4;7362;F32;;Cell 727 - Cell Temperature;;1.000000;0.000000;°C;4
3663;4;7364;F32;;Cell 727 - Cell SOC;;1.000000;0.000000;%;4
3664;4;7366;F32;;Cell 727 - Cell SOH;;1.000000;0.000000;%;4
3665;4;7368;F32;;Cell 727 - Cell Resistance;;1.000000;0.000000;Ω;4
3666;4;7370;F32;;Cell 728 - Cell Voltage;;1.000000;0.000000;V;4
3667;4;7372;F32;;Cell 728 - Cell Temperature;;1.000000;0.000000;°C;4
3668;4;7374;F32;;Cell 728 - Cell SOC;;1.000000;0.000000;%;4
3669;4;7376;F32;;Cell 728 - Cell SOH;;1.000000;0.000000;%;4
3670;4;7378;F32;;Cell 728 - Cell Resistance;;1.000000;0.000000;Ω;4
3671;4;7380;F32;;Cell 729 - Cell Voltage;;1.000000;0.000000;V;4
3672;4;7382;F32;;Cell 729 - Cell Temperature;;1.000000;0.000000;°C;4
3673;4;7384;F32;;Cell 729 - Cell SOC;;1.000000;0.000000;%;4
3674;4;7386;F32;;Cell 729 - Cell SOH;;1.000000;0.000000;%;4
3675;4;7388;F32;;Cell 729 - Cell Resistance;;1.000000;0.000000;Ω;4
3676;4;7390;F32;;Cell 730 - Cell Voltage;;1.000000;0.000000;V;4
3677;4;7392;F32;;Cell 730 - Cell Temperature;;1.000000;0.000000;°C;4
3678;4;7394;F32;;Cell 730 - Cell SOC;;1.000000;0.000000;%;4
3679;4;7396;F32;;Cell 730 - Cell SOH;;1.000000;0.000000;%;4
3680;4;7398;F32;;Cell 730 - Cell Resistance;;1.000000;0.000000;Ω;4
3681;4;7400;F32;;Cell 731 - Cell Voltage;;1.000000;0.000000;V;4
3682;4;7402;F32;;Cell 731 - Cell Temperature;;1.000000;0.000000;°C;4
3683;4;7404;F32;;Cell 731 - Cell SOC;;1.000000;0.000000;%;4
3684;4;7406;F32;;Cell 731 - Cell SOH;;1.000000;0.000000;%;4
3685;4;7408;F32;;Cell 731 - Cell Resistance;;1.000000;0.000000;Ω;4
3686;4;7410;F32;;Cell 732 - Cell Voltage;;1.000000;0.000000;V;4
3687;4;7412;F32;;Cell 732 - Cell Temperature;;1.000000;0.000000;°C;4
3688;4;7414;F32;;Cell 732 - Cell SOC;;1.000000;0.000000;%;4
3689;4;7416;F32;;Cell 732 - Cell SOH;;1.000000;0.000000;%;4
3690;4;7418;F32;;Cell 732 - Cell Resistance;;1.000000;0.000000;Ω;4
3691;4;7420;F32;;Cell 733 - Cell Voltage;;1.000000;0.000000;V;4
3692;4;7422;F32;;Cell 733 - Cell Temperature;;1.000000;0.000000;°C;4
3693;4;7424;F32;;Cell 733 - Cell SOC;;1.000000;0.000000;%;4
3694;4;7426;F32;;Cell 733 - Cell SOH;;1.000000;0.000000;%;4
3695;4;7428;F32;;Cell 733 - Cell Resistance;;1.000000;0.000000;Ω;4
3696;4;7430;F32;;Cell 734 - Cell Voltage;;1.000000;0.000000;V;4
3697;4;7432;F32;;Cell 734 - Cell Temperature;;1.000000;0.000000;°C;4
3698;4;7434;F32;;Cell 734 - Cell SOC;;1.000000;0.000000;%;4
3699;4;7436;F32;;Cell 734 - Cell SOH;;1.000000;0.000000;%;4
3700;4;7438;F32;;Cell 734 - Cell Resistance;;1.000000;0.000000;Ω;4
3701;4;7440;F32;;Cell 735 - Cell Voltage;;1.000000;0.000000;V;4
3702;4;7442;F32;;Cell 735 - Cell Temperature;;1.000000;0.000000;°C;4
3703;4;7444;F32;;Cell 735 - Cell SOC;;1.000000;0.000000;%;4
3704;4;7446;F32;;Cell 735 - Cell SOH;;1.000000;0.000000;%;4
3705;4;7448;F32;;Cell 735 - Cell Resistance;;1.000000;0.000000;Ω;4
3706;4;7450;F32;;Cell 736 - Cell Voltage;;1.000000;0.000000;V;4
3707;4;7452;F32;;Cell 736 - Cell Temperature;;1.000000;0.000000;°C;4
3708;4;7454;F32;;Cell 736 - Cell SOC;;1.000000;0.000000;%;4
3709;4;7456;F32;;Cell 736 - Cell SOH;;1.000000;0.000000;%;4
3710;4;7458;F32;;Cell 736 - Cell Resistance;;1.000000;0.000000;Ω;4
3711;4;7460;F32;;Cell 737 - Cell Voltage;;1.000000;0.000000;V;4
3712;4;7462;F32;;Cell 737 - Cell Temperature;;1.000000;0.000000;°C;4
3713;4;7464;F32;;Cell 737 - Cell SOC;;1.000000;0.000000;%;4
3714;4;7466;F32;;Cell 737 - Cell SOH;;1.000000;0.000000;%;4
3715;4;7468;F32;;Cell 737 - Cell Resistance;;1.000000;0.000000;Ω;4
3716;4;7470;F32;;Cell 738 - Cell Voltage;;1.000000;0.000000;V;4
3717;4;7472;F32;;Cell 738 - Cell Temperature;;1.000000;0.000000;°C;4
3718;4;7474;F32;;Cell 738 - Cell SOC;;1.000000;0.000000;%;4
3719;4;7476;F32;;Cell 738 - Cell SOH;;1.000000;0.000000;%;4
3720;4;7478;F32;;Cell 738 - Cell Resistance;;1.000000;0.000000;Ω;4
3721;4;7480;F32;;Cell 739 - Cell Voltage;;1.000000;0.000000;V;4
3722;4;7482;F32;;Cell 739 - Cell Temperature;;1.000000;0.000000;°C;4
3723;4;7484;F32;;Cell 739 - Cell SOC;;1.000000;0.000000;%;4
3724;4;7486;F32;;Cell 739 - Cell SOH;;1.000000;0.000000;%;4
3725;4;7488;F32;;Cell 739 - Cell Resistance;;1.000000;0.000000;Ω;4
3726;4;7490;F32;;Cell 740 - Cell Voltage;;1.000000;0.000000;V;4
3727;4;7492;F32;;Cell 740 - Cell Temperature;;1.000000;0.000000;°C;4
3728;4;7494;F32;;Cell 740 - Cell SOC;;1.000000;0.000000;%;4
3729;4;7496;F32;;Cell 740 - Cell SOH;;1.000000;0.000000;%;4
3730;4;7498;F32;;Cell 740 - Cell Resistance;;1.000000;0.000000;Ω;4
3731;4;7500;F32;;Cell 741 - Cell Voltage;;1.000000;0.000000;V;4
3732;4;7502;F32;;Cell 741 - Cell Temperature;;1.000000;0.000000;°C;4
3733;4;7504;F32;;Cell 741 - Cell SOC;;1.000000;0.000000;%;4
3734;4;7506;F32;;Cell 741 - Cell SOH;;1.000000;0.000000;%;4
3735;4;7508;F32;;Cell 741 - Cell Resistance;;1.000000;0.000000;Ω;4
3736;4;7510;F32;;Cell 742 - Cell Voltage;;1.000000;0.000000;V;4
3737;4;7512;F32;;Cell 742 - Cell Temperature;;1.000000;0.000000;°C;4
3738;4;7514;F32;;Cell 742 - Cell SOC;;1.000000;0.000000;%;4
3739;4;7516;F32;;Cell 742 - Cell SOH;;1.000000;0.000000;%;4
3740;4;7518;F32;;Cell 742 - Cell Resistance;;1.000000;0.000000;Ω;4
3741;4;7520;F32;;Cell 743 - Cell Voltage;;1.000000;0.000000;V;4
3742;4;7522;F32;;Cell 743 - Cell Temperature;;1.000000;0.000000;°C;4
3743;4;7524;F32;;Cell 743 - Cell SOC;;1.000000;0.000000;%;4
3744;4;7526;F32;;Cell 743 - Cell SOH;;1.000000;0.000000;%;4
3745;4;7528;F32;;Cell 743 - Cell Resistance;;1.000000;0.000000;Ω;4
3746;4;7530;F32;;Cell 744 - Cell Voltage;;1.000000;0.000000;V;4
3747;4;7532;F32;;Cell 744 - Cell Temperature;;1.000000;0.000000;°C;4
3748;4;7534;F32;;Cell 744 - Cell SOC;;1.000000;0.000000;%;4
3749;4;7536;F32;;Cell 744 - Cell SOH;;1.000000;0.000000;%;4
3750;4;7538;F32;;Cell 744 - Cell Resistance;;1.000000;0.000000;Ω;4
3751;4;7540;F32;;Cell 745 - Cell Voltage;;1.000000;0.000000;V;4
3752;4;7542;F32;;Cell 745 - Cell Temperature;;1.000000;0.000000;°C;4
3753;4;7544;F32;;Cell 745 - Cell SOC;;1.000000;0.000000;%;4
3754;4;7546;F32;;Cell 745 - Cell SOH;;1.000000;0.000000;%;4
3755;4;7548;F32;;Cell 745 - Cell Resistance;;1.000000;0.000000;Ω;4
3756;4;7550;F32;;Cell 746 - Cell Voltage;;1.000000;0.000000;V;4
3757;4;7552;F32;;Cell 746 - Cell Temperature;;1.000000;0.000000;°C;4
3758;4;7554;F32;;Cell 746 - Cell SOC;;1.000000;0.000000;%;4
3759;4;7556;F32;;Cell 746 - Cell SOH;;1.000000;0.000000;%;4
3760;4;7558;F32;;Cell 746 - Cell Resistance;;1.000000;0.000000;Ω;4
3761;4;7560;F32;;Cell 747 - Cell Voltage;;1.000000;0.000000;V;4
3762;4;7562;F32;;Cell 747 - Cell Temperature;;1.000000;0.000000;°C;4
3763;4;7564;F32;;Cell 747 - Cell SOC;;1.000000;0.000000;%;4
3764;4;7566;F32;;Cell 747 - Cell SOH;;1.000000;0.000000;%;4
3765;4;7568;F32;;Cell 747 - Cell Resistance;;1.000000;0.000000;Ω;4
3766;4;7570;F32;;Cell 748 - Cell Voltage;;1.000000;0.000000;V;4
3767;4;7572;F32;;Cell 748 - Cell Temperature;;1.000000;0.000000;°C;4
3768;4;7574;F32;;Cell 748 - Cell SOC;;1.000000;0.000000;%;4
3769;4;7576;F32;;Cell 748 - Cell SOH;;1.000000;0.000000;%;4
3770;4;7578;F32;;Cell 748 - Cell Resistance;;1.000000;0.000000;Ω;4
3771;4;7580;F32;;Cell 749 - Cell Voltage;;1.000000;0.000000;V;4
3772;4;7582;F32;;Cell 749 - Cell Temperature;;1.000000;0.000000;°C;4
3773;4;7584;F32;;Cell 749 - Cell SOC;;1.000000;0.000000;%;4
3774;4;7586;F32;;Cell 749 - Cell SOH;;1.000000;0.000000;%;4
3775;4;7588;F32;;Cell 749 - Cell Resistance;;1.000000;0.000000;Ω;4
3776;4;7590;F32;;Cell 750 - Cell Voltage;;1.000000;0.000000;V;4
3777;4;7592;F32;;Cell 750 - Cell Temperature;;1.000000;0.000000;°C;4
3778;4;7594;F32;;Cell 750 - Cell SOC;;1.000000;0.000000;%;4
3779;4;7596;F32;;Cell 750 - Cell SOH;;1.000000;0.000000;%;4
3780;4;7598;F32;;Cell 750 - Cell Resistance;;1.000000;0.000000;Ω;4
3781;4;7600;F32;;Cell 751 - Cell Voltage;;1.000000;0.000000;V;4
3782;4;7602;F32;;Cell 751 - Cell Temperature;;1.000000;0.000000;°C;4
3783;4;7604;F32;;Cell 751 - Cell SOC;;1.000000;0.000000;%;4
3784;4;7606;F32;;Cell 751 - Cell SOH;;1.000000;0.000000;%;4
3785;4;7608;F32;;Cell 751 - Cell Resistance;;1.000000;0.000000;Ω;4
3786;4;7610;F32;;Cell 752 - Cell Voltage;;1.000000;0.000000;V;4
3787;4;7612;F32;;Cell 752 - Cell Temperature;;1.000000;0.000000;°C;4
3788;4;7614;F32;;Cell 752 - Cell SOC;;1.000000;0.000000;%;4
3789;4;7616;F32;;Cell 752 - Cell SOH;;1.000000;0.000000;%;4
3790;4;7618;F32;;Cell 752 - Cell Resistance;;1.000000;0.000000;Ω;4
3791;4;7620;F32;;Cell 753 - Cell Voltage;;1.000000;0.000000;V;4
3792;4;7622;F32;;Cell 753 - Cell Temperature;;1.000000;0.000000;°C;4
3793;4;7624;F32;;Cell 753 - Cell SOC;;1.000000;0.000000;%;4
3794;4;7626;F32;;Cell 753 - Cell SOH;;1.000000;0.000000;%;4
3795;4;7628;F32;;Cell 753 - Cell Resistance;;1.000000;0.000000;Ω;4
3796;4;7630;F32;;Cell 754 - Cell Voltage;;1.000000;0.000000;V;4
3797;4;7632;F32;;Cell 754 - Cell Temperature;;1.000000;0.000000;°C;4
3798;4;7634;F32;;Cell 754 - Cell SOC;;1.000000;0.000000;%;4
3799;4;7636;F32;;Cell 754 - Cell SOH;;1.000000;0.000000;%;4
3800;4;7638;F32;;Cell 754 - Cell Resistance;;1.000000;0.000000;Ω;4
3801;4;7640;F32;;Cell 755 - Cell Voltage;;1.000000;0.000000;V;4
3802;4;7642;F32;;Cell 755 - Cell Temperature;;1.000000;0.000000;°C;4
3803;4;7644;F32;;Cell 755 - Cell SOC;;1.000000;0.000000;%;4
3804;4;7646;F32;;Cell 755 - Cell SOH;;1.000000;0.000000;%;4
3805;4;7648;F32;;Cell 755 - Cell Resistance;;1.000000;0.000000;Ω;4
3806;4;7650;F32;;Cell 756 - Cell Voltage;;1.000000;0.000000;V;4
3807;4;7652;F32;;Cell 756 - Cell Temperature;;1.000000;0.000000;°C;4
3808;4;7654;F32;;Cell 756 - Cell SOC;;1.000000;0.000000;%;4
3809;4;7656;F32;;Cell 756 - Cell SOH;;1.000000;0.000000;%;4
3810;4;7658;F32;;Cell 756 - Cell Resistance;;1.000000;0.000000;Ω;4
3811;4;7660;F32;;Cell 757 - Cell Voltage;;1.000000;0.000000;V;4
3812;4;7662;F32;;Cell 757 - Cell Temperature;;1.000000;0.000000;°C;4
3813;4;7664;F32;;Cell 757 - Cell SOC;;1.000000;0.000000;%;4
3814;4;7666;F32;;Cell 757 - Cell SOH;;1.000000;0.000000;%;4
3815;4;7668;F32;;Cell 757 - Cell Resistance;;1.000000;0.000000;Ω;4
3816;4;7670;F32;;Cell 758 - Cell Voltage;;1.000000;0.000000;V;4
3817;4;7672;F32;;Cell 758 - Cell Temperature;;1.000000;0.000000;°C;4
3818;4;7674;F32;;Cell 758 - Cell SOC;;1.000000;0.000000;%;4
3819;4;7676;F32;;Cell 758 - Cell SOH;;1.000000;0.000000;%;4
3820;4;7678;F32;;Cell 758 - Cell Resistance;;1.000000;0.000000;Ω;4
3821;4;7680;F32;;Cell 759 - Cell Voltage;;1.000000;0.000000;V;4
3822;4;7682;F32;;Cell 759 - Cell Temperature;;1.000000;0.000000;°C;4
3823;4;7684;F32;;Cell 759 - Cell SOC;;1.000000;0.000000;%;4
3824;4;7686;F32;;Cell 759 - Cell SOH;;1.000000;0.000000;%;4
3825;4;7688;F32;;Cell 759 - Cell Resistance;;1.000000;0.000000;Ω;4
3826;4;7690;F32;;Cell 760 - Cell Voltage;;1.000000;0.000000;V;4
3827;4;7692;F32;;Cell 760 - Cell Temperature;;1.000000;0.000000;°C;4
3828;4;7694;F32;;Cell 760 - Cell SOC;;1.000000;0.000000;%;4
3829;4;7696;F32;;Cell 760 - Cell SOH;;1.000000;0.000000;%;4
3830;4;7698;F32;;Cell 760 - Cell Resistance;;1.000000;0.000000;Ω;4
3831;4;7700;F32;;Cell 761 - Cell Voltage;;1.000000;0.000000;V;4
3832;4;7702;F32;;Cell 761 - Cell Temperature;;1.000000;0.000000;°C;4
3833;4;7704;F32;;Cell 761 - Cell SOC;;1.000000;0.000000;%;4
3834;4;7706;F32;;Cell 761 - Cell SOH;;1.000000;0.000000;%;4
3835;4;7708;F32;;Cell 761 - Cell Resistance;;1.000000;0.000000;Ω;4
3836;4;7710;F32;;Cell 762 - Cell Voltage;;1.000000;0.000000;V;4
3837;4;7712;F32;;Cell 762 - Cell Temperature;;1.000000;0.000000;°C;4
3838;4;7714;F32;;Cell 762 - Cell SOC;;1.000000;0.000000;%;4
3839;4;7716;F32;;Cell 762 - Cell SOH;;1.000000;0.000000;%;4
3840;4;7718;F32;;Cell 762 - Cell Resistance;;1.000000;0.000000;Ω;4
3841;4;7720;F32;;Cell 763 - Cell Voltage;;1.000000;0.000000;V;4
3842;4;7722;F32;;Cell 763 - Cell Temperature;;1.000000;0.000000;°C;4
3843;4;7724;F32;;Cell 763 - Cell SOC;;1.000000;0.000000;%;4
3844;4;7726;F32;;Cell 763 - Cell SOH;;1.000000;0.000000;%;4
3845;4;7728;F32;;Cell 763 - Cell Resistance;;1.000000;0.000000;Ω;4
3846;4;7730;F32;;Cell 764 - Cell Voltage;;1.000000;0.000000;V;4
3847;4;7732;F32;;Cell 764 - Cell Temperature;;1.000000;0.000000;°C;4
3848;4;7734;F32;;Cell 764 - Cell SOC;;1.000000;0.000000;%;4
3849;4;7736;F32;;Cell 764 - Cell SOH;;1.000000;0.000000;%;4
3850;4;7738;F32;;Cell 764 - Cell Resistance;;1.000000;0.000000;Ω;4
3851;4;7740;F32;;Cell 765 - Cell Voltage;;1.000000;0.000000;V;4
3852;4;7742;F32;;Cell 765 - Cell Temperature;;1.000000;0.000000;°C;4
3853;4;7744;F32;;Cell 765 - Cell SOC;;1.000000;0.000000;%;4
3854;4;7746;F32;;Cell 765 - Cell SOH;;1.000000;0.000000;%;4
3855;4;7748;F32;;Cell 765 - Cell Resistance;;1.000000;0.000000;Ω;4
3856;4;7750;F32;;Cell 766 - Cell Voltage;;1.000000;0.000000;V;4
3857;4;7752;F32;;Cell 766 - Cell Temperature;;1.000000;0.000000;°C;4
3858;4;7754;F32;;Cell 766 - Cell SOC;;1.000000;0.000000;%;4
3859;4;7756;F32;;Cell 766 - Cell SOH;;1.000000;0.000000;%;4
3860;4;7758;F32;;Cell 766 - Cell Resistance;;1.000000;0.000000;Ω;4
3861;4;7760;F32;;Cell 767 - Cell Voltage;;1.000000;0.000000;V;4
3862;4;7762;F32;;Cell 767 - Cell Temperature;;1.000000;0.000000;°C;4
3863;4;7764;F32;;Cell 767 - Cell SOC;;1.000000;0.000000;%;4
3864;4;7766;F32;;Cell 767 - Cell SOH;;1.000000;0.000000;%;4
3865;4;7768;F32;;Cell 767 - Cell Resistance;;1.000000;0.000000;Ω;4
3866;4;7770;F32;;Cell 768 - Cell Voltage;;1.000000;0.000000;V;4
3867;4;7772;F32;;Cell 768 - Cell Temperature;;1.000000;0.000000;°C;4
3868;4;7774;F32;;Cell 768 - Cell SOC;;1.000000;0.000000;%;4
3869;4;7776;F32;;Cell 768 - Cell SOH;;1.000000;0.000000;%;4
3870;4;7778;F32;;Cell 768 - Cell Resistance;;1.000000;0.000000;Ω;4
3871;4;7780;F32;;Cell 769 - Cell Voltage;;1.000000;0.000000;V;4
3872;4;7782;F32;;Cell 769 - Cell Temperature;;1.000000;0.000000;°C;4
3873;4;7784;F32;;Cell 769 - Cell SOC;;1.000000;0.000000;%;4
3874;4;7786;F32;;Cell 769 - Cell SOH;;1.000000;0.000000;%;4
3875;4;7788;F32;;Cell 769 - Cell Resistance;;1.000000;0.000000;Ω;4
3876;4;7790;F32;;Cell 770 - Cell Voltage;;1.000000;0.000000;V;4
3877;4;7792;F32;;Cell 770 - Cell Temperature;;1.000000;0.000000;°C;4
3878;4;7794;F32;;Cell 770 - Cell SOC;;1.000000;0.000000;%;4
3879;4;7796;F32;;Cell 770 - Cell SOH;;1.000000;0.000000;%;4
3880;4;7798;F32;;Cell 770 - Cell Resistance;;1.000000;0.000000;Ω;4
3881;4;7800;F32;;Cell 771 - Cell Voltage;;1.000000;0.000000;V;4
3882;4;7802;F32;;Cell 771 - Cell Temperature;;1.000000;0.000000;°C;4
3883;4;7804;F32;;Cell 771 - Cell SOC;;1.000000;0.000000;%;4
3884;4;7806;F32;;Cell 771 - Cell SOH;;1.000000;0.000000;%;4
3885;4;7808;F32;;Cell 771 - Cell Resistance;;1.000000;0.000000;Ω;4
3886;4;7810;F32;;Cell 772 - Cell Voltage;;1.000000;0.000000;V;4
3887;4;7812;F32;;Cell 772 - Cell Temperature;;1.000000;0.000000;°C;4
3888;4;7814;F32;;Cell 772 - Cell SOC;;1.000000;0.000000;%;4
3889;4;7816;F32;;Cell 772 - Cell SOH;;1.000000;0.000000;%;4
3890;4;7818;F32;;Cell 772 - Cell Resistance;;1.000000;0.000000;Ω;4
3891;4;7820;F32;;Cell 773 - Cell Voltage;;1.000000;0.000000;V;4
3892;4;7822;F32;;Cell 773 - Cell Temperature;;1.000000;0.000000;°C;4
3893;4;7824;F32;;Cell 773 - Cell SOC;;1.000000;0.000000;%;4
3894;4;7826;F32;;Cell 773 - Cell SOH;;1.000000;0.000000;%;4
3895;4;7828;F32;;Cell 773 - Cell Resistance;;1.000000;0.000000;Ω;4
3896;4;7830;F32;;Cell 774 - Cell Voltage;;1.000000;0.000000;V;4
3897;4;7832;F32;;Cell 774 - Cell Temperature;;1.000000;0.000000;°C;4
3898;4;7834;F32;;Cell 774 - Cell SOC;;1.000000;0.000000;%;4
3899;4;7836;F32;;Cell 774 - Cell SOH;;1.000000;0.000000;%;4
3900;4;7838;F32;;Cell 774 - Cell Resistance;;1.000000;0.000000;Ω;4
3901;4;7840;F32;;Cell 775 - Cell Voltage;;1.000000;0.000000;V;4
3902;4;7842;F32;;Cell 775 - Cell Temperature;;1.000000;0.000000;°C;4
3903;4;7844;F32;;Cell 775 - Cell SOC;;1.000000;0.000000;%;4
3904;4;7846;F32;;Cell 775 - Cell SOH;;1.000000;0.000000;%;4
3905;4;7848;F32;;Cell 775 - Cell Resistance;;1.000000;0.000000;Ω;4
3906;4;7850;F32;;Cell 776 - Cell Voltage;;1.000000;0.000000;V;4
3907;4;7852;F32;;Cell 776 - Cell Temperature;;1.000000;0.000000;°C;4
3908;4;7854;F32;;Cell 776 - Cell SOC;;1.000000;0.000000;%;4
3909;4;7856;F32;;Cell 776 - Cell SOH;;1.000000;0.000000;%;4
3910;4;7858;F32;;Cell 776 - Cell Resistance;;1.000000;0.000000;Ω;4
3911;4;7860;F32;;Cell 777 - Cell Voltage;;1.000000;0.000000;V;4
3912;4;7862;F32;;Cell 777 - Cell Temperature;;1.000000;0.000000;°C;4
3913;4;7864;F32;;Cell 777 - Cell SOC;;1.000000;0.000000;%;4
3914;4;7866;F32;;Cell 777 - Cell SOH;;1.000000;0.000000;%;4
3915;4;7868;F32;;Cell 777 - Cell Resistance;;1.000000;0.000000;Ω;4
3916;4;7870;F32;;Cell 778 - Cell Voltage;;1.000000;0.000000;V;4
3917;4;7872;F32;;Cell 778 - Cell Temperature;;1.000000;0.000000;°C;4
3918;4;7874;F32;;Cell 778 - Cell SOC;;1.000000;0.000000;%;4
3919;4;7876;F32;;Cell 778 - Cell SOH;;1.000000;0.000000;%;4
3920;4;7878;F32;;Cell 778 - Cell Resistance;;1.000000;0.000000;Ω;4
3921;4;7880;F32;;Cell 779 - Cell Voltage;;1.000000;0.000000;V;4
3922;4;7882;F32;;Cell 779 - Cell Temperature;;1.000000;0.000000;°C;4
3923;4;7884;F32;;Cell 779 - Cell SOC;;1.000000;0.000000;%;4
3924;4;7886;F32;;Cell 779 - Cell SOH;;1.000000;0.000000;%;4
3925;4;7888;F32;;Cell 779 - Cell Resistance;;1.000000;0.000000;Ω;4
3926;4;7890;F32;;Cell 780 - Cell Voltage;;1.000000;0.000000;V;4
3927;4;7892;F32;;Cell 780 - Cell Temperature;;1.000000;0.000000;°C;4
3928;4;7894;F32;;Cell 780 - Cell SOC;;1.000000;0.000000;%;4
3929;4;7896;F32;;Cell 780 - Cell SOH;;1.000000;0.000000;%;4
3930;4;7898;F32;;Cell 780 - Cell Resistance;;1.000000;0.000000;Ω;4
3931;4;7900;F32;;Cell 781 - Cell Voltage;;1.000000;0.000000;V;4
3932;4;7902;F32;;Cell 781 - Cell Temperature;;1.000000;0.000000;°C;4
3933;4;7904;F32;;Cell 781 - Cell SOC;;1.000000;0.000000;%;4
3934;4;7906;F32;;Cell 781 - Cell SOH;;1.000000;0.000000;%;4
3935;4;7908;F32;;Cell 781 - Cell Resistance;;1.000000;0.000000;Ω;4
3936;4;7910;F32;;Cell 782 - Cell Voltage;;1.000000;0.000000;V;4
3937;4;7912;F32;;Cell 782 - Cell Temperature;;1.000000;0.000000;°C;4
3938;4;7914;F32;;Cell 782 - Cell SOC;;1.000000;0.000000;%;4
3939;4;7916;F32;;Cell 782 - Cell SOH;;1.000000;0.000000;%;4
3940;4;7918;F32;;Cell 782 - Cell Resistance;;1.000000;0.000000;Ω;4
3941;4;7920;F32;;Cell 783 - Cell Voltage;;1.000000;0.000000;V;4
3942;4;7922;F32;;Cell 783 - Cell Temperature;;1.000000;0.000000;°C;4
3943;4;7924;F32;;Cell 783 - Cell SOC;;1.000000;0.000000;%;4
3944;4;7926;F32;;Cell 783 - Cell SOH;;1.000000;0.000000;%;4
3945;4;7928;F32;;Cell 783 - Cell Resistance;;1.000000;0.000000;Ω;4
3946;4;7930;F32;;Cell 784 - Cell Voltage;;1.000000;0.000000;V;4
3947;4;7932;F32;;Cell 784 - Cell Temperature;;1.000000;0.000000;°C;4
3948;4;7934;F32;;Cell 784 - Cell SOC;;1.000000;0.000000;%;4
3949;4;7936;F32;;Cell 784 - Cell SOH;;1.000000;0.000000;%;4
3950;4;7938;F32;;Cell 784 - Cell Resistance;;1.000000;0.000000;Ω;4
3951;4;7940;F32;;Cell 785 - Cell Voltage;;1.000000;0.000000;V;4
3952;4;7942;F32;;Cell 785 - Cell Temperature;;1.000000;0.000000;°C;4
3953;4;7944;F32;;Cell 785 - Cell SOC;;1.000000;0.000000;%;4
3954;4;7946;F32;;Cell 785 - Cell SOH;;1.000000;0.000000;%;4
3955;4;7948;F32;;Cell 785 - Cell Resistance;;1.000000;0.000000;Ω;4
3956;4;7950;F32;;Cell 786 - Cell Voltage;;1.000000;0.000000;V;4
3957;4;7952;F32;;Cell 786 - Cell Temperature;;1.000000;0.000000;°C;4
3958;4;7954;F32;;Cell 786 - Cell SOC;;1.000000;0.000000;%;4
3959;4;7956;F32;;Cell 786 - Cell SOH;;1.000000;0.000000;%;4
3960;4;7958;F32;;Cell 786 - Cell Resistance;;1.000000;0.000000;Ω;4
3961;4;7960;F32;;Cell 787 - Cell Voltage;;1.000000;0.000000;V;4
3962;4;7962;F32;;Cell 787 - Cell Temperature;;1.000000;0.000000;°C;4
3963;4;7964;F32;;Cell 787 - Cell SOC;;1.000000;0.000000;%;4
3964;4;7966;F32;;Cell 787 - Cell SOH;;1.000000;0.000000;%;4
3965;4;7968;F32;;Cell 787 - Cell Resistance;;1.000000;0.000000;Ω;4
3966;4;7970;F32;;Cell 788 - Cell Voltage;;1.000000;0.000000;V;4
3967;4;7972;F32;;Cell 788 - Cell Temperature;;1.000000;0.000000;°C;4
3968;4;7974;F32;;Cell 788 - Cell SOC;;1.000000;0.000000;%;4
3969;4;7976;F32;;Cell 788 - Cell SOH;;1.000000;0.000000;%;4
3970;4;7978;F32;;Cell 788 - Cell Resistance;;1.000000;0.000000;Ω;4
3971;4;7980;F32;;Cell 789 - Cell Voltage;;1.000000;0.000000;V;4
3972;4;7982;F32;;Cell 789 - Cell Temperature;;1.000000;0.000000;°C;4
3973;4;7984;F32;;Cell 789 - Cell SOC;;1.000000;0.000000;%;4
3974;4;7986;F32;;Cell 789 - Cell SOH;;1.000000;0.000000;%;4
3975;4;7988;F32;;Cell 789 - Cell Resistance;;1.000000;0.000000;Ω;4
3976;4;7990;F32;;Cell 790 - Cell Voltage;;1.000000;0.000000;V;4
3977;4;7992;F32;;Cell 790 - Cell Temperature;;1.000000;0.000000;°C;4
3978;4;7994;F32;;Cell 790 - Cell SOC;;1.000000;0.000000;%;4
3979;4;7996;F32;;Cell 790 - Cell SOH;;1.000000;0.000000;%;4
3980;4;7998;F32;;Cell 790 - Cell Resistance;;1.000000;0.000000;Ω;4
3981;4;8000;F32;;Cell 791 - Cell Voltage;;1.000000;0.000000;V;4
3982;4;8002;F32;;Cell 791 - Cell Temperature;;1.000000;0.000000;°C;4
3983;4;8004;F32;;Cell 791 - Cell SOC;;1.000000;0.000000;%;4
3984;4;8006;F32;;Cell 791 - Cell SOH;;1.000000;0.000000;%;4
3985;4;8008;F32;;Cell 791 - Cell Resistance;;1.000000;0.000000;Ω;4
3986;4;8010;F32;;Cell 792 - Cell Voltage;;1.000000;0.000000;V;4
3987;4;8012;F32;;Cell 792 - Cell Temperature;;1.000000;0.000000;°C;4
3988;4;8014;F32;;Cell 792 - Cell SOC;;1.000000;0.000000;%;4
3989;4;8016;F32;;Cell 792 - Cell SOH;;1.000000;0.000000;%;4
3990;4;8018;F32;;Cell 792 - Cell Resistance;;1.000000;0.000000;Ω;4
3991;4;8020;F32;;Cell 793 - Cell Voltage;;1.000000;0.000000;V;4
3992;4;8022;F32;;Cell 793 - Cell Temperature;;1.000000;0.000000;°C;4
3993;4;8024;F32;;Cell 793 - Cell SOC;;1.000000;0.000000;%;4
3994;4;8026;F32;;Cell 793 - Cell SOH;;1.000000;0.000000;%;4
3995;4;8028;F32;;Cell 793 - Cell Resistance;;1.000000;0.000000;Ω;4
3996;4;8030;F32;;Cell 794 - Cell Voltage;;1.000000;0.000000;V;4
3997;4;8032;F32;;Cell 794 - Cell Temperature;;1.000000;0.000000;°C;4
3998;4;8034;F32;;Cell 794 - Cell SOC;;1.000000;0.000000;%;4
3999;4;8036;F32;;Cell 794 - Cell SOH;;1.000000;0.000000;%;4
4000;4;8038;F32;;Cell 794 - Cell Resistance;;1.000000;0.000000;Ω;4
4001;4;8040;F32;;Cell 795 - Cell Voltage;;1.000000;0.000000;V;4
4002;4;8042;F32;;Cell 795 - Cell Temperature;;1.000000;0.000000;°C;4
4003;4;8044;F32;;Cell 795 - Cell SOC;;1.000000;0.000000;%;4
4004;4;8046;F32;;Cell 795 - Cell SOH;;1.000000;0.000000;%;4
4005;4;8048;F32;;Cell 795 - Cell Resistance;;1.000000;0.000000;Ω;4
4006;4;8050;F32;;Cell 796 - Cell Voltage;;1.000000;0.000000;V;4
4007;4;8052;F32;;Cell 796 - Cell Temperature;;1.000000;0.000000;°C;4
4008;4;8054;F32;;Cell 796 - Cell SOC;;1.000000;0.000000;%;4
4009;4;8056;F32;;Cell 796 - Cell SOH;;1.000000;0.000000;%;4
4010;4;8058;F32;;Cell 796 - Cell Resistance;;1.000000;0.000000;Ω;4
4011;4;8060;F32;;Cell 797 - Cell Voltage;;1.000000;0.000000;V;4
4012;4;8062;F32;;Cell 797 - Cell Temperature;;1.000000;0.000000;°C;4
4013;4;8064;F32;;Cell 797 - Cell SOC;;1.000000;0.000000;%;4
4014;4;8066;F32;;Cell 797 - Cell SOH;;1.000000;0.000000;%;4
4015;4;8068;F32;;Cell 797 - Cell Resistance;;1.000000;0.000000;Ω;4
4016;4;8070;F32;;Cell 798 - Cell Voltage;;1.000000;0.000000;V;4
4017;4;8072;F32;;Cell 798 - Cell Temperature;;1.000000;0.000000;°C;4
4018;4;8074;F32;;Cell 798 - Cell SOC;;1.000000;0.000000;%;4
4019;4;8076;F32;;Cell 798 - Cell SOH;;1.000000;0.000000;%;4
4020;4;8078;F32;;Cell 798 - Cell Resistance;;1.000000;0.000000;Ω;4
4021;4;8080;F32;;Cell 799 - Cell Voltage;;1.000000;0.000000;V;4
4022;4;8082;F32;;Cell 799 - Cell Temperature;;1.000000;0.000000;°C;4
4023;4;8084;F32;;Cell 799 - Cell SOC;;1.000000;0.000000;%;4
4024;4;8086;F32;;Cell 799 - Cell SOH;;1.000000;0.000000;%;4
4025;4;8088;F32;;Cell 799 - Cell Resistance;;1.000000;0.000000;Ω;4
4026;4;8090;F32;;Cell 800 - Cell Voltage;;1.000000;0.000000;V;4
4027;4;8092;F32;;Cell 800 - Cell Temperature;;1.000000;0.000000;°C;4
4028;4;8094;F32;;Cell 800 - Cell SOC;;1.000000;0.000000;%;4
4029;4;8096;F32;;Cell 800 - Cell SOH;;1.000000;0.000000;%;4
4030;4;8098;F32;;Cell 800 - Cell Resistance;;1.000000;0.000000;Ω;4
4031;4;8100;F32;;Cell 801 - Cell Voltage;;1.000000;0.000000;V;4
4032;4;8102;F32;;Cell 801 - Cell Temperature;;1.000000;0.000000;°C;4
4033;4;8104;F32;;Cell 801 - Cell SOC;;1.000000;0.000000;%;4
4034;4;8106;F32;;Cell 801 - Cell SOH;;1.000000;0.000000;%;4
4035;4;8108;F32;;Cell 801 - Cell Resistance;;1.000000;0.000000;Ω;4
4036;4;8110;F32;;Cell 802 - Cell Voltage;;1.000000;0.000000;V;4
4037;4;8112;F32;;Cell 802 - Cell Temperature;;1.000000;0.000000;°C;4
4038;4;8114;F32;;Cell 802 - Cell SOC;;1.000000;0.000000;%;4
4039;4;8116;F32;;Cell 802 - Cell SOH;;1.000000;0.000000;%;4
4040;4;8118;F32;;Cell 802 - Cell Resistance;;1.000000;0.000000;Ω;4
4041;4;8120;F32;;Cell 803 - Cell Voltage;;1.000000;0.000000;V;4
4042;4;8122;F32;;Cell 803 - Cell Temperature;;1.000000;0.000000;°C;4
4043;4;8124;F32;;Cell 803 - Cell SOC;;1.000000;0.000000;%;4
4044;4;8126;F32;;Cell 803 - Cell SOH;;1.000000;0.000000;%;4
4045;4;8128;F32;;Cell 803 - Cell Resistance;;1.000000;0.000000;Ω;4
4046;4;8130;F32;;Cell 804 - Cell Voltage;;1.000000;0.000000;V;4
4047;4;8132;F32;;Cell 804 - Cell Temperature;;1.000000;0.000000;°C;4
4048;4;8134;F32;;Cell 804 - Cell SOC;;1.000000;0.000000;%;4
4049;4;8136;F32;;Cell 804 - Cell SOH;;1.000000;0.000000;%;4
4050;4;8138;F32;;Cell 804 - Cell Resistance;;1.000000;0.000000;Ω;4
4051;4;8140;F32;;Cell 805 - Cell Voltage;;1.000000;0.000000;V;4
4052;4;8142;F32;;Cell 805 - Cell Temperature;;1.000000;0.000000;°C;4
4053;4;8144;F32;;Cell 805 - Cell SOC;;1.000000;0.000000;%;4
4054;4;8146;F32;;Cell 805 - Cell SOH;;1.000000;0.000000;%;4
4055;4;8148;F32;;Cell 805 - Cell Resistance;;1.000000;0.000000;Ω;4
4056;4;8150;F32;;Cell 806 - Cell Voltage;;1.000000;0.000000;V;4
4057;4;8152;F32;;Cell 806 - Cell Temperature;;1.000000;0.000000;°C;4
4058;4;8154;F32;;Cell 806 - Cell SOC;;1.000000;0.000000;%;4
4059;4;8156;F32;;Cell 806 - Cell SOH;;1.000000;0.000000;%;4
4060;4;8158;F32;;Cell 806 - Cell Resistance;;1.000000;0.000000;Ω;4
4061;4;8160;F32;;Cell 807 - Cell Voltage;;1.000000;0.000000;V;4
4062;4;8162;F32;;Cell 807 - Cell Temperature;;1.000000;0.000000;°C;4
4063;4;8164;F32;;Cell 807 - Cell SOC;;1.000000;0.000000;%;4
4064;4;8166;F32;;Cell 807 - Cell SOH;;1.000000;0.000000;%;4
4065;4;8168;F32;;Cell 807 - Cell Resistance;;1.000000;0.000000;Ω;4
4066;4;8170;F32;;Cell 808 - Cell Voltage;;1.000000;0.000000;V;4
4067;4;8172;F32;;Cell 808 - Cell Temperature;;1.000000;0.000000;°C;4
4068;4;8174;F32;;Cell 808 - Cell SOC;;1.000000;0.000000;%;4
4069;4;8176;F32;;Cell 808 - Cell SOH;;1.000000;0.000000;%;4
4070;4;8178;F32;;Cell 808 - Cell Resistance;;1.000000;0.000000;Ω;4
4071;4;8180;F32;;Cell 809 - Cell Voltage;;1.000000;0.000000;V;4
4072;4;8182;F32;;Cell 809 - Cell Temperature;;1.000000;0.000000;°C;4
4073;4;8184;F32;;Cell 809 - Cell SOC;;1.000000;0.000000;%;4
4074;4;8186;F32;;Cell 809 - Cell SOH;;1.000000;0.000000;%;4
4075;4;8188;F32;;Cell 809 - Cell Resistance;;1.000000;0.000000;Ω;4
4076;4;8190;F32;;Cell 810 - Cell Voltage;;1.000000;0.000000;V;4
4077;4;8192;F32;;Cell 810 - Cell Temperature;;1.000000;0.000000;°C;4
4078;4;8194;F32;;Cell 810 - Cell SOC;;1.000000;0.000000;%;4
4079;4;8196;F32;;Cell 810 - Cell SOH;;1.000000;0.000000;%;4
4080;4;8198;F32;;Cell 810 - Cell Resistance;;1.000000;0.000000;Ω;4
4081;4;8200;F32;;Cell 811 - Cell Voltage;;1.000000;0.000000;V;4
4082;4;8202;F32;;Cell 811 - Cell Temperature;;1.000000;0.000000;°C;4
4083;4;8204;F32;;Cell 811 - Cell SOC;;1.000000;0.000000;%;4
4084;4;8206;F32;;Cell 811 - Cell SOH;;1.000000;0.000000;%;4
4085;4;8208;F32;;Cell 811 - Cell Resistance;;1.000000;0.000000;Ω;4
4086;4;8210;F32;;Cell 812 - Cell Voltage;;1.000000;0.000000;V;4
4087;4;8212;F32;;Cell 812 - Cell Temperature;;1.000000;0.000000;°C;4
4088;4;8214;F32;;Cell 812 - Cell SOC;;1.000000;0.000000;%;4
4089;4;8216;F32;;Cell 812 - Cell SOH;;1.000000;0.000000;%;4
4090;4;8218;F32;;Cell 812 - Cell Resistance;;1.000000;0.000000;Ω;4
4091;4;8220;F32;;Cell 813 - Cell Voltage;;1.000000;0.000000;V;4
4092;4;8222;F32;;Cell 813 - Cell Temperature;;1.000000;0.000000;°C;4
4093;4;8224;F32;;Cell 813 - Cell SOC;;1.000000;0.000000;%;4
4094;4;8226;F32;;Cell 813 - Cell SOH;;1.000000;0.000000;%;4
4095;4;8228;F32;;Cell 813 - Cell Resistance;;1.000000;0.000000;Ω;4
4096;4;8230;F32;;Cell 814 - Cell Voltage;;1.000000;0.000000;V;4
4097;4;8232;F32;;Cell 814 - Cell Temperature;;1.000000;0.000000;°C;4
4098;4;8234;F32;;Cell 814 - Cell SOC;;1.000000;0.000000;%;4
4099;4;8236;F32;;Cell 814 - Cell SOH;;1.000000;0.000000;%;4
4100;4;8238;F32;;Cell 814 - Cell Resistance;;1.000000;0.000000;Ω;4
4101;4;8240;F32;;Cell 815 - Cell Voltage;;1.000000;0.000000;V;4
4102;4;8242;F32;;Cell 815 - Cell Temperature;;1.000000;0.000000;°C;4
4103;4;8244;F32;;Cell 815 - Cell SOC;;1.000000;0.000000;%;4
4104;4;8246;F32;;Cell 815 - Cell SOH;;1.000000;0.000000;%;4
4105;4;8248;F32;;Cell 815 - Cell Resistance;;1.000000;0.000000;Ω;4
4106;4;8250;F32;;Cell 816 - Cell Voltage;;1.000000;0.000000;V;4
4107;4;8252;F32;;Cell 816 - Cell Temperature;;1.000000;0.000000;°C;4
4108;4;8254;F32;;Cell 816 - Cell SOC;;1.000000;0.000000;%;4
4109;4;8256;F32;;Cell 816 - Cell SOH;;1.000000;0.000000;%;4
4110;4;8258;F32;;Cell 816 - Cell Resistance;;1.000000;0.000000;Ω;4
4111;4;8260;F32;;Cell 817 - Cell Voltage;;1.000000;0.000000;V;4
4112;4;8262;F32;;Cell 817 - Cell Temperature;;1.000000;0.000000;°C;4
4113;4;8264;F32;;Cell 817 - Cell SOC;;1.000000;0.000000;%;4
4114;4;8266;F32;;Cell 817 - Cell SOH;;1.000000;0.000000;%;4
4115;4;8268;F32;;Cell 817 - Cell Resistance;;1.000000;0.000000;Ω;4
4116;4;8270;F32;;Cell 818 - Cell Voltage;;1.000000;0.000000;V;4
4117;4;8272;F32;;Cell 818 - Cell Temperature;;1.000000;0.000000;°C;4
4118;4;8274;F32;;Cell 818 - Cell SOC;;1.000000;0.000000;%;4
4119;4;8276;F32;;Cell 818 - Cell SOH;;1.000000;0.000000;%;4
4120;4;8278;F32;;Cell 818 - Cell Resistance;;1.000000;0.000000;Ω;4
4121;4;8280;F32;;Cell 819 - Cell Voltage;;1.000000;0.000000;V;4
4122;4;8282;F32;;Cell 819 - Cell Temperature;;1.000000;0.000000;°C;4
4123;4;8284;F32;;Cell 819 - Cell SOC;;1.000000;0.000000;%;4
4124;4;8286;F32;;Cell 819 - Cell SOH;;1.000000;0.000000;%;4
4125;4;8288;F32;;Cell 819 - Cell Resistance;;1.000000;0.000000;Ω;4
4126;4;8290;F32;;Cell 820 - Cell Voltage;;1.000000;0.000000;V;4
4127;4;8292;F32;;Cell 820 - Cell Temperature;;1.000000;0.000000;°C;4
4128;4;8294;F32;;Cell 820 - Cell SOC;;1.000000;0.000000;%;4
4129;4;8296;F32;;Cell 820 - Cell SOH;;1.000000;0.000000;%;4
4130;4;8298;F32;;Cell 820 - Cell Resistance;;1.000000;0.000000;Ω;4
4131;4;8300;F32;;Cell 821 - Cell Voltage;;1.000000;0.000000;V;4
4132;4;8302;F32;;Cell 821 - Cell Temperature;;1.000000;0.000000;°C;4
4133;4;8304;F32;;Cell 821 - Cell SOC;;1.000000;0.000000;%;4
4134;4;8306;F32;;Cell 821 - Cell SOH;;1.000000;0.000000;%;4
4135;4;8308;F32;;Cell 821 - Cell Resistance;;1.000000;0.000000;Ω;4
4136;4;8310;F32;;Cell 822 - Cell Voltage;;1.000000;0.000000;V;4
4137;4;8312;F32;;Cell 822 - Cell Temperature;;1.000000;0.000000;°C;4
4138;4;8314;F32;;Cell 822 - Cell SOC;;1.000000;0.000000;%;4
4139;4;8316;F32;;Cell 822 - Cell SOH;;1.000000;0.000000;%;4
4140;4;8318;F32;;Cell 822 - Cell Resistance;;1.000000;0.000000;Ω;4
4141;4;8320;F32;;Cell 823 - Cell Voltage;;1.000000;0.000000;V;4
4142;4;8322;F32;;Cell 823 - Cell Temperature;;1.000000;0.000000;°C;4
4143;4;8324;F32;;Cell 823 - Cell SOC;;1.000000;0.000000;%;4
4144;4;8326;F32;;Cell 823 - Cell SOH;;1.000000;0.000000;%;4
4145;4;8328;F32;;Cell 823 - Cell Resistance;;1.000000;0.000000;Ω;4
4146;4;8330;F32;;Cell 824 - Cell Voltage;;1.000000;0.000000;V;4
4147;4;8332;F32;;Cell 824 - Cell Temperature;;1.000000;0.000000;°C;4
4148;4;8334;F32;;Cell 824 - Cell SOC;;1.000000;0.000000;%;4
4149;4;8336;F32;;Cell 824 - Cell SOH;;1.000000;0.000000;%;4
4150;4;8338;F32;;Cell 824 - Cell Resistance;;1.000000;0.000000;Ω;4
4151;4;8340;F32;;Cell 825 - Cell Voltage;;1.000000;0.000000;V;4
4152;4;8342;F32;;Cell 825 - Cell Temperature;;1.000000;0.000000;°C;4
4153;4;8344;F32;;Cell 825 - Cell SOC;;1.000000;0.000000;%;4
4154;4;8346;F32;;Cell 825 - Cell SOH;;1.000000;0.000000;%;4
4155;4;8348;F32;;Cell 825 - Cell Resistance;;1.000000;0.000000;Ω;4
4156;4;8350;F32;;Cell 826 - Cell Voltage;;1.000000;0.000000;V;4
4157;4;8352;F32;;Cell 826 - Cell Temperature;;1.000000;0.000000;°C;4
4158;4;8354;F32;;Cell 826 - Cell SOC;;1.000000;0.000000;%;4
4159;4;8356;F32;;Cell 826 - Cell SOH;;1.000000;0.000000;%;4
4160;4;8358;F32;;Cell 826 - Cell Resistance;;1.000000;0.000000;Ω;4
4161;4;8360;F32;;Cell 827 - Cell Voltage;;1.000000;0.000000;V;4
4162;4;8362;F32;;Cell 827 - Cell Temperature;;1.000000;0.000000;°C;4
4163;4;8364;F32;;Cell 827 - Cell SOC;;1.000000;0.000000;%;4
4164;4;8366;F32;;Cell 827 - Cell SOH;;1.000000;0.000000;%;4
4165;4;8368;F32;;Cell 827 - Cell Resistance;;1.000000;0.000000;Ω;4
4166;4;8370;F32;;Cell 828 - Cell Voltage;;1.000000;0.000000;V;4
4167;4;8372;F32;;Cell 828 - Cell Temperature;;1.000000;0.000000;°C;4
4168;4;8374;F32;;Cell 828 - Cell SOC;;1.000000;0.000000;%;4
4169;4;8376;F32;;Cell 828 - Cell SOH;;1.000000;0.000000;%;4
4170;4;8378;F32;;Cell 828 - Cell Resistance;;1.000000;0.000000;Ω;4
4171;4;8380;F32;;Cell 829 - Cell Voltage;;1.000000;0.000000;V;4
4172;4;8382;F32;;Cell 829 - Cell Temperature;;1.000000;0.000000;°C;4
4173;4;8384;F32;;Cell 829 - Cell SOC;;1.000000;0.000000;%;4
4174;4;8386;F32;;Cell 829 - Cell SOH;;1.000000;0.000000;%;4
4175;4;8388;F32;;Cell 829 - Cell Resistance;;1.000000;0.000000;Ω;4
4176;4;8390;F32;;Cell 830 - Cell Voltage;;1.000000;0.000000;V;4
4177;4;8392;F32;;Cell 830 - Cell Temperature;;1.000000;0.000000;°C;4
4178;4;8394;F32;;Cell 830 - Cell SOC;;1.000000;0.000000;%;4
4179;4;8396;F32;;Cell 830 - Cell SOH;;1.000000;0.000000;%;4
4180;4;8398;F32;;Cell 830 - Cell Resistance;;1.000000;0.000000;Ω;4
4181;4;8400;F32;;Cell 831 - Cell Voltage;;1.000000;0.000000;V;4
4182;4;8402;F32;;Cell 831 - Cell Temperature;;1.000000;0.000000;°C;4
4183;4;8404;F32;;Cell 831 - Cell SOC;;1.000000;0.000000;%;4
4184;4;8406;F32;;Cell 831 - Cell SOH;;1.000000;0.000000;%;4
4185;4;8408;F32;;Cell 831 - Cell Resistance;;1.000000;0.000000;Ω;4
4186;4;8410;F32;;Cell 832 - Cell Voltage;;1.000000;0.000000;V;4
4187;4;8412;F32;;Cell 832 - Cell Temperature;;1.000000;0.000000;°C;4
4188;4;8414;F32;;Cell 832 - Cell SOC;;1.000000;0.000000;%;4
4189;4;8416;F32;;Cell 832 - Cell SOH;;1.000000;0.000000;%;4
4190;4;8418;F32;;Cell 832 - Cell Resistance;;1.000000;0.000000;Ω;4
4191;4;8420;F32;;Cell 833 - Cell Voltage;;1.000000;0.000000;V;4
4192;4;8422;F32;;Cell 833 - Cell Temperature;;1.000000;0.000000;°C;4
4193;4;8424;F32;;Cell 833 - Cell SOC;;1.000000;0.000000;%;4
4194;4;8426;F32;;Cell 833 - Cell SOH;;1.000000;0.000000;%;4
4195;4;8428;F32;;Cell 833 - Cell Resistance;;1.000000;0.000000;Ω;4
4196;4;8430;F32;;Cell 834 - Cell Voltage;;1.000000;0.000000;V;4
4197;4;8432;F32;;Cell 834 - Cell Temperature;;1.000000;0.000000;°C;4
4198;4;8434;F32;;Cell 834 - Cell SOC;;1.000000;0.000000;%;4
4199;4;8436;F32;;Cell 834 - Cell SOH;;1.000000;0.000000;%;4
4200;4;8438;F32;;Cell 834 - Cell Resistance;;1.000000;0.000000;Ω;4
4201;4;8440;F32;;Cell 835 - Cell Voltage;;1.000000;0.000000;V;4
4202;4;8442;F32;;Cell 835 - Cell Temperature;;1.000000;0.000000;°C;4
4203;4;8444;F32;;Cell 835 - Cell SOC;;1.000000;0.000000;%;4
4204;4;8446;F32;;Cell 835 - Cell SOH;;1.000000;0.000000;%;4
4205;4;8448;F32;;Cell 835 - Cell Resistance;;1.000000;0.000000;Ω;4
4206;4;8450;F32;;Cell 836 - Cell Voltage;;1.000000;0.000000;V;4
4207;4;8452;F32;;Cell 836 - Cell Temperature;;1.000000;0.000000;°C;4
4208;4;8454;F32;;Cell 836 - Cell SOC;;1.000000;0.000000;%;4
4209;4;8456;F32;;Cell 836 - Cell SOH;;1.000000;0.000000;%;4
4210;4;8458;F32;;Cell 836 - Cell Resistance;;1.000000;0.000000;Ω;4
4211;4;8460;F32;;Cell 837 - Cell Voltage;;1.000000;0.000000;V;4
4212;4;8462;F32;;Cell 837 - Cell Temperature;;1.000000;0.000000;°C;4
4213;4;8464;F32;;Cell 837 - Cell SOC;;1.000000;0.000000;%;4
4214;4;8466;F32;;Cell 837 - Cell SOH;;1.000000;0.000000;%;4
4215;4;8468;F32;;Cell 837 - Cell Resistance;;1.000000;0.000000;Ω;4
4216;4;8470;F32;;Cell 838 - Cell Voltage;;1.000000;0.000000;V;4
4217;4;8472;F32;;Cell 838 - Cell Temperature;;1.000000;0.000000;°C;4
4218;4;8474;F32;;Cell 838 - Cell SOC;;1.000000;0.000000;%;4
4219;4;8476;F32;;Cell 838 - Cell SOH;;1.000000;0.000000;%;4
4220;4;8478;F32;;Cell 838 - Cell Resistance;;1.000000;0.000000;Ω;4
4221;4;8480;F32;;Cell 839 - Cell Voltage;;1.000000;0.000000;V;4
4222;4;8482;F32;;Cell 839 - Cell Temperature;;1.000000;0.000000;°C;4
4223;4;8484;F32;;Cell 839 - Cell SOC;;1.000000;0.000000;%;4
4224;4;8486;F32;;Cell 839 - Cell SOH;;1.000000;0.000000;%;4
4225;4;8488;F32;;Cell 839 - Cell Resistance;;1.000000;0.000000;Ω;4
4226;4;8490;F32;;Cell 840 - Cell Voltage;;1.000000;0.000000;V;4
4227;4;8492;F32;;Cell 840 - Cell Temperature;;1.000000;0.000000;°C;4
4228;4;8494;F32;;Cell 840 - Cell SOC;;1.000000;0.000000;%;4
4229;4;8496;F32;;Cell 840 - Cell SOH;;1.000000;0.000000;%;4
4230;4;8498;F32;;Cell 840 - Cell Resistance;;1.000000;0.000000;Ω;4
4231;4;8500;F32;;Cell 841 - Cell Voltage;;1.000000;0.000000;V;4
4232;4;8502;F32;;Cell 841 - Cell Temperature;;1.000000;0.000000;°C;4
4233;4;8504;F32;;Cell 841 - Cell SOC;;1.000000;0.000000;%;4
4234;4;8506;F32;;Cell 841 - Cell SOH;;1.000000;0.000000;%;4
4235;4;8508;F32;;Cell 841 - Cell Resistance;;1.000000;0.000000;Ω;4
4236;4;8510;F32;;Cell 842 - Cell Voltage;;1.000000;0.000000;V;4
4237;4;8512;F32;;Cell 842 - Cell Temperature;;1.000000;0.000000;°C;4
4238;4;8514;F32;;Cell 842 - Cell SOC;;1.000000;0.000000;%;4
4239;4;8516;F32;;Cell 842 - Cell SOH;;1.000000;0.000000;%;4
4240;4;8518;F32;;Cell 842 - Cell Resistance;;1.000000;0.000000;Ω;4
4241;4;8520;F32;;Cell 843 - Cell Voltage;;1.000000;0.000000;V;4
4242;4;8522;F32;;Cell 843 - Cell Temperature;;1.000000;0.000000;°C;4
4243;4;8524;F32;;Cell 843 - Cell SOC;;1.000000;0.000000;%;4
4244;4;8526;F32;;Cell 843 - Cell SOH;;1.000000;0.000000;%;4
4245;4;8528;F32;;Cell 843 - Cell Resistance;;1.000000;0.000000;Ω;4
4246;4;8530;F32;;Cell 844 - Cell Voltage;;1.000000;0.000000;V;4
4247;4;8532;F32;;Cell 844 - Cell Temperature;;1.000000;0.000000;°C;4
4248;4;8534;F32;;Cell 844 - Cell SOC;;1.000000;0.000000;%;4
4249;4;8536;F32;;Cell 844 - Cell SOH;;1.000000;0.000000;%;4
4250;4;8538;F32;;Cell 844 - Cell Resistance;;1.000000;0.000000;Ω;4
4251;4;8540;F32;;Cell 845 - Cell Voltage;;1.000000;0.000000;V;4
4252;4;8542;F32;;Cell 845 - Cell Temperature;;1.000000;0.000000;°C;4
4253;4;8544;F32;;Cell 845 - Cell SOC;;1.000000;0.000000;%;4
4254;4;8546;F32;;Cell 845 - Cell SOH;;1.000000;0.000000;%;4
4255;4;8548;F32;;Cell 845 - Cell Resistance;;1.000000;0.000000;Ω;4
4256;4;8550;F32;;Cell 846 - Cell Voltage;;1.000000;0.000000;V;4
4257;4;8552;F32;;Cell 846 - Cell Temperature;;1.000000;0.000000;°C;4
4258;4;8554;F32;;Cell 846 - Cell SOC;;1.000000;0.000000;%;4
4259;4;8556;F32;;Cell 846 - Cell SOH;;1.000000;0.000000;%;4
4260;4;8558;F32;;Cell 846 - Cell Resistance;;1.000000;0.000000;Ω;4
4261;4;8560;F32;;Cell 847 - Cell Voltage;;1.000000;0.000000;V;4
4262;4;8562;F32;;Cell 847 - Cell Temperature;;1.000000;0.000000;°C;4
4263;4;8564;F32;;Cell 847 - Cell SOC;;1.000000;0.000000;%;4
4264;4;8566;F32;;Cell 847 - Cell SOH;;1.000000;0.000000;%;4
4265;4;8568;F32;;Cell 847 - Cell Resistance;;1.000000;0.000000;Ω;4
4266;4;8570;F32;;Cell 848 - Cell Voltage;;1.000000;0.000000;V;4
4267;4;8572;F32;;Cell 848 - Cell Temperature;;1.000000;0.000000;°C;4
4268;4;8574;F32;;Cell 848 - Cell SOC;;1.000000;0.000000;%;4
4269;4;8576;F32;;Cell 848 - Cell SOH;;1.000000;0.000000;%;4
4270;4;8578;F32;;Cell 848 - Cell Resistance;;1.000000;0.000000;Ω;4
4271;4;8580;F32;;Cell 849 - Cell Voltage;;1.000000;0.000000;V;4
4272;4;8582;F32;;Cell 849 - Cell Temperature;;1.000000;0.000000;°C;4
4273;4;8584;F32;;Cell 849 - Cell SOC;;1.000000;0.000000;%;4
4274;4;8586;F32;;Cell 849 - Cell SOH;;1.000000;0.000000;%;4
4275;4;8588;F32;;Cell 849 - Cell Resistance;;1.000000;0.000000;Ω;4
4276;4;8590;F32;;Cell 850 - Cell Voltage;;1.000000;0.000000;V;4
4277;4;8592;F32;;Cell 850 - Cell Temperature;;1.000000;0.000000;°C;4
4278;4;8594;F32;;Cell 850 - Cell SOC;;1.000000;0.000000;%;4
4279;4;8596;F32;;Cell 850 - Cell SOH;;1.000000;0.000000;%;4
4280;4;8598;F32;;Cell 850 - Cell Resistance;;1.000000;0.000000;Ω;4
4281;4;8600;F32;;Cell 851 - Cell Voltage;;1.000000;0.000000;V;4
4282;4;8602;F32;;Cell 851 - Cell Temperature;;1.000000;0.000000;°C;4
4283;4;8604;F32;;Cell 851 - Cell SOC;;1.000000;0.000000;%;4
4284;4;8606;F32;;Cell 851 - Cell SOH;;1.000000;0.000000;%;4
4285;4;8608;F32;;Cell 851 - Cell Resistance;;1.000000;0.000000;Ω;4
4286;4;8610;F32;;Cell 852 - Cell Voltage;;1.000000;0.000000;V;4
4287;4;8612;F32;;Cell 852 - Cell Temperature;;1.000000;0.000000;°C;4
4288;4;8614;F32;;Cell 852 - Cell SOC;;1.000000;0.000000;%;4
4289;4;8616;F32;;Cell 852 - Cell SOH;;1.000000;0.000000;%;4
4290;4;8618;F32;;Cell 852 - Cell Resistance;;1.000000;0.000000;Ω;4
4291;4;8620;F32;;Cell 853 - Cell Voltage;;1.000000;0.000000;V;4
4292;4;8622;F32;;Cell 853 - Cell Temperature;;1.000000;0.000000;°C;4
4293;4;8624;F32;;Cell 853 - Cell SOC;;1.000000;0.000000;%;4
4294;4;8626;F32;;Cell 853 - Cell SOH;;1.000000;0.000000;%;4
4295;4;8628;F32;;Cell 853 - Cell Resistance;;1.000000;0.000000;Ω;4
4296;4;8630;F32;;Cell 854 - Cell Voltage;;1.000000;0.000000;V;4
4297;4;8632;F32;;Cell 854 - Cell Temperature;;1.000000;0.000000;°C;4
4298;4;8634;F32;;Cell 854 - Cell SOC;;1.000000;0.000000;%;4
4299;4;8636;F32;;Cell 854 - Cell SOH;;1.000000;0.000000;%;4
4300;4;8638;F32;;Cell 854 - Cell Resistance;;1.000000;0.000000;Ω;4
4301;4;8640;F32;;Cell 855 - Cell Voltage;;1.000000;0.000000;V;4
4302;4;8642;F32;;Cell 855 - Cell Temperature;;1.000000;0.000000;°C;4
4303;4;8644;F32;;Cell 855 - Cell SOC;;1.000000;0.000000;%;4
4304;4;8646;F32;;Cell 855 - Cell SOH;;1.000000;0.000000;%;4
4305;4;8648;F32;;Cell 855 - Cell Resistance;;1.000000;0.000000;Ω;4
4306;4;8650;F32;;Cell 856 - Cell Voltage;;1.000000;0.000000;V;4
4307;4;8652;F32;;Cell 856 - Cell Temperature;;1.000000;0.000000;°C;4
4308;4;8654;F32;;Cell 856 - Cell SOC;;1.000000;0.000000;%;4
4309;4;8656;F32;;Cell 856 - Cell SOH;;1.000000;0.000000;%;4
4310;4;8658;F32;;Cell 856 - Cell Resistance;;1.000000;0.000000;Ω;4
4311;4;8660;F32;;Cell 857 - Cell Voltage;;1.000000;0.000000;V;4
4312;4;8662;F32;;Cell 857 - Cell Temperature;;1.000000;0.000000;°C;4
4313;4;8664;F32;;Cell 857 - Cell SOC;;1.000000;0.000000;%;4
4314;4;8666;F32;;Cell 857 - Cell SOH;;1.000000;0.000000;%;4
4315;4;8668;F32;;Cell 857 - Cell Resistance;;1.000000;0.000000;Ω;4
4316;4;8670;F32;;Cell 858 - Cell Voltage;;1.000000;0.000000;V;4
4317;4;8672;F32;;Cell 858 - Cell Temperature;;1.000000;0.000000;°C;4
4318;4;8674;F32;;Cell 858 - Cell SOC;;1.000000;0.000000;%;4
4319;4;8676;F32;;Cell 858 - Cell SOH;;1.000000;0.000000;%;4
4320;4;8678;F32;;Cell 858 - Cell Resistance;;1.000000;0.000000;Ω;4
4321;4;8680;F32;;Cell 859 - Cell Voltage;;1.000000;0.000000;V;4
4322;4;8682;F32;;Cell 859 - Cell Temperature;;1.000000;0.000000;°C;4
4323;4;8684;F32;;Cell 859 - Cell SOC;;1.000000;0.000000;%;4
4324;4;8686;F32;;Cell 859 - Cell SOH;;1.000000;0.000000;%;4
4325;4;8688;F32;;Cell 859 - Cell Resistance;;1.000000;0.000000;Ω;4
4326;4;8690;F32;;Cell 860 - Cell Voltage;;1.000000;0.000000;V;4
4327;4;8692;F32;;Cell 860 - Cell Temperature;;1.000000;0.000000;°C;4
4328;4;8694;F32;;Cell 860 - Cell SOC;;1.000000;0.000000;%;4
4329;4;8696;F32;;Cell 860 - Cell SOH;;1.000000;0.000000;%;4
4330;4;8698;F32;;Cell 860 - Cell Resistance;;1.000000;0.000000;Ω;4
4331;4;8700;F32;;Cell 861 - Cell Voltage;;1.000000;0.000000;V;4
4332;4;8702;F32;;Cell 861 - Cell Temperature;;1.000000;0.000000;°C;4
4333;4;8704;F32;;Cell 861 - Cell SOC;;1.000000;0.000000;%;4
4334;4;8706;F32;;Cell 861 - Cell SOH;;1.000000;0.000000;%;4
4335;4;8708;F32;;Cell 861 - Cell Resistance;;1.000000;0.000000;Ω;4
4336;4;8710;F32;;Cell 862 - Cell Voltage;;1.000000;0.000000;V;4
4337;4;8712;F32;;Cell 862 - Cell Temperature;;1.000000;0.000000;°C;4
4338;4;8714;F32;;Cell 862 - Cell SOC;;1.000000;0.000000;%;4
4339;4;8716;F32;;Cell 862 - Cell SOH;;1.000000;0.000000;%;4
4340;4;8718;F32;;Cell 862 - Cell Resistance;;1.000000;0.000000;Ω;4
4341;4;8720;F32;;Cell 863 - Cell Voltage;;1.000000;0.000000;V;4
4342;4;8722;F32;;Cell 863 - Cell Temperature;;1.000000;0.000000;°C;4
4343;4;8724;F32;;Cell 863 - Cell SOC;;1.000000;0.000000;%;4
4344;4;8726;F32;;Cell 863 - Cell SOH;;1.000000;0.000000;%;4
4345;4;8728;F32;;Cell 863 - Cell Resistance;;1.000000;0.000000;Ω;4
4346;4;8730;F32;;Cell 864 - Cell Voltage;;1.000000;0.000000;V;4
4347;4;8732;F32;;Cell 864 - Cell Temperature;;1.000000;0.000000;°C;4
4348;4;8734;F32;;Cell 864 - Cell SOC;;1.000000;0.000000;%;4
4349;4;8736;F32;;Cell 864 - Cell SOH;;1.000000;0.000000;%;4
4350;4;8738;F32;;Cell 864 - Cell Resistance;;1.000000;0.000000;Ω;4
4351;4;8740;F32;;Cell 865 - Cell Voltage;;1.000000;0.000000;V;4
4352;4;8742;F32;;Cell 865 - Cell Temperature;;1.000000;0.000000;°C;4
4353;4;8744;F32;;Cell 865 - Cell SOC;;1.000000;0.000000;%;4
4354;4;8746;F32;;Cell 865 - Cell SOH;;1.000000;0.000000;%;4
4355;4;8748;F32;;Cell 865 - Cell Resistance;;1.000000;0.000000;Ω;4
4356;4;8750;F32;;Cell 866 - Cell Voltage;;1.000000;0.000000;V;4
4357;4;8752;F32;;Cell 866 - Cell Temperature;;1.000000;0.000000;°C;4
4358;4;8754;F32;;Cell 866 - Cell SOC;;1.000000;0.000000;%;4
4359;4;8756;F32;;Cell 866 - Cell SOH;;1.000000;0.000000;%;4
4360;4;8758;F32;;Cell 866 - Cell Resistance;;1.000000;0.000000;Ω;4
4361;4;8760;F32;;Cell 867 - Cell Voltage;;1.000000;0.000000;V;4
4362;4;8762;F32;;Cell 867 - Cell Temperature;;1.000000;0.000000;°C;4
4363;4;8764;F32;;Cell 867 - Cell SOC;;1.000000;0.000000;%;4
4364;4;8766;F32;;Cell 867 - Cell SOH;;1.000000;0.000000;%;4
4365;4;8768;F32;;Cell 867 - Cell Resistance;;1.000000;0.000000;Ω;4
4366;4;8770;F32;;Cell 868 - Cell Voltage;;1.000000;0.000000;V;4
4367;4;8772;F32;;Cell 868 - Cell Temperature;;1.000000;0.000000;°C;4
4368;4;8774;F32;;Cell 868 - Cell SOC;;1.000000;0.000000;%;4
4369;4;8776;F32;;Cell 868 - Cell SOH;;1.000000;0.000000;%;4
4370;4;8778;F32;;Cell 868 - Cell Resistance;;1.000000;0.000000;Ω;4
4371;4;8780;F32;;Cell 869 - Cell Voltage;;1.000000;0.000000;V;4
4372;4;8782;F32;;Cell 869 - Cell Temperature;;1.000000;0.000000;°C;4
4373;4;8784;F32;;Cell 869 - Cell SOC;;1.000000;0.000000;%;4
4374;4;8786;F32;;Cell 869 - Cell SOH;;1.000000;0.000000;%;4
4375;4;8788;F32;;Cell 869 - Cell Resistance;;1.000000;0.000000;Ω;4
4376;4;8790;F32;;Cell 870 - Cell Voltage;;1.000000;0.000000;V;4
4377;4;8792;F32;;Cell 870 - Cell Temperature;;1.000000;0.000000;°C;4
4378;4;8794;F32;;Cell 870 - Cell SOC;;1.000000;0.000000;%;4
4379;4;8796;F32;;Cell 870 - Cell SOH;;1.000000;0.000000;%;4
4380;4;8798;F32;;Cell 870 - Cell Resistance;;1.000000;0.000000;Ω;4
4381;4;8800;F32;;Cell 871 - Cell Voltage;;1.000000;0.000000;V;4
4382;4;8802;F32;;Cell 871 - Cell Temperature;;1.000000;0.000000;°C;4
4383;4;8804;F32;;Cell 871 - Cell SOC;;1.000000;0.000000;%;4
4384;4;8806;F32;;Cell 871 - Cell SOH;;1.000000;0.000000;%;4
4385;4;8808;F32;;Cell 871 - Cell Resistance;;1.000000;0.000000;Ω;4
4386;4;8810;F32;;Cell 872 - Cell Voltage;;1.000000;0.000000;V;4
4387;4;8812;F32;;Cell 872 - Cell Temperature;;1.000000;0.000000;°C;4
4388;4;8814;F32;;Cell 872 - Cell SOC;;1.000000;0.000000;%;4
4389;4;8816;F32;;Cell 872 - Cell SOH;;1.000000;0.000000;%;4
4390;4;8818;F32;;Cell 872 - Cell Resistance;;1.000000;0.000000;Ω;4
4391;4;8820;F32;;Cell 873 - Cell Voltage;;1.000000;0.000000;V;4
4392;4;8822;F32;;Cell 873 - Cell Temperature;;1.000000;0.000000;°C;4
4393;4;8824;F32;;Cell 873 - Cell SOC;;1.000000;0.000000;%;4
4394;4;8826;F32;;Cell 873 - Cell SOH;;1.000000;0.000000;%;4
4395;4;8828;F32;;Cell 873 - Cell Resistance;;1.000000;0.000000;Ω;4
4396;4;8830;F32;;Cell 874 - Cell Voltage;;1.000000;0.000000;V;4
4397;4;8832;F32;;Cell 874 - Cell Temperature;;1.000000;0.000000;°C;4
4398;4;8834;F32;;Cell 874 - Cell SOC;;1.000000;0.000000;%;4
4399;4;8836;F32;;Cell 874 - Cell SOH;;1.000000;0.000000;%;4
4400;4;8838;F32;;Cell 874 - Cell Resistance;;1.000000;0.000000;Ω;4
4401;4;8840;F32;;Cell 875 - Cell Voltage;;1.000000;0.000000;V;4
4402;4;8842;F32;;Cell 875 - Cell Temperature;;1.000000;0.000000;°C;4
4403;4;8844;F32;;Cell 875 - Cell SOC;;1.000000;0.000000;%;4
4404;4;8846;F32;;Cell 875 - Cell SOH;;1.000000;0.000000;%;4
4405;4;8848;F32;;Cell 875 - Cell Resistance;;1.000000;0.000000;Ω;4
4406;4;8850;F32;;Cell 876 - Cell Voltage;;1.000000;0.000000;V;4
4407;4;8852;F32;;Cell 876 - Cell Temperature;;1.000000;0.000000;°C;4
4408;4;8854;F32;;Cell 876 - Cell SOC;;1.000000;0.000000;%;4
4409;4;8856;F32;;Cell 876 - Cell SOH;;1.000000;0.000000;%;4
4410;4;8858;F32;;Cell 876 - Cell Resistance;;1.000000;0.000000;Ω;4
4411;4;8860;F32;;Cell 877 - Cell Voltage;;1.000000;0.000000;V;4
4412;4;8862;F32;;Cell 877 - Cell Temperature;;1.000000;0.000000;°C;4
4413;4;8864;F32;;Cell 877 - Cell SOC;;1.000000;0.000000;%;4
4414;4;8866;F32;;Cell 877 - Cell SOH;;1.000000;0.000000;%;4
4415;4;8868;F32;;Cell 877 - Cell Resistance;;1.000000;0.000000;Ω;4
4416;4;8870;F32;;Cell 878 - Cell Voltage;;1.000000;0.000000;V;4
4417;4;8872;F32;;Cell 878 - Cell Temperature;;1.000000;0.000000;°C;4
4418;4;8874;F32;;Cell 878 - Cell SOC;;1.000000;0.000000;%;4
4419;4;8876;F32;;Cell 878 - Cell SOH;;1.000000;0.000000;%;4
4420;4;8878;F32;;Cell 878 - Cell Resistance;;1.000000;0.000000;Ω;4
4421;4;8880;F32;;Cell 879 - Cell Voltage;;1.000000;0.000000;V;4
4422;4;8882;F32;;Cell 879 - Cell Temperature;;1.000000;0.000000;°C;4
4423;4;8884;F32;;Cell 879 - Cell SOC;;1.000000;0.000000;%;4
4424;4;8886;F32;;Cell 879 - Cell SOH;;1.000000;0.000000;%;4
4425;4;8888;F32;;Cell 879 - Cell Resistance;;1.000000;0.000000;Ω;4
4426;4;8890;F32;;Cell 880 - Cell Voltage;;1.000000;0.000000;V;4
4427;4;8892;F32;;Cell 880 - Cell Temperature;;1.000000;0.000000;°C;4
4428;4;8894;F32;;Cell 880 - Cell SOC;;1.000000;0.000000;%;4
4429;4;8896;F32;;Cell 880 - Cell SOH;;1.000000;0.000000;%;4
4430;4;8898;F32;;Cell 880 - Cell Resistance;;1.000000;0.000000;Ω;4
4431;4;8900;F32;;Cell 881 - Cell Voltage;;1.000000;0.000000;V;4
4432;4;8902;F32;;Cell 881 - Cell Temperature;;1.000000;0.000000;°C;4
4433;4;8904;F32;;Cell 881 - Cell SOC;;1.000000;0.000000;%;4
4434;4;8906;F32;;Cell 881 - Cell SOH;;1.000000;0.000000;%;4
4435;4;8908;F32;;Cell 881 - Cell Resistance;;1.000000;0.000000;Ω;4
4436;4;8910;F32;;Cell 882 - Cell Voltage;;1.000000;0.000000;V;4
4437;4;8912;F32;;Cell 882 - Cell Temperature;;1.000000;0.000000;°C;4
4438;4;8914;F32;;Cell 882 - Cell SOC;;1.000000;0.000000;%;4
4439;4;8916;F32;;Cell 882 - Cell SOH;;1.000000;0.000000;%;4
4440;4;8918;F32;;Cell 882 - Cell Resistance;;1.000000;0.000000;Ω;4
4441;4;8920;F32;;Cell 883 - Cell Voltage;;1.000000;0.000000;V;4
4442;4;8922;F32;;Cell 883 - Cell Temperature;;1.000000;0.000000;°C;4
4443;4;8924;F32;;Cell 883 - Cell SOC;;1.000000;0.000000;%;4
4444;4;8926;F32;;Cell 883 - Cell SOH;;1.000000;0.000000;%;4
4445;4;8928;F32;;Cell 883 - Cell Resistance;;1.000000;0.000000;Ω;4
4446;4;8930;F32;;Cell 884 - Cell Voltage;;1.000000;0.000000;V;4
4447;4;8932;F32;;Cell 884 - Cell Temperature;;1.000000;0.000000;°C;4
4448;4;8934;F32;;Cell 884 - Cell SOC;;1.000000;0.000000;%;4
4449;4;8936;F32;;Cell 884 - Cell SOH;;1.000000;0.000000;%;4
4450;4;8938;F32;;Cell 884 - Cell Resistance;;1.000000;0.000000;Ω;4
4451;4;8940;F32;;Cell 885 - Cell Voltage;;1.000000;0.000000;V;4
4452;4;8942;F32;;Cell 885 - Cell Temperature;;1.000000;0.000000;°C;4
4453;4;8944;F32;;Cell 885 - Cell SOC;;1.000000;0.000000;%;4
4454;4;8946;F32;;Cell 885 - Cell SOH;;1.000000;0.000000;%;4
4455;4;8948;F32;;Cell 885 - Cell Resistance;;1.000000;0.000000;Ω;4
4456;4;8950;F32;;Cell 886 - Cell Voltage;;1.000000;0.000000;V;4
4457;4;8952;F32;;Cell 886 - Cell Temperature;;1.000000;0.000000;°C;4
4458;4;8954;F32;;Cell 886 - Cell SOC;;1.000000;0.000000;%;4
4459;4;8956;F32;;Cell 886 - Cell SOH;;1.000000;0.000000;%;4
4460;4;8958;F32;;Cell 886 - Cell Resistance;;1.000000;0.000000;Ω;4
4461;4;8960;F32;;Cell 887 - Cell Voltage;;1.000000;0.000000;V;4
4462;4;8962;F32;;Cell 887 - Cell Temperature;;1.000000;0.000000;°C;4
4463;4;8964;F32;;Cell 887 - Cell SOC;;1.000000;0.000000;%;4
4464;4;8966;F32;;Cell 887 - Cell SOH;;1.000000;0.000000;%;4
4465;4;8968;F32;;Cell 887 - Cell Resistance;;1.000000;0.000000;Ω;4
4466;4;8970;F32;;Cell 888 - Cell Voltage;;1.000000;0.000000;V;4
4467;4;8972;F32;;Cell 888 - Cell Temperature;;1.000000;0.000000;°C;4
4468;4;8974;F32;;Cell 888 - Cell SOC;;1.000000;0.000000;%;4
4469;4;8976;F32;;Cell 888 - Cell SOH;;1.000000;0.000000;%;4
4470;4;8978;F32;;Cell 888 - Cell Resistance;;1.000000;0.000000;Ω;4
4471;4;8980;F32;;Cell 889 - Cell Voltage;;1.000000;0.000000;V;4
4472;4;8982;F32;;Cell 889 - Cell Temperature;;1.000000;0.000000;°C;4
4473;4;8984;F32;;Cell 889 - Cell SOC;;1.000000;0.000000;%;4
4474;4;8986;F32;;Cell 889 - Cell SOH;;1.000000;0.000000;%;4
4475;4;8988;F32;;Cell 889 - Cell Resistance;;1.000000;0.000000;Ω;4
4476;4;8990;F32;;Cell 890 - Cell Voltage;;1.000000;0.000000;V;4
4477;4;8992;F32;;Cell 890 - Cell Temperature;;1.000000;0.000000;°C;4
4478;4;8994;F32;;Cell 890 - Cell SOC;;1.000000;0.000000;%;4
4479;4;8996;F32;;Cell 890 - Cell SOH;;1.000000;0.000000;%;4
4480;4;8998;F32;;Cell 890 - Cell Resistance;;1.000000;0.000000;Ω;4
4481;4;9000;F32;;Cell 891 - Cell Voltage;;1.000000;0.000000;V;4
4482;4;9002;F32;;Cell 891 - Cell Temperature;;1.000000;0.000000;°C;4
4483;4;9004;F32;;Cell 891 - Cell SOC;;1.000000;0.000000;%;4
4484;4;9006;F32;;Cell 891 - Cell SOH;;1.000000;0.000000;%;4
4485;4;9008;F32;;Cell 891 - Cell Resistance;;1.000000;0.000000;Ω;4
4486;4;9010;F32;;Cell 892 - Cell Voltage;;1.000000;0.000000;V;4
4487;4;9012;F32;;Cell 892 - Cell Temperature;;1.000000;0.000000;°C;4
4488;4;9014;F32;;Cell 892 - Cell SOC;;1.000000;0.000000;%;4
4489;4;9016;F32;;Cell 892 - Cell SOH;;1.000000;0.000000;%;4
4490;4;9018;F32;;Cell 892 - Cell Resistance;;1.000000;0.000000;Ω;4
4491;4;9020;F32;;Cell 893 - Cell Voltage;;1.000000;0.000000;V;4
4492;4;9022;F32;;Cell 893 - Cell Temperature;;1.000000;0.000000;°C;4
4493;4;9024;F32;;Cell 893 - Cell SOC;;1.000000;0.000000;%;4
4494;4;9026;F32;;Cell 893 - Cell SOH;;1.000000;0.000000;%;4
4495;4;9028;F32;;Cell 893 - Cell Resistance;;1.000000;0.000000;Ω;4
4496;4;9030;F32;;Cell 894 - Cell Voltage;;1.000000;0.000000;V;4
4497;4;9032;F32;;Cell 894 - Cell Temperature;;1.000000;0.000000;°C;4
4498;4;9034;F32;;Cell 894 - Cell SOC;;1.000000;0.000000;%;4
4499;4;9036;F32;;Cell 894 - Cell SOH;;1.000000;0.000000;%;4
4500;4;9038;F32;;Cell 894 - Cell Resistance;;1.000000;0.000000;Ω;4
4501;4;9040;F32;;Cell 895 - Cell Voltage;;1.000000;0.000000;V;4
4502;4;9042;F32;;Cell 895 - Cell Temperature;;1.000000;0.000000;°C;4
4503;4;9044;F32;;Cell 895 - Cell SOC;;1.000000;0.000000;%;4
4504;4;9046;F32;;Cell 895 - Cell SOH;;1.000000;0.000000;%;4
4505;4;9048;F32;;Cell 895 - Cell Resistance;;1.000000;0.000000;Ω;4
4506;4;9050;F32;;Cell 896 - Cell Voltage;;1.000000;0.000000;V;4
4507;4;9052;F32;;Cell 896 - Cell Temperature;;1.000000;0.000000;°C;4
4508;4;9054;F32;;Cell 896 - Cell SOC;;1.000000;0.000000;%;4
4509;4;9056;F32;;Cell 896 - Cell SOH;;1.000000;0.000000;%;4
4510;4;9058;F32;;Cell 896 - Cell Resistance;;1.000000;0.000000;Ω;4
4511;4;9060;F32;;Cell 897 - Cell Voltage;;1.000000;0.000000;V;4
4512;4;9062;F32;;Cell 897 - Cell Temperature;;1.000000;0.000000;°C;4
4513;4;9064;F32;;Cell 897 - Cell SOC;;1.000000;0.000000;%;4
4514;4;9066;F32;;Cell 897 - Cell SOH;;1.000000;0.000000;%;4
4515;4;9068;F32;;Cell 897 - Cell Resistance;;1.000000;0.000000;Ω;4
4516;4;9070;F32;;Cell 898 - Cell Voltage;;1.000000;0.000000;V;4
4517;4;9072;F32;;Cell 898 - Cell Temperature;;1.000000;0.000000;°C;4
4518;4;9074;F32;;Cell 898 - Cell SOC;;1.000000;0.000000;%;4
4519;4;9076;F32;;Cell 898 - Cell SOH;;1.000000;0.000000;%;4
4520;4;9078;F32;;Cell 898 - Cell Resistance;;1.000000;0.000000;Ω;4
4521;4;9080;F32;;Cell 899 - Cell Voltage;;1.000000;0.000000;V;4
4522;4;9082;F32;;Cell 899 - Cell Temperature;;1.000000;0.000000;°C;4
4523;4;9084;F32;;Cell 899 - Cell SOC;;1.000000;0.000000;%;4
4524;4;9086;F32;;Cell 899 - Cell SOH;;1.000000;0.000000;%;4
4525;4;9088;F32;;Cell 899 - Cell Resistance;;1.000000;0.000000;Ω;4
4526;4;9090;F32;;Cell 900 - Cell Voltage;;1.000000;0.000000;V;4
4527;4;9092;F32;;Cell 900 - Cell Temperature;;1.000000;0.000000;°C;4
4528;4;9094;F32;;Cell 900 - Cell SOC;;1.000000;0.000000;%;4
4529;4;9096;F32;;Cell 900 - Cell SOH;;1.000000;0.000000;%;4
4530;4;9098;F32;;Cell 900 - Cell Resistance;;1.000000;0.000000;Ω;4
4531;4;9100;F32;;Cell 901 - Cell Voltage;;1.000000;0.000000;V;4
4532;4;9102;F32;;Cell 901 - Cell Temperature;;1.000000;0.000000;°C;4
4533;4;9104;F32;;Cell 901 - Cell SOC;;1.000000;0.000000;%;4
4534;4;9106;F32;;Cell 901 - Cell SOH;;1.000000;0.000000;%;4
4535;4;9108;F32;;Cell 901 - Cell Resistance;;1.000000;0.000000;Ω;4
4536;4;9110;F32;;Cell 902 - Cell Voltage;;1.000000;0.000000;V;4
4537;4;9112;F32;;Cell 902 - Cell Temperature;;1.000000;0.000000;°C;4
4538;4;9114;F32;;Cell 902 - Cell SOC;;1.000000;0.000000;%;4
4539;4;9116;F32;;Cell 902 - Cell SOH;;1.000000;0.000000;%;4
4540;4;9118;F32;;Cell 902 - Cell Resistance;;1.000000;0.000000;Ω;4
4541;4;9120;F32;;Cell 903 - Cell Voltage;;1.000000;0.000000;V;4
4542;4;9122;F32;;Cell 903 - Cell Temperature;;1.000000;0.000000;°C;4
4543;4;9124;F32;;Cell 903 - Cell SOC;;1.000000;0.000000;%;4
4544;4;9126;F32;;Cell 903 - Cell SOH;;1.000000;0.000000;%;4
4545;4;9128;F32;;Cell 903 - Cell Resistance;;1.000000;0.000000;Ω;4
4546;4;9130;F32;;Cell 904 - Cell Voltage;;1.000000;0.000000;V;4
4547;4;9132;F32;;Cell 904 - Cell Temperature;;1.000000;0.000000;°C;4
4548;4;9134;F32;;Cell 904 - Cell SOC;;1.000000;0.000000;%;4
4549;4;9136;F32;;Cell 904 - Cell SOH;;1.000000;0.000000;%;4
4550;4;9138;F32;;Cell 904 - Cell Resistance;;1.000000;0.000000;Ω;4
4551;4;9140;F32;;Cell 905 - Cell Voltage;;1.000000;0.000000;V;4
4552;4;9142;F32;;Cell 905 - Cell Temperature;;1.000000;0.000000;°C;4
4553;4;9144;F32;;Cell 905 - Cell SOC;;1.000000;0.000000;%;4
4554;4;9146;F32;;Cell 905 - Cell SOH;;1.000000;0.000000;%;4
4555;4;9148;F32;;Cell 905 - Cell Resistance;;1.000000;0.000000;Ω;4
4556;4;9150;F32;;Cell 906 - Cell Voltage;;1.000000;0.000000;V;4
4557;4;9152;F32;;Cell 906 - Cell Temperature;;1.000000;0.000000;°C;4
4558;4;9154;F32;;Cell 906 - Cell SOC;;1.000000;0.000000;%;4
4559;4;9156;F32;;Cell 906 - Cell SOH;;1.000000;0.000000;%;4
4560;4;9158;F32;;Cell 906 - Cell Resistance;;1.000000;0.000000;Ω;4
4561;4;9160;F32;;Cell 907 - Cell Voltage;;1.000000;0.000000;V;4
4562;4;9162;F32;;Cell 907 - Cell Temperature;;1.000000;0.000000;°C;4
4563;4;9164;F32;;Cell 907 - Cell SOC;;1.000000;0.000000;%;4
4564;4;9166;F32;;Cell 907 - Cell SOH;;1.000000;0.000000;%;4
4565;4;9168;F32;;Cell 907 - Cell Resistance;;1.000000;0.000000;Ω;4
4566;4;9170;F32;;Cell 908 - Cell Voltage;;1.000000;0.000000;V;4
4567;4;9172;F32;;Cell 908 - Cell Temperature;;1.000000;0.000000;°C;4
4568;4;9174;F32;;Cell 908 - Cell SOC;;1.000000;0.000000;%;4
4569;4;9176;F32;;Cell 908 - Cell SOH;;1.000000;0.000000;%;4
4570;4;9178;F32;;Cell 908 - Cell Resistance;;1.000000;0.000000;Ω;4
4571;4;9180;F32;;Cell 909 - Cell Voltage;;1.000000;0.000000;V;4
4572;4;9182;F32;;Cell 909 - Cell Temperature;;1.000000;0.000000;°C;4
4573;4;9184;F32;;Cell 909 - Cell SOC;;1.000000;0.000000;%;4
4574;4;9186;F32;;Cell 909 - Cell SOH;;1.000000;0.000000;%;4
4575;4;9188;F32;;Cell 909 - Cell Resistance;;1.000000;0.000000;Ω;4
4576;4;9190;F32;;Cell 910 - Cell Voltage;;1.000000;0.000000;V;4
4577;4;9192;F32;;Cell 910 - Cell Temperature;;1.000000;0.000000;°C;4
4578;4;9194;F32;;Cell 910 - Cell SOC;;1.000000;0.000000;%;4
4579;4;9196;F32;;Cell 910 - Cell SOH;;1.000000;0.000000;%;4
4580;4;9198;F32;;Cell 910 - Cell Resistance;;1.000000;0.000000;Ω;4
4581;4;9200;F32;;Cell 911 - Cell Voltage;;1.000000;0.000000;V;4
4582;4;9202;F32;;Cell 911 - Cell Temperature;;1.000000;0.000000;°C;4
4583;4;9204;F32;;Cell 911 - Cell SOC;;1.000000;0.000000;%;4
4584;4;9206;F32;;Cell 911 - Cell SOH;;1.000000;0.000000;%;4
4585;4;9208;F32;;Cell 911 - Cell Resistance;;1.000000;0.000000;Ω;4
4586;4;9210;F32;;Cell 912 - Cell Voltage;;1.000000;0.000000;V;4
4587;4;9212;F32;;Cell 912 - Cell Temperature;;1.000000;0.000000;°C;4
4588;4;9214;F32;;Cell 912 - Cell SOC;;1.000000;0.000000;%;4
4589;4;9216;F32;;Cell 912 - Cell SOH;;1.000000;0.000000;%;4
4590;4;9218;F32;;Cell 912 - Cell Resistance;;1.000000;0.000000;Ω;4
4591;4;9220;F32;;Cell 913 - Cell Voltage;;1.000000;0.000000;V;4
4592;4;9222;F32;;Cell 913 - Cell Temperature;;1.000000;0.000000;°C;4
4593;4;9224;F32;;Cell 913 - Cell SOC;;1.000000;0.000000;%;4
4594;4;9226;F32;;Cell 913 - Cell SOH;;1.000000;0.000000;%;4
4595;4;9228;F32;;Cell 913 - Cell Resistance;;1.000000;0.000000;Ω;4
4596;4;9230;F32;;Cell 914 - Cell Voltage;;1.000000;0.000000;V;4
4597;4;9232;F32;;Cell 914 - Cell Temperature;;1.000000;0.000000;°C;4
4598;4;9234;F32;;Cell 914 - Cell SOC;;1.000000;0.000000;%;4
4599;4;9236;F32;;Cell 914 - Cell SOH;;1.000000;0.000000;%;4
4600;4;9238;F32;;Cell 914 - Cell Resistance;;1.000000;0.000000;Ω;4
4601;4;9240;F32;;Cell 915 - Cell Voltage;;1.000000;0.000000;V;4
4602;4;9242;F32;;Cell 915 - Cell Temperature;;1.000000;0.000000;°C;4
4603;4;9244;F32;;Cell 915 - Cell SOC;;1.000000;0.000000;%;4
4604;4;9246;F32;;Cell 915 - Cell SOH;;1.000000;0.000000;%;4
4605;4;9248;F32;;Cell 915 - Cell Resistance;;1.000000;0.000000;Ω;4
4606;4;9250;F32;;Cell 916 - Cell Voltage;;1.000000;0.000000;V;4
4607;4;9252;F32;;Cell 916 - Cell Temperature;;1.000000;0.000000;°C;4
4608;4;9254;F32;;Cell 916 - Cell SOC;;1.000000;0.000000;%;4
4609;4;9256;F32;;Cell 916 - Cell SOH;;1.000000;0.000000;%;4
4610;4;9258;F32;;Cell 916 - Cell Resistance;;1.000000;0.000000;Ω;4
4611;4;9260;F32;;Cell 917 - Cell Voltage;;1.000000;0.000000;V;4
4612;4;9262;F32;;Cell 917 - Cell Temperature;;1.000000;0.000000;°C;4
4613;4;9264;F32;;Cell 917 - Cell SOC;;1.000000;0.000000;%;4
4614;4;9266;F32;;Cell 917 - Cell SOH;;1.000000;0.000000;%;4
4615;4;9268;F32;;Cell 917 - Cell Resistance;;1.000000;0.000000;Ω;4
4616;4;9270;F32;;Cell 918 - Cell Voltage;;1.000000;0.000000;V;4
4617;4;9272;F32;;Cell 918 - Cell Temperature;;1.000000;0.000000;°C;4
4618;4;9274;F32;;Cell 918 - Cell SOC;;1.000000;0.000000;%;4
4619;4;9276;F32;;Cell 918 - Cell SOH;;1.000000;0.000000;%;4
4620;4;9278;F32;;Cell 918 - Cell Resistance;;1.000000;0.000000;Ω;4
4621;4;9280;F32;;Cell 919 - Cell Voltage;;1.000000;0.000000;V;4
4622;4;9282;F32;;Cell 919 - Cell Temperature;;1.000000;0.000000;°C;4
4623;4;9284;F32;;Cell 919 - Cell SOC;;1.000000;0.000000;%;4
4624;4;9286;F32;;Cell 919 - Cell SOH;;1.000000;0.000000;%;4
4625;4;9288;F32;;Cell 919 - Cell Resistance;;1.000000;0.000000;Ω;4
4626;4;9290;F32;;Cell 920 - Cell Voltage;;1.000000;0.000000;V;4
4627;4;9292;F32;;Cell 920 - Cell Temperature;;1.000000;0.000000;°C;4
4628;4;9294;F32;;Cell 920 - Cell SOC;;1.000000;0.000000;%;4
4629;4;9296;F32;;Cell 920 - Cell SOH;;1.000000;0.000000;%;4
4630;4;9298;F32;;Cell 920 - Cell Resistance;;1.000000;0.000000;Ω;4
4631;4;9300;F32;;Cell 921 - Cell Voltage;;1.000000;0.000000;V;4
4632;4;9302;F32;;Cell 921 - Cell Temperature;;1.000000;0.000000;°C;4
4633;4;9304;F32;;Cell 921 - Cell SOC;;1.000000;0.000000;%;4
4634;4;9306;F32;;Cell 921 - Cell SOH;;1.000000;0.000000;%;4
4635;4;9308;F32;;Cell 921 - Cell Resistance;;1.000000;0.000000;Ω;4
4636;4;9310;F32;;Cell 922 - Cell Voltage;;1.000000;0.000000;V;4
4637;4;9312;F32;;Cell 922 - Cell Temperature;;1.000000;0.000000;°C;4
4638;4;9314;F32;;Cell 922 - Cell SOC;;1.000000;0.000000;%;4
4639;4;9316;F32;;Cell 922 - Cell SOH;;1.000000;0.000000;%;4
4640;4;9318;F32;;Cell 922 - Cell Resistance;;1.000000;0.000000;Ω;4
4641;4;9320;F32;;Cell 923 - Cell Voltage;;1.000000;0.000000;V;4
4642;4;9322;F32;;Cell 923 - Cell Temperature;;1.000000;0.000000;°C;4
4643;4;9324;F32;;Cell 923 - Cell SOC;;1.000000;0.000000;%;4
4644;4;9326;F32;;Cell 923 - Cell SOH;;1.000000;0.000000;%;4
4645;4;9328;F32;;Cell 923 - Cell Resistance;;1.000000;0.000000;Ω;4
4646;4;9330;F32;;Cell 924 - Cell Voltage;;1.000000;0.000000;V;4
4647;4;9332;F32;;Cell 924 - Cell Temperature;;1.000000;0.000000;°C;4
4648;4;9334;F32;;Cell 924 - Cell SOC;;1.000000;0.000000;%;4
4649;4;9336;F32;;Cell 924 - Cell SOH;;1.000000;0.000000;%;4
4650;4;9338;F32;;Cell 924 - Cell Resistance;;1.000000;0.000000;Ω;4
4651;4;9340;F32;;Cell 925 - Cell Voltage;;1.000000;0.000000;V;4
4652;4;9342;F32;;Cell 925 - Cell Temperature;;1.000000;0.000000;°C;4
4653;4;9344;F32;;Cell 925 - Cell SOC;;1.000000;0.000000;%;4
4654;4;9346;F32;;Cell 925 - Cell SOH;;1.000000;0.000000;%;4
4655;4;9348;F32;;Cell 925 - Cell Resistance;;1.000000;0.000000;Ω;4
4656;4;9350;F32;;Cell 926 - Cell Voltage;;1.000000;0.000000;V;4
4657;4;9352;F32;;Cell 926 - Cell Temperature;;1.000000;0.000000;°C;4
4658;4;9354;F32;;Cell 926 - Cell SOC;;1.000000;0.000000;%;4
4659;4;9356;F32;;Cell 926 - Cell SOH;;1.000000;0.000000;%;4
4660;4;9358;F32;;Cell 926 - Cell Resistance;;1.000000;0.000000;Ω;4
4661;4;9360;F32;;Cell 927 - Cell Voltage;;1.000000;0.000000;V;4
4662;4;9362;F32;;Cell 927 - Cell Temperature;;1.000000;0.000000;°C;4
4663;4;9364;F32;;Cell 927 - Cell SOC;;1.000000;0.000000;%;4
4664;4;9366;F32;;Cell 927 - Cell SOH;;1.000000;0.000000;%;4
4665;4;9368;F32;;Cell 927 - Cell Resistance;;1.000000;0.000000;Ω;4
4666;4;9370;F32;;Cell 928 - Cell Voltage;;1.000000;0.000000;V;4
4667;4;9372;F32;;Cell 928 - Cell Temperature;;1.000000;0.000000;°C;4
4668;4;9374;F32;;Cell 928 - Cell SOC;;1.000000;0.000000;%;4
4669;4;9376;F32;;Cell 928 - Cell SOH;;1.000000;0.000000;%;4
4670;4;9378;F32;;Cell 928 - Cell Resistance;;1.000000;0.000000;Ω;4
4671;4;9380;F32;;Cell 929 - Cell Voltage;;1.000000;0.000000;V;4
4672;4;9382;F32;;Cell 929 - Cell Temperature;;1.000000;0.000000;°C;4
4673;4;9384;F32;;Cell 929 - Cell SOC;;1.000000;0.000000;%;4
4674;4;9386;F32;;Cell 929 - Cell SOH;;1.000000;0.000000;%;4
4675;4;9388;F32;;Cell 929 - Cell Resistance;;1.000000;0.000000;Ω;4
4676;4;9390;F32;;Cell 930 - Cell Voltage;;1.000000;0.000000;V;4
4677;4;9392;F32;;Cell 930 - Cell Temperature;;1.000000;0.000000;°C;4
4678;4;9394;F32;;Cell 930 - Cell SOC;;1.000000;0.000000;%;4
4679;4;9396;F32;;Cell 930 - Cell SOH;;1.000000;0.000000;%;4
4680;4;9398;F32;;Cell 930 - Cell Resistance;;1.000000;0.000000;Ω;4
4681;4;9400;F32;;Cell 931 - Cell Voltage;;1.000000;0.000000;V;4
4682;4;9402;F32;;Cell 931 - Cell Temperature;;1.000000;0.000000;°C;4
4683;4;9404;F32;;Cell 931 - Cell SOC;;1.000000;0.000000;%;4
4684;4;9406;F32;;Cell 931 - Cell SOH;;1.000000;0.000000;%;4
4685;4;9408;F32;;Cell 931 - Cell Resistance;;1.000000;0.000000;Ω;4
4686;4;9410;F32;;Cell 932 - Cell Voltage;;1.000000;0.000000;V;4
4687;4;9412;F32;;Cell 932 - Cell Temperature;;1.000000;0.000000;°C;4
4688;4;9414;F32;;Cell 932 - Cell SOC;;1.000000;0.000000;%;4
4689;4;9416;F32;;Cell 932 - Cell SOH;;1.000000;0.000000;%;4
4690;4;9418;F32;;Cell 932 - Cell Resistance;;1.000000;0.000000;Ω;4
4691;4;9420;F32;;Cell 933 - Cell Voltage;;1.000000;0.000000;V;4
4692;4;9422;F32;;Cell 933 - Cell Temperature;;1.000000;0.000000;°C;4
4693;4;9424;F32;;Cell 933 - Cell SOC;;1.000000;0.000000;%;4
4694;4;9426;F32;;Cell 933 - Cell SOH;;1.000000;0.000000;%;4
4695;4;9428;F32;;Cell 933 - Cell Resistance;;1.000000;0.000000;Ω;4
4696;4;9430;F32;;Cell 934 - Cell Voltage;;1.000000;0.000000;V;4
4697;4;9432;F32;;Cell 934 - Cell Temperature;;1.000000;0.000000;°C;4
4698;4;9434;F32;;Cell 934 - Cell SOC;;1.000000;0.000000;%;4
4699;4;9436;F32;;Cell 934 - Cell SOH;;1.000000;0.000000;%;4
4700;4;9438;F32;;Cell 934 - Cell Resistance;;1.000000;0.000000;Ω;4
4701;4;9440;F32;;Cell 935 - Cell Voltage;;1.000000;0.000000;V;4
4702;4;9442;F32;;Cell 935 - Cell Temperature;;1.000000;0.000000;°C;4
4703;4;9444;F32;;Cell 935 - Cell SOC;;1.000000;0.000000;%;4
4704;4;9446;F32;;Cell 935 - Cell SOH;;1.000000;0.000000;%;4
4705;4;9448;F32;;Cell 935 - Cell Resistance;;1.000000;0.000000;Ω;4
4706;4;9450;F32;;Cell 936 - Cell Voltage;;1.000000;0.000000;V;4
4707;4;9452;F32;;Cell 936 - Cell Temperature;;1.000000;0.000000;°C;4
4708;4;9454;F32;;Cell 936 - Cell SOC;;1.000000;0.000000;%;4
4709;4;9456;F32;;Cell 936 - Cell SOH;;1.000000;0.000000;%;4
4710;4;9458;F32;;Cell 936 - Cell Resistance;;1.000000;0.000000;Ω;4
4711;4;9460;F32;;Cell 937 - Cell Voltage;;1.000000;0.000000;V;4
4712;4;9462;F32;;Cell 937 - Cell Temperature;;1.000000;0.000000;°C;4
4713;4;9464;F32;;Cell 937 - Cell SOC;;1.000000;0.000000;%;4
4714;4;9466;F32;;Cell 937 - Cell SOH;;1.000000;0.000000;%;4
4715;4;9468;F32;;Cell 937 - Cell Resistance;;1.000000;0.000000;Ω;4
4716;4;9470;F32;;Cell 938 - Cell Voltage;;1.000000;0.000000;V;4
4717;4;9472;F32;;Cell 938 - Cell Temperature;;1.000000;0.000000;°C;4
4718;4;9474;F32;;Cell 938 - Cell SOC;;1.000000;0.000000;%;4
4719;4;9476;F32;;Cell 938 - Cell SOH;;1.000000;0.000000;%;4
4720;4;9478;F32;;Cell 938 - Cell Resistance;;1.000000;0.000000;Ω;4
4721;4;9480;F32;;Cell 939 - Cell Voltage;;1.000000;0.000000;V;4
4722;4;9482;F32;;Cell 939 - Cell Temperature;;1.000000;0.000000;°C;4
4723;4;9484;F32;;Cell 939 - Cell SOC;;1.000000;0.000000;%;4
4724;4;9486;F32;;Cell 939 - Cell SOH;;1.000000;0.000000;%;4
4725;4;9488;F32;;Cell 939 - Cell Resistance;;1.000000;0.000000;Ω;4
4726;4;9490;F32;;Cell 940 - Cell Voltage;;1.000000;0.000000;V;4
4727;4;9492;F32;;Cell 940 - Cell Temperature;;1.000000;0.000000;°C;4
4728;4;9494;F32;;Cell 940 - Cell SOC;;1.000000;0.000000;%;4
4729;4;9496;F32;;Cell 940 - Cell SOH;;1.000000;0.000000;%;4
4730;4;9498;F32;;Cell 940 - Cell Resistance;;1.000000;0.000000;Ω;4
4731;4;9500;F32;;Cell 941 - Cell Voltage;;1.000000;0.000000;V;4
4732;4;9502;F32;;Cell 941 - Cell Temperature;;1.000000;0.000000;°C;4
4733;4;9504;F32;;Cell 941 - Cell SOC;;1.000000;0.000000;%;4
4734;4;9506;F32;;Cell 941 - Cell SOH;;1.000000;0.000000;%;4
4735;4;9508;F32;;Cell 941 - Cell Resistance;;1.000000;0.000000;Ω;4
4736;4;9510;F32;;Cell 942 - Cell Voltage;;1.000000;0.000000;V;4
4737;4;9512;F32;;Cell 942 - Cell Temperature;;1.000000;0.000000;°C;4
4738;4;9514;F32;;Cell 942 - Cell SOC;;1.000000;0.000000;%;4
4739;4;9516;F32;;Cell 942 - Cell SOH;;1.000000;0.000000;%;4
4740;4;9518;F32;;Cell 942 - Cell Resistance;;1.000000;0.000000;Ω;4
4741;4;9520;F32;;Cell 943 - Cell Voltage;;1.000000;0.000000;V;4
4742;4;9522;F32;;Cell 943 - Cell Temperature;;1.000000;0.000000;°C;4
4743;4;9524;F32;;Cell 943 - Cell SOC;;1.000000;0.000000;%;4
4744;4;9526;F32;;Cell 943 - Cell SOH;;1.000000;0.000000;%;4
4745;4;9528;F32;;Cell 943 - Cell Resistance;;1.000000;0.000000;Ω;4
4746;4;9530;F32;;Cell 944 - Cell Voltage;;1.000000;0.000000;V;4
4747;4;9532;F32;;Cell 944 - Cell Temperature;;1.000000;0.000000;°C;4
4748;4;9534;F32;;Cell 944 - Cell SOC;;1.000000;0.000000;%;4
4749;4;9536;F32;;Cell 944 - Cell SOH;;1.000000;0.000000;%;4
4750;4;9538;F32;;Cell 944 - Cell Resistance;;1.000000;0.000000;Ω;4
4751;4;9540;F32;;Cell 945 - Cell Voltage;;1.000000;0.000000;V;4
4752;4;9542;F32;;Cell 945 - Cell Temperature;;1.000000;0.000000;°C;4
4753;4;9544;F32;;Cell 945 - Cell SOC;;1.000000;0.000000;%;4
4754;4;9546;F32;;Cell 945 - Cell SOH;;1.000000;0.000000;%;4
4755;4;9548;F32;;Cell 945 - Cell Resistance;;1.000000;0.000000;Ω;4
4756;4;9550;F32;;Cell 946 - Cell Voltage;;1.000000;0.000000;V;4
4757;4;9552;F32;;Cell 946 - Cell Temperature;;1.000000;0.000000;°C;4
4758;4;9554;F32;;Cell 946 - Cell SOC;;1.000000;0.000000;%;4
4759;4;9556;F32;;Cell 946 - Cell SOH;;1.000000;0.000000;%;4
4760;4;9558;F32;;Cell 946 - Cell Resistance;;1.000000;0.000000;Ω;4
4761;4;9560;F32;;Cell 947 - Cell Voltage;;1.000000;0.000000;V;4
4762;4;9562;F32;;Cell 947 - Cell Temperature;;1.000000;0.000000;°C;4
4763;4;9564;F32;;Cell 947 - Cell SOC;;1.000000;0.000000;%;4
4764;4;9566;F32;;Cell 947 - Cell SOH;;1.000000;0.000000;%;4
4765;4;9568;F32;;Cell 947 - Cell Resistance;;1.000000;0.000000;Ω;4
4766;4;9570;F32;;Cell 948 - Cell Voltage;;1.000000;0.000000;V;4
4767;4;9572;F32;;Cell 948 - Cell Temperature;;1.000000;0.000000;°C;4
4768;4;9574;F32;;Cell 948 - Cell SOC;;1.000000;0.000000;%;4
4769;4;9576;F32;;Cell 948 - Cell SOH;;1.000000;0.000000;%;4
4770;4;9578;F32;;Cell 948 - Cell Resistance;;1.000000;0.000000;Ω;4
4771;4;9580;F32;;Cell 949 - Cell Voltage;;1.000000;0.000000;V;4
4772;4;9582;F32;;Cell 949 - Cell Temperature;;1.000000;0.000000;°C;4
4773;4;9584;F32;;Cell 949 - Cell SOC;;1.000000;0.000000;%;4
4774;4;9586;F32;;Cell 949 - Cell SOH;;1.000000;0.000000;%;4
4775;4;9588;F32;;Cell 949 - Cell Resistance;;1.000000;0.000000;Ω;4
4776;4;9590;F32;;Cell 950 - Cell Voltage;;1.000000;0.000000;V;4
4777;4;9592;F32;;Cell 950 - Cell Temperature;;1.000000;0.000000;°C;4
4778;4;9594;F32;;Cell 950 - Cell SOC;;1.000000;0.000000;%;4
4779;4;9596;F32;;Cell 950 - Cell SOH;;1.000000;0.000000;%;4
4780;4;9598;F32;;Cell 950 - Cell Resistance;;1.000000;0.000000;Ω;4
4781;4;9600;F32;;Cell 951 - Cell Voltage;;1.000000;0.000000;V;4
4782;4;9602;F32;;Cell 951 - Cell Temperature;;1.000000;0.000000;°C;4
4783;4;9604;F32;;Cell 951 - Cell SOC;;1.000000;0.000000;%;4
4784;4;9606;F32;;Cell 951 - Cell SOH;;1.000000;0.000000;%;4
4785;4;9608;F32;;Cell 951 - Cell Resistance;;1.000000;0.000000;Ω;4
4786;4;9610;F32;;Cell 952 - Cell Voltage;;1.000000;0.000000;V;4
4787;4;9612;F32;;Cell 952 - Cell Temperature;;1.000000;0.000000;°C;4
4788;4;9614;F32;;Cell 952 - Cell SOC;;1.000000;0.000000;%;4
4789;4;9616;F32;;Cell 952 - Cell SOH;;1.000000;0.000000;%;4
4790;4;9618;F32;;Cell 952 - Cell Resistance;;1.000000;0.000000;Ω;4
4791;4;9620;F32;;Cell 953 - Cell Voltage;;1.000000;0.000000;V;4
4792;4;9622;F32;;Cell 953 - Cell Temperature;;1.000000;0.000000;°C;4
4793;4;9624;F32;;Cell 953 - Cell SOC;;1.000000;0.000000;%;4
4794;4;9626;F32;;Cell 953 - Cell SOH;;1.000000;0.000000;%;4
4795;4;9628;F32;;Cell 953 - Cell Resistance;;1.000000;0.000000;Ω;4
4796;4;9630;F32;;Cell 954 - Cell Voltage;;1.000000;0.000000;V;4
4797;4;9632;F32;;Cell 954 - Cell Temperature;;1.000000;0.000000;°C;4
4798;4;9634;F32;;Cell 954 - Cell SOC;;1.000000;0.000000;%;4
4799;4;9636;F32;;Cell 954 - Cell SOH;;1.000000;0.000000;%;4
4800;4;9638;F32;;Cell 954 - Cell Resistance;;1.000000;0.000000;Ω;4
4801;4;9640;F32;;Cell 955 - Cell Voltage;;1.000000;0.000000;V;4
4802;4;9642;F32;;Cell 955 - Cell Temperature;;1.000000;0.000000;°C;4
4803;4;9644;F32;;Cell 955 - Cell SOC;;1.000000;0.000000;%;4
4804;4;9646;F32;;Cell 955 - Cell SOH;;1.000000;0.000000;%;4
4805;4;9648;F32;;Cell 955 - Cell Resistance;;1.000000;0.000000;Ω;4
4806;4;9650;F32;;Cell 956 - Cell Voltage;;1.000000;0.000000;V;4
4807;4;9652;F32;;Cell 956 - Cell Temperature;;1.000000;0.000000;°C;4
4808;4;9654;F32;;Cell 956 - Cell SOC;;1.000000;0.000000;%;4
4809;4;9656;F32;;Cell 956 - Cell SOH;;1.000000;0.000000;%;4
4810;4;9658;F32;;Cell 956 - Cell Resistance;;1.000000;0.000000;Ω;4
4811;4;9660;F32;;Cell 957 - Cell Voltage;;1.000000;0.000000;V;4
4812;4;9662;F32;;Cell 957 - Cell Temperature;;1.000000;0.000000;°C;4
4813;4;9664;F32;;Cell 957 - Cell SOC;;1.000000;0.000000;%;4
4814;4;9666;F32;;Cell 957 - Cell SOH;;1.000000;0.000000;%;4
4815;4;9668;F32;;Cell 957 - Cell Resistance;;1.000000;0.000000;Ω;4
4816;4;9670;F32;;Cell 958 - Cell Voltage;;1.000000;0.000000;V;4
4817;4;9672;F32;;Cell 958 - Cell Temperature;;1.000000;0.000000;°C;4
4818;4;9674;F32;;Cell 958 - Cell SOC;;1.000000;0.000000;%;4
4819;4;9676;F32;;Cell 958 - Cell SOH;;1.000000;0.000000;%;4
4820;4;9678;F32;;Cell 958 - Cell Resistance;;1.000000;0.000000;Ω;4
4821;4;9680;F32;;Cell 959 - Cell Voltage;;1.000000;0.000000;V;4
4822;4;9682;F32;;Cell 959 - Cell Temperature;;1.000000;0.000000;°C;4
4823;4;9684;F32;;Cell 959 - Cell SOC;;1.000000;0.000000;%;4
4824;4;9686;F32;;Cell 959 - Cell SOH;;1.000000;0.000000;%;4
4825;4;9688;F32;;Cell 959 - Cell Resistance;;1.000000;0.000000;Ω;4
4826;4;9690;F32;;Cell 960 - Cell Voltage;;1.000000;0.000000;V;4
4827;4;9692;F32;;Cell 960 - Cell Temperature;;1.000000;0.000000;°C;4
4828;4;9694;F32;;Cell 960 - Cell SOC;;1.000000;0.000000;%;4
4829;4;9696;F32;;Cell 960 - Cell SOH;;1.000000;0.000000;%;4
4830;4;9698;F32;;Cell 960 - Cell Resistance;;1.000000;0.000000;Ω;4
4831;4;9700;F32;;Cell 961 - Cell Voltage;;1.000000;0.000000;V;4
4832;4;9702;F32;;Cell 961 - Cell Temperature;;1.000000;0.000000;°C;4
4833;4;9704;F32;;Cell 961 - Cell SOC;;1.000000;0.000000;%;4
4834;4;9706;F32;;Cell 961 - Cell SOH;;1.000000;0.000000;%;4
4835;4;9708;F32;;Cell 961 - Cell Resistance;;1.000000;0.000000;Ω;4
4836;4;9710;F32;;Cell 962 - Cell Voltage;;1.000000;0.000000;V;4
4837;4;9712;F32;;Cell 962 - Cell Temperature;;1.000000;0.000000;°C;4
4838;4;9714;F32;;Cell 962 - Cell SOC;;1.000000;0.000000;%;4
4839;4;9716;F32;;Cell 962 - Cell SOH;;1.000000;0.000000;%;4
4840;4;9718;F32;;Cell 962 - Cell Resistance;;1.000000;0.000000;Ω;4
4841;4;9720;F32;;Cell 963 - Cell Voltage;;1.000000;0.000000;V;4
4842;4;9722;F32;;Cell 963 - Cell Temperature;;1.000000;0.000000;°C;4
4843;4;9724;F32;;Cell 963 - Cell SOC;;1.000000;0.000000;%;4
4844;4;9726;F32;;Cell 963 - Cell SOH;;1.000000;0.000000;%;4
4845;4;9728;F32;;Cell 963 - Cell Resistance;;1.000000;0.000000;Ω;4
4846;4;9730;F32;;Cell 964 - Cell Voltage;;1.000000;0.000000;V;4
4847;4;9732;F32;;Cell 964 - Cell Temperature;;1.000000;0.000000;°C;4
4848;4;9734;F32;;Cell 964 - Cell SOC;;1.000000;0.000000;%;4
4849;4;9736;F32;;Cell 964 - Cell SOH;;1.000000;0.000000;%;4
4850;4;9738;F32;;Cell 964 - Cell Resistance;;1.000000;0.000000;Ω;4
4851;4;9740;F32;;Cell 965 - Cell Voltage;;1.000000;0.000000;V;4
4852;4;9742;F32;;Cell 965 - Cell Temperature;;1.000000;0.000000;°C;4
4853;4;9744;F32;;Cell 965 - Cell SOC;;1.000000;0.000000;%;4
4854;4;9746;F32;;Cell 965 - Cell SOH;;1.000000;0.000000;%;4
4855;4;9748;F32;;Cell 965 - Cell Resistance;;1.000000;0.000000;Ω;4
4856;4;9750;F32;;Cell 966 - Cell Voltage;;1.000000;0.000000;V;4
4857;4;9752;F32;;Cell 966 - Cell Temperature;;1.000000;0.000000;°C;4
4858;4;9754;F32;;Cell 966 - Cell SOC;;1.000000;0.000000;%;4
4859;4;9756;F32;;Cell 966 - Cell SOH;;1.000000;0.000000;%;4
4860;4;9758;F32;;Cell 966 - Cell Resistance;;1.000000;0.000000;Ω;4
4861;4;9760;F32;;Cell 967 - Cell Voltage;;1.000000;0.000000;V;4
4862;4;9762;F32;;Cell 967 - Cell Temperature;;1.000000;0.000000;°C;4
4863;4;9764;F32;;Cell 967 - Cell SOC;;1.000000;0.000000;%;4
4864;4;9766;F32;;Cell 967 - Cell SOH;;1.000000;0.000000;%;4
4865;4;9768;F32;;Cell 967 - Cell Resistance;;1.000000;0.000000;Ω;4
4866;4;9770;F32;;Cell 968 - Cell Voltage;;1.000000;0.000000;V;4
4867;4;9772;F32;;Cell 968 - Cell Temperature;;1.000000;0.000000;°C;4
4868;4;9774;F32;;Cell 968 - Cell SOC;;1.000000;0.000000;%;4
4869;4;9776;F32;;Cell 968 - Cell SOH;;1.000000;0.000000;%;4
4870;4;9778;F32;;Cell 968 - Cell Resistance;;1.000000;0.000000;Ω;4
4871;4;9780;F32;;Cell 969 - Cell Voltage;;1.000000;0.000000;V;4
4872;4;9782;F32;;Cell 969 - Cell Temperature;;1.000000;0.000000;°C;4
4873;4;9784;F32;;Cell 969 - Cell SOC;;1.000000;0.000000;%;4
4874;4;9786;F32;;Cell 969 - Cell SOH;;1.000000;0.000000;%;4
4875;4;9788;F32;;Cell 969 - Cell Resistance;;1.000000;0.000000;Ω;4
4876;4;9790;F32;;Cell 970 - Cell Voltage;;1.000000;0.000000;V;4
4877;4;9792;F32;;Cell 970 - Cell Temperature;;1.000000;0.000000;°C;4
4878;4;9794;F32;;Cell 970 - Cell SOC;;1.000000;0.000000;%;4
4879;4;9796;F32;;Cell 970 - Cell SOH;;1.000000;0.000000;%;4
4880;4;9798;F32;;Cell 970 - Cell Resistance;;1.000000;0.000000;Ω;4
4881;4;9800;F32;;Cell 971 - Cell Voltage;;1.000000;0.000000;V;4
4882;4;9802;F32;;Cell 971 - Cell Temperature;;1.000000;0.000000;°C;4
4883;4;9804;F32;;Cell 971 - Cell SOC;;1.000000;0.000000;%;4
4884;4;9806;F32;;Cell 971 - Cell SOH;;1.000000;0.000000;%;4
4885;4;9808;F32;;Cell 971 - Cell Resistance;;1.000000;0.000000;Ω;4
4886;4;9810;F32;;Cell 972 - Cell Voltage;;1.000000;0.000000;V;4
4887;4;9812;F32;;Cell 972 - Cell Temperature;;1.000000;0.000000;°C;4
4888;4;9814;F32;;Cell 972 - Cell SOC;;1.000000;0.000000;%;4
4889;4;9816;F32;;Cell 972 - Cell SOH;;1.000000;0.000000;%;4
4890;4;9818;F32;;Cell 972 - Cell Resistance;;1.000000;0.000000;Ω;4
4891;4;9820;F32;;Cell 973 - Cell Voltage;;1.000000;0.000000;V;4
4892;4;9822;F32;;Cell 973 - Cell Temperature;;1.000000;0.000000;°C;4
4893;4;9824;F32;;Cell 973 - Cell SOC;;1.000000;0.000000;%;4
4894;4;9826;F32;;Cell 973 - Cell SOH;;1.000000;0.000000;%;4
4895;4;9828;F32;;Cell 973 - Cell Resistance;;1.000000;0.000000;Ω;4
4896;4;9830;F32;;Cell 974 - Cell Voltage;;1.000000;0.000000;V;4
4897;4;9832;F32;;Cell 974 - Cell Temperature;;1.000000;0.000000;°C;4
4898;4;9834;F32;;Cell 974 - Cell SOC;;1.000000;0.000000;%;4
4899;4;9836;F32;;Cell 974 - Cell SOH;;1.000000;0.000000;%;4
4900;4;9838;F32;;Cell 974 - Cell Resistance;;1.000000;0.000000;Ω;4
4901;4;9840;F32;;Cell 975 - Cell Voltage;;1.000000;0.000000;V;4
4902;4;9842;F32;;Cell 975 - Cell Temperature;;1.000000;0.000000;°C;4
4903;4;9844;F32;;Cell 975 - Cell SOC;;1.000000;0.000000;%;4
4904;4;9846;F32;;Cell 975 - Cell SOH;;1.000000;0.000000;%;4
4905;4;9848;F32;;Cell 975 - Cell Resistance;;1.000000;0.000000;Ω;4
4906;4;9850;F32;;Cell 976 - Cell Voltage;;1.000000;0.000000;V;4
4907;4;9852;F32;;Cell 976 - Cell Temperature;;1.000000;0.000000;°C;4
4908;4;9854;F32;;Cell 976 - Cell SOC;;1.000000;0.000000;%;4
4909;4;9856;F32;;Cell 976 - Cell SOH;;1.000000;0.000000;%;4
4910;4;9858;F32;;Cell 976 - Cell Resistance;;1.000000;0.000000;Ω;4
4911;4;9860;F32;;Cell 977 - Cell Voltage;;1.000000;0.000000;V;4
4912;4;9862;F32;;Cell 977 - Cell Temperature;;1.000000;0.000000;°C;4
4913;4;9864;F32;;Cell 977 - Cell SOC;;1.000000;0.000000;%;4
4914;4;9866;F32;;Cell 977 - Cell SOH;;1.000000;0.000000;%;4
4915;4;9868;F32;;Cell 977 - Cell Resistance;;1.000000;0.000000;Ω;4
4916;4;9870;F32;;Cell 978 - Cell Voltage;;1.000000;0.000000;V;4
4917;4;9872;F32;;Cell 978 - Cell Temperature;;1.000000;0.000000;°C;4
4918;4;9874;F32;;Cell 978 - Cell SOC;;1.000000;0.000000;%;4
4919;4;9876;F32;;Cell 978 - Cell SOH;;1.000000;0.000000;%;4
4920;4;9878;F32;;Cell 978 - Cell Resistance;;1.000000;0.000000;Ω;4
4921;4;9880;F32;;Cell 979 - Cell Voltage;;1.000000;0.000000;V;4
4922;4;9882;F32;;Cell 979 - Cell Temperature;;1.000000;0.000000;°C;4
4923;4;9884;F32;;Cell 979 - Cell SOC;;1.000000;0.000000;%;4
4924;4;9886;F32;;Cell 979 - Cell SOH;;1.000000;0.000000;%;4
4925;4;9888;F32;;Cell 979 - Cell Resistance;;1.000000;0.000000;Ω;4
4926;4;9890;F32;;Cell 980 - Cell Voltage;;1.000000;0.000000;V;4
4927;4;9892;F32;;Cell 980 - Cell Temperature;;1.000000;0.000000;°C;4
4928;4;9894;F32;;Cell 980 - Cell SOC;;1.000000;0.000000;%;4
4929;4;9896;F32;;Cell 980 - Cell SOH;;1.000000;0.000000;%;4
4930;4;9898;F32;;Cell 980 - Cell Resistance;;1.000000;0.000000;Ω;4
4931;4;9900;F32;;Cell 981 - Cell Voltage;;1.000000;0.000000;V;4
4932;4;9902;F32;;Cell 981 - Cell Temperature;;1.000000;0.000000;°C;4
4933;4;9904;F32;;Cell 981 - Cell SOC;;1.000000;0.000000;%;4
4934;4;9906;F32;;Cell 981 - Cell SOH;;1.000000;0.000000;%;4
4935;4;9908;F32;;Cell 981 - Cell Resistance;;1.000000;0.000000;Ω;4
4936;4;9910;F32;;Cell 982 - Cell Voltage;;1.000000;0.000000;V;4
4937;4;9912;F32;;Cell 982 - Cell Temperature;;1.000000;0.000000;°C;4
4938;4;9914;F32;;Cell 982 - Cell SOC;;1.000000;0.000000;%;4
4939;4;9916;F32;;Cell 982 - Cell SOH;;1.000000;0.000000;%;4
4940;4;9918;F32;;Cell 982 - Cell Resistance;;1.000000;0.000000;Ω;4
4941;4;9920;F32;;Cell 983 - Cell Voltage;;1.000000;0.000000;V;4
4942;4;9922;F32;;Cell 983 - Cell Temperature;;1.000000;0.000000;°C;4
4943;4;9924;F32;;Cell 983 - Cell SOC;;1.000000;0.000000;%;4
4944;4;9926;F32;;Cell 983 - Cell SOH;;1.000000;0.000000;%;4
4945;4;9928;F32;;Cell 983 - Cell Resistance;;1.000000;0.000000;Ω;4
4946;4;9930;F32;;Cell 984 - Cell Voltage;;1.000000;0.000000;V;4
4947;4;9932;F32;;Cell 984 - Cell Temperature;;1.000000;0.000000;°C;4
4948;4;9934;F32;;Cell 984 - Cell SOC;;1.000000;0.000000;%;4
4949;4;9936;F32;;Cell 984 - Cell SOH;;1.000000;0.000000;%;4
4950;4;9938;F32;;Cell 984 - Cell Resistance;;1.000000;0.000000;Ω;4
4951;4;9940;F32;;Cell 985 - Cell Voltage;;1.000000;0.000000;V;4
4952;4;9942;F32;;Cell 985 - Cell Temperature;;1.000000;0.000000;°C;4
4953;4;9944;F32;;Cell 985 - Cell SOC;;1.000000;0.000000;%;4
4954;4;9946;F32;;Cell 985 - Cell SOH;;1.000000;0.000000;%;4
4955;4;9948;F32;;Cell 985 - Cell Resistance;;1.000000;0.000000;Ω;4
4956;4;9950;F32;;Cell 986 - Cell Voltage;;1.000000;0.000000;V;4
4957;4;9952;F32;;Cell 986 - Cell Temperature;;1.000000;0.000000;°C;4
4958;4;9954;F32;;Cell 986 - Cell SOC;;1.000000;0.000000;%;4
4959;4;9956;F32;;Cell 986 - Cell SOH;;1.000000;0.000000;%;4
4960;4;9958;F32;;Cell 986 - Cell Resistance;;1.000000;0.000000;Ω;4
4961;4;9960;F32;;Cell 987 - Cell Voltage;;1.000000;0.000000;V;4
4962;4;9962;F32;;Cell 987 - Cell Temperature;;1.000000;0.000000;°C;4
4963;4;9964;F32;;Cell 987 - Cell SOC;;1.000000;0.000000;%;4
4964;4;9966;F32;;Cell 987 - Cell SOH;;1.000000;0.000000;%;4
4965;4;9968;F32;;Cell 987 - Cell Resistance;;1.000000;0.000000;Ω;4
4966;4;9970;F32;;Cell 988 - Cell Voltage;;1.000000;0.000000;V;4
4967;4;9972;F32;;Cell 988 - Cell Temperature;;1.000000;0.000000;°C;4
4968;4;9974;F32;;Cell 988 - Cell SOC;;1.000000;0.000000;%;4
4969;4;9976;F32;;Cell 988 - Cell SOH;;1.000000;0.000000;%;4
4970;4;9978;F32;;Cell 988 - Cell Resistance;;1.000000;0.000000;Ω;4
4971;4;9980;F32;;Cell 989 - Cell Voltage;;1.000000;0.000000;V;4
4972;4;9982;F32;;Cell 989 - Cell Temperature;;1.000000;0.000000;°C;4
4973;4;9984;F32;;Cell 989 - Cell SOC;;1.000000;0.000000;%;4
4974;4;9986;F32;;Cell 989 - Cell SOH;;1.000000;0.000000;%;4
4975;4;9988;F32;;Cell 989 - Cell Resistance;;1.000000;0.000000;Ω;4
4976;4;9990;F32;;Cell 990 - Cell Voltage;;1.000000;0.000000;V;4
4977;4;9992;F32;;Cell 990 - Cell Temperature;;1.000000;0.000000;°C;4
4978;4;9994;F32;;Cell 990 - Cell SOC;;1.000000;0.000000;%;4
4979;4;9996;F32;;Cell 990 - Cell SOH;;1.000000;0.000000;%;4
4980;4;9998;F32;;Cell 990 - Cell Resistance;;1.000000;0.000000;Ω;4
4981;4;10000;F32;;Cell 991 - Cell Voltage;;1.000000;0.000000;V;4
4982;4;10002;F32;;Cell 991 - Cell Temperature;;1.000000;0.000000;°C;4
4983;4;10004;F32;;Cell 991 - Cell SOC;;1.000000;0.000000;%;4
4984;4;10006;F32;;Cell 991 - Cell SOH;;1.000000;0.000000;%;4
4985;4;10008;F32;;Cell 991 - Cell Resistance;;1.000000;0.000000;Ω;4
4986;4;10010;F32;;Cell 992 - Cell Voltage;;1.000000;0.000000;V;4
4987;4;10012;F32;;Cell 992 - Cell Temperature;;1.000000;0.000000;°C;4
4988;4;10014;F32;;Cell 992 - Cell SOC;;1.000000;0.000000;%;4
4989;4;10016;F32;;Cell 992 - Cell SOH;;1.000000;0.000000;%;4
4990;4;10018;F32;;Cell 992 - Cell Resistance;;1.000000;0.000000;Ω;4
4991;4;10020;F32;;Cell 993 - Cell Voltage;;1.000000;0.000000;V;4
4992;4;10022;F32;;Cell 993 - Cell Temperature;;1.000000;0.000000;°C;4
4993;4;10024;F32;;Cell 993 - Cell SOC;;1.000000;0.000000;%;4
4994;4;10026;F32;;Cell 993 - Cell SOH;;1.000000;0.000000;%;4
4995;4;10028;F32;;Cell 993 - Cell Resistance;;1.000000;0.000000;Ω;4
4996;4;10030;F32;;Cell 994 - Cell Voltage;;1.000000;0.000000;V;4
4997;4;10032;F32;;Cell 994 - Cell Temperature;;1.000000;0.000000;°C;4
4998;4;10034;F32;;Cell 994 - Cell SOC;;1.000000;0.000000;%;4
4999;4;10036;F32;;Cell 994 - Cell SOH;;1.000000;0.000000;%;4
5000;4;10038;F32;;Cell 994 - Cell Resistance;;1.000000;0.000000;Ω;4
5001;4;10040;F32;;Cell 995 - Cell Voltage;;1.000000;0.000000;V;4
5002;4;10042;F32;;Cell 995 - Cell Temperature;;1.000000;0.000000;°C;4
5003;4;10044;F32;;Cell 995 - Cell SOC;;1.000000;0.000000;%;4
5004;4;10046;F32;;Cell 995 - Cell SOH;;1.000000;0.000000;%;4
5005;4;10048;F32;;Cell 995 - Cell Resistance;;1.000000;0.000000;Ω;4
5006;4;10050;F32;;Cell 996 - Cell Voltage;;1.000000;0.000000;V;4
5007;4;10052;F32;;Cell 996 - Cell Temperature;;1.000000;0.000000;°C;4
5008;4;10054;F32;;Cell 996 - Cell SOC;;1.000000;0.000000;%;4
5009;4;10056;F32;;Cell 996 - Cell SOH;;1.000000;0.000000;%;4
5010;4;10058;F32;;Cell 996 - Cell Resistance;;1.000000;0.000000;Ω;4
5011;4;10060;F32;;Cell 997 - Cell Voltage;;1.000000;0.000000;V;4
5012;4;10062;F32;;Cell 997 - Cell Temperature;;1.000000;0.000000;°C;4
5013;4;10064;F32;;Cell 997 - Cell SOC;;1.000000;0.000000;%;4
5014;4;10066;F32;;Cell 997 - Cell SOH;;1.000000;0.000000;%;4
5015;4;10068;F32;;Cell 997 - Cell Resistance;;1.000000;0.000000;Ω;4
5016;4;10070;F32;;Cell 998 - Cell Voltage;;1.000000;0.000000;V;4
5017;4;10072;F32;;Cell 998 - Cell Temperature;;1.000000;0.000000;°C;4
5018;4;10074;F32;;Cell 998 - Cell SOC;;1.000000;0.000000;%;4
5019;4;10076;F32;;Cell 998 - Cell SOH;;1.000000;0.000000;%;4
5020;4;10078;F32;;Cell 998 - Cell Resistance;;1.000000;0.000000;Ω;4
5021;4;10080;F32;;Cell 999 - Cell Voltage;;1.000000;0.000000;V;4
5022;4;10082;F32;;Cell 999 - Cell Temperature;;1.000000;0.000000;°C;4
5023;4;10084;F32;;Cell 999 - Cell SOC;;1.000000;0.000000;%;4
5024;4;10086;F32;;Cell 999 - Cell SOH;;1.000000;0.000000;%;4
5025;4;10088;F32;;Cell 999 - Cell Resistance;;1.000000;0.000000;Ω;4
5026;4;10090;F32;;Cell 1000 - Cell Voltage;;1.000000;0.000000;V;4
5027;4;10092;F32;;Cell 1000 - Cell Temperature;;1.000000;0.000000;°C;4
5028;4;10094;F32;;Cell 1000 - Cell SOC;;1.000000;0.000000;%;4
5029;4;10096;F32;;Cell 1000 - Cell SOH;;1.000000;0.000000;%;4
5030;4;10098;F32;;Cell 1000 - Cell Resistance;;1.000000;0.000000;Ω;4
