modbusTCP;BESS;Mars Energy;MarsLocalController V7.0;;;;;;;
1;2;0;U16;;LC Alarm - LC Alarm Summary;;1.000000;0.000000;;9
2;2;1;U16;;LC Alarm - PCS Alarm Summary;;1.000000;0.000000;;9
3;2;2;U16;;LC Alarm - Bank Alarm Summary;;1.000000;0.000000;;9
4;2;3;U16;;LC Alarm - Air Conditioning Alarm Summary;;1.000000;0.000000;;9
5;4;0;U16;;1#PCS - Operating Status;;1.000000;0.000000;;9
6;4;1;U16;;1#PCS - Reserve;;1.000000;0.000000;;0
7;4;2;F32;;1#PCS - AC Uab Line Voltage;;1.000000;0.000000;V;4
8;4;4;F32;;1#PCS - AC Ubc Line Voltage;;1.000000;0.000000;V;4
9;4;6;F32;;1#PCS - AC Uca Line Voltage;;1.000000;0.000000;V;4
10;4;8;F32;;1#PCS - AC Phase A Current;;1.000000;0.000000;A;4
11;4;10;F32;;1#PCS - AC Phase B Current;;1.000000;0.000000;A;4
12;4;12;F32;;1#PCS - AC Phase C Current;;1.000000;0.000000;A;4
13;4;14;F32;;1#PCS - AC Frequency;GridFrequency;1.000000;0.000000;Hz;4
14;4;16;F32;;1#PCS - Total AC Active Power;RealPower;1.000000;0.000000;kW;4
15;4;18;F32;;1#PCS - Total AC Reactive Power;;1.000000;0.000000;kvar;4
16;4;20;F32;;1#PCS - Total AC Apparent Power;;1.000000;0.000000;kW;4
17;4;22;F32;;1#PCS - Total AC Power Factor;;1.000000;0.000000;;4
18;4;24;F32;;1#PCS - Phase A AC Active Power;;1.000000;0.000000;kW;4
19;4;26;F32;;1#PCS - Phase B AC Active Power;;1.000000;0.000000;kW;4
20;4;28;F32;;1#PCS - Phase C AC Active Power;;1.000000;0.000000;kW;4
21;4;30;F32;;1#PCS - Phase A AC Reactive Power;;1.000000;0.000000;kvar;4
22;4;32;F32;;1#PCS - Phase B AC Reactive Power;;1.000000;0.000000;kvar;4
23;4;34;F32;;1#PCS - Phase C AC Reactive Power;;1.000000;0.000000;kvar;4
24;4;36;F32;;1#PCS - Phase A AC Apparent Power;;1.000000;0.000000;kVA;4
25;4;38;F32;;1#PCS - Phase B AC Apparent Power;;1.000000;0.000000;kVA;4
26;4;40;F32;;1#PCS - Phase C AC Apparent Power;;1.000000;0.000000;kVA;4
27;4;42;F32;;1#PCS - Phase A AC Power Factor;;1.000000;0.000000;;4
28;4;44;F32;;1#PCS - Phase B AC Power Factor;;1.000000;0.000000;;4
29;4;46;F32;;1#PCS - Phase C AC Power Factor;;1.000000;0.000000;;4
30;4;48;F32;;1#PCS - IGBT Module Temperature;;1.000000;0.000000;°C;4
31;4;50;F32;;1#PCS - Ambient Temperature;;1.000000;0.000000;°C;4
32;4;52;F32;;1#PCS - Total  AC Charging Energy;;1.000000;0.000000;kWh;4
33;4;54;F32;;1#PCS - Total AC Discharging Energy;EnergyTotal;1.000000;0.000000;kWh;4
34;4;56;F32;;1#PCS - Daily AC Charging Energy;;1.000000;0.000000;kWh;4
35;4;58;F32;;1#PCS - Daily AC Discharging Energy;EnergyDay;1.000000;0.000000;kWh;4
36;4;60;U32;;1#PCS - Number of branches;;1.000000;0.000000;;4
37;4;62;F32;;1#PCS - Branch 1 DC Power;;1.000000;0.000000;kW;4
38;4;64;F32;;1#PCS - Branch 1 DC Voltage;;1.000000;0.000000;V;4
39;4;66;F32;;1#PCS - Branch 1 DC Current;;1.000000;0.000000;A;4
40;4;68;F32;;1#PCS - Branch 2~n DC Power;;1.000000;0.000000;kW;4
41;4;70;F32;;1#PCS - Branch 2~n DC Voltage;;1.000000;0.000000;V;4
42;4;72;F32;;1#PCS - Branch 2~n DC Current;;1.000000;0.000000;A;4
43;4;100;U16;;2#PCS - Operating Status;;1.000000;0.000000;;9
44;4;101;U16;;2#PCS - Reserve;;1.000000;0.000000;;0
45;4;102;F32;;2#PCS - AC Uab Line Voltage;;1.000000;0.000000;V;4
46;4;104;F32;;2#PCS - AC Ubc Line Voltage;;1.000000;0.000000;V;4
47;4;106;F32;;2#PCS - AC Uca Line Voltage;;1.000000;0.000000;V;4
48;4;108;F32;;2#PCS - AC Phase A Current;;1.000000;0.000000;A;4
49;4;110;F32;;2#PCS - AC Phase B Current;;1.000000;0.000000;A;4
50;4;112;F32;;2#PCS - AC Phase C Current;;1.000000;0.000000;A;4
51;4;114;F32;;2#PCS - AC Frequency;;1.000000;0.000000;Hz;4
52;4;116;F32;;2#PCS - Total AC Active Power;;1.000000;0.000000;kW;4
53;4;118;F32;;2#PCS - Total AC Reactive Power;;1.000000;0.000000;kvar;4
54;4;120;F32;;2#PCS - Total AC Apparent Power;;1.000000;0.000000;kW;4
55;4;122;F32;;2#PCS - Total AC Power Factor;;1.000000;0.000000;;4
56;4;124;F32;;2#PCS - Phase A AC Active Power;;1.000000;0.000000;kW;4
57;4;126;F32;;2#PCS - Phase B AC Active Power;;1.000000;0.000000;kW;4
58;4;128;F32;;2#PCS - Phase C AC Active Power;;1.000000;0.000000;kW;4
59;4;130;F32;;2#PCS - Phase A AC Reactive Power;;1.000000;0.000000;kvar;4
60;4;132;F32;;2#PCS - Phase B AC Reactive Power;;1.000000;0.000000;kvar;4
61;4;134;F32;;2#PCS - Phase C AC Reactive Power;;1.000000;0.000000;kvar;4
62;4;136;F32;;2#PCS - Phase A AC Apparent Power;;1.000000;0.000000;kVA;4
63;4;138;F32;;2#PCS - Phase B AC Apparent Power;;1.000000;0.000000;kVA;4
64;4;140;F32;;2#PCS - Phase C AC Apparent Power;;1.000000;0.000000;kVA;4
65;4;142;F32;;2#PCS - Phase A AC Power Factor;;1.000000;0.000000;;4
66;4;144;F32;;2#PCS - Phase B AC Power Factor;;1.000000;0.000000;;4
67;4;146;F32;;2#PCS - Phase C AC Power Factor;;1.000000;0.000000;;4
68;4;148;F32;;2#PCS - IGBT Module Temperature;;1.000000;0.000000;°C;4
69;4;150;F32;;2#PCS - Ambient Temperature;;1.000000;0.000000;°C;4
70;4;152;F32;;2#PCS - Total  AC Charging Energy;;1.000000;0.000000;kWh;4
71;4;154;F32;;2#PCS - Total AC Discharging Energy;;1.000000;0.000000;kWh;4
72;4;156;F32;;2#PCS - Daily AC Charging Energy;;1.000000;0.000000;kWh;4
73;4;158;F32;;2#PCS - Daily AC Discharging Energy;;1.000000;0.000000;kWh;4
74;4;160;U32;;2#PCS - Number of branches;;1.000000;0.000000;;4
75;4;162;F32;;2#PCS - Branch 1 DC Power;;1.000000;0.000000;kW;4
76;4;164;F32;;2#PCS - Branch 1 DC Voltage;;1.000000;0.000000;V;4
77;4;166;F32;;2#PCS - Branch 1 DC Current;;1.000000;0.000000;A;4
78;4;168;F32;;2#PCS - Branch 2~n DC Power;;1.000000;0.000000;kW;4
79;4;170;F32;;2#PCS - Branch 2~n DC Voltage;;1.000000;0.000000;V;4
80;4;172;F32;;2#PCS - Branch 2~n DC Current;;1.000000;0.000000;A;4
81;4;200;U16;;3#PCS - Operating Status;;1.000000;0.000000;;9
82;4;201;U16;;3#PCS - Reserve;;1.000000;0.000000;;0
83;4;202;F32;;3#PCS - AC Uab Line Voltage;;1.000000;0.000000;V;4
84;4;204;F32;;3#PCS - AC Ubc Line Voltage;;1.000000;0.000000;V;4
85;4;206;F32;;3#PCS - AC Uca Line Voltage;;1.000000;0.000000;V;4
86;4;208;F32;;3#PCS - AC Phase A Current;;1.000000;0.000000;A;4
87;4;210;F32;;3#PCS - AC Phase B Current;;1.000000;0.000000;A;4
88;4;212;F32;;3#PCS - AC Phase C Current;;1.000000;0.000000;A;4
89;4;214;F32;;3#PCS - AC Frequency;;1.000000;0.000000;Hz;4
90;4;216;F32;;3#PCS - Total AC Active Power;;1.000000;0.000000;kW;4
91;4;218;F32;;3#PCS - Total AC Reactive Power;;1.000000;0.000000;kvar;4
92;4;220;F32;;3#PCS - Total AC Apparent Power;;1.000000;0.000000;kW;4
93;4;222;F32;;3#PCS - Total AC Power Factor;;1.000000;0.000000;;4
94;4;224;F32;;3#PCS - Phase A AC Active Power;;1.000000;0.000000;kW;4
95;4;226;F32;;3#PCS - Phase B AC Active Power;;1.000000;0.000000;kW;4
96;4;228;F32;;3#PCS - Phase C AC Active Power;;1.000000;0.000000;kW;4
97;4;230;F32;;3#PCS - Phase A AC Reactive Power;;1.000000;0.000000;kvar;4
98;4;232;F32;;3#PCS - Phase B AC Reactive Power;;1.000000;0.000000;kvar;4
99;4;234;F32;;3#PCS - Phase C AC Reactive Power;;1.000000;0.000000;kvar;4
100;4;236;F32;;3#PCS - Phase A AC Apparent Power;;1.000000;0.000000;kVA;4
101;4;238;F32;;3#PCS - Phase B AC Apparent Power;;1.000000;0.000000;kVA;4
102;4;240;F32;;3#PCS - Phase C AC Apparent Power;;1.000000;0.000000;kVA;4
103;4;242;F32;;3#PCS - Phase A AC Power Factor;;1.000000;0.000000;;4
104;4;244;F32;;3#PCS - Phase B AC Power Factor;;1.000000;0.000000;;4
105;4;246;F32;;3#PCS - Phase C AC Power Factor;;1.000000;0.000000;;4
106;4;248;F32;;3#PCS - IGBT Module Temperature;;1.000000;0.000000;°C;4
107;4;250;F32;;3#PCS - Ambient Temperature;;1.000000;0.000000;°C;4
108;4;252;F32;;3#PCS - Total  AC Charging Energy;;1.000000;0.000000;kWh;4
109;4;254;F32;;3#PCS - Total AC Discharging Energy;;1.000000;0.000000;kWh;4
110;4;256;F32;;3#PCS - Daily AC Charging Energy;;1.000000;0.000000;kWh;4
111;4;258;F32;;3#PCS - Daily AC Discharging Energy;;1.000000;0.000000;kWh;4
112;4;260;U32;;3#PCS - Number of branches;;1.000000;0.000000;;4
113;4;262;F32;;3#PCS - Branch 1 DC Power;;1.000000;0.000000;kW;4
114;4;264;F32;;3#PCS - Branch 1 DC Voltage;;1.000000;0.000000;V;4
115;4;266;F32;;3#PCS - Branch 1 DC Current;;1.000000;0.000000;A;4
116;4;268;F32;;3#PCS - Branch 2~n DC Power;;1.000000;0.000000;kW;4
117;4;270;F32;;3#PCS - Branch 2~n DC Voltage;;1.000000;0.000000;V;4
118;4;272;F32;;3#PCS - Branch 2~n DC Current;;1.000000;0.000000;A;4
119;4;300;U16;;4#PCS - Operating Status;;1.000000;0.000000;;9
120;4;301;U16;;4#PCS - Reserve;;1.000000;0.000000;;0
121;4;302;F32;;4#PCS - AC Uab Line Voltage;;1.000000;0.000000;V;4
122;4;304;F32;;4#PCS - AC Ubc Line Voltage;;1.000000;0.000000;V;4
123;4;306;F32;;4#PCS - AC Uca Line Voltage;;1.000000;0.000000;V;4
124;4;308;F32;;4#PCS - AC Phase A Current;;1.000000;0.000000;A;4
125;4;310;F32;;4#PCS - AC Phase B Current;;1.000000;0.000000;A;4
126;4;312;F32;;4#PCS - AC Phase C Current;;1.000000;0.000000;A;4
127;4;314;F32;;4#PCS - AC Frequency;;1.000000;0.000000;Hz;4
128;4;316;F32;;4#PCS - Total AC Active Power;;1.000000;0.000000;kW;4
129;4;318;F32;;4#PCS - Total AC Reactive Power;;1.000000;0.000000;kvar;4
130;4;320;F32;;4#PCS - Total AC Apparent Power;;1.000000;0.000000;kW;4
131;4;322;F32;;4#PCS - Total AC Power Factor;;1.000000;0.000000;;4
132;4;324;F32;;4#PCS - Phase A AC Active Power;;1.000000;0.000000;kW;4
133;4;326;F32;;4#PCS - Phase B AC Active Power;;1.000000;0.000000;kW;4
134;4;328;F32;;4#PCS - Phase C AC Active Power;;1.000000;0.000000;kW;4
135;4;330;F32;;4#PCS - Phase A AC Reactive Power;;1.000000;0.000000;kvar;4
136;4;332;F32;;4#PCS - Phase B AC Reactive Power;;1.000000;0.000000;kvar;4
137;4;334;F32;;4#PCS - Phase C AC Reactive Power;;1.000000;0.000000;kvar;4
138;4;336;F32;;4#PCS - Phase A AC Apparent Power;;1.000000;0.000000;kVA;4
139;4;338;F32;;4#PCS - Phase B AC Apparent Power;;1.000000;0.000000;kVA;4
140;4;340;F32;;4#PCS - Phase C AC Apparent Power;;1.000000;0.000000;kVA;4
141;4;342;F32;;4#PCS - Phase A AC Power Factor;;1.000000;0.000000;;4
142;4;344;F32;;4#PCS - Phase B AC Power Factor;;1.000000;0.000000;;4
143;4;346;F32;;4#PCS - Phase C AC Power Factor;;1.000000;0.000000;;4
144;4;348;F32;;4#PCS - IGBT Module Temperature;;1.000000;0.000000;°C;4
145;4;350;F32;;4#PCS - Ambient Temperature;;1.000000;0.000000;°C;4
146;4;352;F32;;4#PCS - Total  AC Charging Energy;;1.000000;0.000000;kWh;4
147;4;354;F32;;4#PCS - Total AC Discharging Energy;;1.000000;0.000000;kWh;4
148;4;356;F32;;4#PCS - Daily AC Charging Energy;;1.000000;0.000000;kWh;4
149;4;358;F32;;4#PCS - Daily AC Discharging Energy;;1.000000;0.000000;kWh;4
150;4;360;U32;;4#PCS - Number of branches;;1.000000;0.000000;;4
151;4;362;F32;;4#PCS - Branch 1 DC Power;;1.000000;0.000000;kW;4
152;4;364;F32;;4#PCS - Branch 1 DC Voltage;;1.000000;0.000000;V;4
153;4;366;F32;;4#PCS - Branch 1 DC Current;;1.000000;0.000000;A;4
154;4;368;F32;;4#PCS - Branch 2~n DC Power;;1.000000;0.000000;kW;4
155;4;370;F32;;4#PCS - Branch 2~n DC Voltage;;1.000000;0.000000;V;4
156;4;372;F32;;4#PCS - Branch 2~n DC Current;;1.000000;0.000000;A;4
157;4;400;U16;;5#PCS - Operating Status;;1.000000;0.000000;;9
158;4;401;U16;;5#PCS - Reserve;;1.000000;0.000000;;0
159;4;402;F32;;5#PCS - AC Uab Line Voltage;;1.000000;0.000000;V;4
160;4;404;F32;;5#PCS - AC Ubc Line Voltage;;1.000000;0.000000;V;4
161;4;406;F32;;5#PCS - AC Uca Line Voltage;;1.000000;0.000000;V;4
162;4;408;F32;;5#PCS - AC Phase A Current;;1.000000;0.000000;A;4
163;4;410;F32;;5#PCS - AC Phase B Current;;1.000000;0.000000;A;4
164;4;412;F32;;5#PCS - AC Phase C Current;;1.000000;0.000000;A;4
165;4;414;F32;;5#PCS - AC Frequency;;1.000000;0.000000;Hz;4
166;4;416;F32;;5#PCS - Total AC Active Power;;1.000000;0.000000;kW;4
167;4;418;F32;;5#PCS - Total AC Reactive Power;;1.000000;0.000000;kvar;4
168;4;420;F32;;5#PCS - Total AC Apparent Power;;1.000000;0.000000;kW;4
169;4;422;F32;;5#PCS - Total AC Power Factor;;1.000000;0.000000;;4
170;4;424;F32;;5#PCS - Phase A AC Active Power;;1.000000;0.000000;kW;4
171;4;426;F32;;5#PCS - Phase B AC Active Power;;1.000000;0.000000;kW;4
172;4;428;F32;;5#PCS - Phase C AC Active Power;;1.000000;0.000000;kW;4
173;4;430;F32;;5#PCS - Phase A AC Reactive Power;;1.000000;0.000000;kvar;4
174;4;432;F32;;5#PCS - Phase B AC Reactive Power;;1.000000;0.000000;kvar;4
175;4;434;F32;;5#PCS - Phase C AC Reactive Power;;1.000000;0.000000;kvar;4
176;4;436;F32;;5#PCS - Phase A AC Apparent Power;;1.000000;0.000000;kVA;4
177;4;438;F32;;5#PCS - Phase B AC Apparent Power;;1.000000;0.000000;kVA;4
178;4;440;F32;;5#PCS - Phase C AC Apparent Power;;1.000000;0.000000;kVA;4
179;4;442;F32;;5#PCS - Phase A AC Power Factor;;1.000000;0.000000;;4
180;4;444;F32;;5#PCS - Phase B AC Power Factor;;1.000000;0.000000;;4
181;4;446;F32;;5#PCS - Phase C AC Power Factor;;1.000000;0.000000;;4
182;4;448;F32;;5#PCS - IGBT Module Temperature;;1.000000;0.000000;°C;4
183;4;450;F32;;5#PCS - Ambient Temperature;;1.000000;0.000000;°C;4
184;4;452;F32;;5#PCS - Total  AC Charging Energy;;1.000000;0.000000;kWh;4
185;4;454;F32;;5#PCS - Total AC Discharging Energy;;1.000000;0.000000;kWh;4
186;4;456;F32;;5#PCS - Daily AC Charging Energy;;1.000000;0.000000;kWh;4
187;4;458;F32;;5#PCS - Daily AC Discharging Energy;;1.000000;0.000000;kWh;4
188;4;460;U32;;5#PCS - Number of branches;;1.000000;0.000000;;4
189;4;462;F32;;5#PCS - Branch 1 DC Power;;1.000000;0.000000;kW;4
190;4;464;F32;;5#PCS - Branch 1 DC Voltage;;1.000000;0.000000;V;4
191;4;466;F32;;5#PCS - Branch 1 DC Current;;1.000000;0.000000;A;4
192;4;468;F32;;5#PCS - Branch 2~n DC Power;;1.000000;0.000000;kW;4
193;4;470;F32;;5#PCS - Branch 2~n DC Voltage;;1.000000;0.000000;V;4
194;4;472;F32;;5#PCS - Branch 2~n DC Current;;1.000000;0.000000;A;4
195;4;500;U16;;6#PCS - Operating Status;;1.000000;0.000000;;9
196;4;501;U16;;6#PCS - Reserve;;1.000000;0.000000;;0
197;4;502;F32;;6#PCS - AC Uab Line Voltage;;1.000000;0.000000;V;4
198;4;504;F32;;6#PCS - AC Ubc Line Voltage;;1.000000;0.000000;V;4
199;4;506;F32;;6#PCS - AC Uca Line Voltage;;1.000000;0.000000;V;4
200;4;508;F32;;6#PCS - AC Phase A Current;;1.000000;0.000000;A;4
201;4;510;F32;;6#PCS - AC Phase B Current;;1.000000;0.000000;A;4
202;4;512;F32;;6#PCS - AC Phase C Current;;1.000000;0.000000;A;4
203;4;514;F32;;6#PCS - AC Frequency;;1.000000;0.000000;Hz;4
204;4;516;F32;;6#PCS - Total AC Active Power;;1.000000;0.000000;kW;4
205;4;518;F32;;6#PCS - Total AC Reactive Power;;1.000000;0.000000;kvar;4
206;4;520;F32;;6#PCS - Total AC Apparent Power;;1.000000;0.000000;kW;4
207;4;522;F32;;6#PCS - Total AC Power Factor;;1.000000;0.000000;;4
208;4;524;F32;;6#PCS - Phase A AC Active Power;;1.000000;0.000000;kW;4
209;4;526;F32;;6#PCS - Phase B AC Active Power;;1.000000;0.000000;kW;4
210;4;528;F32;;6#PCS - Phase C AC Active Power;;1.000000;0.000000;kW;4
211;4;530;F32;;6#PCS - Phase A AC Reactive Power;;1.000000;0.000000;kvar;4
212;4;532;F32;;6#PCS - Phase B AC Reactive Power;;1.000000;0.000000;kvar;4
213;4;534;F32;;6#PCS - Phase C AC Reactive Power;;1.000000;0.000000;kvar;4
214;4;536;F32;;6#PCS - Phase A AC Apparent Power;;1.000000;0.000000;kVA;4
215;4;538;F32;;6#PCS - Phase B AC Apparent Power;;1.000000;0.000000;kVA;4
216;4;540;F32;;6#PCS - Phase C AC Apparent Power;;1.000000;0.000000;kVA;4
217;4;542;F32;;6#PCS - Phase A AC Power Factor;;1.000000;0.000000;;4
218;4;544;F32;;6#PCS - Phase B AC Power Factor;;1.000000;0.000000;;4
219;4;546;F32;;6#PCS - Phase C AC Power Factor;;1.000000;0.000000;;4
220;4;548;F32;;6#PCS - IGBT Module Temperature;;1.000000;0.000000;°C;4
221;4;550;F32;;6#PCS - Ambient Temperature;;1.000000;0.000000;°C;4
222;4;552;F32;;6#PCS - Total  AC Charging Energy;;1.000000;0.000000;kWh;4
223;4;554;F32;;6#PCS - Total AC Discharging Energy;;1.000000;0.000000;kWh;4
224;4;556;F32;;6#PCS - Daily AC Charging Energy;;1.000000;0.000000;kWh;4
225;4;558;F32;;6#PCS - Daily AC Discharging Energy;;1.000000;0.000000;kWh;4
226;4;560;U32;;6#PCS - Number of branches;;1.000000;0.000000;;4
227;4;562;F32;;6#PCS - Branch 1 DC Power;;1.000000;0.000000;kW;4
228;4;564;F32;;6#PCS - Branch 1 DC Voltage;;1.000000;0.000000;V;4
229;4;566;F32;;6#PCS - Branch 1 DC Current;;1.000000;0.000000;A;4
230;4;568;F32;;6#PCS - Branch 2~n DC Power;;1.000000;0.000000;kW;4
231;4;570;F32;;6#PCS - Branch 2~n DC Voltage;;1.000000;0.000000;V;4
232;4;572;F32;;6#PCS - Branch 2~n DC Current;;1.000000;0.000000;A;4
233;4;600;U16;;7#PCS - Operating Status;;1.000000;0.000000;;9
234;4;601;U16;;7#PCS - Reserve;;1.000000;0.000000;;0
235;4;602;F32;;7#PCS - AC Uab Line Voltage;;1.000000;0.000000;V;4
236;4;604;F32;;7#PCS - AC Ubc Line Voltage;;1.000000;0.000000;V;4
237;4;606;F32;;7#PCS - AC Uca Line Voltage;;1.000000;0.000000;V;4
238;4;608;F32;;7#PCS - AC Phase A Current;;1.000000;0.000000;A;4
239;4;610;F32;;7#PCS - AC Phase B Current;;1.000000;0.000000;A;4
240;4;612;F32;;7#PCS - AC Phase C Current;;1.000000;0.000000;A;4
241;4;614;F32;;7#PCS - AC Frequency;;1.000000;0.000000;Hz;4
242;4;616;F32;;7#PCS - Total AC Active Power;;1.000000;0.000000;kW;4
243;4;618;F32;;7#PCS - Total AC Reactive Power;;1.000000;0.000000;kvar;4
244;4;620;F32;;7#PCS - Total AC Apparent Power;;1.000000;0.000000;kW;4
245;4;622;F32;;7#PCS - Total AC Power Factor;;1.000000;0.000000;;4
246;4;624;F32;;7#PCS - Phase A AC Active Power;;1.000000;0.000000;kW;4
247;4;626;F32;;7#PCS - Phase B AC Active Power;;1.000000;0.000000;kW;4
248;4;628;F32;;7#PCS - Phase C AC Active Power;;1.000000;0.000000;kW;4
249;4;630;F32;;7#PCS - Phase A AC Reactive Power;;1.000000;0.000000;kvar;4
250;4;632;F32;;7#PCS - Phase B AC Reactive Power;;1.000000;0.000000;kvar;4
251;4;634;F32;;7#PCS - Phase C AC Reactive Power;;1.000000;0.000000;kvar;4
252;4;636;F32;;7#PCS - Phase A AC Apparent Power;;1.000000;0.000000;kVA;4
253;4;638;F32;;7#PCS - Phase B AC Apparent Power;;1.000000;0.000000;kVA;4
254;4;640;F32;;7#PCS - Phase C AC Apparent Power;;1.000000;0.000000;kVA;4
255;4;642;F32;;7#PCS - Phase A AC Power Factor;;1.000000;0.000000;;4
256;4;644;F32;;7#PCS - Phase B AC Power Factor;;1.000000;0.000000;;4
257;4;646;F32;;7#PCS - Phase C AC Power Factor;;1.000000;0.000000;;4
258;4;648;F32;;7#PCS - IGBT Module Temperature;;1.000000;0.000000;°C;4
259;4;650;F32;;7#PCS - Ambient Temperature;;1.000000;0.000000;°C;4
260;4;652;F32;;7#PCS - Total  AC Charging Energy;;1.000000;0.000000;kWh;4
261;4;654;F32;;7#PCS - Total AC Discharging Energy;;1.000000;0.000000;kWh;4
262;4;656;F32;;7#PCS - Daily AC Charging Energy;;1.000000;0.000000;kWh;4
263;4;658;F32;;7#PCS - Daily AC Discharging Energy;;1.000000;0.000000;kWh;4
264;4;660;U32;;7#PCS - Number of branches;;1.000000;0.000000;;4
265;4;662;F32;;7#PCS - Branch 1 DC Power;;1.000000;0.000000;kW;4
266;4;664;F32;;7#PCS - Branch 1 DC Voltage;;1.000000;0.000000;V;4
267;4;666;F32;;7#PCS - Branch 1 DC Current;;1.000000;0.000000;A;4
268;4;668;F32;;7#PCS - Branch 2~n DC Power;;1.000000;0.000000;kW;4
269;4;670;F32;;7#PCS - Branch 2~n DC Voltage;;1.000000;0.000000;V;4
270;4;672;F32;;7#PCS - Branch 2~n DC Current;;1.000000;0.000000;A;4
271;4;700;U16;;8#PCS - Operating Status;;1.000000;0.000000;;9
272;4;701;U16;;8#PCS - Reserve;;1.000000;0.000000;;0
273;4;702;F32;;8#PCS - AC Uab Line Voltage;;1.000000;0.000000;V;4
274;4;704;F32;;8#PCS - AC Ubc Line Voltage;;1.000000;0.000000;V;4
275;4;706;F32;;8#PCS - AC Uca Line Voltage;;1.000000;0.000000;V;4
276;4;708;F32;;8#PCS - AC Phase A Current;;1.000000;0.000000;A;4
277;4;710;F32;;8#PCS - AC Phase B Current;;1.000000;0.000000;A;4
278;4;712;F32;;8#PCS - AC Phase C Current;;1.000000;0.000000;A;4
279;4;714;F32;;8#PCS - AC Frequency;;1.000000;0.000000;Hz;4
280;4;716;F32;;8#PCS - Total AC Active Power;;1.000000;0.000000;kW;4
281;4;718;F32;;8#PCS - Total AC Reactive Power;;1.000000;0.000000;kvar;4
282;4;720;F32;;8#PCS - Total AC Apparent Power;;1.000000;0.000000;kW;4
283;4;722;F32;;8#PCS - Total AC Power Factor;;1.000000;0.000000;;4
284;4;724;F32;;8#PCS - Phase A AC Active Power;;1.000000;0.000000;kW;4
285;4;726;F32;;8#PCS - Phase B AC Active Power;;1.000000;0.000000;kW;4
286;4;728;F32;;8#PCS - Phase C AC Active Power;;1.000000;0.000000;kW;4
287;4;730;F32;;8#PCS - Phase A AC Reactive Power;;1.000000;0.000000;kvar;4
288;4;732;F32;;8#PCS - Phase B AC Reactive Power;;1.000000;0.000000;kvar;4
289;4;734;F32;;8#PCS - Phase C AC Reactive Power;;1.000000;0.000000;kvar;4
290;4;736;F32;;8#PCS - Phase A AC Apparent Power;;1.000000;0.000000;kVA;4
291;4;738;F32;;8#PCS - Phase B AC Apparent Power;;1.000000;0.000000;kVA;4
292;4;740;F32;;8#PCS - Phase C AC Apparent Power;;1.000000;0.000000;kVA;4
293;4;742;F32;;8#PCS - Phase A AC Power Factor;;1.000000;0.000000;;4
294;4;744;F32;;8#PCS - Phase B AC Power Factor;;1.000000;0.000000;;4
295;4;746;F32;;8#PCS - Phase C AC Power Factor;;1.000000;0.000000;;4
296;4;748;F32;;8#PCS - IGBT Module Temperature;;1.000000;0.000000;°C;4
297;4;750;F32;;8#PCS - Ambient Temperature;;1.000000;0.000000;°C;4
298;4;752;F32;;8#PCS - Total  AC Charging Energy;;1.000000;0.000000;kWh;4
299;4;754;F32;;8#PCS - Total AC Discharging Energy;;1.000000;0.000000;kWh;4
300;4;756;F32;;8#PCS - Daily AC Charging Energy;;1.000000;0.000000;kWh;4
301;4;758;F32;;8#PCS - Daily AC Discharging Energy;;1.000000;0.000000;kWh;4
302;4;760;U32;;8#PCS - Number of branches;;1.000000;0.000000;;4
303;4;762;F32;;8#PCS - Branch 1 DC Power;;1.000000;0.000000;kW;4
304;4;764;F32;;8#PCS - Branch 1 DC Voltage;;1.000000;0.000000;V;4
305;4;766;F32;;8#PCS - Branch 1 DC Current;;1.000000;0.000000;A;4
306;4;768;F32;;8#PCS - Branch 2~n DC Power;;1.000000;0.000000;kW;4
307;4;770;F32;;8#PCS - Branch 2~n DC Voltage;;1.000000;0.000000;V;4
308;4;772;F32;;8#PCS - Branch 2~n DC Current;;1.000000;0.000000;A;4
309;4;800;U16;;9#PCS - Operating Status;;1.000000;0.000000;;9
310;4;801;U16;;9#PCS - Reserve;;1.000000;0.000000;;0
311;4;802;F32;;9#PCS - AC Uab Line Voltage;;1.000000;0.000000;V;4
312;4;804;F32;;9#PCS - AC Ubc Line Voltage;;1.000000;0.000000;V;4
313;4;806;F32;;9#PCS - AC Uca Line Voltage;;1.000000;0.000000;V;4
314;4;808;F32;;9#PCS - AC Phase A Current;;1.000000;0.000000;A;4
315;4;810;F32;;9#PCS - AC Phase B Current;;1.000000;0.000000;A;4
316;4;812;F32;;9#PCS - AC Phase C Current;;1.000000;0.000000;A;4
317;4;814;F32;;9#PCS - AC Frequency;;1.000000;0.000000;Hz;4
318;4;816;F32;;9#PCS - Total AC Active Power;;1.000000;0.000000;kW;4
319;4;818;F32;;9#PCS - Total AC Reactive Power;;1.000000;0.000000;kvar;4
320;4;820;F32;;9#PCS - Total AC Apparent Power;;1.000000;0.000000;kW;4
321;4;822;F32;;9#PCS - Total AC Power Factor;;1.000000;0.000000;;4
322;4;824;F32;;9#PCS - Phase A AC Active Power;;1.000000;0.000000;kW;4
323;4;826;F32;;9#PCS - Phase B AC Active Power;;1.000000;0.000000;kW;4
324;4;828;F32;;9#PCS - Phase C AC Active Power;;1.000000;0.000000;kW;4
325;4;830;F32;;9#PCS - Phase A AC Reactive Power;;1.000000;0.000000;kvar;4
326;4;832;F32;;9#PCS - Phase B AC Reactive Power;;1.000000;0.000000;kvar;4
327;4;834;F32;;9#PCS - Phase C AC Reactive Power;;1.000000;0.000000;kvar;4
328;4;836;F32;;9#PCS - Phase A AC Apparent Power;;1.000000;0.000000;kVA;4
329;4;838;F32;;9#PCS - Phase B AC Apparent Power;;1.000000;0.000000;kVA;4
330;4;840;F32;;9#PCS - Phase C AC Apparent Power;;1.000000;0.000000;kVA;4
331;4;842;F32;;9#PCS - Phase A AC Power Factor;;1.000000;0.000000;;4
332;4;844;F32;;9#PCS - Phase B AC Power Factor;;1.000000;0.000000;;4
333;4;846;F32;;9#PCS - Phase C AC Power Factor;;1.000000;0.000000;;4
334;4;848;F32;;9#PCS - IGBT Module Temperature;;1.000000;0.000000;°C;4
335;4;850;F32;;9#PCS - Ambient Temperature;;1.000000;0.000000;°C;4
336;4;852;F32;;9#PCS - Total  AC Charging Energy;;1.000000;0.000000;kWh;4
337;4;854;F32;;9#PCS - Total AC Discharging Energy;;1.000000;0.000000;kWh;4
338;4;856;F32;;9#PCS - Daily AC Charging Energy;;1.000000;0.000000;kWh;4
339;4;858;F32;;9#PCS - Daily AC Discharging Energy;;1.000000;0.000000;kWh;4
340;4;860;U32;;9#PCS - Number of branches;;1.000000;0.000000;;4
341;4;862;F32;;9#PCS - Branch 1 DC Power;;1.000000;0.000000;kW;4
342;4;864;F32;;9#PCS - Branch 1 DC Voltage;;1.000000;0.000000;V;4
343;4;866;F32;;9#PCS - Branch 1 DC Current;;1.000000;0.000000;A;4
344;4;868;F32;;9#PCS - Branch 2~n DC Power;;1.000000;0.000000;kW;4
345;4;870;F32;;9#PCS - Branch 2~n DC Voltage;;1.000000;0.000000;V;4
346;4;872;F32;;9#PCS - Branch 2~n DC Current;;1.000000;0.000000;A;4
347;4;900;U16;;10#PCS - Operating Status;;1.000000;0.000000;;9
348;4;901;U16;;10#PCS - Reserve;;1.000000;0.000000;;0
349;4;902;F32;;10#PCS - AC Uab Line Voltage;;1.000000;0.000000;V;4
350;4;904;F32;;10#PCS - AC Ubc Line Voltage;;1.000000;0.000000;V;4
351;4;906;F32;;10#PCS - AC Uca Line Voltage;;1.000000;0.000000;V;4
352;4;908;F32;;10#PCS - AC Phase A Current;;1.000000;0.000000;A;4
353;4;910;F32;;10#PCS - AC Phase B Current;;1.000000;0.000000;A;4
354;4;912;F32;;10#PCS - AC Phase C Current;;1.000000;0.000000;A;4
355;4;914;F32;;10#PCS - AC Frequency;;1.000000;0.000000;Hz;4
356;4;916;F32;;10#PCS - Total AC Active Power;;1.000000;0.000000;kW;4
357;4;918;F32;;10#PCS - Total AC Reactive Power;;1.000000;0.000000;kvar;4
358;4;920;F32;;10#PCS - Total AC Apparent Power;;1.000000;0.000000;kW;4
359;4;922;F32;;10#PCS - Total AC Power Factor;;1.000000;0.000000;;4
360;4;924;F32;;10#PCS - Phase A AC Active Power;;1.000000;0.000000;kW;4
361;4;926;F32;;10#PCS - Phase B AC Active Power;;1.000000;0.000000;kW;4
362;4;928;F32;;10#PCS - Phase C AC Active Power;;1.000000;0.000000;kW;4
363;4;930;F32;;10#PCS - Phase A AC Reactive Power;;1.000000;0.000000;kvar;4
364;4;932;F32;;10#PCS - Phase B AC Reactive Power;;1.000000;0.000000;kvar;4
365;4;934;F32;;10#PCS - Phase C AC Reactive Power;;1.000000;0.000000;kvar;4
366;4;936;F32;;10#PCS - Phase A AC Apparent Power;;1.000000;0.000000;kVA;4
367;4;938;F32;;10#PCS - Phase B AC Apparent Power;;1.000000;0.000000;kVA;4
368;4;940;F32;;10#PCS - Phase C AC Apparent Power;;1.000000;0.000000;kVA;4
369;4;942;F32;;10#PCS - Phase A AC Power Factor;;1.000000;0.000000;;4
370;4;944;F32;;10#PCS - Phase B AC Power Factor;;1.000000;0.000000;;4
371;4;946;F32;;10#PCS - Phase C AC Power Factor;;1.000000;0.000000;;4
372;4;948;F32;;10#PCS - IGBT Module Temperature;;1.000000;0.000000;°C;4
373;4;950;F32;;10#PCS - Ambient Temperature;;1.000000;0.000000;°C;4
374;4;952;F32;;10#PCS - Total  AC Charging Energy;;1.000000;0.000000;kWh;4
375;4;954;F32;;10#PCS - Total AC Discharging Energy;;1.000000;0.000000;kWh;4
376;4;956;F32;;10#PCS - Daily AC Charging Energy;;1.000000;0.000000;kWh;4
377;4;958;F32;;10#PCS - Daily AC Discharging Energy;;1.000000;0.000000;kWh;4
378;4;960;U32;;10#PCS - Number of branches;;1.000000;0.000000;;4
379;4;962;F32;;10#PCS - Branch 1 DC Power;;1.000000;0.000000;kW;4
380;4;964;F32;;10#PCS - Branch 1 DC Voltage;;1.000000;0.000000;V;4
381;4;966;F32;;10#PCS - Branch 1 DC Current;;1.000000;0.000000;A;4
382;4;968;F32;;10#PCS - Branch 2~n DC Power;;1.000000;0.000000;kW;4
383;4;970;F32;;10#PCS - Branch 2~n DC Voltage;;1.000000;0.000000;V;4
384;4;972;F32;;10#PCS - Branch 2~n DC Current;;1.000000;0.000000;A;4
385;4;1000;U16;;11#PCS - Operating Status;;1.000000;0.000000;;9
386;4;1001;U16;;11#PCS - Reserve;;1.000000;0.000000;;0
387;4;1002;F32;;11#PCS - AC Uab Line Voltage;;1.000000;0.000000;V;4
388;4;1004;F32;;11#PCS - AC Ubc Line Voltage;;1.000000;0.000000;V;4
389;4;1006;F32;;11#PCS - AC Uca Line Voltage;;1.000000;0.000000;V;4
390;4;1008;F32;;11#PCS - AC Phase A Current;;1.000000;0.000000;A;4
391;4;1010;F32;;11#PCS - AC Phase B Current;;1.000000;0.000000;A;4
392;4;1012;F32;;11#PCS - AC Phase C Current;;1.000000;0.000000;A;4
393;4;1014;F32;;11#PCS - AC Frequency;;1.000000;0.000000;Hz;4
394;4;1016;F32;;11#PCS - Total AC Active Power;;1.000000;0.000000;kW;4
395;4;1018;F32;;11#PCS - Total AC Reactive Power;;1.000000;0.000000;kvar;4
396;4;1020;F32;;11#PCS - Total AC Apparent Power;;1.000000;0.000000;kW;4
397;4;1022;F32;;11#PCS - Total AC Power Factor;;1.000000;0.000000;;4
398;4;1024;F32;;11#PCS - Phase A AC Active Power;;1.000000;0.000000;kW;4
399;4;1026;F32;;11#PCS - Phase B AC Active Power;;1.000000;0.000000;kW;4
400;4;1028;F32;;11#PCS - Phase C AC Active Power;;1.000000;0.000000;kW;4
401;4;1030;F32;;11#PCS - Phase A AC Reactive Power;;1.000000;0.000000;kvar;4
402;4;1032;F32;;11#PCS - Phase B AC Reactive Power;;1.000000;0.000000;kvar;4
403;4;1034;F32;;11#PCS - Phase C AC Reactive Power;;1.000000;0.000000;kvar;4
404;4;1036;F32;;11#PCS - Phase A AC Apparent Power;;1.000000;0.000000;kVA;4
405;4;1038;F32;;11#PCS - Phase B AC Apparent Power;;1.000000;0.000000;kVA;4
406;4;1040;F32;;11#PCS - Phase C AC Apparent Power;;1.000000;0.000000;kVA;4
407;4;1042;F32;;11#PCS - Phase A AC Power Factor;;1.000000;0.000000;;4
408;4;1044;F32;;11#PCS - Phase B AC Power Factor;;1.000000;0.000000;;4
409;4;1046;F32;;11#PCS - Phase C AC Power Factor;;1.000000;0.000000;;4
410;4;1048;F32;;11#PCS - IGBT Module Temperature;;1.000000;0.000000;°C;4
411;4;1050;F32;;11#PCS - Ambient Temperature;;1.000000;0.000000;°C;4
412;4;1052;F32;;11#PCS - Total  AC Charging Energy;;1.000000;0.000000;kWh;4
413;4;1054;F32;;11#PCS - Total AC Discharging Energy;;1.000000;0.000000;kWh;4
414;4;1056;F32;;11#PCS - Daily AC Charging Energy;;1.000000;0.000000;kWh;4
415;4;1058;F32;;11#PCS - Daily AC Discharging Energy;;1.000000;0.000000;kWh;4
416;4;1060;U32;;11#PCS - Number of branches;;1.000000;0.000000;;4
417;4;1062;F32;;11#PCS - Branch 1 DC Power;;1.000000;0.000000;kW;4
418;4;1064;F32;;11#PCS - Branch 1 DC Voltage;;1.000000;0.000000;V;4
419;4;1066;F32;;11#PCS - Branch 1 DC Current;;1.000000;0.000000;A;4
420;4;1068;F32;;11#PCS - Branch 2~n DC Power;;1.000000;0.000000;kW;4
421;4;1070;F32;;11#PCS - Branch 2~n DC Voltage;;1.000000;0.000000;V;4
422;4;1072;F32;;11#PCS - Branch 2~n DC Current;;1.000000;0.000000;A;4
423;4;1100;U16;;12#PCS - Operating Status;;1.000000;0.000000;;9
424;4;1101;U16;;12#PCS - Reserve;;1.000000;0.000000;;0
425;4;1102;F32;;12#PCS - AC Uab Line Voltage;;1.000000;0.000000;V;4
426;4;1104;F32;;12#PCS - AC Ubc Line Voltage;;1.000000;0.000000;V;4
427;4;1106;F32;;12#PCS - AC Uca Line Voltage;;1.000000;0.000000;V;4
428;4;1108;F32;;12#PCS - AC Phase A Current;;1.000000;0.000000;A;4
429;4;1110;F32;;12#PCS - AC Phase B Current;;1.000000;0.000000;A;4
430;4;1112;F32;;12#PCS - AC Phase C Current;;1.000000;0.000000;A;4
431;4;1114;F32;;12#PCS - AC Frequency;;1.000000;0.000000;Hz;4
432;4;1116;F32;;12#PCS - Total AC Active Power;;1.000000;0.000000;kW;4
433;4;1118;F32;;12#PCS - Total AC Reactive Power;;1.000000;0.000000;kvar;4
434;4;1120;F32;;12#PCS - Total AC Apparent Power;;1.000000;0.000000;kW;4
435;4;1122;F32;;12#PCS - Total AC Power Factor;;1.000000;0.000000;;4
436;4;1124;F32;;12#PCS - Phase A AC Active Power;;1.000000;0.000000;kW;4
437;4;1126;F32;;12#PCS - Phase B AC Active Power;;1.000000;0.000000;kW;4
438;4;1128;F32;;12#PCS - Phase C AC Active Power;;1.000000;0.000000;kW;4
439;4;1130;F32;;12#PCS - Phase A AC Reactive Power;;1.000000;0.000000;kvar;4
440;4;1132;F32;;12#PCS - Phase B AC Reactive Power;;1.000000;0.000000;kvar;4
441;4;1134;F32;;12#PCS - Phase C AC Reactive Power;;1.000000;0.000000;kvar;4
442;4;1136;F32;;12#PCS - Phase A AC Apparent Power;;1.000000;0.000000;kVA;4
443;4;1138;F32;;12#PCS - Phase B AC Apparent Power;;1.000000;0.000000;kVA;4
444;4;1140;F32;;12#PCS - Phase C AC Apparent Power;;1.000000;0.000000;kVA;4
445;4;1142;F32;;12#PCS - Phase A AC Power Factor;;1.000000;0.000000;;4
446;4;1144;F32;;12#PCS - Phase B AC Power Factor;;1.000000;0.000000;;4
447;4;1146;F32;;12#PCS - Phase C AC Power Factor;;1.000000;0.000000;;4
448;4;1148;F32;;12#PCS - IGBT Module Temperature;;1.000000;0.000000;°C;4
449;4;1150;F32;;12#PCS - Ambient Temperature;;1.000000;0.000000;°C;4
450;4;1152;F32;;12#PCS - Total  AC Charging Energy;;1.000000;0.000000;kWh;4
451;4;1154;F32;;12#PCS - Total AC Discharging Energy;;1.000000;0.000000;kWh;4
452;4;1156;F32;;12#PCS - Daily AC Charging Energy;;1.000000;0.000000;kWh;4
453;4;1158;F32;;12#PCS - Daily AC Discharging Energy;;1.000000;0.000000;kWh;4
454;4;1160;U32;;12#PCS - Number of branches;;1.000000;0.000000;;4
455;4;1162;F32;;12#PCS - Branch 1 DC Power;;1.000000;0.000000;kW;4
456;4;1164;F32;;12#PCS - Branch 1 DC Voltage;;1.000000;0.000000;V;4
457;4;1166;F32;;12#PCS - Branch 1 DC Current;;1.000000;0.000000;A;4
458;4;1168;F32;;12#PCS - Branch 2~n DC Power;;1.000000;0.000000;kW;4
459;4;1170;F32;;12#PCS - Branch 2~n DC Voltage;;1.000000;0.000000;V;4
460;4;1172;F32;;12#PCS - Branch 2~n DC Current;;1.000000;0.000000;A;4
461;4;1200;U16;;13#PCS - Operating Status;;1.000000;0.000000;;9
462;4;1201;U16;;13#PCS - Reserve;;1.000000;0.000000;;0
463;4;1202;F32;;13#PCS - AC Uab Line Voltage;;1.000000;0.000000;V;4
464;4;1204;F32;;13#PCS - AC Ubc Line Voltage;;1.000000;0.000000;V;4
465;4;1206;F32;;13#PCS - AC Uca Line Voltage;;1.000000;0.000000;V;4
466;4;1208;F32;;13#PCS - AC Phase A Current;;1.000000;0.000000;A;4
467;4;1210;F32;;13#PCS - AC Phase B Current;;1.000000;0.000000;A;4
468;4;1212;F32;;13#PCS - AC Phase C Current;;1.000000;0.000000;A;4
469;4;1214;F32;;13#PCS - AC Frequency;;1.000000;0.000000;Hz;4
470;4;1216;F32;;13#PCS - Total AC Active Power;;1.000000;0.000000;kW;4
471;4;1218;F32;;13#PCS - Total AC Reactive Power;;1.000000;0.000000;kvar;4
472;4;1220;F32;;13#PCS - Total AC Apparent Power;;1.000000;0.000000;kW;4
473;4;1222;F32;;13#PCS - Total AC Power Factor;;1.000000;0.000000;;4
474;4;1224;F32;;13#PCS - Phase A AC Active Power;;1.000000;0.000000;kW;4
475;4;1226;F32;;13#PCS - Phase B AC Active Power;;1.000000;0.000000;kW;4
476;4;1228;F32;;13#PCS - Phase C AC Active Power;;1.000000;0.000000;kW;4
477;4;1230;F32;;13#PCS - Phase A AC Reactive Power;;1.000000;0.000000;kvar;4
478;4;1232;F32;;13#PCS - Phase B AC Reactive Power;;1.000000;0.000000;kvar;4
479;4;1234;F32;;13#PCS - Phase C AC Reactive Power;;1.000000;0.000000;kvar;4
480;4;1236;F32;;13#PCS - Phase A AC Apparent Power;;1.000000;0.000000;kVA;4
481;4;1238;F32;;13#PCS - Phase B AC Apparent Power;;1.000000;0.000000;kVA;4
482;4;1240;F32;;13#PCS - Phase C AC Apparent Power;;1.000000;0.000000;kVA;4
483;4;1242;F32;;13#PCS - Phase A AC Power Factor;;1.000000;0.000000;;4
484;4;1244;F32;;13#PCS - Phase B AC Power Factor;;1.000000;0.000000;;4
485;4;1246;F32;;13#PCS - Phase C AC Power Factor;;1.000000;0.000000;;4
486;4;1248;F32;;13#PCS - IGBT Module Temperature;;1.000000;0.000000;°C;4
487;4;1250;F32;;13#PCS - Ambient Temperature;;1.000000;0.000000;°C;4
488;4;1252;F32;;13#PCS - Total  AC Charging Energy;;1.000000;0.000000;kWh;4
489;4;1254;F32;;13#PCS - Total AC Discharging Energy;;1.000000;0.000000;kWh;4
490;4;1256;F32;;13#PCS - Daily AC Charging Energy;;1.000000;0.000000;kWh;4
491;4;1258;F32;;13#PCS - Daily AC Discharging Energy;;1.000000;0.000000;kWh;4
492;4;1260;U32;;13#PCS - Number of branches;;1.000000;0.000000;;4
493;4;1262;F32;;13#PCS - Branch 1 DC Power;;1.000000;0.000000;kW;4
494;4;1264;F32;;13#PCS - Branch 1 DC Voltage;;1.000000;0.000000;V;4
495;4;1266;F32;;13#PCS - Branch 1 DC Current;;1.000000;0.000000;A;4
496;4;1268;F32;;13#PCS - Branch 2~n DC Power;;1.000000;0.000000;kW;4
497;4;1270;F32;;13#PCS - Branch 2~n DC Voltage;;1.000000;0.000000;V;4
498;4;1272;F32;;13#PCS - Branch 2~n DC Current;;1.000000;0.000000;A;4
499;4;1300;U16;;14#PCS - Operating Status;;1.000000;0.000000;;9
500;4;1301;U16;;14#PCS - Reserve;;1.000000;0.000000;;0
501;4;1302;F32;;14#PCS - AC Uab Line Voltage;;1.000000;0.000000;V;4
502;4;1304;F32;;14#PCS - AC Ubc Line Voltage;;1.000000;0.000000;V;4
503;4;1306;F32;;14#PCS - AC Uca Line Voltage;;1.000000;0.000000;V;4
504;4;1308;F32;;14#PCS - AC Phase A Current;;1.000000;0.000000;A;4
505;4;1310;F32;;14#PCS - AC Phase B Current;;1.000000;0.000000;A;4
506;4;1312;F32;;14#PCS - AC Phase C Current;;1.000000;0.000000;A;4
507;4;1314;F32;;14#PCS - AC Frequency;;1.000000;0.000000;Hz;4
508;4;1316;F32;;14#PCS - Total AC Active Power;;1.000000;0.000000;kW;4
509;4;1318;F32;;14#PCS - Total AC Reactive Power;;1.000000;0.000000;kvar;4
510;4;1320;F32;;14#PCS - Total AC Apparent Power;;1.000000;0.000000;kW;4
511;4;1322;F32;;14#PCS - Total AC Power Factor;;1.000000;0.000000;;4
512;4;1324;F32;;14#PCS - Phase A AC Active Power;;1.000000;0.000000;kW;4
513;4;1326;F32;;14#PCS - Phase B AC Active Power;;1.000000;0.000000;kW;4
514;4;1328;F32;;14#PCS - Phase C AC Active Power;;1.000000;0.000000;kW;4
515;4;1330;F32;;14#PCS - Phase A AC Reactive Power;;1.000000;0.000000;kvar;4
516;4;1332;F32;;14#PCS - Phase B AC Reactive Power;;1.000000;0.000000;kvar;4
517;4;1334;F32;;14#PCS - Phase C AC Reactive Power;;1.000000;0.000000;kvar;4
518;4;1336;F32;;14#PCS - Phase A AC Apparent Power;;1.000000;0.000000;kVA;4
519;4;1338;F32;;14#PCS - Phase B AC Apparent Power;;1.000000;0.000000;kVA;4
520;4;1340;F32;;14#PCS - Phase C AC Apparent Power;;1.000000;0.000000;kVA;4
521;4;1342;F32;;14#PCS - Phase A AC Power Factor;;1.000000;0.000000;;4
522;4;1344;F32;;14#PCS - Phase B AC Power Factor;;1.000000;0.000000;;4
523;4;1346;F32;;14#PCS - Phase C AC Power Factor;;1.000000;0.000000;;4
524;4;1348;F32;;14#PCS - IGBT Module Temperature;;1.000000;0.000000;°C;4
525;4;1350;F32;;14#PCS - Ambient Temperature;;1.000000;0.000000;°C;4
526;4;1352;F32;;14#PCS - Total  AC Charging Energy;;1.000000;0.000000;kWh;4
527;4;1354;F32;;14#PCS - Total AC Discharging Energy;;1.000000;0.000000;kWh;4
528;4;1356;F32;;14#PCS - Daily AC Charging Energy;;1.000000;0.000000;kWh;4
529;4;1358;F32;;14#PCS - Daily AC Discharging Energy;;1.000000;0.000000;kWh;4
530;4;1360;U32;;14#PCS - Number of branches;;1.000000;0.000000;;4
531;4;1362;F32;;14#PCS - Branch 1 DC Power;;1.000000;0.000000;kW;4
532;4;1364;F32;;14#PCS - Branch 1 DC Voltage;;1.000000;0.000000;V;4
533;4;1366;F32;;14#PCS - Branch 1 DC Current;;1.000000;0.000000;A;4
534;4;1368;F32;;14#PCS - Branch 2~n DC Power;;1.000000;0.000000;kW;4
535;4;1370;F32;;14#PCS - Branch 2~n DC Voltage;;1.000000;0.000000;V;4
536;4;1372;F32;;14#PCS - Branch 2~n DC Current;;1.000000;0.000000;A;4
537;4;1400;U16;;15#PCS - Operating Status;;1.000000;0.000000;;9
538;4;1401;U16;;15#PCS - Reserve;;1.000000;0.000000;;0
539;4;1402;F32;;15#PCS - AC Uab Line Voltage;;1.000000;0.000000;V;4
540;4;1404;F32;;15#PCS - AC Ubc Line Voltage;;1.000000;0.000000;V;4
541;4;1406;F32;;15#PCS - AC Uca Line Voltage;;1.000000;0.000000;V;4
542;4;1408;F32;;15#PCS - AC Phase A Current;;1.000000;0.000000;A;4
543;4;1410;F32;;15#PCS - AC Phase B Current;;1.000000;0.000000;A;4
544;4;1412;F32;;15#PCS - AC Phase C Current;;1.000000;0.000000;A;4
545;4;1414;F32;;15#PCS - AC Frequency;;1.000000;0.000000;Hz;4
546;4;1416;F32;;15#PCS - Total AC Active Power;;1.000000;0.000000;kW;4
547;4;1418;F32;;15#PCS - Total AC Reactive Power;;1.000000;0.000000;kvar;4
548;4;1420;F32;;15#PCS - Total AC Apparent Power;;1.000000;0.000000;kW;4
549;4;1422;F32;;15#PCS - Total AC Power Factor;;1.000000;0.000000;;4
550;4;1424;F32;;15#PCS - Phase A AC Active Power;;1.000000;0.000000;kW;4
551;4;1426;F32;;15#PCS - Phase B AC Active Power;;1.000000;0.000000;kW;4
552;4;1428;F32;;15#PCS - Phase C AC Active Power;;1.000000;0.000000;kW;4
553;4;1430;F32;;15#PCS - Phase A AC Reactive Power;;1.000000;0.000000;kvar;4
554;4;1432;F32;;15#PCS - Phase B AC Reactive Power;;1.000000;0.000000;kvar;4
555;4;1434;F32;;15#PCS - Phase C AC Reactive Power;;1.000000;0.000000;kvar;4
556;4;1436;F32;;15#PCS - Phase A AC Apparent Power;;1.000000;0.000000;kVA;4
557;4;1438;F32;;15#PCS - Phase B AC Apparent Power;;1.000000;0.000000;kVA;4
558;4;1440;F32;;15#PCS - Phase C AC Apparent Power;;1.000000;0.000000;kVA;4
559;4;1442;F32;;15#PCS - Phase A AC Power Factor;;1.000000;0.000000;;4
560;4;1444;F32;;15#PCS - Phase B AC Power Factor;;1.000000;0.000000;;4
561;4;1446;F32;;15#PCS - Phase C AC Power Factor;;1.000000;0.000000;;4
562;4;1448;F32;;15#PCS - IGBT Module Temperature;;1.000000;0.000000;°C;4
563;4;1450;F32;;15#PCS - Ambient Temperature;;1.000000;0.000000;°C;4
564;4;1452;F32;;15#PCS - Total  AC Charging Energy;;1.000000;0.000000;kWh;4
565;4;1454;F32;;15#PCS - Total AC Discharging Energy;;1.000000;0.000000;kWh;4
566;4;1456;F32;;15#PCS - Daily AC Charging Energy;;1.000000;0.000000;kWh;4
567;4;1458;F32;;15#PCS - Daily AC Discharging Energy;;1.000000;0.000000;kWh;4
568;4;1460;U32;;15#PCS - Number of branches;;1.000000;0.000000;;4
569;4;1462;F32;;15#PCS - Branch 1 DC Power;;1.000000;0.000000;kW;4
570;4;1464;F32;;15#PCS - Branch 1 DC Voltage;;1.000000;0.000000;V;4
571;4;1466;F32;;15#PCS - Branch 1 DC Current;;1.000000;0.000000;A;4
572;4;1468;F32;;15#PCS - Branch 2~n DC Power;;1.000000;0.000000;kW;4
573;4;1470;F32;;15#PCS - Branch 2~n DC Voltage;;1.000000;0.000000;V;4
574;4;1472;F32;;15#PCS - Branch 2~n DC Current;;1.000000;0.000000;A;4
575;4;1500;U16;;16#PCS - Operating Status;;1.000000;0.000000;;9
576;4;1501;U16;;16#PCS - Reserve;;1.000000;0.000000;;0
577;4;1502;F32;;16#PCS - AC Uab Line Voltage;;1.000000;0.000000;V;4
578;4;1504;F32;;16#PCS - AC Ubc Line Voltage;;1.000000;0.000000;V;4
579;4;1506;F32;;16#PCS - AC Uca Line Voltage;;1.000000;0.000000;V;4
580;4;1508;F32;;16#PCS - AC Phase A Current;;1.000000;0.000000;A;4
581;4;1510;F32;;16#PCS - AC Phase B Current;;1.000000;0.000000;A;4
582;4;1512;F32;;16#PCS - AC Phase C Current;;1.000000;0.000000;A;4
583;4;1514;F32;;16#PCS - AC Frequency;;1.000000;0.000000;Hz;4
584;4;1516;F32;;16#PCS - Total AC Active Power;;1.000000;0.000000;kW;4
585;4;1518;F32;;16#PCS - Total AC Reactive Power;;1.000000;0.000000;kvar;4
586;4;1520;F32;;16#PCS - Total AC Apparent Power;;1.000000;0.000000;kW;4
587;4;1522;F32;;16#PCS - Total AC Power Factor;;1.000000;0.000000;;4
588;4;1524;F32;;16#PCS - Phase A AC Active Power;;1.000000;0.000000;kW;4
589;4;1526;F32;;16#PCS - Phase B AC Active Power;;1.000000;0.000000;kW;4
590;4;1528;F32;;16#PCS - Phase C AC Active Power;;1.000000;0.000000;kW;4
591;4;1530;F32;;16#PCS - Phase A AC Reactive Power;;1.000000;0.000000;kvar;4
592;4;1532;F32;;16#PCS - Phase B AC Reactive Power;;1.000000;0.000000;kvar;4
593;4;1534;F32;;16#PCS - Phase C AC Reactive Power;;1.000000;0.000000;kvar;4
594;4;1536;F32;;16#PCS - Phase A AC Apparent Power;;1.000000;0.000000;kVA;4
595;4;1538;F32;;16#PCS - Phase B AC Apparent Power;;1.000000;0.000000;kVA;4
596;4;1540;F32;;16#PCS - Phase C AC Apparent Power;;1.000000;0.000000;kVA;4
597;4;1542;F32;;16#PCS - Phase A AC Power Factor;;1.000000;0.000000;;4
598;4;1544;F32;;16#PCS - Phase B AC Power Factor;;1.000000;0.000000;;4
599;4;1546;F32;;16#PCS - Phase C AC Power Factor;;1.000000;0.000000;;4
600;4;1548;F32;;16#PCS - IGBT Module Temperature;;1.000000;0.000000;°C;4
601;4;1550;F32;;16#PCS - Ambient Temperature;;1.000000;0.000000;°C;4
602;4;1552;F32;;16#PCS - Total  AC Charging Energy;;1.000000;0.000000;kWh;4
603;4;1554;F32;;16#PCS - Total AC Discharging Energy;;1.000000;0.000000;kWh;4
604;4;1556;F32;;16#PCS - Daily AC Charging Energy;;1.000000;0.000000;kWh;4
605;4;1558;F32;;16#PCS - Daily AC Discharging Energy;;1.000000;0.000000;kWh;4
606;4;1560;U32;;16#PCS - Number of branches;;1.000000;0.000000;;4
607;4;1562;F32;;16#PCS - Branch 1 DC Power;;1.000000;0.000000;kW;4
608;4;1564;F32;;16#PCS - Branch 1 DC Voltage;;1.000000;0.000000;V;4
609;4;1566;F32;;16#PCS - Branch 1 DC Current;;1.000000;0.000000;A;4
610;4;1568;F32;;16#PCS - Branch 2~n DC Power;;1.000000;0.000000;kW;4
611;4;1570;F32;;16#PCS - Branch 2~n DC Voltage;;1.000000;0.000000;V;4
612;4;1572;F32;;16#PCS - Branch 2~n DC Current;;1.000000;0.000000;A;4
613;4;1600;U16;;17#PCS - Operating Status;;1.000000;0.000000;;9
614;4;1601;U16;;17#PCS - Reserve;;1.000000;0.000000;;0
615;4;1602;F32;;17#PCS - AC Uab Line Voltage;;1.000000;0.000000;V;4
616;4;1604;F32;;17#PCS - AC Ubc Line Voltage;;1.000000;0.000000;V;4
617;4;1606;F32;;17#PCS - AC Uca Line Voltage;;1.000000;0.000000;V;4
618;4;1608;F32;;17#PCS - AC Phase A Current;;1.000000;0.000000;A;4
619;4;1610;F32;;17#PCS - AC Phase B Current;;1.000000;0.000000;A;4
620;4;1612;F32;;17#PCS - AC Phase C Current;;1.000000;0.000000;A;4
621;4;1614;F32;;17#PCS - AC Frequency;;1.000000;0.000000;Hz;4
622;4;1616;F32;;17#PCS - Total AC Active Power;;1.000000;0.000000;kW;4
623;4;1618;F32;;17#PCS - Total AC Reactive Power;;1.000000;0.000000;kvar;4
624;4;1620;F32;;17#PCS - Total AC Apparent Power;;1.000000;0.000000;kW;4
625;4;1622;F32;;17#PCS - Total AC Power Factor;;1.000000;0.000000;;4
626;4;1624;F32;;17#PCS - Phase A AC Active Power;;1.000000;0.000000;kW;4
627;4;1626;F32;;17#PCS - Phase B AC Active Power;;1.000000;0.000000;kW;4
628;4;1628;F32;;17#PCS - Phase C AC Active Power;;1.000000;0.000000;kW;4
629;4;1630;F32;;17#PCS - Phase A AC Reactive Power;;1.000000;0.000000;kvar;4
630;4;1632;F32;;17#PCS - Phase B AC Reactive Power;;1.000000;0.000000;kvar;4
631;4;1634;F32;;17#PCS - Phase C AC Reactive Power;;1.000000;0.000000;kvar;4
632;4;1636;F32;;17#PCS - Phase A AC Apparent Power;;1.000000;0.000000;kVA;4
633;4;1638;F32;;17#PCS - Phase B AC Apparent Power;;1.000000;0.000000;kVA;4
634;4;1640;F32;;17#PCS - Phase C AC Apparent Power;;1.000000;0.000000;kVA;4
635;4;1642;F32;;17#PCS - Phase A AC Power Factor;;1.000000;0.000000;;4
636;4;1644;F32;;17#PCS - Phase B AC Power Factor;;1.000000;0.000000;;4
637;4;1646;F32;;17#PCS - Phase C AC Power Factor;;1.000000;0.000000;;4
638;4;1648;F32;;17#PCS - IGBT Module Temperature;;1.000000;0.000000;°C;4
639;4;1650;F32;;17#PCS - Ambient Temperature;;1.000000;0.000000;°C;4
640;4;1652;F32;;17#PCS - Total  AC Charging Energy;;1.000000;0.000000;kWh;4
641;4;1654;F32;;17#PCS - Total AC Discharging Energy;;1.000000;0.000000;kWh;4
642;4;1656;F32;;17#PCS - Daily AC Charging Energy;;1.000000;0.000000;kWh;4
643;4;1658;F32;;17#PCS - Daily AC Discharging Energy;;1.000000;0.000000;kWh;4
644;4;1660;U32;;17#PCS - Number of branches;;1.000000;0.000000;;4
645;4;1662;F32;;17#PCS - Branch 1 DC Power;;1.000000;0.000000;kW;4
646;4;1664;F32;;17#PCS - Branch 1 DC Voltage;;1.000000;0.000000;V;4
647;4;1666;F32;;17#PCS - Branch 1 DC Current;;1.000000;0.000000;A;4
648;4;1668;F32;;17#PCS - Branch 2~n DC Power;;1.000000;0.000000;kW;4
649;4;1670;F32;;17#PCS - Branch 2~n DC Voltage;;1.000000;0.000000;V;4
650;4;1672;F32;;17#PCS - Branch 2~n DC Current;;1.000000;0.000000;A;4
651;4;1700;U16;;18#PCS - Operating Status;;1.000000;0.000000;;9
652;4;1701;U16;;18#PCS - Reserve;;1.000000;0.000000;;0
653;4;1702;F32;;18#PCS - AC Uab Line Voltage;;1.000000;0.000000;V;4
654;4;1704;F32;;18#PCS - AC Ubc Line Voltage;;1.000000;0.000000;V;4
655;4;1706;F32;;18#PCS - AC Uca Line Voltage;;1.000000;0.000000;V;4
656;4;1708;F32;;18#PCS - AC Phase A Current;;1.000000;0.000000;A;4
657;4;1710;F32;;18#PCS - AC Phase B Current;;1.000000;0.000000;A;4
658;4;1712;F32;;18#PCS - AC Phase C Current;;1.000000;0.000000;A;4
659;4;1714;F32;;18#PCS - AC Frequency;;1.000000;0.000000;Hz;4
660;4;1716;F32;;18#PCS - Total AC Active Power;;1.000000;0.000000;kW;4
661;4;1718;F32;;18#PCS - Total AC Reactive Power;;1.000000;0.000000;kvar;4
662;4;1720;F32;;18#PCS - Total AC Apparent Power;;1.000000;0.000000;kW;4
663;4;1722;F32;;18#PCS - Total AC Power Factor;;1.000000;0.000000;;4
664;4;1724;F32;;18#PCS - Phase A AC Active Power;;1.000000;0.000000;kW;4
665;4;1726;F32;;18#PCS - Phase B AC Active Power;;1.000000;0.000000;kW;4
666;4;1728;F32;;18#PCS - Phase C AC Active Power;;1.000000;0.000000;kW;4
667;4;1730;F32;;18#PCS - Phase A AC Reactive Power;;1.000000;0.000000;kvar;4
668;4;1732;F32;;18#PCS - Phase B AC Reactive Power;;1.000000;0.000000;kvar;4
669;4;1734;F32;;18#PCS - Phase C AC Reactive Power;;1.000000;0.000000;kvar;4
670;4;1736;F32;;18#PCS - Phase A AC Apparent Power;;1.000000;0.000000;kVA;4
671;4;1738;F32;;18#PCS - Phase B AC Apparent Power;;1.000000;0.000000;kVA;4
672;4;1740;F32;;18#PCS - Phase C AC Apparent Power;;1.000000;0.000000;kVA;4
673;4;1742;F32;;18#PCS - Phase A AC Power Factor;;1.000000;0.000000;;4
674;4;1744;F32;;18#PCS - Phase B AC Power Factor;;1.000000;0.000000;;4
675;4;1746;F32;;18#PCS - Phase C AC Power Factor;;1.000000;0.000000;;4
676;4;1748;F32;;18#PCS - IGBT Module Temperature;;1.000000;0.000000;°C;4
677;4;1750;F32;;18#PCS - Ambient Temperature;;1.000000;0.000000;°C;4
678;4;1752;F32;;18#PCS - Total  AC Charging Energy;;1.000000;0.000000;kWh;4
679;4;1754;F32;;18#PCS - Total AC Discharging Energy;;1.000000;0.000000;kWh;4
680;4;1756;F32;;18#PCS - Daily AC Charging Energy;;1.000000;0.000000;kWh;4
681;4;1758;F32;;18#PCS - Daily AC Discharging Energy;;1.000000;0.000000;kWh;4
682;4;1760;U32;;18#PCS - Number of branches;;1.000000;0.000000;;4
683;4;1762;F32;;18#PCS - Branch 1 DC Power;;1.000000;0.000000;kW;4
684;4;1764;F32;;18#PCS - Branch 1 DC Voltage;;1.000000;0.000000;V;4
685;4;1766;F32;;18#PCS - Branch 1 DC Current;;1.000000;0.000000;A;4
686;4;1768;F32;;18#PCS - Branch 2~n DC Power;;1.000000;0.000000;kW;4
687;4;1770;F32;;18#PCS - Branch 2~n DC Voltage;;1.000000;0.000000;V;4
688;4;1772;F32;;18#PCS - Branch 2~n DC Current;;1.000000;0.000000;A;4
689;4;1800;U16;;19#PCS - Operating Status;;1.000000;0.000000;;9
690;4;1801;U16;;19#PCS - Reserve;;1.000000;0.000000;;0
691;4;1802;F32;;19#PCS - AC Uab Line Voltage;;1.000000;0.000000;V;4
692;4;1804;F32;;19#PCS - AC Ubc Line Voltage;;1.000000;0.000000;V;4
693;4;1806;F32;;19#PCS - AC Uca Line Voltage;;1.000000;0.000000;V;4
694;4;1808;F32;;19#PCS - AC Phase A Current;;1.000000;0.000000;A;4
695;4;1810;F32;;19#PCS - AC Phase B Current;;1.000000;0.000000;A;4
696;4;1812;F32;;19#PCS - AC Phase C Current;;1.000000;0.000000;A;4
697;4;1814;F32;;19#PCS - AC Frequency;;1.000000;0.000000;Hz;4
698;4;1816;F32;;19#PCS - Total AC Active Power;;1.000000;0.000000;kW;4
699;4;1818;F32;;19#PCS - Total AC Reactive Power;;1.000000;0.000000;kvar;4
700;4;1820;F32;;19#PCS - Total AC Apparent Power;;1.000000;0.000000;kW;4
701;4;1822;F32;;19#PCS - Total AC Power Factor;;1.000000;0.000000;;4
702;4;1824;F32;;19#PCS - Phase A AC Active Power;;1.000000;0.000000;kW;4
703;4;1826;F32;;19#PCS - Phase B AC Active Power;;1.000000;0.000000;kW;4
704;4;1828;F32;;19#PCS - Phase C AC Active Power;;1.000000;0.000000;kW;4
705;4;1830;F32;;19#PCS - Phase A AC Reactive Power;;1.000000;0.000000;kvar;4
706;4;1832;F32;;19#PCS - Phase B AC Reactive Power;;1.000000;0.000000;kvar;4
707;4;1834;F32;;19#PCS - Phase C AC Reactive Power;;1.000000;0.000000;kvar;4
708;4;1836;F32;;19#PCS - Phase A AC Apparent Power;;1.000000;0.000000;kVA;4
709;4;1838;F32;;19#PCS - Phase B AC Apparent Power;;1.000000;0.000000;kVA;4
710;4;1840;F32;;19#PCS - Phase C AC Apparent Power;;1.000000;0.000000;kVA;4
711;4;1842;F32;;19#PCS - Phase A AC Power Factor;;1.000000;0.000000;;4
712;4;1844;F32;;19#PCS - Phase B AC Power Factor;;1.000000;0.000000;;4
713;4;1846;F32;;19#PCS - Phase C AC Power Factor;;1.000000;0.000000;;4
714;4;1848;F32;;19#PCS - IGBT Module Temperature;;1.000000;0.000000;°C;4
715;4;1850;F32;;19#PCS - Ambient Temperature;;1.000000;0.000000;°C;4
716;4;1852;F32;;19#PCS - Total  AC Charging Energy;;1.000000;0.000000;kWh;4
717;4;1854;F32;;19#PCS - Total AC Discharging Energy;;1.000000;0.000000;kWh;4
718;4;1856;F32;;19#PCS - Daily AC Charging Energy;;1.000000;0.000000;kWh;4
719;4;1858;F32;;19#PCS - Daily AC Discharging Energy;;1.000000;0.000000;kWh;4
720;4;1860;U32;;19#PCS - Number of branches;;1.000000;0.000000;;4
721;4;1862;F32;;19#PCS - Branch 1 DC Power;;1.000000;0.000000;kW;4
722;4;1864;F32;;19#PCS - Branch 1 DC Voltage;;1.000000;0.000000;V;4
723;4;1866;F32;;19#PCS - Branch 1 DC Current;;1.000000;0.000000;A;4
724;4;1868;F32;;19#PCS - Branch 2~n DC Power;;1.000000;0.000000;kW;4
725;4;1870;F32;;19#PCS - Branch 2~n DC Voltage;;1.000000;0.000000;V;4
726;4;1872;F32;;19#PCS - Branch 2~n DC Current;;1.000000;0.000000;A;4
727;4;1900;U16;;20#PCS - Operating Status;;1.000000;0.000000;;9
728;4;1901;U16;;20#PCS - Reserve;;1.000000;0.000000;;0
729;4;1902;F32;;20#PCS - AC Uab Line Voltage;;1.000000;0.000000;V;4
730;4;1904;F32;;20#PCS - AC Ubc Line Voltage;;1.000000;0.000000;V;4
731;4;1906;F32;;20#PCS - AC Uca Line Voltage;;1.000000;0.000000;V;4
732;4;1908;F32;;20#PCS - AC Phase A Current;;1.000000;0.000000;A;4
733;4;1910;F32;;20#PCS - AC Phase B Current;;1.000000;0.000000;A;4
734;4;1912;F32;;20#PCS - AC Phase C Current;;1.000000;0.000000;A;4
735;4;1914;F32;;20#PCS - AC Frequency;;1.000000;0.000000;Hz;4
736;4;1916;F32;;20#PCS - Total AC Active Power;;1.000000;0.000000;kW;4
737;4;1918;F32;;20#PCS - Total AC Reactive Power;;1.000000;0.000000;kvar;4
738;4;1920;F32;;20#PCS - Total AC Apparent Power;;1.000000;0.000000;kW;4
739;4;1922;F32;;20#PCS - Total AC Power Factor;;1.000000;0.000000;;4
740;4;1924;F32;;20#PCS - Phase A AC Active Power;;1.000000;0.000000;kW;4
741;4;1926;F32;;20#PCS - Phase B AC Active Power;;1.000000;0.000000;kW;4
742;4;1928;F32;;20#PCS - Phase C AC Active Power;;1.000000;0.000000;kW;4
743;4;1930;F32;;20#PCS - Phase A AC Reactive Power;;1.000000;0.000000;kvar;4
744;4;1932;F32;;20#PCS - Phase B AC Reactive Power;;1.000000;0.000000;kvar;4
745;4;1934;F32;;20#PCS - Phase C AC Reactive Power;;1.000000;0.000000;kvar;4
746;4;1936;F32;;20#PCS - Phase A AC Apparent Power;;1.000000;0.000000;kVA;4
747;4;1938;F32;;20#PCS - Phase B AC Apparent Power;;1.000000;0.000000;kVA;4
748;4;1940;F32;;20#PCS - Phase C AC Apparent Power;;1.000000;0.000000;kVA;4
749;4;1942;F32;;20#PCS - Phase A AC Power Factor;;1.000000;0.000000;;4
750;4;1944;F32;;20#PCS - Phase B AC Power Factor;;1.000000;0.000000;;4
751;4;1946;F32;;20#PCS - Phase C AC Power Factor;;1.000000;0.000000;;4
752;4;1948;F32;;20#PCS - IGBT Module Temperature;;1.000000;0.000000;°C;4
753;4;1950;F32;;20#PCS - Ambient Temperature;;1.000000;0.000000;°C;4
754;4;1952;F32;;20#PCS - Total  AC Charging Energy;;1.000000;0.000000;kWh;4
755;4;1954;F32;;20#PCS - Total AC Discharging Energy;;1.000000;0.000000;kWh;4
756;4;1956;F32;;20#PCS - Daily AC Charging Energy;;1.000000;0.000000;kWh;4
757;4;1958;F32;;20#PCS - Daily AC Discharging Energy;;1.000000;0.000000;kWh;4
758;4;1960;U32;;20#PCS - Number of branches;;1.000000;0.000000;;4
759;4;1962;F32;;20#PCS - Branch 1 DC Power;;1.000000;0.000000;kW;4
760;4;1964;F32;;20#PCS - Branch 1 DC Voltage;;1.000000;0.000000;V;4
761;4;1966;F32;;20#PCS - Branch 1 DC Current;;1.000000;0.000000;A;4
762;4;1968;F32;;20#PCS - Branch 2~n DC Power;;1.000000;0.000000;kW;4
763;4;1970;F32;;20#PCS - Branch 2~n DC Voltage;;1.000000;0.000000;V;4
764;4;1972;F32;;20#PCS - Branch 2~n DC Current;;1.000000;0.000000;A;4
765;4;2000;U16;;21#PCS - Operating Status;;1.000000;0.000000;;9
766;4;2001;U16;;21#PCS - Reserve;;1.000000;0.000000;;0
767;4;2002;F32;;21#PCS - AC Uab Line Voltage;;1.000000;0.000000;V;4
768;4;2004;F32;;21#PCS - AC Ubc Line Voltage;;1.000000;0.000000;V;4
769;4;2006;F32;;21#PCS - AC Uca Line Voltage;;1.000000;0.000000;V;4
770;4;2008;F32;;21#PCS - AC Phase A Current;;1.000000;0.000000;A;4
771;4;2010;F32;;21#PCS - AC Phase B Current;;1.000000;0.000000;A;4
772;4;2012;F32;;21#PCS - AC Phase C Current;;1.000000;0.000000;A;4
773;4;2014;F32;;21#PCS - AC Frequency;;1.000000;0.000000;Hz;4
774;4;2016;F32;;21#PCS - Total AC Active Power;;1.000000;0.000000;kW;4
775;4;2018;F32;;21#PCS - Total AC Reactive Power;;1.000000;0.000000;kvar;4
776;4;2020;F32;;21#PCS - Total AC Apparent Power;;1.000000;0.000000;kW;4
777;4;2022;F32;;21#PCS - Total AC Power Factor;;1.000000;0.000000;;4
778;4;2024;F32;;21#PCS - Phase A AC Active Power;;1.000000;0.000000;kW;4
779;4;2026;F32;;21#PCS - Phase B AC Active Power;;1.000000;0.000000;kW;4
780;4;2028;F32;;21#PCS - Phase C AC Active Power;;1.000000;0.000000;kW;4
781;4;2030;F32;;21#PCS - Phase A AC Reactive Power;;1.000000;0.000000;kvar;4
782;4;2032;F32;;21#PCS - Phase B AC Reactive Power;;1.000000;0.000000;kvar;4
783;4;2034;F32;;21#PCS - Phase C AC Reactive Power;;1.000000;0.000000;kvar;4
784;4;2036;F32;;21#PCS - Phase A AC Apparent Power;;1.000000;0.000000;kVA;4
785;4;2038;F32;;21#PCS - Phase B AC Apparent Power;;1.000000;0.000000;kVA;4
786;4;2040;F32;;21#PCS - Phase C AC Apparent Power;;1.000000;0.000000;kVA;4
787;4;2042;F32;;21#PCS - Phase A AC Power Factor;;1.000000;0.000000;;4
788;4;2044;F32;;21#PCS - Phase B AC Power Factor;;1.000000;0.000000;;4
789;4;2046;F32;;21#PCS - Phase C AC Power Factor;;1.000000;0.000000;;4
790;4;2048;F32;;21#PCS - IGBT Module Temperature;;1.000000;0.000000;°C;4
791;4;2050;F32;;21#PCS - Ambient Temperature;;1.000000;0.000000;°C;4
792;4;2052;F32;;21#PCS - Total  AC Charging Energy;;1.000000;0.000000;kWh;4
793;4;2054;F32;;21#PCS - Total AC Discharging Energy;;1.000000;0.000000;kWh;4
794;4;2056;F32;;21#PCS - Daily AC Charging Energy;;1.000000;0.000000;kWh;4
795;4;2058;F32;;21#PCS - Daily AC Discharging Energy;;1.000000;0.000000;kWh;4
796;4;2060;U32;;21#PCS - Number of branches;;1.000000;0.000000;;4
797;4;2062;F32;;21#PCS - Branch 1 DC Power;;1.000000;0.000000;kW;4
798;4;2064;F32;;21#PCS - Branch 1 DC Voltage;;1.000000;0.000000;V;4
799;4;2066;F32;;21#PCS - Branch 1 DC Current;;1.000000;0.000000;A;4
800;4;2068;F32;;21#PCS - Branch 2~n DC Power;;1.000000;0.000000;kW;4
801;4;2070;F32;;21#PCS - Branch 2~n DC Voltage;;1.000000;0.000000;V;4
802;4;2072;F32;;21#PCS - Branch 2~n DC Current;;1.000000;0.000000;A;4
803;4;2100;U16;;22#PCS - Operating Status;;1.000000;0.000000;;9
804;4;2101;U16;;22#PCS - Reserve;;1.000000;0.000000;;0
805;4;2102;F32;;22#PCS - AC Uab Line Voltage;;1.000000;0.000000;V;4
806;4;2104;F32;;22#PCS - AC Ubc Line Voltage;;1.000000;0.000000;V;4
807;4;2106;F32;;22#PCS - AC Uca Line Voltage;;1.000000;0.000000;V;4
808;4;2108;F32;;22#PCS - AC Phase A Current;;1.000000;0.000000;A;4
809;4;2110;F32;;22#PCS - AC Phase B Current;;1.000000;0.000000;A;4
810;4;2112;F32;;22#PCS - AC Phase C Current;;1.000000;0.000000;A;4
811;4;2114;F32;;22#PCS - AC Frequency;;1.000000;0.000000;Hz;4
812;4;2116;F32;;22#PCS - Total AC Active Power;;1.000000;0.000000;kW;4
813;4;2118;F32;;22#PCS - Total AC Reactive Power;;1.000000;0.000000;kvar;4
814;4;2120;F32;;22#PCS - Total AC Apparent Power;;1.000000;0.000000;kW;4
815;4;2122;F32;;22#PCS - Total AC Power Factor;;1.000000;0.000000;;4
816;4;2124;F32;;22#PCS - Phase A AC Active Power;;1.000000;0.000000;kW;4
817;4;2126;F32;;22#PCS - Phase B AC Active Power;;1.000000;0.000000;kW;4
818;4;2128;F32;;22#PCS - Phase C AC Active Power;;1.000000;0.000000;kW;4
819;4;2130;F32;;22#PCS - Phase A AC Reactive Power;;1.000000;0.000000;kvar;4
820;4;2132;F32;;22#PCS - Phase B AC Reactive Power;;1.000000;0.000000;kvar;4
821;4;2134;F32;;22#PCS - Phase C AC Reactive Power;;1.000000;0.000000;kvar;4
822;4;2136;F32;;22#PCS - Phase A AC Apparent Power;;1.000000;0.000000;kVA;4
823;4;2138;F32;;22#PCS - Phase B AC Apparent Power;;1.000000;0.000000;kVA;4
824;4;2140;F32;;22#PCS - Phase C AC Apparent Power;;1.000000;0.000000;kVA;4
825;4;2142;F32;;22#PCS - Phase A AC Power Factor;;1.000000;0.000000;;4
826;4;2144;F32;;22#PCS - Phase B AC Power Factor;;1.000000;0.000000;;4
827;4;2146;F32;;22#PCS - Phase C AC Power Factor;;1.000000;0.000000;;4
828;4;2148;F32;;22#PCS - IGBT Module Temperature;;1.000000;0.000000;°C;4
829;4;2150;F32;;22#PCS - Ambient Temperature;;1.000000;0.000000;°C;4
830;4;2152;F32;;22#PCS - Total  AC Charging Energy;;1.000000;0.000000;kWh;4
831;4;2154;F32;;22#PCS - Total AC Discharging Energy;;1.000000;0.000000;kWh;4
832;4;2156;F32;;22#PCS - Daily AC Charging Energy;;1.000000;0.000000;kWh;4
833;4;2158;F32;;22#PCS - Daily AC Discharging Energy;;1.000000;0.000000;kWh;4
834;4;2160;U32;;22#PCS - Number of branches;;1.000000;0.000000;;4
835;4;2162;F32;;22#PCS - Branch 1 DC Power;;1.000000;0.000000;kW;4
836;4;2164;F32;;22#PCS - Branch 1 DC Voltage;;1.000000;0.000000;V;4
837;4;2166;F32;;22#PCS - Branch 1 DC Current;;1.000000;0.000000;A;4
838;4;2168;F32;;22#PCS - Branch 2~n DC Power;;1.000000;0.000000;kW;4
839;4;2170;F32;;22#PCS - Branch 2~n DC Voltage;;1.000000;0.000000;V;4
840;4;2172;F32;;22#PCS - Branch 2~n DC Current;;1.000000;0.000000;A;4
841;4;2200;U16;;23#PCS - Operating Status;;1.000000;0.000000;;9
842;4;2201;U16;;23#PCS - Reserve;;1.000000;0.000000;;0
843;4;2202;F32;;23#PCS - AC Uab Line Voltage;;1.000000;0.000000;V;4
844;4;2204;F32;;23#PCS - AC Ubc Line Voltage;;1.000000;0.000000;V;4
845;4;2206;F32;;23#PCS - AC Uca Line Voltage;;1.000000;0.000000;V;4
846;4;2208;F32;;23#PCS - AC Phase A Current;;1.000000;0.000000;A;4
847;4;2210;F32;;23#PCS - AC Phase B Current;;1.000000;0.000000;A;4
848;4;2212;F32;;23#PCS - AC Phase C Current;;1.000000;0.000000;A;4
849;4;2214;F32;;23#PCS - AC Frequency;;1.000000;0.000000;Hz;4
850;4;2216;F32;;23#PCS - Total AC Active Power;;1.000000;0.000000;kW;4
851;4;2218;F32;;23#PCS - Total AC Reactive Power;;1.000000;0.000000;kvar;4
852;4;2220;F32;;23#PCS - Total AC Apparent Power;;1.000000;0.000000;kW;4
853;4;2222;F32;;23#PCS - Total AC Power Factor;;1.000000;0.000000;;4
854;4;2224;F32;;23#PCS - Phase A AC Active Power;;1.000000;0.000000;kW;4
855;4;2226;F32;;23#PCS - Phase B AC Active Power;;1.000000;0.000000;kW;4
856;4;2228;F32;;23#PCS - Phase C AC Active Power;;1.000000;0.000000;kW;4
857;4;2230;F32;;23#PCS - Phase A AC Reactive Power;;1.000000;0.000000;kvar;4
858;4;2232;F32;;23#PCS - Phase B AC Reactive Power;;1.000000;0.000000;kvar;4
859;4;2234;F32;;23#PCS - Phase C AC Reactive Power;;1.000000;0.000000;kvar;4
860;4;2236;F32;;23#PCS - Phase A AC Apparent Power;;1.000000;0.000000;kVA;4
861;4;2238;F32;;23#PCS - Phase B AC Apparent Power;;1.000000;0.000000;kVA;4
862;4;2240;F32;;23#PCS - Phase C AC Apparent Power;;1.000000;0.000000;kVA;4
863;4;2242;F32;;23#PCS - Phase A AC Power Factor;;1.000000;0.000000;;4
864;4;2244;F32;;23#PCS - Phase B AC Power Factor;;1.000000;0.000000;;4
865;4;2246;F32;;23#PCS - Phase C AC Power Factor;;1.000000;0.000000;;4
866;4;2248;F32;;23#PCS - IGBT Module Temperature;;1.000000;0.000000;°C;4
867;4;2250;F32;;23#PCS - Ambient Temperature;;1.000000;0.000000;°C;4
868;4;2252;F32;;23#PCS - Total  AC Charging Energy;;1.000000;0.000000;kWh;4
869;4;2254;F32;;23#PCS - Total AC Discharging Energy;;1.000000;0.000000;kWh;4
870;4;2256;F32;;23#PCS - Daily AC Charging Energy;;1.000000;0.000000;kWh;4
871;4;2258;F32;;23#PCS - Daily AC Discharging Energy;;1.000000;0.000000;kWh;4
872;4;2260;U32;;23#PCS - Number of branches;;1.000000;0.000000;;4
873;4;2262;F32;;23#PCS - Branch 1 DC Power;;1.000000;0.000000;kW;4
874;4;2264;F32;;23#PCS - Branch 1 DC Voltage;;1.000000;0.000000;V;4
875;4;2266;F32;;23#PCS - Branch 1 DC Current;;1.000000;0.000000;A;4
876;4;2268;F32;;23#PCS - Branch 2~n DC Power;;1.000000;0.000000;kW;4
877;4;2270;F32;;23#PCS - Branch 2~n DC Voltage;;1.000000;0.000000;V;4
878;4;2272;F32;;23#PCS - Branch 2~n DC Current;;1.000000;0.000000;A;4
879;4;2300;U16;;24#PCS - Operating Status;;1.000000;0.000000;;9
880;4;2301;U16;;24#PCS - Reserve;;1.000000;0.000000;;0
881;4;2302;F32;;24#PCS - AC Uab Line Voltage;;1.000000;0.000000;V;4
882;4;2304;F32;;24#PCS - AC Ubc Line Voltage;;1.000000;0.000000;V;4
883;4;2306;F32;;24#PCS - AC Uca Line Voltage;;1.000000;0.000000;V;4
884;4;2308;F32;;24#PCS - AC Phase A Current;;1.000000;0.000000;A;4
885;4;2310;F32;;24#PCS - AC Phase B Current;;1.000000;0.000000;A;4
886;4;2312;F32;;24#PCS - AC Phase C Current;;1.000000;0.000000;A;4
887;4;2314;F32;;24#PCS - AC Frequency;;1.000000;0.000000;Hz;4
888;4;2316;F32;;24#PCS - Total AC Active Power;;1.000000;0.000000;kW;4
889;4;2318;F32;;24#PCS - Total AC Reactive Power;;1.000000;0.000000;kvar;4
890;4;2320;F32;;24#PCS - Total AC Apparent Power;;1.000000;0.000000;kW;4
891;4;2322;F32;;24#PCS - Total AC Power Factor;;1.000000;0.000000;;4
892;4;2324;F32;;24#PCS - Phase A AC Active Power;;1.000000;0.000000;kW;4
893;4;2326;F32;;24#PCS - Phase B AC Active Power;;1.000000;0.000000;kW;4
894;4;2328;F32;;24#PCS - Phase C AC Active Power;;1.000000;0.000000;kW;4
895;4;2330;F32;;24#PCS - Phase A AC Reactive Power;;1.000000;0.000000;kvar;4
896;4;2332;F32;;24#PCS - Phase B AC Reactive Power;;1.000000;0.000000;kvar;4
897;4;2334;F32;;24#PCS - Phase C AC Reactive Power;;1.000000;0.000000;kvar;4
898;4;2336;F32;;24#PCS - Phase A AC Apparent Power;;1.000000;0.000000;kVA;4
899;4;2338;F32;;24#PCS - Phase B AC Apparent Power;;1.000000;0.000000;kVA;4
900;4;2340;F32;;24#PCS - Phase C AC Apparent Power;;1.000000;0.000000;kVA;4
901;4;2342;F32;;24#PCS - Phase A AC Power Factor;;1.000000;0.000000;;4
902;4;2344;F32;;24#PCS - Phase B AC Power Factor;;1.000000;0.000000;;4
903;4;2346;F32;;24#PCS - Phase C AC Power Factor;;1.000000;0.000000;;4
904;4;2348;F32;;24#PCS - IGBT Module Temperature;;1.000000;0.000000;°C;4
905;4;2350;F32;;24#PCS - Ambient Temperature;;1.000000;0.000000;°C;4
906;4;2352;F32;;24#PCS - Total  AC Charging Energy;;1.000000;0.000000;kWh;4
907;4;2354;F32;;24#PCS - Total AC Discharging Energy;;1.000000;0.000000;kWh;4
908;4;2356;F32;;24#PCS - Daily AC Charging Energy;;1.000000;0.000000;kWh;4
909;4;2358;F32;;24#PCS - Daily AC Discharging Energy;;1.000000;0.000000;kWh;4
910;4;2360;U32;;24#PCS - Number of branches;;1.000000;0.000000;;4
911;4;2362;F32;;24#PCS - Branch 1 DC Power;;1.000000;0.000000;kW;4
912;4;2364;F32;;24#PCS - Branch 1 DC Voltage;;1.000000;0.000000;V;4
913;4;2366;F32;;24#PCS - Branch 1 DC Current;;1.000000;0.000000;A;4
914;4;2368;F32;;24#PCS - Branch 2~n DC Power;;1.000000;0.000000;kW;4
915;4;2370;F32;;24#PCS - Branch 2~n DC Voltage;;1.000000;0.000000;V;4
916;4;2372;F32;;24#PCS - Branch 2~n DC Current;;1.000000;0.000000;A;4
917;4;2400;U16;;25#PCS - Operating Status;;1.000000;0.000000;;9
918;4;2401;U16;;25#PCS - Reserve;;1.000000;0.000000;;0
919;4;2402;F32;;25#PCS - AC Uab Line Voltage;;1.000000;0.000000;V;4
920;4;2404;F32;;25#PCS - AC Ubc Line Voltage;;1.000000;0.000000;V;4
921;4;2406;F32;;25#PCS - AC Uca Line Voltage;;1.000000;0.000000;V;4
922;4;2408;F32;;25#PCS - AC Phase A Current;;1.000000;0.000000;A;4
923;4;2410;F32;;25#PCS - AC Phase B Current;;1.000000;0.000000;A;4
924;4;2412;F32;;25#PCS - AC Phase C Current;;1.000000;0.000000;A;4
925;4;2414;F32;;25#PCS - AC Frequency;;1.000000;0.000000;Hz;4
926;4;2416;F32;;25#PCS - Total AC Active Power;;1.000000;0.000000;kW;4
927;4;2418;F32;;25#PCS - Total AC Reactive Power;;1.000000;0.000000;kvar;4
928;4;2420;F32;;25#PCS - Total AC Apparent Power;;1.000000;0.000000;kW;4
929;4;2422;F32;;25#PCS - Total AC Power Factor;;1.000000;0.000000;;4
930;4;2424;F32;;25#PCS - Phase A AC Active Power;;1.000000;0.000000;kW;4
931;4;2426;F32;;25#PCS - Phase B AC Active Power;;1.000000;0.000000;kW;4
932;4;2428;F32;;25#PCS - Phase C AC Active Power;;1.000000;0.000000;kW;4
933;4;2430;F32;;25#PCS - Phase A AC Reactive Power;;1.000000;0.000000;kvar;4
934;4;2432;F32;;25#PCS - Phase B AC Reactive Power;;1.000000;0.000000;kvar;4
935;4;2434;F32;;25#PCS - Phase C AC Reactive Power;;1.000000;0.000000;kvar;4
936;4;2436;F32;;25#PCS - Phase A AC Apparent Power;;1.000000;0.000000;kVA;4
937;4;2438;F32;;25#PCS - Phase B AC Apparent Power;;1.000000;0.000000;kVA;4
938;4;2440;F32;;25#PCS - Phase C AC Apparent Power;;1.000000;0.000000;kVA;4
939;4;2442;F32;;25#PCS - Phase A AC Power Factor;;1.000000;0.000000;;4
940;4;2444;F32;;25#PCS - Phase B AC Power Factor;;1.000000;0.000000;;4
941;4;2446;F32;;25#PCS - Phase C AC Power Factor;;1.000000;0.000000;;4
942;4;2448;F32;;25#PCS - IGBT Module Temperature;;1.000000;0.000000;°C;4
943;4;2450;F32;;25#PCS - Ambient Temperature;;1.000000;0.000000;°C;4
944;4;2452;F32;;25#PCS - Total  AC Charging Energy;;1.000000;0.000000;kWh;4
945;4;2454;F32;;25#PCS - Total AC Discharging Energy;;1.000000;0.000000;kWh;4
946;4;2456;F32;;25#PCS - Daily AC Charging Energy;;1.000000;0.000000;kWh;4
947;4;2458;F32;;25#PCS - Daily AC Discharging Energy;;1.000000;0.000000;kWh;4
948;4;2460;U32;;25#PCS - Number of branches;;1.000000;0.000000;;4
949;4;2462;F32;;25#PCS - Branch 1 DC Power;;1.000000;0.000000;kW;4
950;4;2464;F32;;25#PCS - Branch 1 DC Voltage;;1.000000;0.000000;V;4
951;4;2466;F32;;25#PCS - Branch 1 DC Current;;1.000000;0.000000;A;4
952;4;2468;F32;;25#PCS - Branch 2~n DC Power;;1.000000;0.000000;kW;4
953;4;2470;F32;;25#PCS - Branch 2~n DC Voltage;;1.000000;0.000000;V;4
954;4;2472;F32;;25#PCS - Branch 2~n DC Current;;1.000000;0.000000;A;4
955;4;2500;U16;;26#PCS - Operating Status;;1.000000;0.000000;;9
956;4;2501;U16;;26#PCS - Reserve;;1.000000;0.000000;;0
957;4;2502;F32;;26#PCS - AC Uab Line Voltage;;1.000000;0.000000;V;4
958;4;2504;F32;;26#PCS - AC Ubc Line Voltage;;1.000000;0.000000;V;4
959;4;2506;F32;;26#PCS - AC Uca Line Voltage;;1.000000;0.000000;V;4
960;4;2508;F32;;26#PCS - AC Phase A Current;;1.000000;0.000000;A;4
961;4;2510;F32;;26#PCS - AC Phase B Current;;1.000000;0.000000;A;4
962;4;2512;F32;;26#PCS - AC Phase C Current;;1.000000;0.000000;A;4
963;4;2514;F32;;26#PCS - AC Frequency;;1.000000;0.000000;Hz;4
964;4;2516;F32;;26#PCS - Total AC Active Power;;1.000000;0.000000;kW;4
965;4;2518;F32;;26#PCS - Total AC Reactive Power;;1.000000;0.000000;kvar;4
966;4;2520;F32;;26#PCS - Total AC Apparent Power;;1.000000;0.000000;kW;4
967;4;2522;F32;;26#PCS - Total AC Power Factor;;1.000000;0.000000;;4
968;4;2524;F32;;26#PCS - Phase A AC Active Power;;1.000000;0.000000;kW;4
969;4;2526;F32;;26#PCS - Phase B AC Active Power;;1.000000;0.000000;kW;4
970;4;2528;F32;;26#PCS - Phase C AC Active Power;;1.000000;0.000000;kW;4
971;4;2530;F32;;26#PCS - Phase A AC Reactive Power;;1.000000;0.000000;kvar;4
972;4;2532;F32;;26#PCS - Phase B AC Reactive Power;;1.000000;0.000000;kvar;4
973;4;2534;F32;;26#PCS - Phase C AC Reactive Power;;1.000000;0.000000;kvar;4
974;4;2536;F32;;26#PCS - Phase A AC Apparent Power;;1.000000;0.000000;kVA;4
975;4;2538;F32;;26#PCS - Phase B AC Apparent Power;;1.000000;0.000000;kVA;4
976;4;2540;F32;;26#PCS - Phase C AC Apparent Power;;1.000000;0.000000;kVA;4
977;4;2542;F32;;26#PCS - Phase A AC Power Factor;;1.000000;0.000000;;4
978;4;2544;F32;;26#PCS - Phase B AC Power Factor;;1.000000;0.000000;;4
979;4;2546;F32;;26#PCS - Phase C AC Power Factor;;1.000000;0.000000;;4
980;4;2548;F32;;26#PCS - IGBT Module Temperature;;1.000000;0.000000;°C;4
981;4;2550;F32;;26#PCS - Ambient Temperature;;1.000000;0.000000;°C;4
982;4;2552;F32;;26#PCS - Total  AC Charging Energy;;1.000000;0.000000;kWh;4
983;4;2554;F32;;26#PCS - Total AC Discharging Energy;;1.000000;0.000000;kWh;4
984;4;2556;F32;;26#PCS - Daily AC Charging Energy;;1.000000;0.000000;kWh;4
985;4;2558;F32;;26#PCS - Daily AC Discharging Energy;;1.000000;0.000000;kWh;4
986;4;2560;U32;;26#PCS - Number of branches;;1.000000;0.000000;;4
987;4;2562;F32;;26#PCS - Branch 1 DC Power;;1.000000;0.000000;kW;4
988;4;2564;F32;;26#PCS - Branch 1 DC Voltage;;1.000000;0.000000;V;4
989;4;2566;F32;;26#PCS - Branch 1 DC Current;;1.000000;0.000000;A;4
990;4;2568;F32;;26#PCS - Branch 2~n DC Power;;1.000000;0.000000;kW;4
991;4;2570;F32;;26#PCS - Branch 2~n DC Voltage;;1.000000;0.000000;V;4
992;4;2572;F32;;26#PCS - Branch 2~n DC Current;;1.000000;0.000000;A;4
993;4;2600;U16;;27#PCS - Operating Status;;1.000000;0.000000;;9
994;4;2601;U16;;27#PCS - Reserve;;1.000000;0.000000;;0
995;4;2602;F32;;27#PCS - AC Uab Line Voltage;;1.000000;0.000000;V;4
996;4;2604;F32;;27#PCS - AC Ubc Line Voltage;;1.000000;0.000000;V;4
997;4;2606;F32;;27#PCS - AC Uca Line Voltage;;1.000000;0.000000;V;4
998;4;2608;F32;;27#PCS - AC Phase A Current;;1.000000;0.000000;A;4
999;4;2610;F32;;27#PCS - AC Phase B Current;;1.000000;0.000000;A;4
1000;4;2612;F32;;27#PCS - AC Phase C Current;;1.000000;0.000000;A;4
1001;4;2614;F32;;27#PCS - AC Frequency;;1.000000;0.000000;Hz;4
1002;4;2616;F32;;27#PCS - Total AC Active Power;;1.000000;0.000000;kW;4
1003;4;2618;F32;;27#PCS - Total AC Reactive Power;;1.000000;0.000000;kvar;4
1004;4;2620;F32;;27#PCS - Total AC Apparent Power;;1.000000;0.000000;kW;4
1005;4;2622;F32;;27#PCS - Total AC Power Factor;;1.000000;0.000000;;4
1006;4;2624;F32;;27#PCS - Phase A AC Active Power;;1.000000;0.000000;kW;4
1007;4;2626;F32;;27#PCS - Phase B AC Active Power;;1.000000;0.000000;kW;4
1008;4;2628;F32;;27#PCS - Phase C AC Active Power;;1.000000;0.000000;kW;4
1009;4;2630;F32;;27#PCS - Phase A AC Reactive Power;;1.000000;0.000000;kvar;4
1010;4;2632;F32;;27#PCS - Phase B AC Reactive Power;;1.000000;0.000000;kvar;4
1011;4;2634;F32;;27#PCS - Phase C AC Reactive Power;;1.000000;0.000000;kvar;4
1012;4;2636;F32;;27#PCS - Phase A AC Apparent Power;;1.000000;0.000000;kVA;4
1013;4;2638;F32;;27#PCS - Phase B AC Apparent Power;;1.000000;0.000000;kVA;4
1014;4;2640;F32;;27#PCS - Phase C AC Apparent Power;;1.000000;0.000000;kVA;4
1015;4;2642;F32;;27#PCS - Phase A AC Power Factor;;1.000000;0.000000;;4
1016;4;2644;F32;;27#PCS - Phase B AC Power Factor;;1.000000;0.000000;;4
1017;4;2646;F32;;27#PCS - Phase C AC Power Factor;;1.000000;0.000000;;4
1018;4;2648;F32;;27#PCS - IGBT Module Temperature;;1.000000;0.000000;°C;4
1019;4;2650;F32;;27#PCS - Ambient Temperature;;1.000000;0.000000;°C;4
1020;4;2652;F32;;27#PCS - Total  AC Charging Energy;;1.000000;0.000000;kWh;4
1021;4;2654;F32;;27#PCS - Total AC Discharging Energy;;1.000000;0.000000;kWh;4
1022;4;2656;F32;;27#PCS - Daily AC Charging Energy;;1.000000;0.000000;kWh;4
1023;4;2658;F32;;27#PCS - Daily AC Discharging Energy;;1.000000;0.000000;kWh;4
1024;4;2660;U32;;27#PCS - Number of branches;;1.000000;0.000000;;4
1025;4;2662;F32;;27#PCS - Branch 1 DC Power;;1.000000;0.000000;kW;4
1026;4;2664;F32;;27#PCS - Branch 1 DC Voltage;;1.000000;0.000000;V;4
1027;4;2666;F32;;27#PCS - Branch 1 DC Current;;1.000000;0.000000;A;4
1028;4;2668;F32;;27#PCS - Branch 2~n DC Power;;1.000000;0.000000;kW;4
1029;4;2670;F32;;27#PCS - Branch 2~n DC Voltage;;1.000000;0.000000;V;4
1030;4;2672;F32;;27#PCS - Branch 2~n DC Current;;1.000000;0.000000;A;4
1031;4;2700;U16;;28#PCS - Operating Status;;1.000000;0.000000;;9
1032;4;2701;U16;;28#PCS - Reserve;;1.000000;0.000000;;0
1033;4;2702;F32;;28#PCS - AC Uab Line Voltage;;1.000000;0.000000;V;4
1034;4;2704;F32;;28#PCS - AC Ubc Line Voltage;;1.000000;0.000000;V;4
1035;4;2706;F32;;28#PCS - AC Uca Line Voltage;;1.000000;0.000000;V;4
1036;4;2708;F32;;28#PCS - AC Phase A Current;;1.000000;0.000000;A;4
1037;4;2710;F32;;28#PCS - AC Phase B Current;;1.000000;0.000000;A;4
1038;4;2712;F32;;28#PCS - AC Phase C Current;;1.000000;0.000000;A;4
1039;4;2714;F32;;28#PCS - AC Frequency;;1.000000;0.000000;Hz;4
1040;4;2716;F32;;28#PCS - Total AC Active Power;;1.000000;0.000000;kW;4
1041;4;2718;F32;;28#PCS - Total AC Reactive Power;;1.000000;0.000000;kvar;4
1042;4;2720;F32;;28#PCS - Total AC Apparent Power;;1.000000;0.000000;kW;4
1043;4;2722;F32;;28#PCS - Total AC Power Factor;;1.000000;0.000000;;4
1044;4;2724;F32;;28#PCS - Phase A AC Active Power;;1.000000;0.000000;kW;4
1045;4;2726;F32;;28#PCS - Phase B AC Active Power;;1.000000;0.000000;kW;4
1046;4;2728;F32;;28#PCS - Phase C AC Active Power;;1.000000;0.000000;kW;4
1047;4;2730;F32;;28#PCS - Phase A AC Reactive Power;;1.000000;0.000000;kvar;4
1048;4;2732;F32;;28#PCS - Phase B AC Reactive Power;;1.000000;0.000000;kvar;4
1049;4;2734;F32;;28#PCS - Phase C AC Reactive Power;;1.000000;0.000000;kvar;4
1050;4;2736;F32;;28#PCS - Phase A AC Apparent Power;;1.000000;0.000000;kVA;4
1051;4;2738;F32;;28#PCS - Phase B AC Apparent Power;;1.000000;0.000000;kVA;4
1052;4;2740;F32;;28#PCS - Phase C AC Apparent Power;;1.000000;0.000000;kVA;4
1053;4;2742;F32;;28#PCS - Phase A AC Power Factor;;1.000000;0.000000;;4
1054;4;2744;F32;;28#PCS - Phase B AC Power Factor;;1.000000;0.000000;;4
1055;4;2746;F32;;28#PCS - Phase C AC Power Factor;;1.000000;0.000000;;4
1056;4;2748;F32;;28#PCS - IGBT Module Temperature;;1.000000;0.000000;°C;4
1057;4;2750;F32;;28#PCS - Ambient Temperature;;1.000000;0.000000;°C;4
1058;4;2752;F32;;28#PCS - Total  AC Charging Energy;;1.000000;0.000000;kWh;4
1059;4;2754;F32;;28#PCS - Total AC Discharging Energy;;1.000000;0.000000;kWh;4
1060;4;2756;F32;;28#PCS - Daily AC Charging Energy;;1.000000;0.000000;kWh;4
1061;4;2758;F32;;28#PCS - Daily AC Discharging Energy;;1.000000;0.000000;kWh;4
1062;4;2760;U32;;28#PCS - Number of branches;;1.000000;0.000000;;4
1063;4;2762;F32;;28#PCS - Branch 1 DC Power;;1.000000;0.000000;kW;4
1064;4;2764;F32;;28#PCS - Branch 1 DC Voltage;;1.000000;0.000000;V;4
1065;4;2766;F32;;28#PCS - Branch 1 DC Current;;1.000000;0.000000;A;4
1066;4;2768;F32;;28#PCS - Branch 2~n DC Power;;1.000000;0.000000;kW;4
1067;4;2770;F32;;28#PCS - Branch 2~n DC Voltage;;1.000000;0.000000;V;4
1068;4;2772;F32;;28#PCS - Branch 2~n DC Current;;1.000000;0.000000;A;4
1069;4;2800;U16;;29#PCS - Operating Status;;1.000000;0.000000;;9
1070;4;2801;U16;;29#PCS - Reserve;;1.000000;0.000000;;0
1071;4;2802;F32;;29#PCS - AC Uab Line Voltage;;1.000000;0.000000;V;4
1072;4;2804;F32;;29#PCS - AC Ubc Line Voltage;;1.000000;0.000000;V;4
1073;4;2806;F32;;29#PCS - AC Uca Line Voltage;;1.000000;0.000000;V;4
1074;4;2808;F32;;29#PCS - AC Phase A Current;;1.000000;0.000000;A;4
1075;4;2810;F32;;29#PCS - AC Phase B Current;;1.000000;0.000000;A;4
1076;4;2812;F32;;29#PCS - AC Phase C Current;;1.000000;0.000000;A;4
1077;4;2814;F32;;29#PCS - AC Frequency;;1.000000;0.000000;Hz;4
1078;4;2816;F32;;29#PCS - Total AC Active Power;;1.000000;0.000000;kW;4
1079;4;2818;F32;;29#PCS - Total AC Reactive Power;;1.000000;0.000000;kvar;4
1080;4;2820;F32;;29#PCS - Total AC Apparent Power;;1.000000;0.000000;kW;4
1081;4;2822;F32;;29#PCS - Total AC Power Factor;;1.000000;0.000000;;4
1082;4;2824;F32;;29#PCS - Phase A AC Active Power;;1.000000;0.000000;kW;4
1083;4;2826;F32;;29#PCS - Phase B AC Active Power;;1.000000;0.000000;kW;4
1084;4;2828;F32;;29#PCS - Phase C AC Active Power;;1.000000;0.000000;kW;4
1085;4;2830;F32;;29#PCS - Phase A AC Reactive Power;;1.000000;0.000000;kvar;4
1086;4;2832;F32;;29#PCS - Phase B AC Reactive Power;;1.000000;0.000000;kvar;4
1087;4;2834;F32;;29#PCS - Phase C AC Reactive Power;;1.000000;0.000000;kvar;4
1088;4;2836;F32;;29#PCS - Phase A AC Apparent Power;;1.000000;0.000000;kVA;4
1089;4;2838;F32;;29#PCS - Phase B AC Apparent Power;;1.000000;0.000000;kVA;4
1090;4;2840;F32;;29#PCS - Phase C AC Apparent Power;;1.000000;0.000000;kVA;4
1091;4;2842;F32;;29#PCS - Phase A AC Power Factor;;1.000000;0.000000;;4
1092;4;2844;F32;;29#PCS - Phase B AC Power Factor;;1.000000;0.000000;;4
1093;4;2846;F32;;29#PCS - Phase C AC Power Factor;;1.000000;0.000000;;4
1094;4;2848;F32;;29#PCS - IGBT Module Temperature;;1.000000;0.000000;°C;4
1095;4;2850;F32;;29#PCS - Ambient Temperature;;1.000000;0.000000;°C;4
1096;4;2852;F32;;29#PCS - Total  AC Charging Energy;;1.000000;0.000000;kWh;4
1097;4;2854;F32;;29#PCS - Total AC Discharging Energy;;1.000000;0.000000;kWh;4
1098;4;2856;F32;;29#PCS - Daily AC Charging Energy;;1.000000;0.000000;kWh;4
1099;4;2858;F32;;29#PCS - Daily AC Discharging Energy;;1.000000;0.000000;kWh;4
1100;4;2860;U32;;29#PCS - Number of branches;;1.000000;0.000000;;4
1101;4;2862;F32;;29#PCS - Branch 1 DC Power;;1.000000;0.000000;kW;4
1102;4;2864;F32;;29#PCS - Branch 1 DC Voltage;;1.000000;0.000000;V;4
1103;4;2866;F32;;29#PCS - Branch 1 DC Current;;1.000000;0.000000;A;4
1104;4;2868;F32;;29#PCS - Branch 2~n DC Power;;1.000000;0.000000;kW;4
1105;4;2870;F32;;29#PCS - Branch 2~n DC Voltage;;1.000000;0.000000;V;4
1106;4;2872;F32;;29#PCS - Branch 2~n DC Current;;1.000000;0.000000;A;4
1107;4;2900;U16;;30#PCS - Operating Status;;1.000000;0.000000;;9
1108;4;2901;U16;;30#PCS - Reserve;;1.000000;0.000000;;0
1109;4;2902;F32;;30#PCS - AC Uab Line Voltage;;1.000000;0.000000;V;4
1110;4;2904;F32;;30#PCS - AC Ubc Line Voltage;;1.000000;0.000000;V;4
1111;4;2906;F32;;30#PCS - AC Uca Line Voltage;;1.000000;0.000000;V;4
1112;4;2908;F32;;30#PCS - AC Phase A Current;;1.000000;0.000000;A;4
1113;4;2910;F32;;30#PCS - AC Phase B Current;;1.000000;0.000000;A;4
1114;4;2912;F32;;30#PCS - AC Phase C Current;;1.000000;0.000000;A;4
1115;4;2914;F32;;30#PCS - AC Frequency;;1.000000;0.000000;Hz;4
1116;4;2916;F32;;30#PCS - Total AC Active Power;;1.000000;0.000000;kW;4
1117;4;2918;F32;;30#PCS - Total AC Reactive Power;;1.000000;0.000000;kvar;4
1118;4;2920;F32;;30#PCS - Total AC Apparent Power;;1.000000;0.000000;kW;4
1119;4;2922;F32;;30#PCS - Total AC Power Factor;;1.000000;0.000000;;4
1120;4;2924;F32;;30#PCS - Phase A AC Active Power;;1.000000;0.000000;kW;4
1121;4;2926;F32;;30#PCS - Phase B AC Active Power;;1.000000;0.000000;kW;4
1122;4;2928;F32;;30#PCS - Phase C AC Active Power;;1.000000;0.000000;kW;4
1123;4;2930;F32;;30#PCS - Phase A AC Reactive Power;;1.000000;0.000000;kvar;4
1124;4;2932;F32;;30#PCS - Phase B AC Reactive Power;;1.000000;0.000000;kvar;4
1125;4;2934;F32;;30#PCS - Phase C AC Reactive Power;;1.000000;0.000000;kvar;4
1126;4;2936;F32;;30#PCS - Phase A AC Apparent Power;;1.000000;0.000000;kVA;4
1127;4;2938;F32;;30#PCS - Phase B AC Apparent Power;;1.000000;0.000000;kVA;4
1128;4;2940;F32;;30#PCS - Phase C AC Apparent Power;;1.000000;0.000000;kVA;4
1129;4;2942;F32;;30#PCS - Phase A AC Power Factor;;1.000000;0.000000;;4
1130;4;2944;F32;;30#PCS - Phase B AC Power Factor;;1.000000;0.000000;;4
1131;4;2946;F32;;30#PCS - Phase C AC Power Factor;;1.000000;0.000000;;4
1132;4;2948;F32;;30#PCS - IGBT Module Temperature;;1.000000;0.000000;°C;4
1133;4;2950;F32;;30#PCS - Ambient Temperature;;1.000000;0.000000;°C;4
1134;4;2952;F32;;30#PCS - Total  AC Charging Energy;;1.000000;0.000000;kWh;4
1135;4;2954;F32;;30#PCS - Total AC Discharging Energy;;1.000000;0.000000;kWh;4
1136;4;2956;F32;;30#PCS - Daily AC Charging Energy;;1.000000;0.000000;kWh;4
1137;4;2958;F32;;30#PCS - Daily AC Discharging Energy;;1.000000;0.000000;kWh;4
1138;4;2960;U32;;30#PCS - Number of branches;;1.000000;0.000000;;4
1139;4;2962;F32;;30#PCS - Branch 1 DC Power;;1.000000;0.000000;kW;4
1140;4;2964;F32;;30#PCS - Branch 1 DC Voltage;;1.000000;0.000000;V;4
1141;4;2966;F32;;30#PCS - Branch 1 DC Current;;1.000000;0.000000;A;4
1142;4;2968;F32;;30#PCS - Branch 2~n DC Power;;1.000000;0.000000;kW;4
1143;4;2970;F32;;30#PCS - Branch 2~n DC Voltage;;1.000000;0.000000;V;4
1144;4;2972;F32;;30#PCS - Branch 2~n DC Current;;1.000000;0.000000;A;4
1145;4;3000;U16;;31#PCS - Operating Status;;1.000000;0.000000;;9
1146;4;3001;U16;;31#PCS - Reserve;;1.000000;0.000000;;0
1147;4;3002;F32;;31#PCS - AC Uab Line Voltage;;1.000000;0.000000;V;4
1148;4;3004;F32;;31#PCS - AC Ubc Line Voltage;;1.000000;0.000000;V;4
1149;4;3006;F32;;31#PCS - AC Uca Line Voltage;;1.000000;0.000000;V;4
1150;4;3008;F32;;31#PCS - AC Phase A Current;;1.000000;0.000000;A;4
1151;4;3010;F32;;31#PCS - AC Phase B Current;;1.000000;0.000000;A;4
1152;4;3012;F32;;31#PCS - AC Phase C Current;;1.000000;0.000000;A;4
1153;4;3014;F32;;31#PCS - AC Frequency;;1.000000;0.000000;Hz;4
1154;4;3016;F32;;31#PCS - Total AC Active Power;;1.000000;0.000000;kW;4
1155;4;3018;F32;;31#PCS - Total AC Reactive Power;;1.000000;0.000000;kvar;4
1156;4;3020;F32;;31#PCS - Total AC Apparent Power;;1.000000;0.000000;kW;4
1157;4;3022;F32;;31#PCS - Total AC Power Factor;;1.000000;0.000000;;4
1158;4;3024;F32;;31#PCS - Phase A AC Active Power;;1.000000;0.000000;kW;4
1159;4;3026;F32;;31#PCS - Phase B AC Active Power;;1.000000;0.000000;kW;4
1160;4;3028;F32;;31#PCS - Phase C AC Active Power;;1.000000;0.000000;kW;4
1161;4;3030;F32;;31#PCS - Phase A AC Reactive Power;;1.000000;0.000000;kvar;4
1162;4;3032;F32;;31#PCS - Phase B AC Reactive Power;;1.000000;0.000000;kvar;4
1163;4;3034;F32;;31#PCS - Phase C AC Reactive Power;;1.000000;0.000000;kvar;4
1164;4;3036;F32;;31#PCS - Phase A AC Apparent Power;;1.000000;0.000000;kVA;4
1165;4;3038;F32;;31#PCS - Phase B AC Apparent Power;;1.000000;0.000000;kVA;4
1166;4;3040;F32;;31#PCS - Phase C AC Apparent Power;;1.000000;0.000000;kVA;4
1167;4;3042;F32;;31#PCS - Phase A AC Power Factor;;1.000000;0.000000;;4
1168;4;3044;F32;;31#PCS - Phase B AC Power Factor;;1.000000;0.000000;;4
1169;4;3046;F32;;31#PCS - Phase C AC Power Factor;;1.000000;0.000000;;4
1170;4;3048;F32;;31#PCS - IGBT Module Temperature;;1.000000;0.000000;°C;4
1171;4;3050;F32;;31#PCS - Ambient Temperature;;1.000000;0.000000;°C;4
1172;4;3052;F32;;31#PCS - Total  AC Charging Energy;;1.000000;0.000000;kWh;4
1173;4;3054;F32;;31#PCS - Total AC Discharging Energy;;1.000000;0.000000;kWh;4
1174;4;3056;F32;;31#PCS - Daily AC Charging Energy;;1.000000;0.000000;kWh;4
1175;4;3058;F32;;31#PCS - Daily AC Discharging Energy;;1.000000;0.000000;kWh;4
1176;4;3060;U32;;31#PCS - Number of branches;;1.000000;0.000000;;4
1177;4;3062;F32;;31#PCS - Branch 1 DC Power;;1.000000;0.000000;kW;4
1178;4;3064;F32;;31#PCS - Branch 1 DC Voltage;;1.000000;0.000000;V;4
1179;4;3066;F32;;31#PCS - Branch 1 DC Current;;1.000000;0.000000;A;4
1180;4;3068;F32;;31#PCS - Branch 2~n DC Power;;1.000000;0.000000;kW;4
1181;4;3070;F32;;31#PCS - Branch 2~n DC Voltage;;1.000000;0.000000;V;4
1182;4;3072;F32;;31#PCS - Branch 2~n DC Current;;1.000000;0.000000;A;4
1183;4;3100;U16;;32#PCS - Operating Status;;1.000000;0.000000;;9
1184;4;3101;U16;;32#PCS - Reserve;;1.000000;0.000000;;0
1185;4;3102;F32;;32#PCS - AC Uab Line Voltage;;1.000000;0.000000;V;4
1186;4;3104;F32;;32#PCS - AC Ubc Line Voltage;;1.000000;0.000000;V;4
1187;4;3106;F32;;32#PCS - AC Uca Line Voltage;;1.000000;0.000000;V;4
1188;4;3108;F32;;32#PCS - AC Phase A Current;;1.000000;0.000000;A;4
1189;4;3110;F32;;32#PCS - AC Phase B Current;;1.000000;0.000000;A;4
1190;4;3112;F32;;32#PCS - AC Phase C Current;;1.000000;0.000000;A;4
1191;4;3114;F32;;32#PCS - AC Frequency;;1.000000;0.000000;Hz;4
1192;4;3116;F32;;32#PCS - Total AC Active Power;;1.000000;0.000000;kW;4
1193;4;3118;F32;;32#PCS - Total AC Reactive Power;;1.000000;0.000000;kvar;4
1194;4;3120;F32;;32#PCS - Total AC Apparent Power;;1.000000;0.000000;kW;4
1195;4;3122;F32;;32#PCS - Total AC Power Factor;;1.000000;0.000000;;4
1196;4;3124;F32;;32#PCS - Phase A AC Active Power;;1.000000;0.000000;kW;4
1197;4;3126;F32;;32#PCS - Phase B AC Active Power;;1.000000;0.000000;kW;4
1198;4;3128;F32;;32#PCS - Phase C AC Active Power;;1.000000;0.000000;kW;4
1199;4;3130;F32;;32#PCS - Phase A AC Reactive Power;;1.000000;0.000000;kvar;4
1200;4;3132;F32;;32#PCS - Phase B AC Reactive Power;;1.000000;0.000000;kvar;4
1201;4;3134;F32;;32#PCS - Phase C AC Reactive Power;;1.000000;0.000000;kvar;4
1202;4;3136;F32;;32#PCS - Phase A AC Apparent Power;;1.000000;0.000000;kVA;4
1203;4;3138;F32;;32#PCS - Phase B AC Apparent Power;;1.000000;0.000000;kVA;4
1204;4;3140;F32;;32#PCS - Phase C AC Apparent Power;;1.000000;0.000000;kVA;4
1205;4;3142;F32;;32#PCS - Phase A AC Power Factor;;1.000000;0.000000;;4
1206;4;3144;F32;;32#PCS - Phase B AC Power Factor;;1.000000;0.000000;;4
1207;4;3146;F32;;32#PCS - Phase C AC Power Factor;;1.000000;0.000000;;4
1208;4;3148;F32;;32#PCS - IGBT Module Temperature;;1.000000;0.000000;°C;4
1209;4;3150;F32;;32#PCS - Ambient Temperature;;1.000000;0.000000;°C;4
1210;4;3152;F32;;32#PCS - Total  AC Charging Energy;;1.000000;0.000000;kWh;4
1211;4;3154;F32;;32#PCS - Total AC Discharging Energy;;1.000000;0.000000;kWh;4
1212;4;3156;F32;;32#PCS - Daily AC Charging Energy;;1.000000;0.000000;kWh;4
1213;4;3158;F32;;32#PCS - Daily AC Discharging Energy;;1.000000;0.000000;kWh;4
1214;4;3160;U32;;32#PCS - Number of branches;;1.000000;0.000000;;4
1215;4;3162;F32;;32#PCS - Branch 1 DC Power;;1.000000;0.000000;kW;4
1216;4;3164;F32;;32#PCS - Branch 1 DC Voltage;;1.000000;0.000000;V;4
1217;4;3166;F32;;32#PCS - Branch 1 DC Current;;1.000000;0.000000;A;4
1218;4;3168;F32;;32#PCS - Branch 2~n DC Power;;1.000000;0.000000;kW;4
1219;4;3170;F32;;32#PCS - Branch 2~n DC Voltage;;1.000000;0.000000;V;4
1220;4;3172;F32;;32#PCS - Branch 2~n DC Current;;1.000000;0.000000;A;4
1221;4;3200;U16;;33#PCS - Operating Status;;1.000000;0.000000;;9
1222;4;3201;U16;;33#PCS - Reserve;;1.000000;0.000000;;0
1223;4;3202;F32;;33#PCS - AC Uab Line Voltage;;1.000000;0.000000;V;4
1224;4;3204;F32;;33#PCS - AC Ubc Line Voltage;;1.000000;0.000000;V;4
1225;4;3206;F32;;33#PCS - AC Uca Line Voltage;;1.000000;0.000000;V;4
1226;4;3208;F32;;33#PCS - AC Phase A Current;;1.000000;0.000000;A;4
1227;4;3210;F32;;33#PCS - AC Phase B Current;;1.000000;0.000000;A;4
1228;4;3212;F32;;33#PCS - AC Phase C Current;;1.000000;0.000000;A;4
1229;4;3214;F32;;33#PCS - AC Frequency;;1.000000;0.000000;Hz;4
1230;4;3216;F32;;33#PCS - Total AC Active Power;;1.000000;0.000000;kW;4
1231;4;3218;F32;;33#PCS - Total AC Reactive Power;;1.000000;0.000000;kvar;4
1232;4;3220;F32;;33#PCS - Total AC Apparent Power;;1.000000;0.000000;kW;4
1233;4;3222;F32;;33#PCS - Total AC Power Factor;;1.000000;0.000000;;4
1234;4;3224;F32;;33#PCS - Phase A AC Active Power;;1.000000;0.000000;kW;4
1235;4;3226;F32;;33#PCS - Phase B AC Active Power;;1.000000;0.000000;kW;4
1236;4;3228;F32;;33#PCS - Phase C AC Active Power;;1.000000;0.000000;kW;4
1237;4;3230;F32;;33#PCS - Phase A AC Reactive Power;;1.000000;0.000000;kvar;4
1238;4;3232;F32;;33#PCS - Phase B AC Reactive Power;;1.000000;0.000000;kvar;4
1239;4;3234;F32;;33#PCS - Phase C AC Reactive Power;;1.000000;0.000000;kvar;4
1240;4;3236;F32;;33#PCS - Phase A AC Apparent Power;;1.000000;0.000000;kVA;4
1241;4;3238;F32;;33#PCS - Phase B AC Apparent Power;;1.000000;0.000000;kVA;4
1242;4;3240;F32;;33#PCS - Phase C AC Apparent Power;;1.000000;0.000000;kVA;4
1243;4;3242;F32;;33#PCS - Phase A AC Power Factor;;1.000000;0.000000;;4
1244;4;3244;F32;;33#PCS - Phase B AC Power Factor;;1.000000;0.000000;;4
1245;4;3246;F32;;33#PCS - Phase C AC Power Factor;;1.000000;0.000000;;4
1246;4;3248;F32;;33#PCS - IGBT Module Temperature;;1.000000;0.000000;°C;4
1247;4;3250;F32;;33#PCS - Ambient Temperature;;1.000000;0.000000;°C;4
1248;4;3252;F32;;33#PCS - Total  AC Charging Energy;;1.000000;0.000000;kWh;4
1249;4;3254;F32;;33#PCS - Total AC Discharging Energy;;1.000000;0.000000;kWh;4
1250;4;3256;F32;;33#PCS - Daily AC Charging Energy;;1.000000;0.000000;kWh;4
1251;4;3258;F32;;33#PCS - Daily AC Discharging Energy;;1.000000;0.000000;kWh;4
1252;4;3260;U32;;33#PCS - Number of branches;;1.000000;0.000000;;4
1253;4;3262;F32;;33#PCS - Branch 1 DC Power;;1.000000;0.000000;kW;4
1254;4;3264;F32;;33#PCS - Branch 1 DC Voltage;;1.000000;0.000000;V;4
1255;4;3266;F32;;33#PCS - Branch 1 DC Current;;1.000000;0.000000;A;4
1256;4;3268;F32;;33#PCS - Branch 2~n DC Power;;1.000000;0.000000;kW;4
1257;4;3270;F32;;33#PCS - Branch 2~n DC Voltage;;1.000000;0.000000;V;4
1258;4;3272;F32;;33#PCS - Branch 2~n DC Current;;1.000000;0.000000;A;4
1259;4;3300;U16;;34#PCS - Operating Status;;1.000000;0.000000;;9
1260;4;3301;U16;;34#PCS - Reserve;;1.000000;0.000000;;0
1261;4;3302;F32;;34#PCS - AC Uab Line Voltage;;1.000000;0.000000;V;4
1262;4;3304;F32;;34#PCS - AC Ubc Line Voltage;;1.000000;0.000000;V;4
1263;4;3306;F32;;34#PCS - AC Uca Line Voltage;;1.000000;0.000000;V;4
1264;4;3308;F32;;34#PCS - AC Phase A Current;;1.000000;0.000000;A;4
1265;4;3310;F32;;34#PCS - AC Phase B Current;;1.000000;0.000000;A;4
1266;4;3312;F32;;34#PCS - AC Phase C Current;;1.000000;0.000000;A;4
1267;4;3314;F32;;34#PCS - AC Frequency;;1.000000;0.000000;Hz;4
1268;4;3316;F32;;34#PCS - Total AC Active Power;;1.000000;0.000000;kW;4
1269;4;3318;F32;;34#PCS - Total AC Reactive Power;;1.000000;0.000000;kvar;4
1270;4;3320;F32;;34#PCS - Total AC Apparent Power;;1.000000;0.000000;kW;4
1271;4;3322;F32;;34#PCS - Total AC Power Factor;;1.000000;0.000000;;4
1272;4;3324;F32;;34#PCS - Phase A AC Active Power;;1.000000;0.000000;kW;4
1273;4;3326;F32;;34#PCS - Phase B AC Active Power;;1.000000;0.000000;kW;4
1274;4;3328;F32;;34#PCS - Phase C AC Active Power;;1.000000;0.000000;kW;4
1275;4;3330;F32;;34#PCS - Phase A AC Reactive Power;;1.000000;0.000000;kvar;4
1276;4;3332;F32;;34#PCS - Phase B AC Reactive Power;;1.000000;0.000000;kvar;4
1277;4;3334;F32;;34#PCS - Phase C AC Reactive Power;;1.000000;0.000000;kvar;4
1278;4;3336;F32;;34#PCS - Phase A AC Apparent Power;;1.000000;0.000000;kVA;4
1279;4;3338;F32;;34#PCS - Phase B AC Apparent Power;;1.000000;0.000000;kVA;4
1280;4;3340;F32;;34#PCS - Phase C AC Apparent Power;;1.000000;0.000000;kVA;4
1281;4;3342;F32;;34#PCS - Phase A AC Power Factor;;1.000000;0.000000;;4
1282;4;3344;F32;;34#PCS - Phase B AC Power Factor;;1.000000;0.000000;;4
1283;4;3346;F32;;34#PCS - Phase C AC Power Factor;;1.000000;0.000000;;4
1284;4;3348;F32;;34#PCS - IGBT Module Temperature;;1.000000;0.000000;°C;4
1285;4;3350;F32;;34#PCS - Ambient Temperature;;1.000000;0.000000;°C;4
1286;4;3352;F32;;34#PCS - Total  AC Charging Energy;;1.000000;0.000000;kWh;4
1287;4;3354;F32;;34#PCS - Total AC Discharging Energy;;1.000000;0.000000;kWh;4
1288;4;3356;F32;;34#PCS - Daily AC Charging Energy;;1.000000;0.000000;kWh;4
1289;4;3358;F32;;34#PCS - Daily AC Discharging Energy;;1.000000;0.000000;kWh;4
1290;4;3360;U32;;34#PCS - Number of branches;;1.000000;0.000000;;4
1291;4;3362;F32;;34#PCS - Branch 1 DC Power;;1.000000;0.000000;kW;4
1292;4;3364;F32;;34#PCS - Branch 1 DC Voltage;;1.000000;0.000000;V;4
1293;4;3366;F32;;34#PCS - Branch 1 DC Current;;1.000000;0.000000;A;4
1294;4;3368;F32;;34#PCS - Branch 2~n DC Power;;1.000000;0.000000;kW;4
1295;4;3370;F32;;34#PCS - Branch 2~n DC Voltage;;1.000000;0.000000;V;4
1296;4;3372;F32;;34#PCS - Branch 2~n DC Current;;1.000000;0.000000;A;4
1297;4;3400;U16;;35#PCS - Operating Status;;1.000000;0.000000;;9
1298;4;3401;U16;;35#PCS - Reserve;;1.000000;0.000000;;0
1299;4;3402;F32;;35#PCS - AC Uab Line Voltage;;1.000000;0.000000;V;4
1300;4;3404;F32;;35#PCS - AC Ubc Line Voltage;;1.000000;0.000000;V;4
1301;4;3406;F32;;35#PCS - AC Uca Line Voltage;;1.000000;0.000000;V;4
1302;4;3408;F32;;35#PCS - AC Phase A Current;;1.000000;0.000000;A;4
1303;4;3410;F32;;35#PCS - AC Phase B Current;;1.000000;0.000000;A;4
1304;4;3412;F32;;35#PCS - AC Phase C Current;;1.000000;0.000000;A;4
1305;4;3414;F32;;35#PCS - AC Frequency;;1.000000;0.000000;Hz;4
1306;4;3416;F32;;35#PCS - Total AC Active Power;;1.000000;0.000000;kW;4
1307;4;3418;F32;;35#PCS - Total AC Reactive Power;;1.000000;0.000000;kvar;4
1308;4;3420;F32;;35#PCS - Total AC Apparent Power;;1.000000;0.000000;kW;4
1309;4;3422;F32;;35#PCS - Total AC Power Factor;;1.000000;0.000000;;4
1310;4;3424;F32;;35#PCS - Phase A AC Active Power;;1.000000;0.000000;kW;4
1311;4;3426;F32;;35#PCS - Phase B AC Active Power;;1.000000;0.000000;kW;4
1312;4;3428;F32;;35#PCS - Phase C AC Active Power;;1.000000;0.000000;kW;4
1313;4;3430;F32;;35#PCS - Phase A AC Reactive Power;;1.000000;0.000000;kvar;4
1314;4;3432;F32;;35#PCS - Phase B AC Reactive Power;;1.000000;0.000000;kvar;4
1315;4;3434;F32;;35#PCS - Phase C AC Reactive Power;;1.000000;0.000000;kvar;4
1316;4;3436;F32;;35#PCS - Phase A AC Apparent Power;;1.000000;0.000000;kVA;4
1317;4;3438;F32;;35#PCS - Phase B AC Apparent Power;;1.000000;0.000000;kVA;4
1318;4;3440;F32;;35#PCS - Phase C AC Apparent Power;;1.000000;0.000000;kVA;4
1319;4;3442;F32;;35#PCS - Phase A AC Power Factor;;1.000000;0.000000;;4
1320;4;3444;F32;;35#PCS - Phase B AC Power Factor;;1.000000;0.000000;;4
1321;4;3446;F32;;35#PCS - Phase C AC Power Factor;;1.000000;0.000000;;4
1322;4;3448;F32;;35#PCS - IGBT Module Temperature;;1.000000;0.000000;°C;4
1323;4;3450;F32;;35#PCS - Ambient Temperature;;1.000000;0.000000;°C;4
1324;4;3452;F32;;35#PCS - Total  AC Charging Energy;;1.000000;0.000000;kWh;4
1325;4;3454;F32;;35#PCS - Total AC Discharging Energy;;1.000000;0.000000;kWh;4
1326;4;3456;F32;;35#PCS - Daily AC Charging Energy;;1.000000;0.000000;kWh;4
1327;4;3458;F32;;35#PCS - Daily AC Discharging Energy;;1.000000;0.000000;kWh;4
1328;4;3460;U32;;35#PCS - Number of branches;;1.000000;0.000000;;4
1329;4;3462;F32;;35#PCS - Branch 1 DC Power;;1.000000;0.000000;kW;4
1330;4;3464;F32;;35#PCS - Branch 1 DC Voltage;;1.000000;0.000000;V;4
1331;4;3466;F32;;35#PCS - Branch 1 DC Current;;1.000000;0.000000;A;4
1332;4;3468;F32;;35#PCS - Branch 2~n DC Power;;1.000000;0.000000;kW;4
1333;4;3470;F32;;35#PCS - Branch 2~n DC Voltage;;1.000000;0.000000;V;4
1334;4;3472;F32;;35#PCS - Branch 2~n DC Current;;1.000000;0.000000;A;4
1335;4;3500;U16;;36#PCS - Operating Status;;1.000000;0.000000;;9
1336;4;3501;U16;;36#PCS - Reserve;;1.000000;0.000000;;0
1337;4;3502;F32;;36#PCS - AC Uab Line Voltage;;1.000000;0.000000;V;4
1338;4;3504;F32;;36#PCS - AC Ubc Line Voltage;;1.000000;0.000000;V;4
1339;4;3506;F32;;36#PCS - AC Uca Line Voltage;;1.000000;0.000000;V;4
1340;4;3508;F32;;36#PCS - AC Phase A Current;;1.000000;0.000000;A;4
1341;4;3510;F32;;36#PCS - AC Phase B Current;;1.000000;0.000000;A;4
1342;4;3512;F32;;36#PCS - AC Phase C Current;;1.000000;0.000000;A;4
1343;4;3514;F32;;36#PCS - AC Frequency;;1.000000;0.000000;Hz;4
1344;4;3516;F32;;36#PCS - Total AC Active Power;;1.000000;0.000000;kW;4
1345;4;3518;F32;;36#PCS - Total AC Reactive Power;;1.000000;0.000000;kvar;4
1346;4;3520;F32;;36#PCS - Total AC Apparent Power;;1.000000;0.000000;kW;4
1347;4;3522;F32;;36#PCS - Total AC Power Factor;;1.000000;0.000000;;4
1348;4;3524;F32;;36#PCS - Phase A AC Active Power;;1.000000;0.000000;kW;4
1349;4;3526;F32;;36#PCS - Phase B AC Active Power;;1.000000;0.000000;kW;4
1350;4;3528;F32;;36#PCS - Phase C AC Active Power;;1.000000;0.000000;kW;4
1351;4;3530;F32;;36#PCS - Phase A AC Reactive Power;;1.000000;0.000000;kvar;4
1352;4;3532;F32;;36#PCS - Phase B AC Reactive Power;;1.000000;0.000000;kvar;4
1353;4;3534;F32;;36#PCS - Phase C AC Reactive Power;;1.000000;0.000000;kvar;4
1354;4;3536;F32;;36#PCS - Phase A AC Apparent Power;;1.000000;0.000000;kVA;4
1355;4;3538;F32;;36#PCS - Phase B AC Apparent Power;;1.000000;0.000000;kVA;4
1356;4;3540;F32;;36#PCS - Phase C AC Apparent Power;;1.000000;0.000000;kVA;4
1357;4;3542;F32;;36#PCS - Phase A AC Power Factor;;1.000000;0.000000;;4
1358;4;3544;F32;;36#PCS - Phase B AC Power Factor;;1.000000;0.000000;;4
1359;4;3546;F32;;36#PCS - Phase C AC Power Factor;;1.000000;0.000000;;4
1360;4;3548;F32;;36#PCS - IGBT Module Temperature;;1.000000;0.000000;°C;4
1361;4;3550;F32;;36#PCS - Ambient Temperature;;1.000000;0.000000;°C;4
1362;4;3552;F32;;36#PCS - Total  AC Charging Energy;;1.000000;0.000000;kWh;4
1363;4;3554;F32;;36#PCS - Total AC Discharging Energy;;1.000000;0.000000;kWh;4
1364;4;3556;F32;;36#PCS - Daily AC Charging Energy;;1.000000;0.000000;kWh;4
1365;4;3558;F32;;36#PCS - Daily AC Discharging Energy;;1.000000;0.000000;kWh;4
1366;4;3560;U32;;36#PCS - Number of branches;;1.000000;0.000000;;4
1367;4;3562;F32;;36#PCS - Branch 1 DC Power;;1.000000;0.000000;kW;4
1368;4;3564;F32;;36#PCS - Branch 1 DC Voltage;;1.000000;0.000000;V;4
1369;4;3566;F32;;36#PCS - Branch 1 DC Current;;1.000000;0.000000;A;4
1370;4;3568;F32;;36#PCS - Branch 2~n DC Power;;1.000000;0.000000;kW;4
1371;4;3570;F32;;36#PCS - Branch 2~n DC Voltage;;1.000000;0.000000;V;4
1372;4;3572;F32;;36#PCS - Branch 2~n DC Current;;1.000000;0.000000;A;4
1373;4;3600;U16;;37#PCS - Operating Status;;1.000000;0.000000;;9
1374;4;3601;U16;;37#PCS - Reserve;;1.000000;0.000000;;0
1375;4;3602;F32;;37#PCS - AC Uab Line Voltage;;1.000000;0.000000;V;4
1376;4;3604;F32;;37#PCS - AC Ubc Line Voltage;;1.000000;0.000000;V;4
1377;4;3606;F32;;37#PCS - AC Uca Line Voltage;;1.000000;0.000000;V;4
1378;4;3608;F32;;37#PCS - AC Phase A Current;;1.000000;0.000000;A;4
1379;4;3610;F32;;37#PCS - AC Phase B Current;;1.000000;0.000000;A;4
1380;4;3612;F32;;37#PCS - AC Phase C Current;;1.000000;0.000000;A;4
1381;4;3614;F32;;37#PCS - AC Frequency;;1.000000;0.000000;Hz;4
1382;4;3616;F32;;37#PCS - Total AC Active Power;;1.000000;0.000000;kW;4
1383;4;3618;F32;;37#PCS - Total AC Reactive Power;;1.000000;0.000000;kvar;4
1384;4;3620;F32;;37#PCS - Total AC Apparent Power;;1.000000;0.000000;kW;4
1385;4;3622;F32;;37#PCS - Total AC Power Factor;;1.000000;0.000000;;4
1386;4;3624;F32;;37#PCS - Phase A AC Active Power;;1.000000;0.000000;kW;4
1387;4;3626;F32;;37#PCS - Phase B AC Active Power;;1.000000;0.000000;kW;4
1388;4;3628;F32;;37#PCS - Phase C AC Active Power;;1.000000;0.000000;kW;4
1389;4;3630;F32;;37#PCS - Phase A AC Reactive Power;;1.000000;0.000000;kvar;4
1390;4;3632;F32;;37#PCS - Phase B AC Reactive Power;;1.000000;0.000000;kvar;4
1391;4;3634;F32;;37#PCS - Phase C AC Reactive Power;;1.000000;0.000000;kvar;4
1392;4;3636;F32;;37#PCS - Phase A AC Apparent Power;;1.000000;0.000000;kVA;4
1393;4;3638;F32;;37#PCS - Phase B AC Apparent Power;;1.000000;0.000000;kVA;4
1394;4;3640;F32;;37#PCS - Phase C AC Apparent Power;;1.000000;0.000000;kVA;4
1395;4;3642;F32;;37#PCS - Phase A AC Power Factor;;1.000000;0.000000;;4
1396;4;3644;F32;;37#PCS - Phase B AC Power Factor;;1.000000;0.000000;;4
1397;4;3646;F32;;37#PCS - Phase C AC Power Factor;;1.000000;0.000000;;4
1398;4;3648;F32;;37#PCS - IGBT Module Temperature;;1.000000;0.000000;°C;4
1399;4;3650;F32;;37#PCS - Ambient Temperature;;1.000000;0.000000;°C;4
1400;4;3652;F32;;37#PCS - Total  AC Charging Energy;;1.000000;0.000000;kWh;4
1401;4;3654;F32;;37#PCS - Total AC Discharging Energy;;1.000000;0.000000;kWh;4
1402;4;3656;F32;;37#PCS - Daily AC Charging Energy;;1.000000;0.000000;kWh;4
1403;4;3658;F32;;37#PCS - Daily AC Discharging Energy;;1.000000;0.000000;kWh;4
1404;4;3660;U32;;37#PCS - Number of branches;;1.000000;0.000000;;4
1405;4;3662;F32;;37#PCS - Branch 1 DC Power;;1.000000;0.000000;kW;4
1406;4;3664;F32;;37#PCS - Branch 1 DC Voltage;;1.000000;0.000000;V;4
1407;4;3666;F32;;37#PCS - Branch 1 DC Current;;1.000000;0.000000;A;4
1408;4;3668;F32;;37#PCS - Branch 2~n DC Power;;1.000000;0.000000;kW;4
1409;4;3670;F32;;37#PCS - Branch 2~n DC Voltage;;1.000000;0.000000;V;4
1410;4;3672;F32;;37#PCS - Branch 2~n DC Current;;1.000000;0.000000;A;4
1411;4;3700;U16;;38#PCS - Operating Status;;1.000000;0.000000;;9
1412;4;3701;U16;;38#PCS - Reserve;;1.000000;0.000000;;0
1413;4;3702;F32;;38#PCS - AC Uab Line Voltage;;1.000000;0.000000;V;4
1414;4;3704;F32;;38#PCS - AC Ubc Line Voltage;;1.000000;0.000000;V;4
1415;4;3706;F32;;38#PCS - AC Uca Line Voltage;;1.000000;0.000000;V;4
1416;4;3708;F32;;38#PCS - AC Phase A Current;;1.000000;0.000000;A;4
1417;4;3710;F32;;38#PCS - AC Phase B Current;;1.000000;0.000000;A;4
1418;4;3712;F32;;38#PCS - AC Phase C Current;;1.000000;0.000000;A;4
1419;4;3714;F32;;38#PCS - AC Frequency;;1.000000;0.000000;Hz;4
1420;4;3716;F32;;38#PCS - Total AC Active Power;;1.000000;0.000000;kW;4
1421;4;3718;F32;;38#PCS - Total AC Reactive Power;;1.000000;0.000000;kvar;4
1422;4;3720;F32;;38#PCS - Total AC Apparent Power;;1.000000;0.000000;kW;4
1423;4;3722;F32;;38#PCS - Total AC Power Factor;;1.000000;0.000000;;4
1424;4;3724;F32;;38#PCS - Phase A AC Active Power;;1.000000;0.000000;kW;4
1425;4;3726;F32;;38#PCS - Phase B AC Active Power;;1.000000;0.000000;kW;4
1426;4;3728;F32;;38#PCS - Phase C AC Active Power;;1.000000;0.000000;kW;4
1427;4;3730;F32;;38#PCS - Phase A AC Reactive Power;;1.000000;0.000000;kvar;4
1428;4;3732;F32;;38#PCS - Phase B AC Reactive Power;;1.000000;0.000000;kvar;4
1429;4;3734;F32;;38#PCS - Phase C AC Reactive Power;;1.000000;0.000000;kvar;4
1430;4;3736;F32;;38#PCS - Phase A AC Apparent Power;;1.000000;0.000000;kVA;4
1431;4;3738;F32;;38#PCS - Phase B AC Apparent Power;;1.000000;0.000000;kVA;4
1432;4;3740;F32;;38#PCS - Phase C AC Apparent Power;;1.000000;0.000000;kVA;4
1433;4;3742;F32;;38#PCS - Phase A AC Power Factor;;1.000000;0.000000;;4
1434;4;3744;F32;;38#PCS - Phase B AC Power Factor;;1.000000;0.000000;;4
1435;4;3746;F32;;38#PCS - Phase C AC Power Factor;;1.000000;0.000000;;4
1436;4;3748;F32;;38#PCS - IGBT Module Temperature;;1.000000;0.000000;°C;4
1437;4;3750;F32;;38#PCS - Ambient Temperature;;1.000000;0.000000;°C;4
1438;4;3752;F32;;38#PCS - Total  AC Charging Energy;;1.000000;0.000000;kWh;4
1439;4;3754;F32;;38#PCS - Total AC Discharging Energy;;1.000000;0.000000;kWh;4
1440;4;3756;F32;;38#PCS - Daily AC Charging Energy;;1.000000;0.000000;kWh;4
1441;4;3758;F32;;38#PCS - Daily AC Discharging Energy;;1.000000;0.000000;kWh;4
1442;4;3760;U32;;38#PCS - Number of branches;;1.000000;0.000000;;4
1443;4;3762;F32;;38#PCS - Branch 1 DC Power;;1.000000;0.000000;kW;4
1444;4;3764;F32;;38#PCS - Branch 1 DC Voltage;;1.000000;0.000000;V;4
1445;4;3766;F32;;38#PCS - Branch 1 DC Current;;1.000000;0.000000;A;4
1446;4;3768;F32;;38#PCS - Branch 2~n DC Power;;1.000000;0.000000;kW;4
1447;4;3770;F32;;38#PCS - Branch 2~n DC Voltage;;1.000000;0.000000;V;4
1448;4;3772;F32;;38#PCS - Branch 2~n DC Current;;1.000000;0.000000;A;4
1449;4;3800;U16;;39#PCS - Operating Status;;1.000000;0.000000;;9
1450;4;3801;U16;;39#PCS - Reserve;;1.000000;0.000000;;0
1451;4;3802;F32;;39#PCS - AC Uab Line Voltage;;1.000000;0.000000;V;4
1452;4;3804;F32;;39#PCS - AC Ubc Line Voltage;;1.000000;0.000000;V;4
1453;4;3806;F32;;39#PCS - AC Uca Line Voltage;;1.000000;0.000000;V;4
1454;4;3808;F32;;39#PCS - AC Phase A Current;;1.000000;0.000000;A;4
1455;4;3810;F32;;39#PCS - AC Phase B Current;;1.000000;0.000000;A;4
1456;4;3812;F32;;39#PCS - AC Phase C Current;;1.000000;0.000000;A;4
1457;4;3814;F32;;39#PCS - AC Frequency;;1.000000;0.000000;Hz;4
1458;4;3816;F32;;39#PCS - Total AC Active Power;;1.000000;0.000000;kW;4
1459;4;3818;F32;;39#PCS - Total AC Reactive Power;;1.000000;0.000000;kvar;4
1460;4;3820;F32;;39#PCS - Total AC Apparent Power;;1.000000;0.000000;kW;4
1461;4;3822;F32;;39#PCS - Total AC Power Factor;;1.000000;0.000000;;4
1462;4;3824;F32;;39#PCS - Phase A AC Active Power;;1.000000;0.000000;kW;4
1463;4;3826;F32;;39#PCS - Phase B AC Active Power;;1.000000;0.000000;kW;4
1464;4;3828;F32;;39#PCS - Phase C AC Active Power;;1.000000;0.000000;kW;4
1465;4;3830;F32;;39#PCS - Phase A AC Reactive Power;;1.000000;0.000000;kvar;4
1466;4;3832;F32;;39#PCS - Phase B AC Reactive Power;;1.000000;0.000000;kvar;4
1467;4;3834;F32;;39#PCS - Phase C AC Reactive Power;;1.000000;0.000000;kvar;4
1468;4;3836;F32;;39#PCS - Phase A AC Apparent Power;;1.000000;0.000000;kVA;4
1469;4;3838;F32;;39#PCS - Phase B AC Apparent Power;;1.000000;0.000000;kVA;4
1470;4;3840;F32;;39#PCS - Phase C AC Apparent Power;;1.000000;0.000000;kVA;4
1471;4;3842;F32;;39#PCS - Phase A AC Power Factor;;1.000000;0.000000;;4
1472;4;3844;F32;;39#PCS - Phase B AC Power Factor;;1.000000;0.000000;;4
1473;4;3846;F32;;39#PCS - Phase C AC Power Factor;;1.000000;0.000000;;4
1474;4;3848;F32;;39#PCS - IGBT Module Temperature;;1.000000;0.000000;°C;4
1475;4;3850;F32;;39#PCS - Ambient Temperature;;1.000000;0.000000;°C;4
1476;4;3852;F32;;39#PCS - Total  AC Charging Energy;;1.000000;0.000000;kWh;4
1477;4;3854;F32;;39#PCS - Total AC Discharging Energy;;1.000000;0.000000;kWh;4
1478;4;3856;F32;;39#PCS - Daily AC Charging Energy;;1.000000;0.000000;kWh;4
1479;4;3858;F32;;39#PCS - Daily AC Discharging Energy;;1.000000;0.000000;kWh;4
1480;4;3860;U32;;39#PCS - Number of branches;;1.000000;0.000000;;4
1481;4;3862;F32;;39#PCS - Branch 1 DC Power;;1.000000;0.000000;kW;4
1482;4;3864;F32;;39#PCS - Branch 1 DC Voltage;;1.000000;0.000000;V;4
1483;4;3866;F32;;39#PCS - Branch 1 DC Current;;1.000000;0.000000;A;4
1484;4;3868;F32;;39#PCS - Branch 2~n DC Power;;1.000000;0.000000;kW;4
1485;4;3870;F32;;39#PCS - Branch 2~n DC Voltage;;1.000000;0.000000;V;4
1486;4;3872;F32;;39#PCS - Branch 2~n DC Current;;1.000000;0.000000;A;4
1487;4;3900;U16;;40#PCS - Operating Status;;1.000000;0.000000;;9
1488;4;3901;U16;;40#PCS - Reserve;;1.000000;0.000000;;0
1489;4;3902;F32;;40#PCS - AC Uab Line Voltage;;1.000000;0.000000;V;4
1490;4;3904;F32;;40#PCS - AC Ubc Line Voltage;;1.000000;0.000000;V;4
1491;4;3906;F32;;40#PCS - AC Uca Line Voltage;;1.000000;0.000000;V;4
1492;4;3908;F32;;40#PCS - AC Phase A Current;;1.000000;0.000000;A;4
1493;4;3910;F32;;40#PCS - AC Phase B Current;;1.000000;0.000000;A;4
1494;4;3912;F32;;40#PCS - AC Phase C Current;;1.000000;0.000000;A;4
1495;4;3914;F32;;40#PCS - AC Frequency;;1.000000;0.000000;Hz;4
1496;4;3916;F32;;40#PCS - Total AC Active Power;;1.000000;0.000000;kW;4
1497;4;3918;F32;;40#PCS - Total AC Reactive Power;;1.000000;0.000000;kvar;4
1498;4;3920;F32;;40#PCS - Total AC Apparent Power;;1.000000;0.000000;kW;4
1499;4;3922;F32;;40#PCS - Total AC Power Factor;;1.000000;0.000000;;4
1500;4;3924;F32;;40#PCS - Phase A AC Active Power;;1.000000;0.000000;kW;4
1501;4;3926;F32;;40#PCS - Phase B AC Active Power;;1.000000;0.000000;kW;4
1502;4;3928;F32;;40#PCS - Phase C AC Active Power;;1.000000;0.000000;kW;4
1503;4;3930;F32;;40#PCS - Phase A AC Reactive Power;;1.000000;0.000000;kvar;4
1504;4;3932;F32;;40#PCS - Phase B AC Reactive Power;;1.000000;0.000000;kvar;4
1505;4;3934;F32;;40#PCS - Phase C AC Reactive Power;;1.000000;0.000000;kvar;4
1506;4;3936;F32;;40#PCS - Phase A AC Apparent Power;;1.000000;0.000000;kVA;4
1507;4;3938;F32;;40#PCS - Phase B AC Apparent Power;;1.000000;0.000000;kVA;4
1508;4;3940;F32;;40#PCS - Phase C AC Apparent Power;;1.000000;0.000000;kVA;4
1509;4;3942;F32;;40#PCS - Phase A AC Power Factor;;1.000000;0.000000;;4
1510;4;3944;F32;;40#PCS - Phase B AC Power Factor;;1.000000;0.000000;;4
1511;4;3946;F32;;40#PCS - Phase C AC Power Factor;;1.000000;0.000000;;4
1512;4;3948;F32;;40#PCS - IGBT Module Temperature;;1.000000;0.000000;°C;4
1513;4;3950;F32;;40#PCS - Ambient Temperature;;1.000000;0.000000;°C;4
1514;4;3952;F32;;40#PCS - Total  AC Charging Energy;;1.000000;0.000000;kWh;4
1515;4;3954;F32;;40#PCS - Total AC Discharging Energy;;1.000000;0.000000;kWh;4
1516;4;3956;F32;;40#PCS - Daily AC Charging Energy;;1.000000;0.000000;kWh;4
1517;4;3958;F32;;40#PCS - Daily AC Discharging Energy;;1.000000;0.000000;kWh;4
1518;4;3960;U32;;40#PCS - Number of branches;;1.000000;0.000000;;4
1519;4;3962;F32;;40#PCS - Branch 1 DC Power;;1.000000;0.000000;kW;4
1520;4;3964;F32;;40#PCS - Branch 1 DC Voltage;;1.000000;0.000000;V;4
1521;4;3966;F32;;40#PCS - Branch 1 DC Current;;1.000000;0.000000;A;4
1522;4;3968;F32;;40#PCS - Branch 2~n DC Power;;1.000000;0.000000;kW;4
1523;4;3970;F32;;40#PCS - Branch 2~n DC Voltage;;1.000000;0.000000;V;4
1524;4;3972;F32;;40#PCS - Branch 2~n DC Current;;1.000000;0.000000;A;4
1525;4;4000;U16;;41#PCS - Operating Status;;1.000000;0.000000;;9
1526;4;4001;U16;;41#PCS - Reserve;;1.000000;0.000000;;0
1527;4;4002;F32;;41#PCS - AC Uab Line Voltage;;1.000000;0.000000;V;4
1528;4;4004;F32;;41#PCS - AC Ubc Line Voltage;;1.000000;0.000000;V;4
1529;4;4006;F32;;41#PCS - AC Uca Line Voltage;;1.000000;0.000000;V;4
1530;4;4008;F32;;41#PCS - AC Phase A Current;;1.000000;0.000000;A;4
1531;4;4010;F32;;41#PCS - AC Phase B Current;;1.000000;0.000000;A;4
1532;4;4012;F32;;41#PCS - AC Phase C Current;;1.000000;0.000000;A;4
1533;4;4014;F32;;41#PCS - AC Frequency;;1.000000;0.000000;Hz;4
1534;4;4016;F32;;41#PCS - Total AC Active Power;;1.000000;0.000000;kW;4
1535;4;4018;F32;;41#PCS - Total AC Reactive Power;;1.000000;0.000000;kvar;4
1536;4;4020;F32;;41#PCS - Total AC Apparent Power;;1.000000;0.000000;kW;4
1537;4;4022;F32;;41#PCS - Total AC Power Factor;;1.000000;0.000000;;4
1538;4;4024;F32;;41#PCS - Phase A AC Active Power;;1.000000;0.000000;kW;4
1539;4;4026;F32;;41#PCS - Phase B AC Active Power;;1.000000;0.000000;kW;4
1540;4;4028;F32;;41#PCS - Phase C AC Active Power;;1.000000;0.000000;kW;4
1541;4;4030;F32;;41#PCS - Phase A AC Reactive Power;;1.000000;0.000000;kvar;4
1542;4;4032;F32;;41#PCS - Phase B AC Reactive Power;;1.000000;0.000000;kvar;4
1543;4;4034;F32;;41#PCS - Phase C AC Reactive Power;;1.000000;0.000000;kvar;4
1544;4;4036;F32;;41#PCS - Phase A AC Apparent Power;;1.000000;0.000000;kVA;4
1545;4;4038;F32;;41#PCS - Phase B AC Apparent Power;;1.000000;0.000000;kVA;4
1546;4;4040;F32;;41#PCS - Phase C AC Apparent Power;;1.000000;0.000000;kVA;4
1547;4;4042;F32;;41#PCS - Phase A AC Power Factor;;1.000000;0.000000;;4
1548;4;4044;F32;;41#PCS - Phase B AC Power Factor;;1.000000;0.000000;;4
1549;4;4046;F32;;41#PCS - Phase C AC Power Factor;;1.000000;0.000000;;4
1550;4;4048;F32;;41#PCS - IGBT Module Temperature;;1.000000;0.000000;°C;4
1551;4;4050;F32;;41#PCS - Ambient Temperature;;1.000000;0.000000;°C;4
1552;4;4052;F32;;41#PCS - Total  AC Charging Energy;;1.000000;0.000000;kWh;4
1553;4;4054;F32;;41#PCS - Total AC Discharging Energy;;1.000000;0.000000;kWh;4
1554;4;4056;F32;;41#PCS - Daily AC Charging Energy;;1.000000;0.000000;kWh;4
1555;4;4058;F32;;41#PCS - Daily AC Discharging Energy;;1.000000;0.000000;kWh;4
1556;4;4060;U32;;41#PCS - Number of branches;;1.000000;0.000000;;4
1557;4;4062;F32;;41#PCS - Branch 1 DC Power;;1.000000;0.000000;kW;4
1558;4;4064;F32;;41#PCS - Branch 1 DC Voltage;;1.000000;0.000000;V;4
1559;4;4066;F32;;41#PCS - Branch 1 DC Current;;1.000000;0.000000;A;4
1560;4;4068;F32;;41#PCS - Branch 2~n DC Power;;1.000000;0.000000;kW;4
1561;4;4070;F32;;41#PCS - Branch 2~n DC Voltage;;1.000000;0.000000;V;4
1562;4;4072;F32;;41#PCS - Branch 2~n DC Current;;1.000000;0.000000;A;4
1563;4;4100;U16;;42#PCS - Operating Status;;1.000000;0.000000;;9
1564;4;4101;U16;;42#PCS - Reserve;;1.000000;0.000000;;0
1565;4;4102;F32;;42#PCS - AC Uab Line Voltage;;1.000000;0.000000;V;4
1566;4;4104;F32;;42#PCS - AC Ubc Line Voltage;;1.000000;0.000000;V;4
1567;4;4106;F32;;42#PCS - AC Uca Line Voltage;;1.000000;0.000000;V;4
1568;4;4108;F32;;42#PCS - AC Phase A Current;;1.000000;0.000000;A;4
1569;4;4110;F32;;42#PCS - AC Phase B Current;;1.000000;0.000000;A;4
1570;4;4112;F32;;42#PCS - AC Phase C Current;;1.000000;0.000000;A;4
1571;4;4114;F32;;42#PCS - AC Frequency;;1.000000;0.000000;Hz;4
1572;4;4116;F32;;42#PCS - Total AC Active Power;;1.000000;0.000000;kW;4
1573;4;4118;F32;;42#PCS - Total AC Reactive Power;;1.000000;0.000000;kvar;4
1574;4;4120;F32;;42#PCS - Total AC Apparent Power;;1.000000;0.000000;kW;4
1575;4;4122;F32;;42#PCS - Total AC Power Factor;;1.000000;0.000000;;4
1576;4;4124;F32;;42#PCS - Phase A AC Active Power;;1.000000;0.000000;kW;4
1577;4;4126;F32;;42#PCS - Phase B AC Active Power;;1.000000;0.000000;kW;4
1578;4;4128;F32;;42#PCS - Phase C AC Active Power;;1.000000;0.000000;kW;4
1579;4;4130;F32;;42#PCS - Phase A AC Reactive Power;;1.000000;0.000000;kvar;4
1580;4;4132;F32;;42#PCS - Phase B AC Reactive Power;;1.000000;0.000000;kvar;4
1581;4;4134;F32;;42#PCS - Phase C AC Reactive Power;;1.000000;0.000000;kvar;4
1582;4;4136;F32;;42#PCS - Phase A AC Apparent Power;;1.000000;0.000000;kVA;4
1583;4;4138;F32;;42#PCS - Phase B AC Apparent Power;;1.000000;0.000000;kVA;4
1584;4;4140;F32;;42#PCS - Phase C AC Apparent Power;;1.000000;0.000000;kVA;4
1585;4;4142;F32;;42#PCS - Phase A AC Power Factor;;1.000000;0.000000;;4
1586;4;4144;F32;;42#PCS - Phase B AC Power Factor;;1.000000;0.000000;;4
1587;4;4146;F32;;42#PCS - Phase C AC Power Factor;;1.000000;0.000000;;4
1588;4;4148;F32;;42#PCS - IGBT Module Temperature;;1.000000;0.000000;°C;4
1589;4;4150;F32;;42#PCS - Ambient Temperature;;1.000000;0.000000;°C;4
1590;4;4152;F32;;42#PCS - Total  AC Charging Energy;;1.000000;0.000000;kWh;4
1591;4;4154;F32;;42#PCS - Total AC Discharging Energy;;1.000000;0.000000;kWh;4
1592;4;4156;F32;;42#PCS - Daily AC Charging Energy;;1.000000;0.000000;kWh;4
1593;4;4158;F32;;42#PCS - Daily AC Discharging Energy;;1.000000;0.000000;kWh;4
1594;4;4160;U32;;42#PCS - Number of branches;;1.000000;0.000000;;4
1595;4;4162;F32;;42#PCS - Branch 1 DC Power;;1.000000;0.000000;kW;4
1596;4;4164;F32;;42#PCS - Branch 1 DC Voltage;;1.000000;0.000000;V;4
1597;4;4166;F32;;42#PCS - Branch 1 DC Current;;1.000000;0.000000;A;4
1598;4;4168;F32;;42#PCS - Branch 2~n DC Power;;1.000000;0.000000;kW;4
1599;4;4170;F32;;42#PCS - Branch 2~n DC Voltage;;1.000000;0.000000;V;4
1600;4;4172;F32;;42#PCS - Branch 2~n DC Current;;1.000000;0.000000;A;4
1601;4;4200;U16;;43#PCS - Operating Status;;1.000000;0.000000;;9
1602;4;4201;U16;;43#PCS - Reserve;;1.000000;0.000000;;0
1603;4;4202;F32;;43#PCS - AC Uab Line Voltage;;1.000000;0.000000;V;4
1604;4;4204;F32;;43#PCS - AC Ubc Line Voltage;;1.000000;0.000000;V;4
1605;4;4206;F32;;43#PCS - AC Uca Line Voltage;;1.000000;0.000000;V;4
1606;4;4208;F32;;43#PCS - AC Phase A Current;;1.000000;0.000000;A;4
1607;4;4210;F32;;43#PCS - AC Phase B Current;;1.000000;0.000000;A;4
1608;4;4212;F32;;43#PCS - AC Phase C Current;;1.000000;0.000000;A;4
1609;4;4214;F32;;43#PCS - AC Frequency;;1.000000;0.000000;Hz;4
1610;4;4216;F32;;43#PCS - Total AC Active Power;;1.000000;0.000000;kW;4
1611;4;4218;F32;;43#PCS - Total AC Reactive Power;;1.000000;0.000000;kvar;4
1612;4;4220;F32;;43#PCS - Total AC Apparent Power;;1.000000;0.000000;kW;4
1613;4;4222;F32;;43#PCS - Total AC Power Factor;;1.000000;0.000000;;4
1614;4;4224;F32;;43#PCS - Phase A AC Active Power;;1.000000;0.000000;kW;4
1615;4;4226;F32;;43#PCS - Phase B AC Active Power;;1.000000;0.000000;kW;4
1616;4;4228;F32;;43#PCS - Phase C AC Active Power;;1.000000;0.000000;kW;4
1617;4;4230;F32;;43#PCS - Phase A AC Reactive Power;;1.000000;0.000000;kvar;4
1618;4;4232;F32;;43#PCS - Phase B AC Reactive Power;;1.000000;0.000000;kvar;4
1619;4;4234;F32;;43#PCS - Phase C AC Reactive Power;;1.000000;0.000000;kvar;4
1620;4;4236;F32;;43#PCS - Phase A AC Apparent Power;;1.000000;0.000000;kVA;4
1621;4;4238;F32;;43#PCS - Phase B AC Apparent Power;;1.000000;0.000000;kVA;4
1622;4;4240;F32;;43#PCS - Phase C AC Apparent Power;;1.000000;0.000000;kVA;4
1623;4;4242;F32;;43#PCS - Phase A AC Power Factor;;1.000000;0.000000;;4
1624;4;4244;F32;;43#PCS - Phase B AC Power Factor;;1.000000;0.000000;;4
1625;4;4246;F32;;43#PCS - Phase C AC Power Factor;;1.000000;0.000000;;4
1626;4;4248;F32;;43#PCS - IGBT Module Temperature;;1.000000;0.000000;°C;4
1627;4;4250;F32;;43#PCS - Ambient Temperature;;1.000000;0.000000;°C;4
1628;4;4252;F32;;43#PCS - Total  AC Charging Energy;;1.000000;0.000000;kWh;4
1629;4;4254;F32;;43#PCS - Total AC Discharging Energy;;1.000000;0.000000;kWh;4
1630;4;4256;F32;;43#PCS - Daily AC Charging Energy;;1.000000;0.000000;kWh;4
1631;4;4258;F32;;43#PCS - Daily AC Discharging Energy;;1.000000;0.000000;kWh;4
1632;4;4260;U32;;43#PCS - Number of branches;;1.000000;0.000000;;4
1633;4;4262;F32;;43#PCS - Branch 1 DC Power;;1.000000;0.000000;kW;4
1634;4;4264;F32;;43#PCS - Branch 1 DC Voltage;;1.000000;0.000000;V;4
1635;4;4266;F32;;43#PCS - Branch 1 DC Current;;1.000000;0.000000;A;4
1636;4;4268;F32;;43#PCS - Branch 2~n DC Power;;1.000000;0.000000;kW;4
1637;4;4270;F32;;43#PCS - Branch 2~n DC Voltage;;1.000000;0.000000;V;4
1638;4;4272;F32;;43#PCS - Branch 2~n DC Current;;1.000000;0.000000;A;4
1639;4;4300;U16;;44#PCS - Operating Status;;1.000000;0.000000;;9
1640;4;4301;U16;;44#PCS - Reserve;;1.000000;0.000000;;0
1641;4;4302;F32;;44#PCS - AC Uab Line Voltage;;1.000000;0.000000;V;4
1642;4;4304;F32;;44#PCS - AC Ubc Line Voltage;;1.000000;0.000000;V;4
1643;4;4306;F32;;44#PCS - AC Uca Line Voltage;;1.000000;0.000000;V;4
1644;4;4308;F32;;44#PCS - AC Phase A Current;;1.000000;0.000000;A;4
1645;4;4310;F32;;44#PCS - AC Phase B Current;;1.000000;0.000000;A;4
1646;4;4312;F32;;44#PCS - AC Phase C Current;;1.000000;0.000000;A;4
1647;4;4314;F32;;44#PCS - AC Frequency;;1.000000;0.000000;Hz;4
1648;4;4316;F32;;44#PCS - Total AC Active Power;;1.000000;0.000000;kW;4
1649;4;4318;F32;;44#PCS - Total AC Reactive Power;;1.000000;0.000000;kvar;4
1650;4;4320;F32;;44#PCS - Total AC Apparent Power;;1.000000;0.000000;kW;4
1651;4;4322;F32;;44#PCS - Total AC Power Factor;;1.000000;0.000000;;4
1652;4;4324;F32;;44#PCS - Phase A AC Active Power;;1.000000;0.000000;kW;4
1653;4;4326;F32;;44#PCS - Phase B AC Active Power;;1.000000;0.000000;kW;4
1654;4;4328;F32;;44#PCS - Phase C AC Active Power;;1.000000;0.000000;kW;4
1655;4;4330;F32;;44#PCS - Phase A AC Reactive Power;;1.000000;0.000000;kvar;4
1656;4;4332;F32;;44#PCS - Phase B AC Reactive Power;;1.000000;0.000000;kvar;4
1657;4;4334;F32;;44#PCS - Phase C AC Reactive Power;;1.000000;0.000000;kvar;4
1658;4;4336;F32;;44#PCS - Phase A AC Apparent Power;;1.000000;0.000000;kVA;4
1659;4;4338;F32;;44#PCS - Phase B AC Apparent Power;;1.000000;0.000000;kVA;4
1660;4;4340;F32;;44#PCS - Phase C AC Apparent Power;;1.000000;0.000000;kVA;4
1661;4;4342;F32;;44#PCS - Phase A AC Power Factor;;1.000000;0.000000;;4
1662;4;4344;F32;;44#PCS - Phase B AC Power Factor;;1.000000;0.000000;;4
1663;4;4346;F32;;44#PCS - Phase C AC Power Factor;;1.000000;0.000000;;4
1664;4;4348;F32;;44#PCS - IGBT Module Temperature;;1.000000;0.000000;°C;4
1665;4;4350;F32;;44#PCS - Ambient Temperature;;1.000000;0.000000;°C;4
1666;4;4352;F32;;44#PCS - Total  AC Charging Energy;;1.000000;0.000000;kWh;4
1667;4;4354;F32;;44#PCS - Total AC Discharging Energy;;1.000000;0.000000;kWh;4
1668;4;4356;F32;;44#PCS - Daily AC Charging Energy;;1.000000;0.000000;kWh;4
1669;4;4358;F32;;44#PCS - Daily AC Discharging Energy;;1.000000;0.000000;kWh;4
1670;4;4360;U32;;44#PCS - Number of branches;;1.000000;0.000000;;4
1671;4;4362;F32;;44#PCS - Branch 1 DC Power;;1.000000;0.000000;kW;4
1672;4;4364;F32;;44#PCS - Branch 1 DC Voltage;;1.000000;0.000000;V;4
1673;4;4366;F32;;44#PCS - Branch 1 DC Current;;1.000000;0.000000;A;4
1674;4;4368;F32;;44#PCS - Branch 2~n DC Power;;1.000000;0.000000;kW;4
1675;4;4370;F32;;44#PCS - Branch 2~n DC Voltage;;1.000000;0.000000;V;4
1676;4;4372;F32;;44#PCS - Branch 2~n DC Current;;1.000000;0.000000;A;4
1677;4;4400;U16;;45#PCS - Operating Status;;1.000000;0.000000;;9
1678;4;4401;U16;;45#PCS - Reserve;;1.000000;0.000000;;0
1679;4;4402;F32;;45#PCS - AC Uab Line Voltage;;1.000000;0.000000;V;4
1680;4;4404;F32;;45#PCS - AC Ubc Line Voltage;;1.000000;0.000000;V;4
1681;4;4406;F32;;45#PCS - AC Uca Line Voltage;;1.000000;0.000000;V;4
1682;4;4408;F32;;45#PCS - AC Phase A Current;;1.000000;0.000000;A;4
1683;4;4410;F32;;45#PCS - AC Phase B Current;;1.000000;0.000000;A;4
1684;4;4412;F32;;45#PCS - AC Phase C Current;;1.000000;0.000000;A;4
1685;4;4414;F32;;45#PCS - AC Frequency;;1.000000;0.000000;Hz;4
1686;4;4416;F32;;45#PCS - Total AC Active Power;;1.000000;0.000000;kW;4
1687;4;4418;F32;;45#PCS - Total AC Reactive Power;;1.000000;0.000000;kvar;4
1688;4;4420;F32;;45#PCS - Total AC Apparent Power;;1.000000;0.000000;kW;4
1689;4;4422;F32;;45#PCS - Total AC Power Factor;;1.000000;0.000000;;4
1690;4;4424;F32;;45#PCS - Phase A AC Active Power;;1.000000;0.000000;kW;4
1691;4;4426;F32;;45#PCS - Phase B AC Active Power;;1.000000;0.000000;kW;4
1692;4;4428;F32;;45#PCS - Phase C AC Active Power;;1.000000;0.000000;kW;4
1693;4;4430;F32;;45#PCS - Phase A AC Reactive Power;;1.000000;0.000000;kvar;4
1694;4;4432;F32;;45#PCS - Phase B AC Reactive Power;;1.000000;0.000000;kvar;4
1695;4;4434;F32;;45#PCS - Phase C AC Reactive Power;;1.000000;0.000000;kvar;4
1696;4;4436;F32;;45#PCS - Phase A AC Apparent Power;;1.000000;0.000000;kVA;4
1697;4;4438;F32;;45#PCS - Phase B AC Apparent Power;;1.000000;0.000000;kVA;4
1698;4;4440;F32;;45#PCS - Phase C AC Apparent Power;;1.000000;0.000000;kVA;4
1699;4;4442;F32;;45#PCS - Phase A AC Power Factor;;1.000000;0.000000;;4
1700;4;4444;F32;;45#PCS - Phase B AC Power Factor;;1.000000;0.000000;;4
1701;4;4446;F32;;45#PCS - Phase C AC Power Factor;;1.000000;0.000000;;4
1702;4;4448;F32;;45#PCS - IGBT Module Temperature;;1.000000;0.000000;°C;4
1703;4;4450;F32;;45#PCS - Ambient Temperature;;1.000000;0.000000;°C;4
1704;4;4452;F32;;45#PCS - Total  AC Charging Energy;;1.000000;0.000000;kWh;4
1705;4;4454;F32;;45#PCS - Total AC Discharging Energy;;1.000000;0.000000;kWh;4
1706;4;4456;F32;;45#PCS - Daily AC Charging Energy;;1.000000;0.000000;kWh;4
1707;4;4458;F32;;45#PCS - Daily AC Discharging Energy;;1.000000;0.000000;kWh;4
1708;4;4460;U32;;45#PCS - Number of branches;;1.000000;0.000000;;4
1709;4;4462;F32;;45#PCS - Branch 1 DC Power;;1.000000;0.000000;kW;4
1710;4;4464;F32;;45#PCS - Branch 1 DC Voltage;;1.000000;0.000000;V;4
1711;4;4466;F32;;45#PCS - Branch 1 DC Current;;1.000000;0.000000;A;4
1712;4;4468;F32;;45#PCS - Branch 2~n DC Power;;1.000000;0.000000;kW;4
1713;4;4470;F32;;45#PCS - Branch 2~n DC Voltage;;1.000000;0.000000;V;4
1714;4;4472;F32;;45#PCS - Branch 2~n DC Current;;1.000000;0.000000;A;4
1715;4;4500;U16;;46#PCS - Operating Status;;1.000000;0.000000;;9
1716;4;4501;U16;;46#PCS - Reserve;;1.000000;0.000000;;0
1717;4;4502;F32;;46#PCS - AC Uab Line Voltage;;1.000000;0.000000;V;4
1718;4;4504;F32;;46#PCS - AC Ubc Line Voltage;;1.000000;0.000000;V;4
1719;4;4506;F32;;46#PCS - AC Uca Line Voltage;;1.000000;0.000000;V;4
1720;4;4508;F32;;46#PCS - AC Phase A Current;;1.000000;0.000000;A;4
1721;4;4510;F32;;46#PCS - AC Phase B Current;;1.000000;0.000000;A;4
1722;4;4512;F32;;46#PCS - AC Phase C Current;;1.000000;0.000000;A;4
1723;4;4514;F32;;46#PCS - AC Frequency;;1.000000;0.000000;Hz;4
1724;4;4516;F32;;46#PCS - Total AC Active Power;;1.000000;0.000000;kW;4
1725;4;4518;F32;;46#PCS - Total AC Reactive Power;;1.000000;0.000000;kvar;4
1726;4;4520;F32;;46#PCS - Total AC Apparent Power;;1.000000;0.000000;kW;4
1727;4;4522;F32;;46#PCS - Total AC Power Factor;;1.000000;0.000000;;4
1728;4;4524;F32;;46#PCS - Phase A AC Active Power;;1.000000;0.000000;kW;4
1729;4;4526;F32;;46#PCS - Phase B AC Active Power;;1.000000;0.000000;kW;4
1730;4;4528;F32;;46#PCS - Phase C AC Active Power;;1.000000;0.000000;kW;4
1731;4;4530;F32;;46#PCS - Phase A AC Reactive Power;;1.000000;0.000000;kvar;4
1732;4;4532;F32;;46#PCS - Phase B AC Reactive Power;;1.000000;0.000000;kvar;4
1733;4;4534;F32;;46#PCS - Phase C AC Reactive Power;;1.000000;0.000000;kvar;4
1734;4;4536;F32;;46#PCS - Phase A AC Apparent Power;;1.000000;0.000000;kVA;4
1735;4;4538;F32;;46#PCS - Phase B AC Apparent Power;;1.000000;0.000000;kVA;4
1736;4;4540;F32;;46#PCS - Phase C AC Apparent Power;;1.000000;0.000000;kVA;4
1737;4;4542;F32;;46#PCS - Phase A AC Power Factor;;1.000000;0.000000;;4
1738;4;4544;F32;;46#PCS - Phase B AC Power Factor;;1.000000;0.000000;;4
1739;4;4546;F32;;46#PCS - Phase C AC Power Factor;;1.000000;0.000000;;4
1740;4;4548;F32;;46#PCS - IGBT Module Temperature;;1.000000;0.000000;°C;4
1741;4;4550;F32;;46#PCS - Ambient Temperature;;1.000000;0.000000;°C;4
1742;4;4552;F32;;46#PCS - Total  AC Charging Energy;;1.000000;0.000000;kWh;4
1743;4;4554;F32;;46#PCS - Total AC Discharging Energy;;1.000000;0.000000;kWh;4
1744;4;4556;F32;;46#PCS - Daily AC Charging Energy;;1.000000;0.000000;kWh;4
1745;4;4558;F32;;46#PCS - Daily AC Discharging Energy;;1.000000;0.000000;kWh;4
1746;4;4560;U32;;46#PCS - Number of branches;;1.000000;0.000000;;4
1747;4;4562;F32;;46#PCS - Branch 1 DC Power;;1.000000;0.000000;kW;4
1748;4;4564;F32;;46#PCS - Branch 1 DC Voltage;;1.000000;0.000000;V;4
1749;4;4566;F32;;46#PCS - Branch 1 DC Current;;1.000000;0.000000;A;4
1750;4;4568;F32;;46#PCS - Branch 2~n DC Power;;1.000000;0.000000;kW;4
1751;4;4570;F32;;46#PCS - Branch 2~n DC Voltage;;1.000000;0.000000;V;4
1752;4;4572;F32;;46#PCS - Branch 2~n DC Current;;1.000000;0.000000;A;4
1753;4;4600;U16;;47#PCS - Operating Status;;1.000000;0.000000;;9
1754;4;4601;U16;;47#PCS - Reserve;;1.000000;0.000000;;0
1755;4;4602;F32;;47#PCS - AC Uab Line Voltage;;1.000000;0.000000;V;4
1756;4;4604;F32;;47#PCS - AC Ubc Line Voltage;;1.000000;0.000000;V;4
1757;4;4606;F32;;47#PCS - AC Uca Line Voltage;;1.000000;0.000000;V;4
1758;4;4608;F32;;47#PCS - AC Phase A Current;;1.000000;0.000000;A;4
1759;4;4610;F32;;47#PCS - AC Phase B Current;;1.000000;0.000000;A;4
1760;4;4612;F32;;47#PCS - AC Phase C Current;;1.000000;0.000000;A;4
1761;4;4614;F32;;47#PCS - AC Frequency;;1.000000;0.000000;Hz;4
1762;4;4616;F32;;47#PCS - Total AC Active Power;;1.000000;0.000000;kW;4
1763;4;4618;F32;;47#PCS - Total AC Reactive Power;;1.000000;0.000000;kvar;4
1764;4;4620;F32;;47#PCS - Total AC Apparent Power;;1.000000;0.000000;kW;4
1765;4;4622;F32;;47#PCS - Total AC Power Factor;;1.000000;0.000000;;4
1766;4;4624;F32;;47#PCS - Phase A AC Active Power;;1.000000;0.000000;kW;4
1767;4;4626;F32;;47#PCS - Phase B AC Active Power;;1.000000;0.000000;kW;4
1768;4;4628;F32;;47#PCS - Phase C AC Active Power;;1.000000;0.000000;kW;4
1769;4;4630;F32;;47#PCS - Phase A AC Reactive Power;;1.000000;0.000000;kvar;4
1770;4;4632;F32;;47#PCS - Phase B AC Reactive Power;;1.000000;0.000000;kvar;4
1771;4;4634;F32;;47#PCS - Phase C AC Reactive Power;;1.000000;0.000000;kvar;4
1772;4;4636;F32;;47#PCS - Phase A AC Apparent Power;;1.000000;0.000000;kVA;4
1773;4;4638;F32;;47#PCS - Phase B AC Apparent Power;;1.000000;0.000000;kVA;4
1774;4;4640;F32;;47#PCS - Phase C AC Apparent Power;;1.000000;0.000000;kVA;4
1775;4;4642;F32;;47#PCS - Phase A AC Power Factor;;1.000000;0.000000;;4
1776;4;4644;F32;;47#PCS - Phase B AC Power Factor;;1.000000;0.000000;;4
1777;4;4646;F32;;47#PCS - Phase C AC Power Factor;;1.000000;0.000000;;4
1778;4;4648;F32;;47#PCS - IGBT Module Temperature;;1.000000;0.000000;°C;4
1779;4;4650;F32;;47#PCS - Ambient Temperature;;1.000000;0.000000;°C;4
1780;4;4652;F32;;47#PCS - Total  AC Charging Energy;;1.000000;0.000000;kWh;4
1781;4;4654;F32;;47#PCS - Total AC Discharging Energy;;1.000000;0.000000;kWh;4
1782;4;4656;F32;;47#PCS - Daily AC Charging Energy;;1.000000;0.000000;kWh;4
1783;4;4658;F32;;47#PCS - Daily AC Discharging Energy;;1.000000;0.000000;kWh;4
1784;4;4660;U32;;47#PCS - Number of branches;;1.000000;0.000000;;4
1785;4;4662;F32;;47#PCS - Branch 1 DC Power;;1.000000;0.000000;kW;4
1786;4;4664;F32;;47#PCS - Branch 1 DC Voltage;;1.000000;0.000000;V;4
1787;4;4666;F32;;47#PCS - Branch 1 DC Current;;1.000000;0.000000;A;4
1788;4;4668;F32;;47#PCS - Branch 2~n DC Power;;1.000000;0.000000;kW;4
1789;4;4670;F32;;47#PCS - Branch 2~n DC Voltage;;1.000000;0.000000;V;4
1790;4;4672;F32;;47#PCS - Branch 2~n DC Current;;1.000000;0.000000;A;4
1791;4;4700;U16;;48#PCS - Operating Status;;1.000000;0.000000;;9
1792;4;4701;U16;;48#PCS - Reserve;;1.000000;0.000000;;0
1793;4;4702;F32;;48#PCS - AC Uab Line Voltage;;1.000000;0.000000;V;4
1794;4;4704;F32;;48#PCS - AC Ubc Line Voltage;;1.000000;0.000000;V;4
1795;4;4706;F32;;48#PCS - AC Uca Line Voltage;;1.000000;0.000000;V;4
1796;4;4708;F32;;48#PCS - AC Phase A Current;;1.000000;0.000000;A;4
1797;4;4710;F32;;48#PCS - AC Phase B Current;;1.000000;0.000000;A;4
1798;4;4712;F32;;48#PCS - AC Phase C Current;;1.000000;0.000000;A;4
1799;4;4714;F32;;48#PCS - AC Frequency;;1.000000;0.000000;Hz;4
1800;4;4716;F32;;48#PCS - Total AC Active Power;;1.000000;0.000000;kW;4
1801;4;4718;F32;;48#PCS - Total AC Reactive Power;;1.000000;0.000000;kvar;4
1802;4;4720;F32;;48#PCS - Total AC Apparent Power;;1.000000;0.000000;kW;4
1803;4;4722;F32;;48#PCS - Total AC Power Factor;;1.000000;0.000000;;4
1804;4;4724;F32;;48#PCS - Phase A AC Active Power;;1.000000;0.000000;kW;4
1805;4;4726;F32;;48#PCS - Phase B AC Active Power;;1.000000;0.000000;kW;4
1806;4;4728;F32;;48#PCS - Phase C AC Active Power;;1.000000;0.000000;kW;4
1807;4;4730;F32;;48#PCS - Phase A AC Reactive Power;;1.000000;0.000000;kvar;4
1808;4;4732;F32;;48#PCS - Phase B AC Reactive Power;;1.000000;0.000000;kvar;4
1809;4;4734;F32;;48#PCS - Phase C AC Reactive Power;;1.000000;0.000000;kvar;4
1810;4;4736;F32;;48#PCS - Phase A AC Apparent Power;;1.000000;0.000000;kVA;4
1811;4;4738;F32;;48#PCS - Phase B AC Apparent Power;;1.000000;0.000000;kVA;4
1812;4;4740;F32;;48#PCS - Phase C AC Apparent Power;;1.000000;0.000000;kVA;4
1813;4;4742;F32;;48#PCS - Phase A AC Power Factor;;1.000000;0.000000;;4
1814;4;4744;F32;;48#PCS - Phase B AC Power Factor;;1.000000;0.000000;;4
1815;4;4746;F32;;48#PCS - Phase C AC Power Factor;;1.000000;0.000000;;4
1816;4;4748;F32;;48#PCS - IGBT Module Temperature;;1.000000;0.000000;°C;4
1817;4;4750;F32;;48#PCS - Ambient Temperature;;1.000000;0.000000;°C;4
1818;4;4752;F32;;48#PCS - Total  AC Charging Energy;;1.000000;0.000000;kWh;4
1819;4;4754;F32;;48#PCS - Total AC Discharging Energy;;1.000000;0.000000;kWh;4
1820;4;4756;F32;;48#PCS - Daily AC Charging Energy;;1.000000;0.000000;kWh;4
1821;4;4758;F32;;48#PCS - Daily AC Discharging Energy;;1.000000;0.000000;kWh;4
1822;4;4760;U32;;48#PCS - Number of branches;;1.000000;0.000000;;4
1823;4;4762;F32;;48#PCS - Branch 1 DC Power;;1.000000;0.000000;kW;4
1824;4;4764;F32;;48#PCS - Branch 1 DC Voltage;;1.000000;0.000000;V;4
1825;4;4766;F32;;48#PCS - Branch 1 DC Current;;1.000000;0.000000;A;4
1826;4;4768;F32;;48#PCS - Branch 2~n DC Power;;1.000000;0.000000;kW;4
1827;4;4770;F32;;48#PCS - Branch 2~n DC Voltage;;1.000000;0.000000;V;4
1828;4;4772;F32;;48#PCS - Branch 2~n DC Current;;1.000000;0.000000;A;4
1829;4;4800;U16;;49#PCS - Operating Status;;1.000000;0.000000;;9
1830;4;4801;U16;;49#PCS - Reserve;;1.000000;0.000000;;0
1831;4;4802;F32;;49#PCS - AC Uab Line Voltage;;1.000000;0.000000;V;4
1832;4;4804;F32;;49#PCS - AC Ubc Line Voltage;;1.000000;0.000000;V;4
1833;4;4806;F32;;49#PCS - AC Uca Line Voltage;;1.000000;0.000000;V;4
1834;4;4808;F32;;49#PCS - AC Phase A Current;;1.000000;0.000000;A;4
1835;4;4810;F32;;49#PCS - AC Phase B Current;;1.000000;0.000000;A;4
1836;4;4812;F32;;49#PCS - AC Phase C Current;;1.000000;0.000000;A;4
1837;4;4814;F32;;49#PCS - AC Frequency;;1.000000;0.000000;Hz;4
1838;4;4816;F32;;49#PCS - Total AC Active Power;;1.000000;0.000000;kW;4
1839;4;4818;F32;;49#PCS - Total AC Reactive Power;;1.000000;0.000000;kvar;4
1840;4;4820;F32;;49#PCS - Total AC Apparent Power;;1.000000;0.000000;kW;4
1841;4;4822;F32;;49#PCS - Total AC Power Factor;;1.000000;0.000000;;4
1842;4;4824;F32;;49#PCS - Phase A AC Active Power;;1.000000;0.000000;kW;4
1843;4;4826;F32;;49#PCS - Phase B AC Active Power;;1.000000;0.000000;kW;4
1844;4;4828;F32;;49#PCS - Phase C AC Active Power;;1.000000;0.000000;kW;4
1845;4;4830;F32;;49#PCS - Phase A AC Reactive Power;;1.000000;0.000000;kvar;4
1846;4;4832;F32;;49#PCS - Phase B AC Reactive Power;;1.000000;0.000000;kvar;4
1847;4;4834;F32;;49#PCS - Phase C AC Reactive Power;;1.000000;0.000000;kvar;4
1848;4;4836;F32;;49#PCS - Phase A AC Apparent Power;;1.000000;0.000000;kVA;4
1849;4;4838;F32;;49#PCS - Phase B AC Apparent Power;;1.000000;0.000000;kVA;4
1850;4;4840;F32;;49#PCS - Phase C AC Apparent Power;;1.000000;0.000000;kVA;4
1851;4;4842;F32;;49#PCS - Phase A AC Power Factor;;1.000000;0.000000;;4
1852;4;4844;F32;;49#PCS - Phase B AC Power Factor;;1.000000;0.000000;;4
1853;4;4846;F32;;49#PCS - Phase C AC Power Factor;;1.000000;0.000000;;4
1854;4;4848;F32;;49#PCS - IGBT Module Temperature;;1.000000;0.000000;°C;4
1855;4;4850;F32;;49#PCS - Ambient Temperature;;1.000000;0.000000;°C;4
1856;4;4852;F32;;49#PCS - Total  AC Charging Energy;;1.000000;0.000000;kWh;4
1857;4;4854;F32;;49#PCS - Total AC Discharging Energy;;1.000000;0.000000;kWh;4
1858;4;4856;F32;;49#PCS - Daily AC Charging Energy;;1.000000;0.000000;kWh;4
1859;4;4858;F32;;49#PCS - Daily AC Discharging Energy;;1.000000;0.000000;kWh;4
1860;4;4860;U32;;49#PCS - Number of branches;;1.000000;0.000000;;4
1861;4;4862;F32;;49#PCS - Branch 1 DC Power;;1.000000;0.000000;kW;4
1862;4;4864;F32;;49#PCS - Branch 1 DC Voltage;;1.000000;0.000000;V;4
1863;4;4866;F32;;49#PCS - Branch 1 DC Current;;1.000000;0.000000;A;4
1864;4;4868;F32;;49#PCS - Branch 2~n DC Power;;1.000000;0.000000;kW;4
1865;4;4870;F32;;49#PCS - Branch 2~n DC Voltage;;1.000000;0.000000;V;4
1866;4;4872;F32;;49#PCS - Branch 2~n DC Current;;1.000000;0.000000;A;4
1867;4;4900;U16;;50#PCS - Operating Status;;1.000000;0.000000;;9
1868;4;4901;U16;;50#PCS - Reserve;;1.000000;0.000000;;0
1869;4;4902;F32;;50#PCS - AC Uab Line Voltage;;1.000000;0.000000;V;4
1870;4;4904;F32;;50#PCS - AC Ubc Line Voltage;;1.000000;0.000000;V;4
1871;4;4906;F32;;50#PCS - AC Uca Line Voltage;;1.000000;0.000000;V;4
1872;4;4908;F32;;50#PCS - AC Phase A Current;;1.000000;0.000000;A;4
1873;4;4910;F32;;50#PCS - AC Phase B Current;;1.000000;0.000000;A;4
1874;4;4912;F32;;50#PCS - AC Phase C Current;;1.000000;0.000000;A;4
1875;4;4914;F32;;50#PCS - AC Frequency;;1.000000;0.000000;Hz;4
1876;4;4916;F32;;50#PCS - Total AC Active Power;;1.000000;0.000000;kW;4
1877;4;4918;F32;;50#PCS - Total AC Reactive Power;;1.000000;0.000000;kvar;4
1878;4;4920;F32;;50#PCS - Total AC Apparent Power;;1.000000;0.000000;kW;4
1879;4;4922;F32;;50#PCS - Total AC Power Factor;;1.000000;0.000000;;4
1880;4;4924;F32;;50#PCS - Phase A AC Active Power;;1.000000;0.000000;kW;4
1881;4;4926;F32;;50#PCS - Phase B AC Active Power;;1.000000;0.000000;kW;4
1882;4;4928;F32;;50#PCS - Phase C AC Active Power;;1.000000;0.000000;kW;4
1883;4;4930;F32;;50#PCS - Phase A AC Reactive Power;;1.000000;0.000000;kvar;4
1884;4;4932;F32;;50#PCS - Phase B AC Reactive Power;;1.000000;0.000000;kvar;4
1885;4;4934;F32;;50#PCS - Phase C AC Reactive Power;;1.000000;0.000000;kvar;4
1886;4;4936;F32;;50#PCS - Phase A AC Apparent Power;;1.000000;0.000000;kVA;4
1887;4;4938;F32;;50#PCS - Phase B AC Apparent Power;;1.000000;0.000000;kVA;4
1888;4;4940;F32;;50#PCS - Phase C AC Apparent Power;;1.000000;0.000000;kVA;4
1889;4;4942;F32;;50#PCS - Phase A AC Power Factor;;1.000000;0.000000;;4
1890;4;4944;F32;;50#PCS - Phase B AC Power Factor;;1.000000;0.000000;;4
1891;4;4946;F32;;50#PCS - Phase C AC Power Factor;;1.000000;0.000000;;4
1892;4;4948;F32;;50#PCS - IGBT Module Temperature;;1.000000;0.000000;°C;4
1893;4;4950;F32;;50#PCS - Ambient Temperature;;1.000000;0.000000;°C;4
1894;4;4952;F32;;50#PCS - Total  AC Charging Energy;;1.000000;0.000000;kWh;4
1895;4;4954;F32;;50#PCS - Total AC Discharging Energy;;1.000000;0.000000;kWh;4
1896;4;4956;F32;;50#PCS - Daily AC Charging Energy;;1.000000;0.000000;kWh;4
1897;4;4958;F32;;50#PCS - Daily AC Discharging Energy;;1.000000;0.000000;kWh;4
1898;4;4960;U32;;50#PCS - Number of branches;;1.000000;0.000000;;4
1899;4;4962;F32;;50#PCS - Branch 1 DC Power;;1.000000;0.000000;kW;4
1900;4;4964;F32;;50#PCS - Branch 1 DC Voltage;;1.000000;0.000000;V;4
1901;4;4966;F32;;50#PCS - Branch 1 DC Current;;1.000000;0.000000;A;4
1902;4;4968;F32;;50#PCS - Branch 2~n DC Power;;1.000000;0.000000;kW;4
1903;4;4970;F32;;50#PCS - Branch 2~n DC Voltage;;1.000000;0.000000;V;4
1904;4;4972;F32;;50#PCS - Branch 2~n DC Current;;1.000000;0.000000;A;4
1905;4;5000;F32;;1#battery bank - Bank Voltage;;1.000000;0.000000;V;4
1906;4;5002;F32;;1#battery bank - Bank Current;;1.000000;0.000000;A;4
1907;4;5004;F32;;1#battery bank - Bank SOC;;1.000000;0.000000;%;4
1908;4;5006;F32;;1#battery bank - Bank SOH;;1.000000;0.000000;%;4
1909;4;5008;F32;;1#battery bank - Bank Insulation Resistance;;1.000000;0.000000;Ω;4
1910;4;5010;F32;;1#battery bank - Bank Available Charge Energy;;1.000000;0.000000;kWh;4
1911;4;5012;F32;;1#battery bank - Bank Available Discharge Energy;;1.000000;0.000000;kWh;4
1912;4;5014;F32;;1#battery bank - System Allowed Maximum Charge Current;;1.000000;0.000000;A;4
1913;4;5016;F32;;1#battery bank - System Allowed Maximum Discharge Current;;1.000000;0.000000;A;4
1914;4;5018;F32;;1#battery bank - Today’s Charge Energy;;1.000000;0.000000;kWh;4
1915;4;5020;F32;;1#battery bank - Today’s Discharge Energy;;1.000000;0.000000;kWh;4
1916;4;5022;F32;;1#battery bank - Accumulated Charge Energy;;1.000000;0.000000;kWh;4
1917;4;5024;F32;;1#battery bank - Accumulated Discharge Energy;;1.000000;0.000000;kWh;4
1918;4;5100;F32;;2#battery bank - Bank Voltage;;1.000000;0.000000;V;4
1919;4;5102;F32;;2#battery bank - Bank Current;;1.000000;0.000000;A;4
1920;4;5104;F32;;2#battery bank - Bank SOC;;1.000000;0.000000;%;4
1921;4;5106;F32;;2#battery bank - Bank SOH;;1.000000;0.000000;%;4
1922;4;5108;F32;;2#battery bank - Bank Insulation Resistance;;1.000000;0.000000;Ω;4
1923;4;5110;F32;;2#battery bank - Bank Available Charge Energy;;1.000000;0.000000;kWh;4
1924;4;5112;F32;;2#battery bank - Bank Available Discharge Energy;;1.000000;0.000000;kWh;4
1925;4;5114;F32;;2#battery bank - System Allowed Maximum Charge Current;;1.000000;0.000000;A;4
1926;4;5116;F32;;2#battery bank - System Allowed Maximum Discharge Current;;1.000000;0.000000;A;4
1927;4;5118;F32;;2#battery bank - Today’s Charge Energy;;1.000000;0.000000;kWh;4
1928;4;5120;F32;;2#battery bank - Today’s Discharge Energy;;1.000000;0.000000;kWh;4
1929;4;5122;F32;;2#battery bank - Accumulated Charge Energy;;1.000000;0.000000;kWh;4
1930;4;5124;F32;;2#battery bank - Accumulated Discharge Energy;;1.000000;0.000000;kWh;4
1931;4;5200;F32;;3#battery bank - Bank Voltage;;1.000000;0.000000;V;4
1932;4;5202;F32;;3#battery bank - Bank Current;;1.000000;0.000000;A;4
1933;4;5204;F32;;3#battery bank - Bank SOC;;1.000000;0.000000;%;4
1934;4;5206;F32;;3#battery bank - Bank SOH;;1.000000;0.000000;%;4
1935;4;5208;F32;;3#battery bank - Bank Insulation Resistance;;1.000000;0.000000;Ω;4
1936;4;5210;F32;;3#battery bank - Bank Available Charge Energy;;1.000000;0.000000;kWh;4
1937;4;5212;F32;;3#battery bank - Bank Available Discharge Energy;;1.000000;0.000000;kWh;4
1938;4;5214;F32;;3#battery bank - System Allowed Maximum Charge Current;;1.000000;0.000000;A;4
1939;4;5216;F32;;3#battery bank - System Allowed Maximum Discharge Current;;1.000000;0.000000;A;4
1940;4;5218;F32;;3#battery bank - Today’s Charge Energy;;1.000000;0.000000;kWh;4
1941;4;5220;F32;;3#battery bank - Today’s Discharge Energy;;1.000000;0.000000;kWh;4
1942;4;5222;F32;;3#battery bank - Accumulated Charge Energy;;1.000000;0.000000;kWh;4
1943;4;5224;F32;;3#battery bank - Accumulated Discharge Energy;;1.000000;0.000000;kWh;4
1944;4;5300;F32;;4#battery bank - Bank Voltage;;1.000000;0.000000;V;4
1945;4;5302;F32;;4#battery bank - Bank Current;;1.000000;0.000000;A;4
1946;4;5304;F32;;4#battery bank - Bank SOC;;1.000000;0.000000;%;4
1947;4;5306;F32;;4#battery bank - Bank SOH;;1.000000;0.000000;%;4
1948;4;5308;F32;;4#battery bank - Bank Insulation Resistance;;1.000000;0.000000;Ω;4
1949;4;5310;F32;;4#battery bank - Bank Available Charge Energy;;1.000000;0.000000;kWh;4
1950;4;5312;F32;;4#battery bank - Bank Available Discharge Energy;;1.000000;0.000000;kWh;4
1951;4;5314;F32;;4#battery bank - System Allowed Maximum Charge Current;;1.000000;0.000000;A;4
1952;4;5316;F32;;4#battery bank - System Allowed Maximum Discharge Current;;1.000000;0.000000;A;4
1953;4;5318;F32;;4#battery bank - Today’s Charge Energy;;1.000000;0.000000;kWh;4
1954;4;5320;F32;;4#battery bank - Today’s Discharge Energy;;1.000000;0.000000;kWh;4
1955;4;5322;F32;;4#battery bank - Accumulated Charge Energy;;1.000000;0.000000;kWh;4
1956;4;5324;F32;;4#battery bank - Accumulated Discharge Energy;;1.000000;0.000000;kWh;4
1957;4;5400;F32;;5#battery bank - Bank Voltage;;1.000000;0.000000;V;4
1958;4;5402;F32;;5#battery bank - Bank Current;;1.000000;0.000000;A;4
1959;4;5404;F32;;5#battery bank - Bank SOC;;1.000000;0.000000;%;4
1960;4;5406;F32;;5#battery bank - Bank SOH;;1.000000;0.000000;%;4
1961;4;5408;F32;;5#battery bank - Bank Insulation Resistance;;1.000000;0.000000;Ω;4
1962;4;5410;F32;;5#battery bank - Bank Available Charge Energy;;1.000000;0.000000;kWh;4
1963;4;5412;F32;;5#battery bank - Bank Available Discharge Energy;;1.000000;0.000000;kWh;4
1964;4;5414;F32;;5#battery bank - System Allowed Maximum Charge Current;;1.000000;0.000000;A;4
1965;4;5416;F32;;5#battery bank - System Allowed Maximum Discharge Current;;1.000000;0.000000;A;4
1966;4;5418;F32;;5#battery bank - Today’s Charge Energy;;1.000000;0.000000;kWh;4
1967;4;5420;F32;;5#battery bank - Today’s Discharge Energy;;1.000000;0.000000;kWh;4
1968;4;5422;F32;;5#battery bank - Accumulated Charge Energy;;1.000000;0.000000;kWh;4
1969;4;5424;F32;;5#battery bank - Accumulated Discharge Energy;;1.000000;0.000000;kWh;4
1970;4;5500;F32;;6#battery bank - Bank Voltage;;1.000000;0.000000;V;4
1971;4;5502;F32;;6#battery bank - Bank Current;;1.000000;0.000000;A;4
1972;4;5504;F32;;6#battery bank - Bank SOC;;1.000000;0.000000;%;4
1973;4;5506;F32;;6#battery bank - Bank SOH;;1.000000;0.000000;%;4
1974;4;5508;F32;;6#battery bank - Bank Insulation Resistance;;1.000000;0.000000;Ω;4
1975;4;5510;F32;;6#battery bank - Bank Available Charge Energy;;1.000000;0.000000;kWh;4
1976;4;5512;F32;;6#battery bank - Bank Available Discharge Energy;;1.000000;0.000000;kWh;4
1977;4;5514;F32;;6#battery bank - System Allowed Maximum Charge Current;;1.000000;0.000000;A;4
1978;4;5516;F32;;6#battery bank - System Allowed Maximum Discharge Current;;1.000000;0.000000;A;4
1979;4;5518;F32;;6#battery bank - Today’s Charge Energy;;1.000000;0.000000;kWh;4
1980;4;5520;F32;;6#battery bank - Today’s Discharge Energy;;1.000000;0.000000;kWh;4
1981;4;5522;F32;;6#battery bank - Accumulated Charge Energy;;1.000000;0.000000;kWh;4
1982;4;5524;F32;;6#battery bank - Accumulated Discharge Energy;;1.000000;0.000000;kWh;4
1983;4;5600;F32;;7#battery bank - Bank Voltage;;1.000000;0.000000;V;4
1984;4;5602;F32;;7#battery bank - Bank Current;;1.000000;0.000000;A;4
1985;4;5604;F32;;7#battery bank - Bank SOC;;1.000000;0.000000;%;4
1986;4;5606;F32;;7#battery bank - Bank SOH;;1.000000;0.000000;%;4
1987;4;5608;F32;;7#battery bank - Bank Insulation Resistance;;1.000000;0.000000;Ω;4
1988;4;5610;F32;;7#battery bank - Bank Available Charge Energy;;1.000000;0.000000;kWh;4
1989;4;5612;F32;;7#battery bank - Bank Available Discharge Energy;;1.000000;0.000000;kWh;4
1990;4;5614;F32;;7#battery bank - System Allowed Maximum Charge Current;;1.000000;0.000000;A;4
1991;4;5616;F32;;7#battery bank - System Allowed Maximum Discharge Current;;1.000000;0.000000;A;4
1992;4;5618;F32;;7#battery bank - Today’s Charge Energy;;1.000000;0.000000;kWh;4
1993;4;5620;F32;;7#battery bank - Today’s Discharge Energy;;1.000000;0.000000;kWh;4
1994;4;5622;F32;;7#battery bank - Accumulated Charge Energy;;1.000000;0.000000;kWh;4
1995;4;5624;F32;;7#battery bank - Accumulated Discharge Energy;;1.000000;0.000000;kWh;4
1996;4;5700;F32;;8#battery bank - Bank Voltage;;1.000000;0.000000;V;4
1997;4;5702;F32;;8#battery bank - Bank Current;;1.000000;0.000000;A;4
1998;4;5704;F32;;8#battery bank - Bank SOC;;1.000000;0.000000;%;4
1999;4;5706;F32;;8#battery bank - Bank SOH;;1.000000;0.000000;%;4
2000;4;5708;F32;;8#battery bank - Bank Insulation Resistance;;1.000000;0.000000;Ω;4
2001;4;5710;F32;;8#battery bank - Bank Available Charge Energy;;1.000000;0.000000;kWh;4
2002;4;5712;F32;;8#battery bank - Bank Available Discharge Energy;;1.000000;0.000000;kWh;4
2003;4;5714;F32;;8#battery bank - System Allowed Maximum Charge Current;;1.000000;0.000000;A;4
2004;4;5716;F32;;8#battery bank - System Allowed Maximum Discharge Current;;1.000000;0.000000;A;4
2005;4;5718;F32;;8#battery bank - Today’s Charge Energy;;1.000000;0.000000;kWh;4
2006;4;5720;F32;;8#battery bank - Today’s Discharge Energy;;1.000000;0.000000;kWh;4
2007;4;5722;F32;;8#battery bank - Accumulated Charge Energy;;1.000000;0.000000;kWh;4
2008;4;5724;F32;;8#battery bank - Accumulated Discharge Energy;;1.000000;0.000000;kWh;4
2009;4;5800;F32;;9#battery bank - Bank Voltage;;1.000000;0.000000;V;4
2010;4;5802;F32;;9#battery bank - Bank Current;;1.000000;0.000000;A;4
2011;4;5804;F32;;9#battery bank - Bank SOC;;1.000000;0.000000;%;4
2012;4;5806;F32;;9#battery bank - Bank SOH;;1.000000;0.000000;%;4
2013;4;5808;F32;;9#battery bank - Bank Insulation Resistance;;1.000000;0.000000;Ω;4
2014;4;5810;F32;;9#battery bank - Bank Available Charge Energy;;1.000000;0.000000;kWh;4
2015;4;5812;F32;;9#battery bank - Bank Available Discharge Energy;;1.000000;0.000000;kWh;4
2016;4;5814;F32;;9#battery bank - System Allowed Maximum Charge Current;;1.000000;0.000000;A;4
2017;4;5816;F32;;9#battery bank - System Allowed Maximum Discharge Current;;1.000000;0.000000;A;4
2018;4;5818;F32;;9#battery bank - Today’s Charge Energy;;1.000000;0.000000;kWh;4
2019;4;5820;F32;;9#battery bank - Today’s Discharge Energy;;1.000000;0.000000;kWh;4
2020;4;5822;F32;;9#battery bank - Accumulated Charge Energy;;1.000000;0.000000;kWh;4
2021;4;5824;F32;;9#battery bank - Accumulated Discharge Energy;;1.000000;0.000000;kWh;4
2022;4;5900;F32;;10#battery bank - Bank Voltage;;1.000000;0.000000;V;4
2023;4;5902;F32;;10#battery bank - Bank Current;;1.000000;0.000000;A;4
2024;4;5904;F32;;10#battery bank - Bank SOC;;1.000000;0.000000;%;4
2025;4;5906;F32;;10#battery bank - Bank SOH;;1.000000;0.000000;%;4
2026;4;5908;F32;;10#battery bank - Bank Insulation Resistance;;1.000000;0.000000;Ω;4
2027;4;5910;F32;;10#battery bank - Bank Available Charge Energy;;1.000000;0.000000;kWh;4
2028;4;5912;F32;;10#battery bank - Bank Available Discharge Energy;;1.000000;0.000000;kWh;4
2029;4;5914;F32;;10#battery bank - System Allowed Maximum Charge Current;;1.000000;0.000000;A;4
2030;4;5916;F32;;10#battery bank - System Allowed Maximum Discharge Current;;1.000000;0.000000;A;4
2031;4;5918;F32;;10#battery bank - Today’s Charge Energy;;1.000000;0.000000;kWh;4
2032;4;5920;F32;;10#battery bank - Today’s Discharge Energy;;1.000000;0.000000;kWh;4
2033;4;5922;F32;;10#battery bank - Accumulated Charge Energy;;1.000000;0.000000;kWh;4
2034;4;5924;F32;;10#battery bank - Accumulated Discharge Energy;;1.000000;0.000000;kWh;4
2035;4;6000;F32;;11#battery bank - Bank Voltage;;1.000000;0.000000;V;4
2036;4;6002;F32;;11#battery bank - Bank Current;;1.000000;0.000000;A;4
2037;4;6004;F32;;11#battery bank - Bank SOC;;1.000000;0.000000;%;4
2038;4;6006;F32;;11#battery bank - Bank SOH;;1.000000;0.000000;%;4
2039;4;6008;F32;;11#battery bank - Bank Insulation Resistance;;1.000000;0.000000;Ω;4
2040;4;6010;F32;;11#battery bank - Bank Available Charge Energy;;1.000000;0.000000;kWh;4
2041;4;6012;F32;;11#battery bank - Bank Available Discharge Energy;;1.000000;0.000000;kWh;4
2042;4;6014;F32;;11#battery bank - System Allowed Maximum Charge Current;;1.000000;0.000000;A;4
2043;4;6016;F32;;11#battery bank - System Allowed Maximum Discharge Current;;1.000000;0.000000;A;4
2044;4;6018;F32;;11#battery bank - Today’s Charge Energy;;1.000000;0.000000;kWh;4
2045;4;6020;F32;;11#battery bank - Today’s Discharge Energy;;1.000000;0.000000;kWh;4
2046;4;6022;F32;;11#battery bank - Accumulated Charge Energy;;1.000000;0.000000;kWh;4
2047;4;6024;F32;;11#battery bank - Accumulated Discharge Energy;;1.000000;0.000000;kWh;4
2048;4;6100;F32;;12#battery bank - Bank Voltage;;1.000000;0.000000;V;4
2049;4;6102;F32;;12#battery bank - Bank Current;;1.000000;0.000000;A;4
2050;4;6104;F32;;12#battery bank - Bank SOC;;1.000000;0.000000;%;4
2051;4;6106;F32;;12#battery bank - Bank SOH;;1.000000;0.000000;%;4
2052;4;6108;F32;;12#battery bank - Bank Insulation Resistance;;1.000000;0.000000;Ω;4
2053;4;6110;F32;;12#battery bank - Bank Available Charge Energy;;1.000000;0.000000;kWh;4
2054;4;6112;F32;;12#battery bank - Bank Available Discharge Energy;;1.000000;0.000000;kWh;4
2055;4;6114;F32;;12#battery bank - System Allowed Maximum Charge Current;;1.000000;0.000000;A;4
2056;4;6116;F32;;12#battery bank - System Allowed Maximum Discharge Current;;1.000000;0.000000;A;4
2057;4;6118;F32;;12#battery bank - Today’s Charge Energy;;1.000000;0.000000;kWh;4
2058;4;6120;F32;;12#battery bank - Today’s Discharge Energy;;1.000000;0.000000;kWh;4
2059;4;6122;F32;;12#battery bank - Accumulated Charge Energy;;1.000000;0.000000;kWh;4
2060;4;6124;F32;;12#battery bank - Accumulated Discharge Energy;;1.000000;0.000000;kWh;4
2061;4;6200;F32;;13#battery bank - Bank Voltage;;1.000000;0.000000;V;4
2062;4;6202;F32;;13#battery bank - Bank Current;;1.000000;0.000000;A;4
2063;4;6204;F32;;13#battery bank - Bank SOC;;1.000000;0.000000;%;4
2064;4;6206;F32;;13#battery bank - Bank SOH;;1.000000;0.000000;%;4
2065;4;6208;F32;;13#battery bank - Bank Insulation Resistance;;1.000000;0.000000;Ω;4
2066;4;6210;F32;;13#battery bank - Bank Available Charge Energy;;1.000000;0.000000;kWh;4
2067;4;6212;F32;;13#battery bank - Bank Available Discharge Energy;;1.000000;0.000000;kWh;4
2068;4;6214;F32;;13#battery bank - System Allowed Maximum Charge Current;;1.000000;0.000000;A;4
2069;4;6216;F32;;13#battery bank - System Allowed Maximum Discharge Current;;1.000000;0.000000;A;4
2070;4;6218;F32;;13#battery bank - Today’s Charge Energy;;1.000000;0.000000;kWh;4
2071;4;6220;F32;;13#battery bank - Today’s Discharge Energy;;1.000000;0.000000;kWh;4
2072;4;6222;F32;;13#battery bank - Accumulated Charge Energy;;1.000000;0.000000;kWh;4
2073;4;6224;F32;;13#battery bank - Accumulated Discharge Energy;;1.000000;0.000000;kWh;4
2074;4;6300;F32;;14#battery bank - Bank Voltage;;1.000000;0.000000;V;4
2075;4;6302;F32;;14#battery bank - Bank Current;;1.000000;0.000000;A;4
2076;4;6304;F32;;14#battery bank - Bank SOC;;1.000000;0.000000;%;4
2077;4;6306;F32;;14#battery bank - Bank SOH;;1.000000;0.000000;%;4
2078;4;6308;F32;;14#battery bank - Bank Insulation Resistance;;1.000000;0.000000;Ω;4
2079;4;6310;F32;;14#battery bank - Bank Available Charge Energy;;1.000000;0.000000;kWh;4
2080;4;6312;F32;;14#battery bank - Bank Available Discharge Energy;;1.000000;0.000000;kWh;4
2081;4;6314;F32;;14#battery bank - System Allowed Maximum Charge Current;;1.000000;0.000000;A;4
2082;4;6316;F32;;14#battery bank - System Allowed Maximum Discharge Current;;1.000000;0.000000;A;4
2083;4;6318;F32;;14#battery bank - Today’s Charge Energy;;1.000000;0.000000;kWh;4
2084;4;6320;F32;;14#battery bank - Today’s Discharge Energy;;1.000000;0.000000;kWh;4
2085;4;6322;F32;;14#battery bank - Accumulated Charge Energy;;1.000000;0.000000;kWh;4
2086;4;6324;F32;;14#battery bank - Accumulated Discharge Energy;;1.000000;0.000000;kWh;4
2087;4;6400;F32;;15#battery bank - Bank Voltage;;1.000000;0.000000;V;4
2088;4;6402;F32;;15#battery bank - Bank Current;;1.000000;0.000000;A;4
2089;4;6404;F32;;15#battery bank - Bank SOC;;1.000000;0.000000;%;4
2090;4;6406;F32;;15#battery bank - Bank SOH;;1.000000;0.000000;%;4
2091;4;6408;F32;;15#battery bank - Bank Insulation Resistance;;1.000000;0.000000;Ω;4
2092;4;6410;F32;;15#battery bank - Bank Available Charge Energy;;1.000000;0.000000;kWh;4
2093;4;6412;F32;;15#battery bank - Bank Available Discharge Energy;;1.000000;0.000000;kWh;4
2094;4;6414;F32;;15#battery bank - System Allowed Maximum Charge Current;;1.000000;0.000000;A;4
2095;4;6416;F32;;15#battery bank - System Allowed Maximum Discharge Current;;1.000000;0.000000;A;4
2096;4;6418;F32;;15#battery bank - Today’s Charge Energy;;1.000000;0.000000;kWh;4
2097;4;6420;F32;;15#battery bank - Today’s Discharge Energy;;1.000000;0.000000;kWh;4
2098;4;6422;F32;;15#battery bank - Accumulated Charge Energy;;1.000000;0.000000;kWh;4
2099;4;6424;F32;;15#battery bank - Accumulated Discharge Energy;;1.000000;0.000000;kWh;4
2100;4;6500;F32;;16#battery bank - Bank Voltage;;1.000000;0.000000;V;4
2101;4;6502;F32;;16#battery bank - Bank Current;;1.000000;0.000000;A;4
2102;4;6504;F32;;16#battery bank - Bank SOC;;1.000000;0.000000;%;4
2103;4;6506;F32;;16#battery bank - Bank SOH;;1.000000;0.000000;%;4
2104;4;6508;F32;;16#battery bank - Bank Insulation Resistance;;1.000000;0.000000;Ω;4
2105;4;6510;F32;;16#battery bank - Bank Available Charge Energy;;1.000000;0.000000;kWh;4
2106;4;6512;F32;;16#battery bank - Bank Available Discharge Energy;;1.000000;0.000000;kWh;4
2107;4;6514;F32;;16#battery bank - System Allowed Maximum Charge Current;;1.000000;0.000000;A;4
2108;4;6516;F32;;16#battery bank - System Allowed Maximum Discharge Current;;1.000000;0.000000;A;4
2109;4;6518;F32;;16#battery bank - Today’s Charge Energy;;1.000000;0.000000;kWh;4
2110;4;6520;F32;;16#battery bank - Today’s Discharge Energy;;1.000000;0.000000;kWh;4
2111;4;6522;F32;;16#battery bank - Accumulated Charge Energy;;1.000000;0.000000;kWh;4
2112;4;6524;F32;;16#battery bank - Accumulated Discharge Energy;;1.000000;0.000000;kWh;4
2113;4;6600;F32;;17#battery bank - Bank Voltage;;1.000000;0.000000;V;4
2114;4;6602;F32;;17#battery bank - Bank Current;;1.000000;0.000000;A;4
2115;4;6604;F32;;17#battery bank - Bank SOC;;1.000000;0.000000;%;4
2116;4;6606;F32;;17#battery bank - Bank SOH;;1.000000;0.000000;%;4
2117;4;6608;F32;;17#battery bank - Bank Insulation Resistance;;1.000000;0.000000;Ω;4
2118;4;6610;F32;;17#battery bank - Bank Available Charge Energy;;1.000000;0.000000;kWh;4
2119;4;6612;F32;;17#battery bank - Bank Available Discharge Energy;;1.000000;0.000000;kWh;4
2120;4;6614;F32;;17#battery bank - System Allowed Maximum Charge Current;;1.000000;0.000000;A;4
2121;4;6616;F32;;17#battery bank - System Allowed Maximum Discharge Current;;1.000000;0.000000;A;4
2122;4;6618;F32;;17#battery bank - Today’s Charge Energy;;1.000000;0.000000;kWh;4
2123;4;6620;F32;;17#battery bank - Today’s Discharge Energy;;1.000000;0.000000;kWh;4
2124;4;6622;F32;;17#battery bank - Accumulated Charge Energy;;1.000000;0.000000;kWh;4
2125;4;6624;F32;;17#battery bank - Accumulated Discharge Energy;;1.000000;0.000000;kWh;4
2126;4;6700;F32;;18#battery bank - Bank Voltage;;1.000000;0.000000;V;4
2127;4;6702;F32;;18#battery bank - Bank Current;;1.000000;0.000000;A;4
2128;4;6704;F32;;18#battery bank - Bank SOC;;1.000000;0.000000;%;4
2129;4;6706;F32;;18#battery bank - Bank SOH;;1.000000;0.000000;%;4
2130;4;6708;F32;;18#battery bank - Bank Insulation Resistance;;1.000000;0.000000;Ω;4
2131;4;6710;F32;;18#battery bank - Bank Available Charge Energy;;1.000000;0.000000;kWh;4
2132;4;6712;F32;;18#battery bank - Bank Available Discharge Energy;;1.000000;0.000000;kWh;4
2133;4;6714;F32;;18#battery bank - System Allowed Maximum Charge Current;;1.000000;0.000000;A;4
2134;4;6716;F32;;18#battery bank - System Allowed Maximum Discharge Current;;1.000000;0.000000;A;4
2135;4;6718;F32;;18#battery bank - Today’s Charge Energy;;1.000000;0.000000;kWh;4
2136;4;6720;F32;;18#battery bank - Today’s Discharge Energy;;1.000000;0.000000;kWh;4
2137;4;6722;F32;;18#battery bank - Accumulated Charge Energy;;1.000000;0.000000;kWh;4
2138;4;6724;F32;;18#battery bank - Accumulated Discharge Energy;;1.000000;0.000000;kWh;4
2139;4;6800;F32;;19#battery bank - Bank Voltage;;1.000000;0.000000;V;4
2140;4;6802;F32;;19#battery bank - Bank Current;;1.000000;0.000000;A;4
2141;4;6804;F32;;19#battery bank - Bank SOC;;1.000000;0.000000;%;4
2142;4;6806;F32;;19#battery bank - Bank SOH;;1.000000;0.000000;%;4
2143;4;6808;F32;;19#battery bank - Bank Insulation Resistance;;1.000000;0.000000;Ω;4
2144;4;6810;F32;;19#battery bank - Bank Available Charge Energy;;1.000000;0.000000;kWh;4
2145;4;6812;F32;;19#battery bank - Bank Available Discharge Energy;;1.000000;0.000000;kWh;4
2146;4;6814;F32;;19#battery bank - System Allowed Maximum Charge Current;;1.000000;0.000000;A;4
2147;4;6816;F32;;19#battery bank - System Allowed Maximum Discharge Current;;1.000000;0.000000;A;4
2148;4;6818;F32;;19#battery bank - Today’s Charge Energy;;1.000000;0.000000;kWh;4
2149;4;6820;F32;;19#battery bank - Today’s Discharge Energy;;1.000000;0.000000;kWh;4
2150;4;6822;F32;;19#battery bank - Accumulated Charge Energy;;1.000000;0.000000;kWh;4
2151;4;6824;F32;;19#battery bank - Accumulated Discharge Energy;;1.000000;0.000000;kWh;4
2152;4;6900;F32;;20#battery bank - Bank Voltage;;1.000000;0.000000;V;4
2153;4;6902;F32;;20#battery bank - Bank Current;;1.000000;0.000000;A;4
2154;4;6904;F32;;20#battery bank - Bank SOC;;1.000000;0.000000;%;4
2155;4;6906;F32;;20#battery bank - Bank SOH;;1.000000;0.000000;%;4
2156;4;6908;F32;;20#battery bank - Bank Insulation Resistance;;1.000000;0.000000;Ω;4
2157;4;6910;F32;;20#battery bank - Bank Available Charge Energy;;1.000000;0.000000;kWh;4
2158;4;6912;F32;;20#battery bank - Bank Available Discharge Energy;;1.000000;0.000000;kWh;4
2159;4;6914;F32;;20#battery bank - System Allowed Maximum Charge Current;;1.000000;0.000000;A;4
2160;4;6916;F32;;20#battery bank - System Allowed Maximum Discharge Current;;1.000000;0.000000;A;4
2161;4;6918;F32;;20#battery bank - Today’s Charge Energy;;1.000000;0.000000;kWh;4
2162;4;6920;F32;;20#battery bank - Today’s Discharge Energy;;1.000000;0.000000;kWh;4
2163;4;6922;F32;;20#battery bank - Accumulated Charge Energy;;1.000000;0.000000;kWh;4
2164;4;6924;F32;;20#battery bank - Accumulated Discharge Energy;;1.000000;0.000000;kWh;4
2165;4;7000;F32;;21#battery bank - Bank Voltage;;1.000000;0.000000;V;4
2166;4;7002;F32;;21#battery bank - Bank Current;;1.000000;0.000000;A;4
2167;4;7004;F32;;21#battery bank - Bank SOC;;1.000000;0.000000;%;4
2168;4;7006;F32;;21#battery bank - Bank SOH;;1.000000;0.000000;%;4
2169;4;7008;F32;;21#battery bank - Bank Insulation Resistance;;1.000000;0.000000;Ω;4
2170;4;7010;F32;;21#battery bank - Bank Available Charge Energy;;1.000000;0.000000;kWh;4
2171;4;7012;F32;;21#battery bank - Bank Available Discharge Energy;;1.000000;0.000000;kWh;4
2172;4;7014;F32;;21#battery bank - System Allowed Maximum Charge Current;;1.000000;0.000000;A;4
2173;4;7016;F32;;21#battery bank - System Allowed Maximum Discharge Current;;1.000000;0.000000;A;4
2174;4;7018;F32;;21#battery bank - Today’s Charge Energy;;1.000000;0.000000;kWh;4
2175;4;7020;F32;;21#battery bank - Today’s Discharge Energy;;1.000000;0.000000;kWh;4
2176;4;7022;F32;;21#battery bank - Accumulated Charge Energy;;1.000000;0.000000;kWh;4
2177;4;7024;F32;;21#battery bank - Accumulated Discharge Energy;;1.000000;0.000000;kWh;4
2178;4;7100;F32;;22#battery bank - Bank Voltage;;1.000000;0.000000;V;4
2179;4;7102;F32;;22#battery bank - Bank Current;;1.000000;0.000000;A;4
2180;4;7104;F32;;22#battery bank - Bank SOC;;1.000000;0.000000;%;4
2181;4;7106;F32;;22#battery bank - Bank SOH;;1.000000;0.000000;%;4
2182;4;7108;F32;;22#battery bank - Bank Insulation Resistance;;1.000000;0.000000;Ω;4
2183;4;7110;F32;;22#battery bank - Bank Available Charge Energy;;1.000000;0.000000;kWh;4
2184;4;7112;F32;;22#battery bank - Bank Available Discharge Energy;;1.000000;0.000000;kWh;4
2185;4;7114;F32;;22#battery bank - System Allowed Maximum Charge Current;;1.000000;0.000000;A;4
2186;4;7116;F32;;22#battery bank - System Allowed Maximum Discharge Current;;1.000000;0.000000;A;4
2187;4;7118;F32;;22#battery bank - Today’s Charge Energy;;1.000000;0.000000;kWh;4
2188;4;7120;F32;;22#battery bank - Today’s Discharge Energy;;1.000000;0.000000;kWh;4
2189;4;7122;F32;;22#battery bank - Accumulated Charge Energy;;1.000000;0.000000;kWh;4
2190;4;7124;F32;;22#battery bank - Accumulated Discharge Energy;;1.000000;0.000000;kWh;4
2191;4;7200;F32;;23#battery bank - Bank Voltage;;1.000000;0.000000;V;4
2192;4;7202;F32;;23#battery bank - Bank Current;;1.000000;0.000000;A;4
2193;4;7204;F32;;23#battery bank - Bank SOC;;1.000000;0.000000;%;4
2194;4;7206;F32;;23#battery bank - Bank SOH;;1.000000;0.000000;%;4
2195;4;7208;F32;;23#battery bank - Bank Insulation Resistance;;1.000000;0.000000;Ω;4
2196;4;7210;F32;;23#battery bank - Bank Available Charge Energy;;1.000000;0.000000;kWh;4
2197;4;7212;F32;;23#battery bank - Bank Available Discharge Energy;;1.000000;0.000000;kWh;4
2198;4;7214;F32;;23#battery bank - System Allowed Maximum Charge Current;;1.000000;0.000000;A;4
2199;4;7216;F32;;23#battery bank - System Allowed Maximum Discharge Current;;1.000000;0.000000;A;4
2200;4;7218;F32;;23#battery bank - Today’s Charge Energy;;1.000000;0.000000;kWh;4
2201;4;7220;F32;;23#battery bank - Today’s Discharge Energy;;1.000000;0.000000;kWh;4
2202;4;7222;F32;;23#battery bank - Accumulated Charge Energy;;1.000000;0.000000;kWh;4
2203;4;7224;F32;;23#battery bank - Accumulated Discharge Energy;;1.000000;0.000000;kWh;4
2204;4;7300;F32;;24#battery bank - Bank Voltage;;1.000000;0.000000;V;4
2205;4;7302;F32;;24#battery bank - Bank Current;;1.000000;0.000000;A;4
2206;4;7304;F32;;24#battery bank - Bank SOC;;1.000000;0.000000;%;4
2207;4;7306;F32;;24#battery bank - Bank SOH;;1.000000;0.000000;%;4
2208;4;7308;F32;;24#battery bank - Bank Insulation Resistance;;1.000000;0.000000;Ω;4
2209;4;7310;F32;;24#battery bank - Bank Available Charge Energy;;1.000000;0.000000;kWh;4
2210;4;7312;F32;;24#battery bank - Bank Available Discharge Energy;;1.000000;0.000000;kWh;4
2211;4;7314;F32;;24#battery bank - System Allowed Maximum Charge Current;;1.000000;0.000000;A;4
2212;4;7316;F32;;24#battery bank - System Allowed Maximum Discharge Current;;1.000000;0.000000;A;4
2213;4;7318;F32;;24#battery bank - Today’s Charge Energy;;1.000000;0.000000;kWh;4
2214;4;7320;F32;;24#battery bank - Today’s Discharge Energy;;1.000000;0.000000;kWh;4
2215;4;7322;F32;;24#battery bank - Accumulated Charge Energy;;1.000000;0.000000;kWh;4
2216;4;7324;F32;;24#battery bank - Accumulated Discharge Energy;;1.000000;0.000000;kWh;4
2217;4;7400;F32;;25#battery bank - Bank Voltage;;1.000000;0.000000;V;4
2218;4;7402;F32;;25#battery bank - Bank Current;;1.000000;0.000000;A;4
2219;4;7404;F32;;25#battery bank - Bank SOC;;1.000000;0.000000;%;4
2220;4;7406;F32;;25#battery bank - Bank SOH;;1.000000;0.000000;%;4
2221;4;7408;F32;;25#battery bank - Bank Insulation Resistance;;1.000000;0.000000;Ω;4
2222;4;7410;F32;;25#battery bank - Bank Available Charge Energy;;1.000000;0.000000;kWh;4
2223;4;7412;F32;;25#battery bank - Bank Available Discharge Energy;;1.000000;0.000000;kWh;4
2224;4;7414;F32;;25#battery bank - System Allowed Maximum Charge Current;;1.000000;0.000000;A;4
2225;4;7416;F32;;25#battery bank - System Allowed Maximum Discharge Current;;1.000000;0.000000;A;4
2226;4;7418;F32;;25#battery bank - Today’s Charge Energy;;1.000000;0.000000;kWh;4
2227;4;7420;F32;;25#battery bank - Today’s Discharge Energy;;1.000000;0.000000;kWh;4
2228;4;7422;F32;;25#battery bank - Accumulated Charge Energy;;1.000000;0.000000;kWh;4
2229;4;7424;F32;;25#battery bank - Accumulated Discharge Energy;;1.000000;0.000000;kWh;4
2230;4;7500;F32;;26#battery bank - Bank Voltage;;1.000000;0.000000;V;4
2231;4;7502;F32;;26#battery bank - Bank Current;;1.000000;0.000000;A;4
2232;4;7504;F32;;26#battery bank - Bank SOC;;1.000000;0.000000;%;4
2233;4;7506;F32;;26#battery bank - Bank SOH;;1.000000;0.000000;%;4
2234;4;7508;F32;;26#battery bank - Bank Insulation Resistance;;1.000000;0.000000;Ω;4
2235;4;7510;F32;;26#battery bank - Bank Available Charge Energy;;1.000000;0.000000;kWh;4
2236;4;7512;F32;;26#battery bank - Bank Available Discharge Energy;;1.000000;0.000000;kWh;4
2237;4;7514;F32;;26#battery bank - System Allowed Maximum Charge Current;;1.000000;0.000000;A;4
2238;4;7516;F32;;26#battery bank - System Allowed Maximum Discharge Current;;1.000000;0.000000;A;4
2239;4;7518;F32;;26#battery bank - Today’s Charge Energy;;1.000000;0.000000;kWh;4
2240;4;7520;F32;;26#battery bank - Today’s Discharge Energy;;1.000000;0.000000;kWh;4
2241;4;7522;F32;;26#battery bank - Accumulated Charge Energy;;1.000000;0.000000;kWh;4
2242;4;7524;F32;;26#battery bank - Accumulated Discharge Energy;;1.000000;0.000000;kWh;4
2243;4;7600;F32;;27#battery bank - Bank Voltage;;1.000000;0.000000;V;4
2244;4;7602;F32;;27#battery bank - Bank Current;;1.000000;0.000000;A;4
2245;4;7604;F32;;27#battery bank - Bank SOC;;1.000000;0.000000;%;4
2246;4;7606;F32;;27#battery bank - Bank SOH;;1.000000;0.000000;%;4
2247;4;7608;F32;;27#battery bank - Bank Insulation Resistance;;1.000000;0.000000;Ω;4
2248;4;7610;F32;;27#battery bank - Bank Available Charge Energy;;1.000000;0.000000;kWh;4
2249;4;7612;F32;;27#battery bank - Bank Available Discharge Energy;;1.000000;0.000000;kWh;4
2250;4;7614;F32;;27#battery bank - System Allowed Maximum Charge Current;;1.000000;0.000000;A;4
2251;4;7616;F32;;27#battery bank - System Allowed Maximum Discharge Current;;1.000000;0.000000;A;4
2252;4;7618;F32;;27#battery bank - Today’s Charge Energy;;1.000000;0.000000;kWh;4
2253;4;7620;F32;;27#battery bank - Today’s Discharge Energy;;1.000000;0.000000;kWh;4
2254;4;7622;F32;;27#battery bank - Accumulated Charge Energy;;1.000000;0.000000;kWh;4
2255;4;7624;F32;;27#battery bank - Accumulated Discharge Energy;;1.000000;0.000000;kWh;4
2256;4;7700;F32;;28#battery bank - Bank Voltage;;1.000000;0.000000;V;4
2257;4;7702;F32;;28#battery bank - Bank Current;;1.000000;0.000000;A;4
2258;4;7704;F32;;28#battery bank - Bank SOC;;1.000000;0.000000;%;4
2259;4;7706;F32;;28#battery bank - Bank SOH;;1.000000;0.000000;%;4
2260;4;7708;F32;;28#battery bank - Bank Insulation Resistance;;1.000000;0.000000;Ω;4
2261;4;7710;F32;;28#battery bank - Bank Available Charge Energy;;1.000000;0.000000;kWh;4
2262;4;7712;F32;;28#battery bank - Bank Available Discharge Energy;;1.000000;0.000000;kWh;4
2263;4;7714;F32;;28#battery bank - System Allowed Maximum Charge Current;;1.000000;0.000000;A;4
2264;4;7716;F32;;28#battery bank - System Allowed Maximum Discharge Current;;1.000000;0.000000;A;4
2265;4;7718;F32;;28#battery bank - Today’s Charge Energy;;1.000000;0.000000;kWh;4
2266;4;7720;F32;;28#battery bank - Today’s Discharge Energy;;1.000000;0.000000;kWh;4
2267;4;7722;F32;;28#battery bank - Accumulated Charge Energy;;1.000000;0.000000;kWh;4
2268;4;7724;F32;;28#battery bank - Accumulated Discharge Energy;;1.000000;0.000000;kWh;4
2269;4;7800;F32;;29#battery bank - Bank Voltage;;1.000000;0.000000;V;4
2270;4;7802;F32;;29#battery bank - Bank Current;;1.000000;0.000000;A;4
2271;4;7804;F32;;29#battery bank - Bank SOC;;1.000000;0.000000;%;4
2272;4;7806;F32;;29#battery bank - Bank SOH;;1.000000;0.000000;%;4
2273;4;7808;F32;;29#battery bank - Bank Insulation Resistance;;1.000000;0.000000;Ω;4
2274;4;7810;F32;;29#battery bank - Bank Available Charge Energy;;1.000000;0.000000;kWh;4
2275;4;7812;F32;;29#battery bank - Bank Available Discharge Energy;;1.000000;0.000000;kWh;4
2276;4;7814;F32;;29#battery bank - System Allowed Maximum Charge Current;;1.000000;0.000000;A;4
2277;4;7816;F32;;29#battery bank - System Allowed Maximum Discharge Current;;1.000000;0.000000;A;4
2278;4;7818;F32;;29#battery bank - Today’s Charge Energy;;1.000000;0.000000;kWh;4
2279;4;7820;F32;;29#battery bank - Today’s Discharge Energy;;1.000000;0.000000;kWh;4
2280;4;7822;F32;;29#battery bank - Accumulated Charge Energy;;1.000000;0.000000;kWh;4
2281;4;7824;F32;;29#battery bank - Accumulated Discharge Energy;;1.000000;0.000000;kWh;4
2282;4;7900;F32;;30#battery bank - Bank Voltage;;1.000000;0.000000;V;4
2283;4;7902;F32;;30#battery bank - Bank Current;;1.000000;0.000000;A;4
2284;4;7904;F32;;30#battery bank - Bank SOC;;1.000000;0.000000;%;4
2285;4;7906;F32;;30#battery bank - Bank SOH;;1.000000;0.000000;%;4
2286;4;7908;F32;;30#battery bank - Bank Insulation Resistance;;1.000000;0.000000;Ω;4
2287;4;7910;F32;;30#battery bank - Bank Available Charge Energy;;1.000000;0.000000;kWh;4
2288;4;7912;F32;;30#battery bank - Bank Available Discharge Energy;;1.000000;0.000000;kWh;4
2289;4;7914;F32;;30#battery bank - System Allowed Maximum Charge Current;;1.000000;0.000000;A;4
2290;4;7916;F32;;30#battery bank - System Allowed Maximum Discharge Current;;1.000000;0.000000;A;4
2291;4;7918;F32;;30#battery bank - Today’s Charge Energy;;1.000000;0.000000;kWh;4
2292;4;7920;F32;;30#battery bank - Today’s Discharge Energy;;1.000000;0.000000;kWh;4
2293;4;7922;F32;;30#battery bank - Accumulated Charge Energy;;1.000000;0.000000;kWh;4
2294;4;7924;F32;;30#battery bank - Accumulated Discharge Energy;;1.000000;0.000000;kWh;4
2295;4;8000;F32;;31#battery bank - Bank Voltage;;1.000000;0.000000;V;4
2296;4;8002;F32;;31#battery bank - Bank Current;;1.000000;0.000000;A;4
2297;4;8004;F32;;31#battery bank - Bank SOC;;1.000000;0.000000;%;4
2298;4;8006;F32;;31#battery bank - Bank SOH;;1.000000;0.000000;%;4
2299;4;8008;F32;;31#battery bank - Bank Insulation Resistance;;1.000000;0.000000;Ω;4
2300;4;8010;F32;;31#battery bank - Bank Available Charge Energy;;1.000000;0.000000;kWh;4
2301;4;8012;F32;;31#battery bank - Bank Available Discharge Energy;;1.000000;0.000000;kWh;4
2302;4;8014;F32;;31#battery bank - System Allowed Maximum Charge Current;;1.000000;0.000000;A;4
2303;4;8016;F32;;31#battery bank - System Allowed Maximum Discharge Current;;1.000000;0.000000;A;4
2304;4;8018;F32;;31#battery bank - Today’s Charge Energy;;1.000000;0.000000;kWh;4
2305;4;8020;F32;;31#battery bank - Today’s Discharge Energy;;1.000000;0.000000;kWh;4
2306;4;8022;F32;;31#battery bank - Accumulated Charge Energy;;1.000000;0.000000;kWh;4
2307;4;8024;F32;;31#battery bank - Accumulated Discharge Energy;;1.000000;0.000000;kWh;4
2308;4;8100;F32;;32#battery bank - Bank Voltage;;1.000000;0.000000;V;4
2309;4;8102;F32;;32#battery bank - Bank Current;;1.000000;0.000000;A;4
2310;4;8104;F32;;32#battery bank - Bank SOC;;1.000000;0.000000;%;4
2311;4;8106;F32;;32#battery bank - Bank SOH;;1.000000;0.000000;%;4
2312;4;8108;F32;;32#battery bank - Bank Insulation Resistance;;1.000000;0.000000;Ω;4
2313;4;8110;F32;;32#battery bank - Bank Available Charge Energy;;1.000000;0.000000;kWh;4
2314;4;8112;F32;;32#battery bank - Bank Available Discharge Energy;;1.000000;0.000000;kWh;4
2315;4;8114;F32;;32#battery bank - System Allowed Maximum Charge Current;;1.000000;0.000000;A;4
2316;4;8116;F32;;32#battery bank - System Allowed Maximum Discharge Current;;1.000000;0.000000;A;4
2317;4;8118;F32;;32#battery bank - Today’s Charge Energy;;1.000000;0.000000;kWh;4
2318;4;8120;F32;;32#battery bank - Today’s Discharge Energy;;1.000000;0.000000;kWh;4
2319;4;8122;F32;;32#battery bank - Accumulated Charge Energy;;1.000000;0.000000;kWh;4
2320;4;8124;F32;;32#battery bank - Accumulated Discharge Energy;;1.000000;0.000000;kWh;4
2321;4;8200;F32;;33#battery bank - Bank Voltage;;1.000000;0.000000;V;4
2322;4;8202;F32;;33#battery bank - Bank Current;;1.000000;0.000000;A;4
2323;4;8204;F32;;33#battery bank - Bank SOC;;1.000000;0.000000;%;4
2324;4;8206;F32;;33#battery bank - Bank SOH;;1.000000;0.000000;%;4
2325;4;8208;F32;;33#battery bank - Bank Insulation Resistance;;1.000000;0.000000;Ω;4
2326;4;8210;F32;;33#battery bank - Bank Available Charge Energy;;1.000000;0.000000;kWh;4
2327;4;8212;F32;;33#battery bank - Bank Available Discharge Energy;;1.000000;0.000000;kWh;4
2328;4;8214;F32;;33#battery bank - System Allowed Maximum Charge Current;;1.000000;0.000000;A;4
2329;4;8216;F32;;33#battery bank - System Allowed Maximum Discharge Current;;1.000000;0.000000;A;4
2330;4;8218;F32;;33#battery bank - Today’s Charge Energy;;1.000000;0.000000;kWh;4
2331;4;8220;F32;;33#battery bank - Today’s Discharge Energy;;1.000000;0.000000;kWh;4
2332;4;8222;F32;;33#battery bank - Accumulated Charge Energy;;1.000000;0.000000;kWh;4
2333;4;8224;F32;;33#battery bank - Accumulated Discharge Energy;;1.000000;0.000000;kWh;4
2334;4;8300;F32;;34#battery bank - Bank Voltage;;1.000000;0.000000;V;4
2335;4;8302;F32;;34#battery bank - Bank Current;;1.000000;0.000000;A;4
2336;4;8304;F32;;34#battery bank - Bank SOC;;1.000000;0.000000;%;4
2337;4;8306;F32;;34#battery bank - Bank SOH;;1.000000;0.000000;%;4
2338;4;8308;F32;;34#battery bank - Bank Insulation Resistance;;1.000000;0.000000;Ω;4
2339;4;8310;F32;;34#battery bank - Bank Available Charge Energy;;1.000000;0.000000;kWh;4
2340;4;8312;F32;;34#battery bank - Bank Available Discharge Energy;;1.000000;0.000000;kWh;4
2341;4;8314;F32;;34#battery bank - System Allowed Maximum Charge Current;;1.000000;0.000000;A;4
2342;4;8316;F32;;34#battery bank - System Allowed Maximum Discharge Current;;1.000000;0.000000;A;4
2343;4;8318;F32;;34#battery bank - Today’s Charge Energy;;1.000000;0.000000;kWh;4
2344;4;8320;F32;;34#battery bank - Today’s Discharge Energy;;1.000000;0.000000;kWh;4
2345;4;8322;F32;;34#battery bank - Accumulated Charge Energy;;1.000000;0.000000;kWh;4
2346;4;8324;F32;;34#battery bank - Accumulated Discharge Energy;;1.000000;0.000000;kWh;4
2347;4;8400;F32;;35#battery bank - Bank Voltage;;1.000000;0.000000;V;4
2348;4;8402;F32;;35#battery bank - Bank Current;;1.000000;0.000000;A;4
2349;4;8404;F32;;35#battery bank - Bank SOC;;1.000000;0.000000;%;4
2350;4;8406;F32;;35#battery bank - Bank SOH;;1.000000;0.000000;%;4
2351;4;8408;F32;;35#battery bank - Bank Insulation Resistance;;1.000000;0.000000;Ω;4
2352;4;8410;F32;;35#battery bank - Bank Available Charge Energy;;1.000000;0.000000;kWh;4
2353;4;8412;F32;;35#battery bank - Bank Available Discharge Energy;;1.000000;0.000000;kWh;4
2354;4;8414;F32;;35#battery bank - System Allowed Maximum Charge Current;;1.000000;0.000000;A;4
2355;4;8416;F32;;35#battery bank - System Allowed Maximum Discharge Current;;1.000000;0.000000;A;4
2356;4;8418;F32;;35#battery bank - Today’s Charge Energy;;1.000000;0.000000;kWh;4
2357;4;8420;F32;;35#battery bank - Today’s Discharge Energy;;1.000000;0.000000;kWh;4
2358;4;8422;F32;;35#battery bank - Accumulated Charge Energy;;1.000000;0.000000;kWh;4
2359;4;8424;F32;;35#battery bank - Accumulated Discharge Energy;;1.000000;0.000000;kWh;4
2360;4;8500;F32;;36#battery bank - Bank Voltage;;1.000000;0.000000;V;4
2361;4;8502;F32;;36#battery bank - Bank Current;;1.000000;0.000000;A;4
2362;4;8504;F32;;36#battery bank - Bank SOC;;1.000000;0.000000;%;4
2363;4;8506;F32;;36#battery bank - Bank SOH;;1.000000;0.000000;%;4
2364;4;8508;F32;;36#battery bank - Bank Insulation Resistance;;1.000000;0.000000;Ω;4
2365;4;8510;F32;;36#battery bank - Bank Available Charge Energy;;1.000000;0.000000;kWh;4
2366;4;8512;F32;;36#battery bank - Bank Available Discharge Energy;;1.000000;0.000000;kWh;4
2367;4;8514;F32;;36#battery bank - System Allowed Maximum Charge Current;;1.000000;0.000000;A;4
2368;4;8516;F32;;36#battery bank - System Allowed Maximum Discharge Current;;1.000000;0.000000;A;4
2369;4;8518;F32;;36#battery bank - Today’s Charge Energy;;1.000000;0.000000;kWh;4
2370;4;8520;F32;;36#battery bank - Today’s Discharge Energy;;1.000000;0.000000;kWh;4
2371;4;8522;F32;;36#battery bank - Accumulated Charge Energy;;1.000000;0.000000;kWh;4
2372;4;8524;F32;;36#battery bank - Accumulated Discharge Energy;;1.000000;0.000000;kWh;4
2373;4;8600;F32;;37#battery bank - Bank Voltage;;1.000000;0.000000;V;4
2374;4;8602;F32;;37#battery bank - Bank Current;;1.000000;0.000000;A;4
2375;4;8604;F32;;37#battery bank - Bank SOC;;1.000000;0.000000;%;4
2376;4;8606;F32;;37#battery bank - Bank SOH;;1.000000;0.000000;%;4
2377;4;8608;F32;;37#battery bank - Bank Insulation Resistance;;1.000000;0.000000;Ω;4
2378;4;8610;F32;;37#battery bank - Bank Available Charge Energy;;1.000000;0.000000;kWh;4
2379;4;8612;F32;;37#battery bank - Bank Available Discharge Energy;;1.000000;0.000000;kWh;4
2380;4;8614;F32;;37#battery bank - System Allowed Maximum Charge Current;;1.000000;0.000000;A;4
2381;4;8616;F32;;37#battery bank - System Allowed Maximum Discharge Current;;1.000000;0.000000;A;4
2382;4;8618;F32;;37#battery bank - Today’s Charge Energy;;1.000000;0.000000;kWh;4
2383;4;8620;F32;;37#battery bank - Today’s Discharge Energy;;1.000000;0.000000;kWh;4
2384;4;8622;F32;;37#battery bank - Accumulated Charge Energy;;1.000000;0.000000;kWh;4
2385;4;8624;F32;;37#battery bank - Accumulated Discharge Energy;;1.000000;0.000000;kWh;4
2386;4;8700;F32;;38#battery bank - Bank Voltage;;1.000000;0.000000;V;4
2387;4;8702;F32;;38#battery bank - Bank Current;;1.000000;0.000000;A;4
2388;4;8704;F32;;38#battery bank - Bank SOC;;1.000000;0.000000;%;4
2389;4;8706;F32;;38#battery bank - Bank SOH;;1.000000;0.000000;%;4
2390;4;8708;F32;;38#battery bank - Bank Insulation Resistance;;1.000000;0.000000;Ω;4
2391;4;8710;F32;;38#battery bank - Bank Available Charge Energy;;1.000000;0.000000;kWh;4
2392;4;8712;F32;;38#battery bank - Bank Available Discharge Energy;;1.000000;0.000000;kWh;4
2393;4;8714;F32;;38#battery bank - System Allowed Maximum Charge Current;;1.000000;0.000000;A;4
2394;4;8716;F32;;38#battery bank - System Allowed Maximum Discharge Current;;1.000000;0.000000;A;4
2395;4;8718;F32;;38#battery bank - Today’s Charge Energy;;1.000000;0.000000;kWh;4
2396;4;8720;F32;;38#battery bank - Today’s Discharge Energy;;1.000000;0.000000;kWh;4
2397;4;8722;F32;;38#battery bank - Accumulated Charge Energy;;1.000000;0.000000;kWh;4
2398;4;8724;F32;;38#battery bank - Accumulated Discharge Energy;;1.000000;0.000000;kWh;4
2399;4;8800;F32;;39#battery bank - Bank Voltage;;1.000000;0.000000;V;4
2400;4;8802;F32;;39#battery bank - Bank Current;;1.000000;0.000000;A;4
2401;4;8804;F32;;39#battery bank - Bank SOC;;1.000000;0.000000;%;4
2402;4;8806;F32;;39#battery bank - Bank SOH;;1.000000;0.000000;%;4
2403;4;8808;F32;;39#battery bank - Bank Insulation Resistance;;1.000000;0.000000;Ω;4
2404;4;8810;F32;;39#battery bank - Bank Available Charge Energy;;1.000000;0.000000;kWh;4
2405;4;8812;F32;;39#battery bank - Bank Available Discharge Energy;;1.000000;0.000000;kWh;4
2406;4;8814;F32;;39#battery bank - System Allowed Maximum Charge Current;;1.000000;0.000000;A;4
2407;4;8816;F32;;39#battery bank - System Allowed Maximum Discharge Current;;1.000000;0.000000;A;4
2408;4;8818;F32;;39#battery bank - Today’s Charge Energy;;1.000000;0.000000;kWh;4
2409;4;8820;F32;;39#battery bank - Today’s Discharge Energy;;1.000000;0.000000;kWh;4
2410;4;8822;F32;;39#battery bank - Accumulated Charge Energy;;1.000000;0.000000;kWh;4
2411;4;8824;F32;;39#battery bank - Accumulated Discharge Energy;;1.000000;0.000000;kWh;4
2412;4;8900;F32;;40#battery bank - Bank Voltage;;1.000000;0.000000;V;4
2413;4;8902;F32;;40#battery bank - Bank Current;;1.000000;0.000000;A;4
2414;4;8904;F32;;40#battery bank - Bank SOC;;1.000000;0.000000;%;4
2415;4;8906;F32;;40#battery bank - Bank SOH;;1.000000;0.000000;%;4
2416;4;8908;F32;;40#battery bank - Bank Insulation Resistance;;1.000000;0.000000;Ω;4
2417;4;8910;F32;;40#battery bank - Bank Available Charge Energy;;1.000000;0.000000;kWh;4
2418;4;8912;F32;;40#battery bank - Bank Available Discharge Energy;;1.000000;0.000000;kWh;4
2419;4;8914;F32;;40#battery bank - System Allowed Maximum Charge Current;;1.000000;0.000000;A;4
2420;4;8916;F32;;40#battery bank - System Allowed Maximum Discharge Current;;1.000000;0.000000;A;4
2421;4;8918;F32;;40#battery bank - Today’s Charge Energy;;1.000000;0.000000;kWh;4
2422;4;8920;F32;;40#battery bank - Today’s Discharge Energy;;1.000000;0.000000;kWh;4
2423;4;8922;F32;;40#battery bank - Accumulated Charge Energy;;1.000000;0.000000;kWh;4
2424;4;8924;F32;;40#battery bank - Accumulated Discharge Energy;;1.000000;0.000000;kWh;4
2425;4;9000;F32;;41#battery bank - Bank Voltage;;1.000000;0.000000;V;4
2426;4;9002;F32;;41#battery bank - Bank Current;;1.000000;0.000000;A;4
2427;4;9004;F32;;41#battery bank - Bank SOC;;1.000000;0.000000;%;4
2428;4;9006;F32;;41#battery bank - Bank SOH;;1.000000;0.000000;%;4
2429;4;9008;F32;;41#battery bank - Bank Insulation Resistance;;1.000000;0.000000;Ω;4
2430;4;9010;F32;;41#battery bank - Bank Available Charge Energy;;1.000000;0.000000;kWh;4
2431;4;9012;F32;;41#battery bank - Bank Available Discharge Energy;;1.000000;0.000000;kWh;4
2432;4;9014;F32;;41#battery bank - System Allowed Maximum Charge Current;;1.000000;0.000000;A;4
2433;4;9016;F32;;41#battery bank - System Allowed Maximum Discharge Current;;1.000000;0.000000;A;4
2434;4;9018;F32;;41#battery bank - Today’s Charge Energy;;1.000000;0.000000;kWh;4
2435;4;9020;F32;;41#battery bank - Today’s Discharge Energy;;1.000000;0.000000;kWh;4
2436;4;9022;F32;;41#battery bank - Accumulated Charge Energy;;1.000000;0.000000;kWh;4
2437;4;9024;F32;;41#battery bank - Accumulated Discharge Energy;;1.000000;0.000000;kWh;4
2438;4;9100;F32;;42#battery bank - Bank Voltage;;1.000000;0.000000;V;4
2439;4;9102;F32;;42#battery bank - Bank Current;;1.000000;0.000000;A;4
2440;4;9104;F32;;42#battery bank - Bank SOC;;1.000000;0.000000;%;4
2441;4;9106;F32;;42#battery bank - Bank SOH;;1.000000;0.000000;%;4
2442;4;9108;F32;;42#battery bank - Bank Insulation Resistance;;1.000000;0.000000;Ω;4
2443;4;9110;F32;;42#battery bank - Bank Available Charge Energy;;1.000000;0.000000;kWh;4
2444;4;9112;F32;;42#battery bank - Bank Available Discharge Energy;;1.000000;0.000000;kWh;4
2445;4;9114;F32;;42#battery bank - System Allowed Maximum Charge Current;;1.000000;0.000000;A;4
2446;4;9116;F32;;42#battery bank - System Allowed Maximum Discharge Current;;1.000000;0.000000;A;4
2447;4;9118;F32;;42#battery bank - Today’s Charge Energy;;1.000000;0.000000;kWh;4
2448;4;9120;F32;;42#battery bank - Today’s Discharge Energy;;1.000000;0.000000;kWh;4
2449;4;9122;F32;;42#battery bank - Accumulated Charge Energy;;1.000000;0.000000;kWh;4
2450;4;9124;F32;;42#battery bank - Accumulated Discharge Energy;;1.000000;0.000000;kWh;4
2451;4;9200;F32;;43#battery bank - Bank Voltage;;1.000000;0.000000;V;4
2452;4;9202;F32;;43#battery bank - Bank Current;;1.000000;0.000000;A;4
2453;4;9204;F32;;43#battery bank - Bank SOC;;1.000000;0.000000;%;4
2454;4;9206;F32;;43#battery bank - Bank SOH;;1.000000;0.000000;%;4
2455;4;9208;F32;;43#battery bank - Bank Insulation Resistance;;1.000000;0.000000;Ω;4
2456;4;9210;F32;;43#battery bank - Bank Available Charge Energy;;1.000000;0.000000;kWh;4
2457;4;9212;F32;;43#battery bank - Bank Available Discharge Energy;;1.000000;0.000000;kWh;4
2458;4;9214;F32;;43#battery bank - System Allowed Maximum Charge Current;;1.000000;0.000000;A;4
2459;4;9216;F32;;43#battery bank - System Allowed Maximum Discharge Current;;1.000000;0.000000;A;4
2460;4;9218;F32;;43#battery bank - Today’s Charge Energy;;1.000000;0.000000;kWh;4
2461;4;9220;F32;;43#battery bank - Today’s Discharge Energy;;1.000000;0.000000;kWh;4
2462;4;9222;F32;;43#battery bank - Accumulated Charge Energy;;1.000000;0.000000;kWh;4
2463;4;9224;F32;;43#battery bank - Accumulated Discharge Energy;;1.000000;0.000000;kWh;4
2464;4;9300;F32;;44#battery bank - Bank Voltage;;1.000000;0.000000;V;4
2465;4;9302;F32;;44#battery bank - Bank Current;;1.000000;0.000000;A;4
2466;4;9304;F32;;44#battery bank - Bank SOC;;1.000000;0.000000;%;4
2467;4;9306;F32;;44#battery bank - Bank SOH;;1.000000;0.000000;%;4
2468;4;9308;F32;;44#battery bank - Bank Insulation Resistance;;1.000000;0.000000;Ω;4
2469;4;9310;F32;;44#battery bank - Bank Available Charge Energy;;1.000000;0.000000;kWh;4
2470;4;9312;F32;;44#battery bank - Bank Available Discharge Energy;;1.000000;0.000000;kWh;4
2471;4;9314;F32;;44#battery bank - System Allowed Maximum Charge Current;;1.000000;0.000000;A;4
2472;4;9316;F32;;44#battery bank - System Allowed Maximum Discharge Current;;1.000000;0.000000;A;4
2473;4;9318;F32;;44#battery bank - Today’s Charge Energy;;1.000000;0.000000;kWh;4
2474;4;9320;F32;;44#battery bank - Today’s Discharge Energy;;1.000000;0.000000;kWh;4
2475;4;9322;F32;;44#battery bank - Accumulated Charge Energy;;1.000000;0.000000;kWh;4
2476;4;9324;F32;;44#battery bank - Accumulated Discharge Energy;;1.000000;0.000000;kWh;4
2477;4;9400;F32;;45#battery bank - Bank Voltage;;1.000000;0.000000;V;4
2478;4;9402;F32;;45#battery bank - Bank Current;;1.000000;0.000000;A;4
2479;4;9404;F32;;45#battery bank - Bank SOC;;1.000000;0.000000;%;4
2480;4;9406;F32;;45#battery bank - Bank SOH;;1.000000;0.000000;%;4
2481;4;9408;F32;;45#battery bank - Bank Insulation Resistance;;1.000000;0.000000;Ω;4
2482;4;9410;F32;;45#battery bank - Bank Available Charge Energy;;1.000000;0.000000;kWh;4
2483;4;9412;F32;;45#battery bank - Bank Available Discharge Energy;;1.000000;0.000000;kWh;4
2484;4;9414;F32;;45#battery bank - System Allowed Maximum Charge Current;;1.000000;0.000000;A;4
2485;4;9416;F32;;45#battery bank - System Allowed Maximum Discharge Current;;1.000000;0.000000;A;4
2486;4;9418;F32;;45#battery bank - Today’s Charge Energy;;1.000000;0.000000;kWh;4
2487;4;9420;F32;;45#battery bank - Today’s Discharge Energy;;1.000000;0.000000;kWh;4
2488;4;9422;F32;;45#battery bank - Accumulated Charge Energy;;1.000000;0.000000;kWh;4
2489;4;9424;F32;;45#battery bank - Accumulated Discharge Energy;;1.000000;0.000000;kWh;4
2490;4;9500;F32;;46#battery bank - Bank Voltage;;1.000000;0.000000;V;4
2491;4;9502;F32;;46#battery bank - Bank Current;;1.000000;0.000000;A;4
2492;4;9504;F32;;46#battery bank - Bank SOC;;1.000000;0.000000;%;4
2493;4;9506;F32;;46#battery bank - Bank SOH;;1.000000;0.000000;%;4
2494;4;9508;F32;;46#battery bank - Bank Insulation Resistance;;1.000000;0.000000;Ω;4
2495;4;9510;F32;;46#battery bank - Bank Available Charge Energy;;1.000000;0.000000;kWh;4
2496;4;9512;F32;;46#battery bank - Bank Available Discharge Energy;;1.000000;0.000000;kWh;4
2497;4;9514;F32;;46#battery bank - System Allowed Maximum Charge Current;;1.000000;0.000000;A;4
2498;4;9516;F32;;46#battery bank - System Allowed Maximum Discharge Current;;1.000000;0.000000;A;4
2499;4;9518;F32;;46#battery bank - Today’s Charge Energy;;1.000000;0.000000;kWh;4
2500;4;9520;F32;;46#battery bank - Today’s Discharge Energy;;1.000000;0.000000;kWh;4
2501;4;9522;F32;;46#battery bank - Accumulated Charge Energy;;1.000000;0.000000;kWh;4
2502;4;9524;F32;;46#battery bank - Accumulated Discharge Energy;;1.000000;0.000000;kWh;4
2503;4;9600;F32;;47#battery bank - Bank Voltage;;1.000000;0.000000;V;4
2504;4;9602;F32;;47#battery bank - Bank Current;;1.000000;0.000000;A;4
2505;4;9604;F32;;47#battery bank - Bank SOC;;1.000000;0.000000;%;4
2506;4;9606;F32;;47#battery bank - Bank SOH;;1.000000;0.000000;%;4
2507;4;9608;F32;;47#battery bank - Bank Insulation Resistance;;1.000000;0.000000;Ω;4
2508;4;9610;F32;;47#battery bank - Bank Available Charge Energy;;1.000000;0.000000;kWh;4
2509;4;9612;F32;;47#battery bank - Bank Available Discharge Energy;;1.000000;0.000000;kWh;4
2510;4;9614;F32;;47#battery bank - System Allowed Maximum Charge Current;;1.000000;0.000000;A;4
2511;4;9616;F32;;47#battery bank - System Allowed Maximum Discharge Current;;1.000000;0.000000;A;4
2512;4;9618;F32;;47#battery bank - Today’s Charge Energy;;1.000000;0.000000;kWh;4
2513;4;9620;F32;;47#battery bank - Today’s Discharge Energy;;1.000000;0.000000;kWh;4
2514;4;9622;F32;;47#battery bank - Accumulated Charge Energy;;1.000000;0.000000;kWh;4
2515;4;9624;F32;;47#battery bank - Accumulated Discharge Energy;;1.000000;0.000000;kWh;4
2516;4;9700;F32;;48#battery bank - Bank Voltage;;1.000000;0.000000;V;4
2517;4;9702;F32;;48#battery bank - Bank Current;;1.000000;0.000000;A;4
2518;4;9704;F32;;48#battery bank - Bank SOC;;1.000000;0.000000;%;4
2519;4;9706;F32;;48#battery bank - Bank SOH;;1.000000;0.000000;%;4
2520;4;9708;F32;;48#battery bank - Bank Insulation Resistance;;1.000000;0.000000;Ω;4
2521;4;9710;F32;;48#battery bank - Bank Available Charge Energy;;1.000000;0.000000;kWh;4
2522;4;9712;F32;;48#battery bank - Bank Available Discharge Energy;;1.000000;0.000000;kWh;4
2523;4;9714;F32;;48#battery bank - System Allowed Maximum Charge Current;;1.000000;0.000000;A;4
2524;4;9716;F32;;48#battery bank - System Allowed Maximum Discharge Current;;1.000000;0.000000;A;4
2525;4;9718;F32;;48#battery bank - Today’s Charge Energy;;1.000000;0.000000;kWh;4
2526;4;9720;F32;;48#battery bank - Today’s Discharge Energy;;1.000000;0.000000;kWh;4
2527;4;9722;F32;;48#battery bank - Accumulated Charge Energy;;1.000000;0.000000;kWh;4
2528;4;9724;F32;;48#battery bank - Accumulated Discharge Energy;;1.000000;0.000000;kWh;4
2529;4;9800;F32;;49#battery bank - Bank Voltage;;1.000000;0.000000;V;4
2530;4;9802;F32;;49#battery bank - Bank Current;;1.000000;0.000000;A;4
2531;4;9804;F32;;49#battery bank - Bank SOC;;1.000000;0.000000;%;4
2532;4;9806;F32;;49#battery bank - Bank SOH;;1.000000;0.000000;%;4
2533;4;9808;F32;;49#battery bank - Bank Insulation Resistance;;1.000000;0.000000;Ω;4
2534;4;9810;F32;;49#battery bank - Bank Available Charge Energy;;1.000000;0.000000;kWh;4
2535;4;9812;F32;;49#battery bank - Bank Available Discharge Energy;;1.000000;0.000000;kWh;4
2536;4;9814;F32;;49#battery bank - System Allowed Maximum Charge Current;;1.000000;0.000000;A;4
2537;4;9816;F32;;49#battery bank - System Allowed Maximum Discharge Current;;1.000000;0.000000;A;4
2538;4;9818;F32;;49#battery bank - Today’s Charge Energy;;1.000000;0.000000;kWh;4
2539;4;9820;F32;;49#battery bank - Today’s Discharge Energy;;1.000000;0.000000;kWh;4
2540;4;9822;F32;;49#battery bank - Accumulated Charge Energy;;1.000000;0.000000;kWh;4
2541;4;9824;F32;;49#battery bank - Accumulated Discharge Energy;;1.000000;0.000000;kWh;4
2542;4;9900;F32;;50#battery bank - Bank Voltage;;1.000000;0.000000;V;4
2543;4;9902;F32;;50#battery bank - Bank Current;;1.000000;0.000000;A;4
2544;4;9904;F32;;50#battery bank - Bank SOC;;1.000000;0.000000;%;4
2545;4;9906;F32;;50#battery bank - Bank SOH;;1.000000;0.000000;%;4
2546;4;9908;F32;;50#battery bank - Bank Insulation Resistance;;1.000000;0.000000;Ω;4
2547;4;9910;F32;;50#battery bank - Bank Available Charge Energy;;1.000000;0.000000;kWh;4
2548;4;9912;F32;;50#battery bank - Bank Available Discharge Energy;;1.000000;0.000000;kWh;4
2549;4;9914;F32;;50#battery bank - System Allowed Maximum Charge Current;;1.000000;0.000000;A;4
2550;4;9916;F32;;50#battery bank - System Allowed Maximum Discharge Current;;1.000000;0.000000;A;4
2551;4;9918;F32;;50#battery bank - Today’s Charge Energy;;1.000000;0.000000;kWh;4
2552;4;9920;F32;;50#battery bank - Today’s Discharge Energy;;1.000000;0.000000;kWh;4
2553;4;9922;F32;;50#battery bank - Accumulated Charge Energy;;1.000000;0.000000;kWh;4
2554;4;9924;F32;;50#battery bank - Accumulated Discharge Energy;;1.000000;0.000000;kWh;4
2555;4;10000;F32;;1#Bidirectional Meter - Total Forward Active Energy;;1.000000;0.000000;kWh;4
2556;4;10002;F32;;1#Bidirectional Meter - Total Forward Sharp Energy;;1.000000;0.000000;kWh;4
2557;4;10004;F32;;1#Bidirectional Meter - Total Forward Peak Energy;;1.000000;0.000000;kWh;4
2558;4;10006;F32;;1#Bidirectional Meter - Total Forward Flat Energy;;1.000000;0.000000;kWh;4
2559;4;10008;F32;;1#Bidirectional Meter - Total Forward Valley Energy;;1.000000;0.000000;kWh;4
2560;4;10010;F32;;1#Bidirectional Meter - Total Reverse Active Energy;;1.000000;0.000000;kWh;4
2561;4;10012;F32;;1#Bidirectional Meter - Total Reverse Sharp Energy;;1.000000;0.000000;kWh;4
2562;4;10014;F32;;1#Bidirectional Meter - Total Reverse Peak Energy;;1.000000;0.000000;kWh;4
2563;4;10016;F32;;1#Bidirectional Meter - Total Reverse Flat Energy;;1.000000;0.000000;kWh;4
2564;4;10018;F32;;1#Bidirectional Meter - Total Reverse Valley Energy;;1.000000;0.000000;kWh;4
2565;4;10020;F32;;1#Bidirectional Meter - Total Active Power;;1.000000;0.000000;kW;4
2566;4;10050;F32;;2#Bidirectional Meter - Total Forward Active Energy;;1.000000;0.000000;kWh;4
2567;4;10052;F32;;2#Bidirectional Meter - Total Forward Sharp Energy;;1.000000;0.000000;kWh;4
2568;4;10054;F32;;2#Bidirectional Meter - Total Forward Peak Energy;;1.000000;0.000000;kWh;4
2569;4;10056;F32;;2#Bidirectional Meter - Total Forward Flat Energy;;1.000000;0.000000;kWh;4
2570;4;10058;F32;;2#Bidirectional Meter - Total Forward Valley Energy;;1.000000;0.000000;kWh;4
2571;4;10060;F32;;2#Bidirectional Meter - Total Reverse Active Energy;;1.000000;0.000000;kWh;4
2572;4;10062;F32;;2#Bidirectional Meter - Total Reverse Sharp Energy;;1.000000;0.000000;kWh;4
2573;4;10064;F32;;2#Bidirectional Meter - Total Reverse Peak Energy;;1.000000;0.000000;kWh;4
2574;4;10066;F32;;2#Bidirectional Meter - Total Reverse Flat Energy;;1.000000;0.000000;kWh;4
2575;4;10068;F32;;2#Bidirectional Meter - Total Reverse Valley Energy;;1.000000;0.000000;kWh;4
2576;4;10070;F32;;2#Bidirectional Meter - Total Active Power;;1.000000;0.000000;kW;4
2577;4;10100;F32;;3#Bidirectional Meter - Total Forward Active Energy;;1.000000;0.000000;kWh;4
2578;4;10102;F32;;3#Bidirectional Meter - Total Forward Sharp Energy;;1.000000;0.000000;kWh;4
2579;4;10104;F32;;3#Bidirectional Meter - Total Forward Peak Energy;;1.000000;0.000000;kWh;4
2580;4;10106;F32;;3#Bidirectional Meter - Total Forward Flat Energy;;1.000000;0.000000;kWh;4
2581;4;10108;F32;;3#Bidirectional Meter - Total Forward Valley Energy;;1.000000;0.000000;kWh;4
2582;4;10110;F32;;3#Bidirectional Meter - Total Reverse Active Energy;;1.000000;0.000000;kWh;4
2583;4;10112;F32;;3#Bidirectional Meter - Total Reverse Sharp Energy;;1.000000;0.000000;kWh;4
2584;4;10114;F32;;3#Bidirectional Meter - Total Reverse Peak Energy;;1.000000;0.000000;kWh;4
2585;4;10116;F32;;3#Bidirectional Meter - Total Reverse Flat Energy;;1.000000;0.000000;kWh;4
2586;4;10118;F32;;3#Bidirectional Meter - Total Reverse Valley Energy;;1.000000;0.000000;kWh;4
2587;4;10120;F32;;3#Bidirectional Meter - Total Active Power;;1.000000;0.000000;kW;4
2588;4;10150;F32;;4#Bidirectional Meter - Total Forward Active Energy;;1.000000;0.000000;kWh;4
2589;4;10152;F32;;4#Bidirectional Meter - Total Forward Sharp Energy;;1.000000;0.000000;kWh;4
2590;4;10154;F32;;4#Bidirectional Meter - Total Forward Peak Energy;;1.000000;0.000000;kWh;4
2591;4;10156;F32;;4#Bidirectional Meter - Total Forward Flat Energy;;1.000000;0.000000;kWh;4
2592;4;10158;F32;;4#Bidirectional Meter - Total Forward Valley Energy;;1.000000;0.000000;kWh;4
2593;4;10160;F32;;4#Bidirectional Meter - Total Reverse Active Energy;;1.000000;0.000000;kWh;4
2594;4;10162;F32;;4#Bidirectional Meter - Total Reverse Sharp Energy;;1.000000;0.000000;kWh;4
2595;4;10164;F32;;4#Bidirectional Meter - Total Reverse Peak Energy;;1.000000;0.000000;kWh;4
2596;4;10166;F32;;4#Bidirectional Meter - Total Reverse Flat Energy;;1.000000;0.000000;kWh;4
2597;4;10168;F32;;4#Bidirectional Meter - Total Reverse Valley Energy;;1.000000;0.000000;kWh;4
2598;4;10170;F32;;4#Bidirectional Meter - Total Active Power;;1.000000;0.000000;kW;4
2599;4;10200;F32;;5#Bidirectional Meter - Total Forward Active Energy;;1.000000;0.000000;kWh;4
2600;4;10202;F32;;5#Bidirectional Meter - Total Forward Sharp Energy;;1.000000;0.000000;kWh;4
2601;4;10204;F32;;5#Bidirectional Meter - Total Forward Peak Energy;;1.000000;0.000000;kWh;4
2602;4;10206;F32;;5#Bidirectional Meter - Total Forward Flat Energy;;1.000000;0.000000;kWh;4
2603;4;10208;F32;;5#Bidirectional Meter - Total Forward Valley Energy;;1.000000;0.000000;kWh;4
2604;4;10210;F32;;5#Bidirectional Meter - Total Reverse Active Energy;;1.000000;0.000000;kWh;4
2605;4;10212;F32;;5#Bidirectional Meter - Total Reverse Sharp Energy;;1.000000;0.000000;kWh;4
2606;4;10214;F32;;5#Bidirectional Meter - Total Reverse Peak Energy;;1.000000;0.000000;kWh;4
2607;4;10216;F32;;5#Bidirectional Meter - Total Reverse Flat Energy;;1.000000;0.000000;kWh;4
2608;4;10218;F32;;5#Bidirectional Meter - Total Reverse Valley Energy;;1.000000;0.000000;kWh;4
2609;4;10220;F32;;5#Bidirectional Meter - Total Active Power;;1.000000;0.000000;kW;4
2610;4;10250;F32;;6#Bidirectional Meter - Total Forward Active Energy;;1.000000;0.000000;kWh;4
2611;4;10252;F32;;6#Bidirectional Meter - Total Forward Sharp Energy;;1.000000;0.000000;kWh;4
2612;4;10254;F32;;6#Bidirectional Meter - Total Forward Peak Energy;;1.000000;0.000000;kWh;4
2613;4;10256;F32;;6#Bidirectional Meter - Total Forward Flat Energy;;1.000000;0.000000;kWh;4
2614;4;10258;F32;;6#Bidirectional Meter - Total Forward Valley Energy;;1.000000;0.000000;kWh;4
2615;4;10260;F32;;6#Bidirectional Meter - Total Reverse Active Energy;;1.000000;0.000000;kWh;4
2616;4;10262;F32;;6#Bidirectional Meter - Total Reverse Sharp Energy;;1.000000;0.000000;kWh;4
2617;4;10264;F32;;6#Bidirectional Meter - Total Reverse Peak Energy;;1.000000;0.000000;kWh;4
2618;4;10266;F32;;6#Bidirectional Meter - Total Reverse Flat Energy;;1.000000;0.000000;kWh;4
2619;4;10268;F32;;6#Bidirectional Meter - Total Reverse Valley Energy;;1.000000;0.000000;kWh;4
2620;4;10270;F32;;6#Bidirectional Meter - Total Active Power;;1.000000;0.000000;kW;4
2621;4;10300;F32;;7#Bidirectional Meter - Total Forward Active Energy;;1.000000;0.000000;kWh;4
2622;4;10302;F32;;7#Bidirectional Meter - Total Forward Sharp Energy;;1.000000;0.000000;kWh;4
2623;4;10304;F32;;7#Bidirectional Meter - Total Forward Peak Energy;;1.000000;0.000000;kWh;4
2624;4;10306;F32;;7#Bidirectional Meter - Total Forward Flat Energy;;1.000000;0.000000;kWh;4
2625;4;10308;F32;;7#Bidirectional Meter - Total Forward Valley Energy;;1.000000;0.000000;kWh;4
2626;4;10310;F32;;7#Bidirectional Meter - Total Reverse Active Energy;;1.000000;0.000000;kWh;4
2627;4;10312;F32;;7#Bidirectional Meter - Total Reverse Sharp Energy;;1.000000;0.000000;kWh;4
2628;4;10314;F32;;7#Bidirectional Meter - Total Reverse Peak Energy;;1.000000;0.000000;kWh;4
2629;4;10316;F32;;7#Bidirectional Meter - Total Reverse Flat Energy;;1.000000;0.000000;kWh;4
2630;4;10318;F32;;7#Bidirectional Meter - Total Reverse Valley Energy;;1.000000;0.000000;kWh;4
2631;4;10320;F32;;7#Bidirectional Meter - Total Active Power;;1.000000;0.000000;kW;4
2632;4;10350;F32;;8#Bidirectional Meter - Total Forward Active Energy;;1.000000;0.000000;kWh;4
2633;4;10352;F32;;8#Bidirectional Meter - Total Forward Sharp Energy;;1.000000;0.000000;kWh;4
2634;4;10354;F32;;8#Bidirectional Meter - Total Forward Peak Energy;;1.000000;0.000000;kWh;4
2635;4;10356;F32;;8#Bidirectional Meter - Total Forward Flat Energy;;1.000000;0.000000;kWh;4
2636;4;10358;F32;;8#Bidirectional Meter - Total Forward Valley Energy;;1.000000;0.000000;kWh;4
2637;4;10360;F32;;8#Bidirectional Meter - Total Reverse Active Energy;;1.000000;0.000000;kWh;4
2638;4;10362;F32;;8#Bidirectional Meter - Total Reverse Sharp Energy;;1.000000;0.000000;kWh;4
2639;4;10364;F32;;8#Bidirectional Meter - Total Reverse Peak Energy;;1.000000;0.000000;kWh;4
2640;4;10366;F32;;8#Bidirectional Meter - Total Reverse Flat Energy;;1.000000;0.000000;kWh;4
2641;4;10368;F32;;8#Bidirectional Meter - Total Reverse Valley Energy;;1.000000;0.000000;kWh;4
2642;4;10370;F32;;8#Bidirectional Meter - Total Active Power;;1.000000;0.000000;kW;4
2643;4;10400;F32;;9#Bidirectional Meter - Total Forward Active Energy;;1.000000;0.000000;kWh;4
2644;4;10402;F32;;9#Bidirectional Meter - Total Forward Sharp Energy;;1.000000;0.000000;kWh;4
2645;4;10404;F32;;9#Bidirectional Meter - Total Forward Peak Energy;;1.000000;0.000000;kWh;4
2646;4;10406;F32;;9#Bidirectional Meter - Total Forward Flat Energy;;1.000000;0.000000;kWh;4
2647;4;10408;F32;;9#Bidirectional Meter - Total Forward Valley Energy;;1.000000;0.000000;kWh;4
2648;4;10410;F32;;9#Bidirectional Meter - Total Reverse Active Energy;;1.000000;0.000000;kWh;4
2649;4;10412;F32;;9#Bidirectional Meter - Total Reverse Sharp Energy;;1.000000;0.000000;kWh;4
2650;4;10414;F32;;9#Bidirectional Meter - Total Reverse Peak Energy;;1.000000;0.000000;kWh;4
2651;4;10416;F32;;9#Bidirectional Meter - Total Reverse Flat Energy;;1.000000;0.000000;kWh;4
2652;4;10418;F32;;9#Bidirectional Meter - Total Reverse Valley Energy;;1.000000;0.000000;kWh;4
2653;4;10420;F32;;9#Bidirectional Meter - Total Active Power;;1.000000;0.000000;kW;4
2654;4;10450;F32;;10#Bidirectional Meter - Total Forward Active Energy;;1.000000;0.000000;kWh;4
2655;4;10452;F32;;10#Bidirectional Meter - Total Forward Sharp Energy;;1.000000;0.000000;kWh;4
2656;4;10454;F32;;10#Bidirectional Meter - Total Forward Peak Energy;;1.000000;0.000000;kWh;4
2657;4;10456;F32;;10#Bidirectional Meter - Total Forward Flat Energy;;1.000000;0.000000;kWh;4
2658;4;10458;F32;;10#Bidirectional Meter - Total Forward Valley Energy;;1.000000;0.000000;kWh;4
2659;4;10460;F32;;10#Bidirectional Meter - Total Reverse Active Energy;;1.000000;0.000000;kWh;4
2660;4;10462;F32;;10#Bidirectional Meter - Total Reverse Sharp Energy;;1.000000;0.000000;kWh;4
2661;4;10464;F32;;10#Bidirectional Meter - Total Reverse Peak Energy;;1.000000;0.000000;kWh;4
2662;4;10466;F32;;10#Bidirectional Meter - Total Reverse Flat Energy;;1.000000;0.000000;kWh;4
2663;4;10468;F32;;10#Bidirectional Meter - Total Reverse Valley Energy;;1.000000;0.000000;kWh;4
2664;4;10470;F32;;10#Bidirectional Meter - Total Active Power;;1.000000;0.000000;kW;4
2665;4;10500;F32;;11#Bidirectional Meter - Total Forward Active Energy;;1.000000;0.000000;kWh;4
2666;4;10502;F32;;11#Bidirectional Meter - Total Forward Sharp Energy;;1.000000;0.000000;kWh;4
2667;4;10504;F32;;11#Bidirectional Meter - Total Forward Peak Energy;;1.000000;0.000000;kWh;4
2668;4;10506;F32;;11#Bidirectional Meter - Total Forward Flat Energy;;1.000000;0.000000;kWh;4
2669;4;10508;F32;;11#Bidirectional Meter - Total Forward Valley Energy;;1.000000;0.000000;kWh;4
2670;4;10510;F32;;11#Bidirectional Meter - Total Reverse Active Energy;;1.000000;0.000000;kWh;4
2671;4;10512;F32;;11#Bidirectional Meter - Total Reverse Sharp Energy;;1.000000;0.000000;kWh;4
2672;4;10514;F32;;11#Bidirectional Meter - Total Reverse Peak Energy;;1.000000;0.000000;kWh;4
2673;4;10516;F32;;11#Bidirectional Meter - Total Reverse Flat Energy;;1.000000;0.000000;kWh;4
2674;4;10518;F32;;11#Bidirectional Meter - Total Reverse Valley Energy;;1.000000;0.000000;kWh;4
2675;4;10520;F32;;11#Bidirectional Meter - Total Active Power;;1.000000;0.000000;kW;4
2676;4;10550;F32;;12#Bidirectional Meter - Total Forward Active Energy;;1.000000;0.000000;kWh;4
2677;4;10552;F32;;12#Bidirectional Meter - Total Forward Sharp Energy;;1.000000;0.000000;kWh;4
2678;4;10554;F32;;12#Bidirectional Meter - Total Forward Peak Energy;;1.000000;0.000000;kWh;4
2679;4;10556;F32;;12#Bidirectional Meter - Total Forward Flat Energy;;1.000000;0.000000;kWh;4
2680;4;10558;F32;;12#Bidirectional Meter - Total Forward Valley Energy;;1.000000;0.000000;kWh;4
2681;4;10560;F32;;12#Bidirectional Meter - Total Reverse Active Energy;;1.000000;0.000000;kWh;4
2682;4;10562;F32;;12#Bidirectional Meter - Total Reverse Sharp Energy;;1.000000;0.000000;kWh;4
2683;4;10564;F32;;12#Bidirectional Meter - Total Reverse Peak Energy;;1.000000;0.000000;kWh;4
2684;4;10566;F32;;12#Bidirectional Meter - Total Reverse Flat Energy;;1.000000;0.000000;kWh;4
2685;4;10568;F32;;12#Bidirectional Meter - Total Reverse Valley Energy;;1.000000;0.000000;kWh;4
2686;4;10570;F32;;12#Bidirectional Meter - Total Active Power;;1.000000;0.000000;kW;4
2687;4;10600;F32;;13#Bidirectional Meter - Total Forward Active Energy;;1.000000;0.000000;kWh;4
2688;4;10602;F32;;13#Bidirectional Meter - Total Forward Sharp Energy;;1.000000;0.000000;kWh;4
2689;4;10604;F32;;13#Bidirectional Meter - Total Forward Peak Energy;;1.000000;0.000000;kWh;4
2690;4;10606;F32;;13#Bidirectional Meter - Total Forward Flat Energy;;1.000000;0.000000;kWh;4
2691;4;10608;F32;;13#Bidirectional Meter - Total Forward Valley Energy;;1.000000;0.000000;kWh;4
2692;4;10610;F32;;13#Bidirectional Meter - Total Reverse Active Energy;;1.000000;0.000000;kWh;4
2693;4;10612;F32;;13#Bidirectional Meter - Total Reverse Sharp Energy;;1.000000;0.000000;kWh;4
2694;4;10614;F32;;13#Bidirectional Meter - Total Reverse Peak Energy;;1.000000;0.000000;kWh;4
2695;4;10616;F32;;13#Bidirectional Meter - Total Reverse Flat Energy;;1.000000;0.000000;kWh;4
2696;4;10618;F32;;13#Bidirectional Meter - Total Reverse Valley Energy;;1.000000;0.000000;kWh;4
2697;4;10620;F32;;13#Bidirectional Meter - Total Active Power;;1.000000;0.000000;kW;4
2698;4;10650;F32;;14#Bidirectional Meter - Total Forward Active Energy;;1.000000;0.000000;kWh;4
2699;4;10652;F32;;14#Bidirectional Meter - Total Forward Sharp Energy;;1.000000;0.000000;kWh;4
2700;4;10654;F32;;14#Bidirectional Meter - Total Forward Peak Energy;;1.000000;0.000000;kWh;4
2701;4;10656;F32;;14#Bidirectional Meter - Total Forward Flat Energy;;1.000000;0.000000;kWh;4
2702;4;10658;F32;;14#Bidirectional Meter - Total Forward Valley Energy;;1.000000;0.000000;kWh;4
2703;4;10660;F32;;14#Bidirectional Meter - Total Reverse Active Energy;;1.000000;0.000000;kWh;4
2704;4;10662;F32;;14#Bidirectional Meter - Total Reverse Sharp Energy;;1.000000;0.000000;kWh;4
2705;4;10664;F32;;14#Bidirectional Meter - Total Reverse Peak Energy;;1.000000;0.000000;kWh;4
2706;4;10666;F32;;14#Bidirectional Meter - Total Reverse Flat Energy;;1.000000;0.000000;kWh;4
2707;4;10668;F32;;14#Bidirectional Meter - Total Reverse Valley Energy;;1.000000;0.000000;kWh;4
2708;4;10670;F32;;14#Bidirectional Meter - Total Active Power;;1.000000;0.000000;kW;4
2709;4;10700;F32;;15#Bidirectional Meter - Total Forward Active Energy;;1.000000;0.000000;kWh;4
2710;4;10702;F32;;15#Bidirectional Meter - Total Forward Sharp Energy;;1.000000;0.000000;kWh;4
2711;4;10704;F32;;15#Bidirectional Meter - Total Forward Peak Energy;;1.000000;0.000000;kWh;4
2712;4;10706;F32;;15#Bidirectional Meter - Total Forward Flat Energy;;1.000000;0.000000;kWh;4
2713;4;10708;F32;;15#Bidirectional Meter - Total Forward Valley Energy;;1.000000;0.000000;kWh;4
2714;4;10710;F32;;15#Bidirectional Meter - Total Reverse Active Energy;;1.000000;0.000000;kWh;4
2715;4;10712;F32;;15#Bidirectional Meter - Total Reverse Sharp Energy;;1.000000;0.000000;kWh;4
2716;4;10714;F32;;15#Bidirectional Meter - Total Reverse Peak Energy;;1.000000;0.000000;kWh;4
2717;4;10716;F32;;15#Bidirectional Meter - Total Reverse Flat Energy;;1.000000;0.000000;kWh;4
2718;4;10718;F32;;15#Bidirectional Meter - Total Reverse Valley Energy;;1.000000;0.000000;kWh;4
2719;4;10720;F32;;15#Bidirectional Meter - Total Active Power;;1.000000;0.000000;kW;4
2720;4;10750;F32;;16#Bidirectional Meter - Total Forward Active Energy;;1.000000;0.000000;kWh;4
2721;4;10752;F32;;16#Bidirectional Meter - Total Forward Sharp Energy;;1.000000;0.000000;kWh;4
2722;4;10754;F32;;16#Bidirectional Meter - Total Forward Peak Energy;;1.000000;0.000000;kWh;4
2723;4;10756;F32;;16#Bidirectional Meter - Total Forward Flat Energy;;1.000000;0.000000;kWh;4
2724;4;10758;F32;;16#Bidirectional Meter - Total Forward Valley Energy;;1.000000;0.000000;kWh;4
2725;4;10760;F32;;16#Bidirectional Meter - Total Reverse Active Energy;;1.000000;0.000000;kWh;4
2726;4;10762;F32;;16#Bidirectional Meter - Total Reverse Sharp Energy;;1.000000;0.000000;kWh;4
2727;4;10764;F32;;16#Bidirectional Meter - Total Reverse Peak Energy;;1.000000;0.000000;kWh;4
2728;4;10766;F32;;16#Bidirectional Meter - Total Reverse Flat Energy;;1.000000;0.000000;kWh;4
2729;4;10768;F32;;16#Bidirectional Meter - Total Reverse Valley Energy;;1.000000;0.000000;kWh;4
2730;4;10770;F32;;16#Bidirectional Meter - Total Active Power;;1.000000;0.000000;kW;4
2731;4;10800;F32;;17#Bidirectional Meter - Total Forward Active Energy;;1.000000;0.000000;kWh;4
2732;4;10802;F32;;17#Bidirectional Meter - Total Forward Sharp Energy;;1.000000;0.000000;kWh;4
2733;4;10804;F32;;17#Bidirectional Meter - Total Forward Peak Energy;;1.000000;0.000000;kWh;4
2734;4;10806;F32;;17#Bidirectional Meter - Total Forward Flat Energy;;1.000000;0.000000;kWh;4
2735;4;10808;F32;;17#Bidirectional Meter - Total Forward Valley Energy;;1.000000;0.000000;kWh;4
2736;4;10810;F32;;17#Bidirectional Meter - Total Reverse Active Energy;;1.000000;0.000000;kWh;4
2737;4;10812;F32;;17#Bidirectional Meter - Total Reverse Sharp Energy;;1.000000;0.000000;kWh;4
2738;4;10814;F32;;17#Bidirectional Meter - Total Reverse Peak Energy;;1.000000;0.000000;kWh;4
2739;4;10816;F32;;17#Bidirectional Meter - Total Reverse Flat Energy;;1.000000;0.000000;kWh;4
2740;4;10818;F32;;17#Bidirectional Meter - Total Reverse Valley Energy;;1.000000;0.000000;kWh;4
2741;4;10820;F32;;17#Bidirectional Meter - Total Active Power;;1.000000;0.000000;kW;4
2742;4;10850;F32;;18#Bidirectional Meter - Total Forward Active Energy;;1.000000;0.000000;kWh;4
2743;4;10852;F32;;18#Bidirectional Meter - Total Forward Sharp Energy;;1.000000;0.000000;kWh;4
2744;4;10854;F32;;18#Bidirectional Meter - Total Forward Peak Energy;;1.000000;0.000000;kWh;4
2745;4;10856;F32;;18#Bidirectional Meter - Total Forward Flat Energy;;1.000000;0.000000;kWh;4
2746;4;10858;F32;;18#Bidirectional Meter - Total Forward Valley Energy;;1.000000;0.000000;kWh;4
2747;4;10860;F32;;18#Bidirectional Meter - Total Reverse Active Energy;;1.000000;0.000000;kWh;4
2748;4;10862;F32;;18#Bidirectional Meter - Total Reverse Sharp Energy;;1.000000;0.000000;kWh;4
2749;4;10864;F32;;18#Bidirectional Meter - Total Reverse Peak Energy;;1.000000;0.000000;kWh;4
2750;4;10866;F32;;18#Bidirectional Meter - Total Reverse Flat Energy;;1.000000;0.000000;kWh;4
2751;4;10868;F32;;18#Bidirectional Meter - Total Reverse Valley Energy;;1.000000;0.000000;kWh;4
2752;4;10870;F32;;18#Bidirectional Meter - Total Active Power;;1.000000;0.000000;kW;4
2753;4;10900;F32;;19#Bidirectional Meter - Total Forward Active Energy;;1.000000;0.000000;kWh;4
2754;4;10902;F32;;19#Bidirectional Meter - Total Forward Sharp Energy;;1.000000;0.000000;kWh;4
2755;4;10904;F32;;19#Bidirectional Meter - Total Forward Peak Energy;;1.000000;0.000000;kWh;4
2756;4;10906;F32;;19#Bidirectional Meter - Total Forward Flat Energy;;1.000000;0.000000;kWh;4
2757;4;10908;F32;;19#Bidirectional Meter - Total Forward Valley Energy;;1.000000;0.000000;kWh;4
2758;4;10910;F32;;19#Bidirectional Meter - Total Reverse Active Energy;;1.000000;0.000000;kWh;4
2759;4;10912;F32;;19#Bidirectional Meter - Total Reverse Sharp Energy;;1.000000;0.000000;kWh;4
2760;4;10914;F32;;19#Bidirectional Meter - Total Reverse Peak Energy;;1.000000;0.000000;kWh;4
2761;4;10916;F32;;19#Bidirectional Meter - Total Reverse Flat Energy;;1.000000;0.000000;kWh;4
2762;4;10918;F32;;19#Bidirectional Meter - Total Reverse Valley Energy;;1.000000;0.000000;kWh;4
2763;4;10920;F32;;19#Bidirectional Meter - Total Active Power;;1.000000;0.000000;kW;4
2764;4;10950;F32;;20#Bidirectional Meter - Total Forward Active Energy;;1.000000;0.000000;kWh;4
2765;4;10952;F32;;20#Bidirectional Meter - Total Forward Sharp Energy;;1.000000;0.000000;kWh;4
2766;4;10954;F32;;20#Bidirectional Meter - Total Forward Peak Energy;;1.000000;0.000000;kWh;4
2767;4;10956;F32;;20#Bidirectional Meter - Total Forward Flat Energy;;1.000000;0.000000;kWh;4
2768;4;10958;F32;;20#Bidirectional Meter - Total Forward Valley Energy;;1.000000;0.000000;kWh;4
2769;4;10960;F32;;20#Bidirectional Meter - Total Reverse Active Energy;;1.000000;0.000000;kWh;4
2770;4;10962;F32;;20#Bidirectional Meter - Total Reverse Sharp Energy;;1.000000;0.000000;kWh;4
2771;4;10964;F32;;20#Bidirectional Meter - Total Reverse Peak Energy;;1.000000;0.000000;kWh;4
2772;4;10966;F32;;20#Bidirectional Meter - Total Reverse Flat Energy;;1.000000;0.000000;kWh;4
2773;4;10968;F32;;20#Bidirectional Meter - Total Reverse Valley Energy;;1.000000;0.000000;kWh;4
2774;4;10970;F32;;20#Bidirectional Meter - Total Active Power;;1.000000;0.000000;kW;4
2775;4;11000;F32;;21#Bidirectional Meter - Total Forward Active Energy;;1.000000;0.000000;kWh;4
2776;4;11002;F32;;21#Bidirectional Meter - Total Forward Sharp Energy;;1.000000;0.000000;kWh;4
2777;4;11004;F32;;21#Bidirectional Meter - Total Forward Peak Energy;;1.000000;0.000000;kWh;4
2778;4;11006;F32;;21#Bidirectional Meter - Total Forward Flat Energy;;1.000000;0.000000;kWh;4
2779;4;11008;F32;;21#Bidirectional Meter - Total Forward Valley Energy;;1.000000;0.000000;kWh;4
2780;4;11010;F32;;21#Bidirectional Meter - Total Reverse Active Energy;;1.000000;0.000000;kWh;4
2781;4;11012;F32;;21#Bidirectional Meter - Total Reverse Sharp Energy;;1.000000;0.000000;kWh;4
2782;4;11014;F32;;21#Bidirectional Meter - Total Reverse Peak Energy;;1.000000;0.000000;kWh;4
2783;4;11016;F32;;21#Bidirectional Meter - Total Reverse Flat Energy;;1.000000;0.000000;kWh;4
2784;4;11018;F32;;21#Bidirectional Meter - Total Reverse Valley Energy;;1.000000;0.000000;kWh;4
2785;4;11020;F32;;21#Bidirectional Meter - Total Active Power;;1.000000;0.000000;kW;4
2786;4;11050;F32;;22#Bidirectional Meter - Total Forward Active Energy;;1.000000;0.000000;kWh;4
2787;4;11052;F32;;22#Bidirectional Meter - Total Forward Sharp Energy;;1.000000;0.000000;kWh;4
2788;4;11054;F32;;22#Bidirectional Meter - Total Forward Peak Energy;;1.000000;0.000000;kWh;4
2789;4;11056;F32;;22#Bidirectional Meter - Total Forward Flat Energy;;1.000000;0.000000;kWh;4
2790;4;11058;F32;;22#Bidirectional Meter - Total Forward Valley Energy;;1.000000;0.000000;kWh;4
2791;4;11060;F32;;22#Bidirectional Meter - Total Reverse Active Energy;;1.000000;0.000000;kWh;4
2792;4;11062;F32;;22#Bidirectional Meter - Total Reverse Sharp Energy;;1.000000;0.000000;kWh;4
2793;4;11064;F32;;22#Bidirectional Meter - Total Reverse Peak Energy;;1.000000;0.000000;kWh;4
2794;4;11066;F32;;22#Bidirectional Meter - Total Reverse Flat Energy;;1.000000;0.000000;kWh;4
2795;4;11068;F32;;22#Bidirectional Meter - Total Reverse Valley Energy;;1.000000;0.000000;kWh;4
2796;4;11070;F32;;22#Bidirectional Meter - Total Active Power;;1.000000;0.000000;kW;4
2797;4;11100;F32;;23#Bidirectional Meter - Total Forward Active Energy;;1.000000;0.000000;kWh;4
2798;4;11102;F32;;23#Bidirectional Meter - Total Forward Sharp Energy;;1.000000;0.000000;kWh;4
2799;4;11104;F32;;23#Bidirectional Meter - Total Forward Peak Energy;;1.000000;0.000000;kWh;4
2800;4;11106;F32;;23#Bidirectional Meter - Total Forward Flat Energy;;1.000000;0.000000;kWh;4
2801;4;11108;F32;;23#Bidirectional Meter - Total Forward Valley Energy;;1.000000;0.000000;kWh;4
2802;4;11110;F32;;23#Bidirectional Meter - Total Reverse Active Energy;;1.000000;0.000000;kWh;4
2803;4;11112;F32;;23#Bidirectional Meter - Total Reverse Sharp Energy;;1.000000;0.000000;kWh;4
2804;4;11114;F32;;23#Bidirectional Meter - Total Reverse Peak Energy;;1.000000;0.000000;kWh;4
2805;4;11116;F32;;23#Bidirectional Meter - Total Reverse Flat Energy;;1.000000;0.000000;kWh;4
2806;4;11118;F32;;23#Bidirectional Meter - Total Reverse Valley Energy;;1.000000;0.000000;kWh;4
2807;4;11120;F32;;23#Bidirectional Meter - Total Active Power;;1.000000;0.000000;kW;4
2808;4;11150;F32;;24#Bidirectional Meter - Total Forward Active Energy;;1.000000;0.000000;kWh;4
2809;4;11152;F32;;24#Bidirectional Meter - Total Forward Sharp Energy;;1.000000;0.000000;kWh;4
2810;4;11154;F32;;24#Bidirectional Meter - Total Forward Peak Energy;;1.000000;0.000000;kWh;4
2811;4;11156;F32;;24#Bidirectional Meter - Total Forward Flat Energy;;1.000000;0.000000;kWh;4
2812;4;11158;F32;;24#Bidirectional Meter - Total Forward Valley Energy;;1.000000;0.000000;kWh;4
2813;4;11160;F32;;24#Bidirectional Meter - Total Reverse Active Energy;;1.000000;0.000000;kWh;4
2814;4;11162;F32;;24#Bidirectional Meter - Total Reverse Sharp Energy;;1.000000;0.000000;kWh;4
2815;4;11164;F32;;24#Bidirectional Meter - Total Reverse Peak Energy;;1.000000;0.000000;kWh;4
2816;4;11166;F32;;24#Bidirectional Meter - Total Reverse Flat Energy;;1.000000;0.000000;kWh;4
2817;4;11168;F32;;24#Bidirectional Meter - Total Reverse Valley Energy;;1.000000;0.000000;kWh;4
2818;4;11170;F32;;24#Bidirectional Meter - Total Active Power;;1.000000;0.000000;kW;4
2819;4;11200;F32;;25#Bidirectional Meter - Total Forward Active Energy;;1.000000;0.000000;kWh;4
2820;4;11202;F32;;25#Bidirectional Meter - Total Forward Sharp Energy;;1.000000;0.000000;kWh;4
2821;4;11204;F32;;25#Bidirectional Meter - Total Forward Peak Energy;;1.000000;0.000000;kWh;4
2822;4;11206;F32;;25#Bidirectional Meter - Total Forward Flat Energy;;1.000000;0.000000;kWh;4
2823;4;11208;F32;;25#Bidirectional Meter - Total Forward Valley Energy;;1.000000;0.000000;kWh;4
2824;4;11210;F32;;25#Bidirectional Meter - Total Reverse Active Energy;;1.000000;0.000000;kWh;4
2825;4;11212;F32;;25#Bidirectional Meter - Total Reverse Sharp Energy;;1.000000;0.000000;kWh;4
2826;4;11214;F32;;25#Bidirectional Meter - Total Reverse Peak Energy;;1.000000;0.000000;kWh;4
2827;4;11216;F32;;25#Bidirectional Meter - Total Reverse Flat Energy;;1.000000;0.000000;kWh;4
2828;4;11218;F32;;25#Bidirectional Meter - Total Reverse Valley Energy;;1.000000;0.000000;kWh;4
2829;4;11220;F32;;25#Bidirectional Meter - Total Active Power;;1.000000;0.000000;kW;4
2830;4;11250;F32;;26#Bidirectional Meter - Total Forward Active Energy;;1.000000;0.000000;kWh;4
2831;4;11252;F32;;26#Bidirectional Meter - Total Forward Sharp Energy;;1.000000;0.000000;kWh;4
2832;4;11254;F32;;26#Bidirectional Meter - Total Forward Peak Energy;;1.000000;0.000000;kWh;4
2833;4;11256;F32;;26#Bidirectional Meter - Total Forward Flat Energy;;1.000000;0.000000;kWh;4
2834;4;11258;F32;;26#Bidirectional Meter - Total Forward Valley Energy;;1.000000;0.000000;kWh;4
2835;4;11260;F32;;26#Bidirectional Meter - Total Reverse Active Energy;;1.000000;0.000000;kWh;4
2836;4;11262;F32;;26#Bidirectional Meter - Total Reverse Sharp Energy;;1.000000;0.000000;kWh;4
2837;4;11264;F32;;26#Bidirectional Meter - Total Reverse Peak Energy;;1.000000;0.000000;kWh;4
2838;4;11266;F32;;26#Bidirectional Meter - Total Reverse Flat Energy;;1.000000;0.000000;kWh;4
2839;4;11268;F32;;26#Bidirectional Meter - Total Reverse Valley Energy;;1.000000;0.000000;kWh;4
2840;4;11270;F32;;26#Bidirectional Meter - Total Active Power;;1.000000;0.000000;kW;4
2841;4;11300;F32;;27#Bidirectional Meter - Total Forward Active Energy;;1.000000;0.000000;kWh;4
2842;4;11302;F32;;27#Bidirectional Meter - Total Forward Sharp Energy;;1.000000;0.000000;kWh;4
2843;4;11304;F32;;27#Bidirectional Meter - Total Forward Peak Energy;;1.000000;0.000000;kWh;4
2844;4;11306;F32;;27#Bidirectional Meter - Total Forward Flat Energy;;1.000000;0.000000;kWh;4
2845;4;11308;F32;;27#Bidirectional Meter - Total Forward Valley Energy;;1.000000;0.000000;kWh;4
2846;4;11310;F32;;27#Bidirectional Meter - Total Reverse Active Energy;;1.000000;0.000000;kWh;4
2847;4;11312;F32;;27#Bidirectional Meter - Total Reverse Sharp Energy;;1.000000;0.000000;kWh;4
2848;4;11314;F32;;27#Bidirectional Meter - Total Reverse Peak Energy;;1.000000;0.000000;kWh;4
2849;4;11316;F32;;27#Bidirectional Meter - Total Reverse Flat Energy;;1.000000;0.000000;kWh;4
2850;4;11318;F32;;27#Bidirectional Meter - Total Reverse Valley Energy;;1.000000;0.000000;kWh;4
2851;4;11320;F32;;27#Bidirectional Meter - Total Active Power;;1.000000;0.000000;kW;4
2852;4;11350;F32;;28#Bidirectional Meter - Total Forward Active Energy;;1.000000;0.000000;kWh;4
2853;4;11352;F32;;28#Bidirectional Meter - Total Forward Sharp Energy;;1.000000;0.000000;kWh;4
2854;4;11354;F32;;28#Bidirectional Meter - Total Forward Peak Energy;;1.000000;0.000000;kWh;4
2855;4;11356;F32;;28#Bidirectional Meter - Total Forward Flat Energy;;1.000000;0.000000;kWh;4
2856;4;11358;F32;;28#Bidirectional Meter - Total Forward Valley Energy;;1.000000;0.000000;kWh;4
2857;4;11360;F32;;28#Bidirectional Meter - Total Reverse Active Energy;;1.000000;0.000000;kWh;4
2858;4;11362;F32;;28#Bidirectional Meter - Total Reverse Sharp Energy;;1.000000;0.000000;kWh;4
2859;4;11364;F32;;28#Bidirectional Meter - Total Reverse Peak Energy;;1.000000;0.000000;kWh;4
2860;4;11366;F32;;28#Bidirectional Meter - Total Reverse Flat Energy;;1.000000;0.000000;kWh;4
2861;4;11368;F32;;28#Bidirectional Meter - Total Reverse Valley Energy;;1.000000;0.000000;kWh;4
2862;4;11370;F32;;28#Bidirectional Meter - Total Active Power;;1.000000;0.000000;kW;4
2863;4;11400;F32;;29#Bidirectional Meter - Total Forward Active Energy;;1.000000;0.000000;kWh;4
2864;4;11402;F32;;29#Bidirectional Meter - Total Forward Sharp Energy;;1.000000;0.000000;kWh;4
2865;4;11404;F32;;29#Bidirectional Meter - Total Forward Peak Energy;;1.000000;0.000000;kWh;4
2866;4;11406;F32;;29#Bidirectional Meter - Total Forward Flat Energy;;1.000000;0.000000;kWh;4
2867;4;11408;F32;;29#Bidirectional Meter - Total Forward Valley Energy;;1.000000;0.000000;kWh;4
2868;4;11410;F32;;29#Bidirectional Meter - Total Reverse Active Energy;;1.000000;0.000000;kWh;4
2869;4;11412;F32;;29#Bidirectional Meter - Total Reverse Sharp Energy;;1.000000;0.000000;kWh;4
2870;4;11414;F32;;29#Bidirectional Meter - Total Reverse Peak Energy;;1.000000;0.000000;kWh;4
2871;4;11416;F32;;29#Bidirectional Meter - Total Reverse Flat Energy;;1.000000;0.000000;kWh;4
2872;4;11418;F32;;29#Bidirectional Meter - Total Reverse Valley Energy;;1.000000;0.000000;kWh;4
2873;4;11420;F32;;29#Bidirectional Meter - Total Active Power;;1.000000;0.000000;kW;4
2874;4;11450;F32;;30#Bidirectional Meter - Total Forward Active Energy;;1.000000;0.000000;kWh;4
2875;4;11452;F32;;30#Bidirectional Meter - Total Forward Sharp Energy;;1.000000;0.000000;kWh;4
2876;4;11454;F32;;30#Bidirectional Meter - Total Forward Peak Energy;;1.000000;0.000000;kWh;4
2877;4;11456;F32;;30#Bidirectional Meter - Total Forward Flat Energy;;1.000000;0.000000;kWh;4
2878;4;11458;F32;;30#Bidirectional Meter - Total Forward Valley Energy;;1.000000;0.000000;kWh;4
2879;4;11460;F32;;30#Bidirectional Meter - Total Reverse Active Energy;;1.000000;0.000000;kWh;4
2880;4;11462;F32;;30#Bidirectional Meter - Total Reverse Sharp Energy;;1.000000;0.000000;kWh;4
2881;4;11464;F32;;30#Bidirectional Meter - Total Reverse Peak Energy;;1.000000;0.000000;kWh;4
2882;4;11466;F32;;30#Bidirectional Meter - Total Reverse Flat Energy;;1.000000;0.000000;kWh;4
2883;4;11468;F32;;30#Bidirectional Meter - Total Reverse Valley Energy;;1.000000;0.000000;kWh;4
2884;4;11470;F32;;30#Bidirectional Meter - Total Active Power;;1.000000;0.000000;kW;4
2885;4;11500;F32;;31#Bidirectional Meter - Total Forward Active Energy;;1.000000;0.000000;kWh;4
2886;4;11502;F32;;31#Bidirectional Meter - Total Forward Sharp Energy;;1.000000;0.000000;kWh;4
2887;4;11504;F32;;31#Bidirectional Meter - Total Forward Peak Energy;;1.000000;0.000000;kWh;4
2888;4;11506;F32;;31#Bidirectional Meter - Total Forward Flat Energy;;1.000000;0.000000;kWh;4
2889;4;11508;F32;;31#Bidirectional Meter - Total Forward Valley Energy;;1.000000;0.000000;kWh;4
2890;4;11510;F32;;31#Bidirectional Meter - Total Reverse Active Energy;;1.000000;0.000000;kWh;4
2891;4;11512;F32;;31#Bidirectional Meter - Total Reverse Sharp Energy;;1.000000;0.000000;kWh;4
2892;4;11514;F32;;31#Bidirectional Meter - Total Reverse Peak Energy;;1.000000;0.000000;kWh;4
2893;4;11516;F32;;31#Bidirectional Meter - Total Reverse Flat Energy;;1.000000;0.000000;kWh;4
2894;4;11518;F32;;31#Bidirectional Meter - Total Reverse Valley Energy;;1.000000;0.000000;kWh;4
2895;4;11520;F32;;31#Bidirectional Meter - Total Active Power;;1.000000;0.000000;kW;4
2896;4;11550;F32;;32#Bidirectional Meter - Total Forward Active Energy;;1.000000;0.000000;kWh;4
2897;4;11552;F32;;32#Bidirectional Meter - Total Forward Sharp Energy;;1.000000;0.000000;kWh;4
2898;4;11554;F32;;32#Bidirectional Meter - Total Forward Peak Energy;;1.000000;0.000000;kWh;4
2899;4;11556;F32;;32#Bidirectional Meter - Total Forward Flat Energy;;1.000000;0.000000;kWh;4
2900;4;11558;F32;;32#Bidirectional Meter - Total Forward Valley Energy;;1.000000;0.000000;kWh;4
2901;4;11560;F32;;32#Bidirectional Meter - Total Reverse Active Energy;;1.000000;0.000000;kWh;4
2902;4;11562;F32;;32#Bidirectional Meter - Total Reverse Sharp Energy;;1.000000;0.000000;kWh;4
2903;4;11564;F32;;32#Bidirectional Meter - Total Reverse Peak Energy;;1.000000;0.000000;kWh;4
2904;4;11566;F32;;32#Bidirectional Meter - Total Reverse Flat Energy;;1.000000;0.000000;kWh;4
2905;4;11568;F32;;32#Bidirectional Meter - Total Reverse Valley Energy;;1.000000;0.000000;kWh;4
2906;4;11570;F32;;32#Bidirectional Meter - Total Active Power;;1.000000;0.000000;kW;4
2907;4;11600;F32;;33#Bidirectional Meter - Total Forward Active Energy;;1.000000;0.000000;kWh;4
2908;4;11602;F32;;33#Bidirectional Meter - Total Forward Sharp Energy;;1.000000;0.000000;kWh;4
2909;4;11604;F32;;33#Bidirectional Meter - Total Forward Peak Energy;;1.000000;0.000000;kWh;4
2910;4;11606;F32;;33#Bidirectional Meter - Total Forward Flat Energy;;1.000000;0.000000;kWh;4
2911;4;11608;F32;;33#Bidirectional Meter - Total Forward Valley Energy;;1.000000;0.000000;kWh;4
2912;4;11610;F32;;33#Bidirectional Meter - Total Reverse Active Energy;;1.000000;0.000000;kWh;4
2913;4;11612;F32;;33#Bidirectional Meter - Total Reverse Sharp Energy;;1.000000;0.000000;kWh;4
2914;4;11614;F32;;33#Bidirectional Meter - Total Reverse Peak Energy;;1.000000;0.000000;kWh;4
2915;4;11616;F32;;33#Bidirectional Meter - Total Reverse Flat Energy;;1.000000;0.000000;kWh;4
2916;4;11618;F32;;33#Bidirectional Meter - Total Reverse Valley Energy;;1.000000;0.000000;kWh;4
2917;4;11620;F32;;33#Bidirectional Meter - Total Active Power;;1.000000;0.000000;kW;4
2918;4;11650;F32;;34#Bidirectional Meter - Total Forward Active Energy;;1.000000;0.000000;kWh;4
2919;4;11652;F32;;34#Bidirectional Meter - Total Forward Sharp Energy;;1.000000;0.000000;kWh;4
2920;4;11654;F32;;34#Bidirectional Meter - Total Forward Peak Energy;;1.000000;0.000000;kWh;4
2921;4;11656;F32;;34#Bidirectional Meter - Total Forward Flat Energy;;1.000000;0.000000;kWh;4
2922;4;11658;F32;;34#Bidirectional Meter - Total Forward Valley Energy;;1.000000;0.000000;kWh;4
2923;4;11660;F32;;34#Bidirectional Meter - Total Reverse Active Energy;;1.000000;0.000000;kWh;4
2924;4;11662;F32;;34#Bidirectional Meter - Total Reverse Sharp Energy;;1.000000;0.000000;kWh;4
2925;4;11664;F32;;34#Bidirectional Meter - Total Reverse Peak Energy;;1.000000;0.000000;kWh;4
2926;4;11666;F32;;34#Bidirectional Meter - Total Reverse Flat Energy;;1.000000;0.000000;kWh;4
2927;4;11668;F32;;34#Bidirectional Meter - Total Reverse Valley Energy;;1.000000;0.000000;kWh;4
2928;4;11670;F32;;34#Bidirectional Meter - Total Active Power;;1.000000;0.000000;kW;4
2929;4;11700;F32;;35#Bidirectional Meter - Total Forward Active Energy;;1.000000;0.000000;kWh;4
2930;4;11702;F32;;35#Bidirectional Meter - Total Forward Sharp Energy;;1.000000;0.000000;kWh;4
2931;4;11704;F32;;35#Bidirectional Meter - Total Forward Peak Energy;;1.000000;0.000000;kWh;4
2932;4;11706;F32;;35#Bidirectional Meter - Total Forward Flat Energy;;1.000000;0.000000;kWh;4
2933;4;11708;F32;;35#Bidirectional Meter - Total Forward Valley Energy;;1.000000;0.000000;kWh;4
2934;4;11710;F32;;35#Bidirectional Meter - Total Reverse Active Energy;;1.000000;0.000000;kWh;4
2935;4;11712;F32;;35#Bidirectional Meter - Total Reverse Sharp Energy;;1.000000;0.000000;kWh;4
2936;4;11714;F32;;35#Bidirectional Meter - Total Reverse Peak Energy;;1.000000;0.000000;kWh;4
2937;4;11716;F32;;35#Bidirectional Meter - Total Reverse Flat Energy;;1.000000;0.000000;kWh;4
2938;4;11718;F32;;35#Bidirectional Meter - Total Reverse Valley Energy;;1.000000;0.000000;kWh;4
2939;4;11720;F32;;35#Bidirectional Meter - Total Active Power;;1.000000;0.000000;kW;4
2940;4;11750;F32;;36#Bidirectional Meter - Total Forward Active Energy;;1.000000;0.000000;kWh;4
2941;4;11752;F32;;36#Bidirectional Meter - Total Forward Sharp Energy;;1.000000;0.000000;kWh;4
2942;4;11754;F32;;36#Bidirectional Meter - Total Forward Peak Energy;;1.000000;0.000000;kWh;4
2943;4;11756;F32;;36#Bidirectional Meter - Total Forward Flat Energy;;1.000000;0.000000;kWh;4
2944;4;11758;F32;;36#Bidirectional Meter - Total Forward Valley Energy;;1.000000;0.000000;kWh;4
2945;4;11760;F32;;36#Bidirectional Meter - Total Reverse Active Energy;;1.000000;0.000000;kWh;4
2946;4;11762;F32;;36#Bidirectional Meter - Total Reverse Sharp Energy;;1.000000;0.000000;kWh;4
2947;4;11764;F32;;36#Bidirectional Meter - Total Reverse Peak Energy;;1.000000;0.000000;kWh;4
2948;4;11766;F32;;36#Bidirectional Meter - Total Reverse Flat Energy;;1.000000;0.000000;kWh;4
2949;4;11768;F32;;36#Bidirectional Meter - Total Reverse Valley Energy;;1.000000;0.000000;kWh;4
2950;4;11770;F32;;36#Bidirectional Meter - Total Active Power;;1.000000;0.000000;kW;4
2951;4;11800;F32;;37#Bidirectional Meter - Total Forward Active Energy;;1.000000;0.000000;kWh;4
2952;4;11802;F32;;37#Bidirectional Meter - Total Forward Sharp Energy;;1.000000;0.000000;kWh;4
2953;4;11804;F32;;37#Bidirectional Meter - Total Forward Peak Energy;;1.000000;0.000000;kWh;4
2954;4;11806;F32;;37#Bidirectional Meter - Total Forward Flat Energy;;1.000000;0.000000;kWh;4
2955;4;11808;F32;;37#Bidirectional Meter - Total Forward Valley Energy;;1.000000;0.000000;kWh;4
2956;4;11810;F32;;37#Bidirectional Meter - Total Reverse Active Energy;;1.000000;0.000000;kWh;4
2957;4;11812;F32;;37#Bidirectional Meter - Total Reverse Sharp Energy;;1.000000;0.000000;kWh;4
2958;4;11814;F32;;37#Bidirectional Meter - Total Reverse Peak Energy;;1.000000;0.000000;kWh;4
2959;4;11816;F32;;37#Bidirectional Meter - Total Reverse Flat Energy;;1.000000;0.000000;kWh;4
2960;4;11818;F32;;37#Bidirectional Meter - Total Reverse Valley Energy;;1.000000;0.000000;kWh;4
2961;4;11820;F32;;37#Bidirectional Meter - Total Active Power;;1.000000;0.000000;kW;4
2962;4;11850;F32;;38#Bidirectional Meter - Total Forward Active Energy;;1.000000;0.000000;kWh;4
2963;4;11852;F32;;38#Bidirectional Meter - Total Forward Sharp Energy;;1.000000;0.000000;kWh;4
2964;4;11854;F32;;38#Bidirectional Meter - Total Forward Peak Energy;;1.000000;0.000000;kWh;4
2965;4;11856;F32;;38#Bidirectional Meter - Total Forward Flat Energy;;1.000000;0.000000;kWh;4
2966;4;11858;F32;;38#Bidirectional Meter - Total Forward Valley Energy;;1.000000;0.000000;kWh;4
2967;4;11860;F32;;38#Bidirectional Meter - Total Reverse Active Energy;;1.000000;0.000000;kWh;4
2968;4;11862;F32;;38#Bidirectional Meter - Total Reverse Sharp Energy;;1.000000;0.000000;kWh;4
2969;4;11864;F32;;38#Bidirectional Meter - Total Reverse Peak Energy;;1.000000;0.000000;kWh;4
2970;4;11866;F32;;38#Bidirectional Meter - Total Reverse Flat Energy;;1.000000;0.000000;kWh;4
2971;4;11868;F32;;38#Bidirectional Meter - Total Reverse Valley Energy;;1.000000;0.000000;kWh;4
2972;4;11870;F32;;38#Bidirectional Meter - Total Active Power;;1.000000;0.000000;kW;4
2973;4;11900;F32;;39#Bidirectional Meter - Total Forward Active Energy;;1.000000;0.000000;kWh;4
2974;4;11902;F32;;39#Bidirectional Meter - Total Forward Sharp Energy;;1.000000;0.000000;kWh;4
2975;4;11904;F32;;39#Bidirectional Meter - Total Forward Peak Energy;;1.000000;0.000000;kWh;4
2976;4;11906;F32;;39#Bidirectional Meter - Total Forward Flat Energy;;1.000000;0.000000;kWh;4
2977;4;11908;F32;;39#Bidirectional Meter - Total Forward Valley Energy;;1.000000;0.000000;kWh;4
2978;4;11910;F32;;39#Bidirectional Meter - Total Reverse Active Energy;;1.000000;0.000000;kWh;4
2979;4;11912;F32;;39#Bidirectional Meter - Total Reverse Sharp Energy;;1.000000;0.000000;kWh;4
2980;4;11914;F32;;39#Bidirectional Meter - Total Reverse Peak Energy;;1.000000;0.000000;kWh;4
2981;4;11916;F32;;39#Bidirectional Meter - Total Reverse Flat Energy;;1.000000;0.000000;kWh;4
2982;4;11918;F32;;39#Bidirectional Meter - Total Reverse Valley Energy;;1.000000;0.000000;kWh;4
2983;4;11920;F32;;39#Bidirectional Meter - Total Active Power;;1.000000;0.000000;kW;4
2984;4;11950;F32;;40#Bidirectional Meter - Total Forward Active Energy;;1.000000;0.000000;kWh;4
2985;4;11952;F32;;40#Bidirectional Meter - Total Forward Sharp Energy;;1.000000;0.000000;kWh;4
2986;4;11954;F32;;40#Bidirectional Meter - Total Forward Peak Energy;;1.000000;0.000000;kWh;4
2987;4;11956;F32;;40#Bidirectional Meter - Total Forward Flat Energy;;1.000000;0.000000;kWh;4
2988;4;11958;F32;;40#Bidirectional Meter - Total Forward Valley Energy;;1.000000;0.000000;kWh;4
2989;4;11960;F32;;40#Bidirectional Meter - Total Reverse Active Energy;;1.000000;0.000000;kWh;4
2990;4;11962;F32;;40#Bidirectional Meter - Total Reverse Sharp Energy;;1.000000;0.000000;kWh;4
2991;4;11964;F32;;40#Bidirectional Meter - Total Reverse Peak Energy;;1.000000;0.000000;kWh;4
2992;4;11966;F32;;40#Bidirectional Meter - Total Reverse Flat Energy;;1.000000;0.000000;kWh;4
2993;4;11968;F32;;40#Bidirectional Meter - Total Reverse Valley Energy;;1.000000;0.000000;kWh;4
2994;4;11970;F32;;40#Bidirectional Meter - Total Active Power;;1.000000;0.000000;kW;4
2995;4;12000;F32;;41#Bidirectional Meter - Total Forward Active Energy;;1.000000;0.000000;kWh;4
2996;4;12002;F32;;41#Bidirectional Meter - Total Forward Sharp Energy;;1.000000;0.000000;kWh;4
2997;4;12004;F32;;41#Bidirectional Meter - Total Forward Peak Energy;;1.000000;0.000000;kWh;4
2998;4;12006;F32;;41#Bidirectional Meter - Total Forward Flat Energy;;1.000000;0.000000;kWh;4
2999;4;12008;F32;;41#Bidirectional Meter - Total Forward Valley Energy;;1.000000;0.000000;kWh;4
3000;4;12010;F32;;41#Bidirectional Meter - Total Reverse Active Energy;;1.000000;0.000000;kWh;4
3001;4;12012;F32;;41#Bidirectional Meter - Total Reverse Sharp Energy;;1.000000;0.000000;kWh;4
3002;4;12014;F32;;41#Bidirectional Meter - Total Reverse Peak Energy;;1.000000;0.000000;kWh;4
3003;4;12016;F32;;41#Bidirectional Meter - Total Reverse Flat Energy;;1.000000;0.000000;kWh;4
3004;4;12018;F32;;41#Bidirectional Meter - Total Reverse Valley Energy;;1.000000;0.000000;kWh;4
3005;4;12020;F32;;41#Bidirectional Meter - Total Active Power;;1.000000;0.000000;kW;4
3006;4;12050;F32;;42#Bidirectional Meter - Total Forward Active Energy;;1.000000;0.000000;kWh;4
3007;4;12052;F32;;42#Bidirectional Meter - Total Forward Sharp Energy;;1.000000;0.000000;kWh;4
3008;4;12054;F32;;42#Bidirectional Meter - Total Forward Peak Energy;;1.000000;0.000000;kWh;4
3009;4;12056;F32;;42#Bidirectional Meter - Total Forward Flat Energy;;1.000000;0.000000;kWh;4
3010;4;12058;F32;;42#Bidirectional Meter - Total Forward Valley Energy;;1.000000;0.000000;kWh;4
3011;4;12060;F32;;42#Bidirectional Meter - Total Reverse Active Energy;;1.000000;0.000000;kWh;4
3012;4;12062;F32;;42#Bidirectional Meter - Total Reverse Sharp Energy;;1.000000;0.000000;kWh;4
3013;4;12064;F32;;42#Bidirectional Meter - Total Reverse Peak Energy;;1.000000;0.000000;kWh;4
3014;4;12066;F32;;42#Bidirectional Meter - Total Reverse Flat Energy;;1.000000;0.000000;kWh;4
3015;4;12068;F32;;42#Bidirectional Meter - Total Reverse Valley Energy;;1.000000;0.000000;kWh;4
3016;4;12070;F32;;42#Bidirectional Meter - Total Active Power;;1.000000;0.000000;kW;4
3017;4;12100;F32;;43#Bidirectional Meter - Total Forward Active Energy;;1.000000;0.000000;kWh;4
3018;4;12102;F32;;43#Bidirectional Meter - Total Forward Sharp Energy;;1.000000;0.000000;kWh;4
3019;4;12104;F32;;43#Bidirectional Meter - Total Forward Peak Energy;;1.000000;0.000000;kWh;4
3020;4;12106;F32;;43#Bidirectional Meter - Total Forward Flat Energy;;1.000000;0.000000;kWh;4
3021;4;12108;F32;;43#Bidirectional Meter - Total Forward Valley Energy;;1.000000;0.000000;kWh;4
3022;4;12110;F32;;43#Bidirectional Meter - Total Reverse Active Energy;;1.000000;0.000000;kWh;4
3023;4;12112;F32;;43#Bidirectional Meter - Total Reverse Sharp Energy;;1.000000;0.000000;kWh;4
3024;4;12114;F32;;43#Bidirectional Meter - Total Reverse Peak Energy;;1.000000;0.000000;kWh;4
3025;4;12116;F32;;43#Bidirectional Meter - Total Reverse Flat Energy;;1.000000;0.000000;kWh;4
3026;4;12118;F32;;43#Bidirectional Meter - Total Reverse Valley Energy;;1.000000;0.000000;kWh;4
3027;4;12120;F32;;43#Bidirectional Meter - Total Active Power;;1.000000;0.000000;kW;4
3028;4;12150;F32;;44#Bidirectional Meter - Total Forward Active Energy;;1.000000;0.000000;kWh;4
3029;4;12152;F32;;44#Bidirectional Meter - Total Forward Sharp Energy;;1.000000;0.000000;kWh;4
3030;4;12154;F32;;44#Bidirectional Meter - Total Forward Peak Energy;;1.000000;0.000000;kWh;4
3031;4;12156;F32;;44#Bidirectional Meter - Total Forward Flat Energy;;1.000000;0.000000;kWh;4
3032;4;12158;F32;;44#Bidirectional Meter - Total Forward Valley Energy;;1.000000;0.000000;kWh;4
3033;4;12160;F32;;44#Bidirectional Meter - Total Reverse Active Energy;;1.000000;0.000000;kWh;4
3034;4;12162;F32;;44#Bidirectional Meter - Total Reverse Sharp Energy;;1.000000;0.000000;kWh;4
3035;4;12164;F32;;44#Bidirectional Meter - Total Reverse Peak Energy;;1.000000;0.000000;kWh;4
3036;4;12166;F32;;44#Bidirectional Meter - Total Reverse Flat Energy;;1.000000;0.000000;kWh;4
3037;4;12168;F32;;44#Bidirectional Meter - Total Reverse Valley Energy;;1.000000;0.000000;kWh;4
3038;4;12170;F32;;44#Bidirectional Meter - Total Active Power;;1.000000;0.000000;kW;4
3039;4;12200;F32;;45#Bidirectional Meter - Total Forward Active Energy;;1.000000;0.000000;kWh;4
3040;4;12202;F32;;45#Bidirectional Meter - Total Forward Sharp Energy;;1.000000;0.000000;kWh;4
3041;4;12204;F32;;45#Bidirectional Meter - Total Forward Peak Energy;;1.000000;0.000000;kWh;4
3042;4;12206;F32;;45#Bidirectional Meter - Total Forward Flat Energy;;1.000000;0.000000;kWh;4
3043;4;12208;F32;;45#Bidirectional Meter - Total Forward Valley Energy;;1.000000;0.000000;kWh;4
3044;4;12210;F32;;45#Bidirectional Meter - Total Reverse Active Energy;;1.000000;0.000000;kWh;4
3045;4;12212;F32;;45#Bidirectional Meter - Total Reverse Sharp Energy;;1.000000;0.000000;kWh;4
3046;4;12214;F32;;45#Bidirectional Meter - Total Reverse Peak Energy;;1.000000;0.000000;kWh;4
3047;4;12216;F32;;45#Bidirectional Meter - Total Reverse Flat Energy;;1.000000;0.000000;kWh;4
3048;4;12218;F32;;45#Bidirectional Meter - Total Reverse Valley Energy;;1.000000;0.000000;kWh;4
3049;4;12220;F32;;45#Bidirectional Meter - Total Active Power;;1.000000;0.000000;kW;4
3050;4;12250;F32;;46#Bidirectional Meter - Total Forward Active Energy;;1.000000;0.000000;kWh;4
3051;4;12252;F32;;46#Bidirectional Meter - Total Forward Sharp Energy;;1.000000;0.000000;kWh;4
3052;4;12254;F32;;46#Bidirectional Meter - Total Forward Peak Energy;;1.000000;0.000000;kWh;4
3053;4;12256;F32;;46#Bidirectional Meter - Total Forward Flat Energy;;1.000000;0.000000;kWh;4
3054;4;12258;F32;;46#Bidirectional Meter - Total Forward Valley Energy;;1.000000;0.000000;kWh;4
3055;4;12260;F32;;46#Bidirectional Meter - Total Reverse Active Energy;;1.000000;0.000000;kWh;4
3056;4;12262;F32;;46#Bidirectional Meter - Total Reverse Sharp Energy;;1.000000;0.000000;kWh;4
3057;4;12264;F32;;46#Bidirectional Meter - Total Reverse Peak Energy;;1.000000;0.000000;kWh;4
3058;4;12266;F32;;46#Bidirectional Meter - Total Reverse Flat Energy;;1.000000;0.000000;kWh;4
3059;4;12268;F32;;46#Bidirectional Meter - Total Reverse Valley Energy;;1.000000;0.000000;kWh;4
3060;4;12270;F32;;46#Bidirectional Meter - Total Active Power;;1.000000;0.000000;kW;4
3061;4;12300;F32;;47#Bidirectional Meter - Total Forward Active Energy;;1.000000;0.000000;kWh;4
3062;4;12302;F32;;47#Bidirectional Meter - Total Forward Sharp Energy;;1.000000;0.000000;kWh;4
3063;4;12304;F32;;47#Bidirectional Meter - Total Forward Peak Energy;;1.000000;0.000000;kWh;4
3064;4;12306;F32;;47#Bidirectional Meter - Total Forward Flat Energy;;1.000000;0.000000;kWh;4
3065;4;12308;F32;;47#Bidirectional Meter - Total Forward Valley Energy;;1.000000;0.000000;kWh;4
3066;4;12310;F32;;47#Bidirectional Meter - Total Reverse Active Energy;;1.000000;0.000000;kWh;4
3067;4;12312;F32;;47#Bidirectional Meter - Total Reverse Sharp Energy;;1.000000;0.000000;kWh;4
3068;4;12314;F32;;47#Bidirectional Meter - Total Reverse Peak Energy;;1.000000;0.000000;kWh;4
3069;4;12316;F32;;47#Bidirectional Meter - Total Reverse Flat Energy;;1.000000;0.000000;kWh;4
3070;4;12318;F32;;47#Bidirectional Meter - Total Reverse Valley Energy;;1.000000;0.000000;kWh;4
3071;4;12320;F32;;47#Bidirectional Meter - Total Active Power;;1.000000;0.000000;kW;4
3072;4;12350;F32;;48#Bidirectional Meter - Total Forward Active Energy;;1.000000;0.000000;kWh;4
3073;4;12352;F32;;48#Bidirectional Meter - Total Forward Sharp Energy;;1.000000;0.000000;kWh;4
3074;4;12354;F32;;48#Bidirectional Meter - Total Forward Peak Energy;;1.000000;0.000000;kWh;4
3075;4;12356;F32;;48#Bidirectional Meter - Total Forward Flat Energy;;1.000000;0.000000;kWh;4
3076;4;12358;F32;;48#Bidirectional Meter - Total Forward Valley Energy;;1.000000;0.000000;kWh;4
3077;4;12360;F32;;48#Bidirectional Meter - Total Reverse Active Energy;;1.000000;0.000000;kWh;4
3078;4;12362;F32;;48#Bidirectional Meter - Total Reverse Sharp Energy;;1.000000;0.000000;kWh;4
3079;4;12364;F32;;48#Bidirectional Meter - Total Reverse Peak Energy;;1.000000;0.000000;kWh;4
3080;4;12366;F32;;48#Bidirectional Meter - Total Reverse Flat Energy;;1.000000;0.000000;kWh;4
3081;4;12368;F32;;48#Bidirectional Meter - Total Reverse Valley Energy;;1.000000;0.000000;kWh;4
3082;4;12370;F32;;48#Bidirectional Meter - Total Active Power;;1.000000;0.000000;kW;4
3083;4;12400;F32;;49#Bidirectional Meter - Total Forward Active Energy;;1.000000;0.000000;kWh;4
3084;4;12402;F32;;49#Bidirectional Meter - Total Forward Sharp Energy;;1.000000;0.000000;kWh;4
3085;4;12404;F32;;49#Bidirectional Meter - Total Forward Peak Energy;;1.000000;0.000000;kWh;4
3086;4;12406;F32;;49#Bidirectional Meter - Total Forward Flat Energy;;1.000000;0.000000;kWh;4
3087;4;12408;F32;;49#Bidirectional Meter - Total Forward Valley Energy;;1.000000;0.000000;kWh;4
3088;4;12410;F32;;49#Bidirectional Meter - Total Reverse Active Energy;;1.000000;0.000000;kWh;4
3089;4;12412;F32;;49#Bidirectional Meter - Total Reverse Sharp Energy;;1.000000;0.000000;kWh;4
3090;4;12414;F32;;49#Bidirectional Meter - Total Reverse Peak Energy;;1.000000;0.000000;kWh;4
3091;4;12416;F32;;49#Bidirectional Meter - Total Reverse Flat Energy;;1.000000;0.000000;kWh;4
3092;4;12418;F32;;49#Bidirectional Meter - Total Reverse Valley Energy;;1.000000;0.000000;kWh;4
3093;4;12420;F32;;49#Bidirectional Meter - Total Active Power;;1.000000;0.000000;kW;4
3094;4;12450;F32;;50#Bidirectional Meter - Total Forward Active Energy;;1.000000;0.000000;kWh;4
3095;4;12452;F32;;50#Bidirectional Meter - Total Forward Sharp Energy;;1.000000;0.000000;kWh;4
3096;4;12454;F32;;50#Bidirectional Meter - Total Forward Peak Energy;;1.000000;0.000000;kWh;4
3097;4;12456;F32;;50#Bidirectional Meter - Total Forward Flat Energy;;1.000000;0.000000;kWh;4
3098;4;12458;F32;;50#Bidirectional Meter - Total Forward Valley Energy;;1.000000;0.000000;kWh;4
3099;4;12460;F32;;50#Bidirectional Meter - Total Reverse Active Energy;;1.000000;0.000000;kWh;4
3100;4;12462;F32;;50#Bidirectional Meter - Total Reverse Sharp Energy;;1.000000;0.000000;kWh;4
3101;4;12464;F32;;50#Bidirectional Meter - Total Reverse Peak Energy;;1.000000;0.000000;kWh;4
3102;4;12466;F32;;50#Bidirectional Meter - Total Reverse Flat Energy;;1.000000;0.000000;kWh;4
3103;4;12468;F32;;50#Bidirectional Meter - Total Reverse Valley Energy;;1.000000;0.000000;kWh;4
3104;4;12470;F32;;50#Bidirectional Meter - Total Active Power;;1.000000;0.000000;kW;4
3105;4;12500;F32;;51#Bidirectional Meter - Total Forward Active Energy;;1.000000;0.000000;kWh;4
3106;4;12502;F32;;51#Bidirectional Meter - Total Forward Sharp Energy;;1.000000;0.000000;kWh;4
3107;4;12504;F32;;51#Bidirectional Meter - Total Forward Peak Energy;;1.000000;0.000000;kWh;4
3108;4;12506;F32;;51#Bidirectional Meter - Total Forward Flat Energy;;1.000000;0.000000;kWh;4
3109;4;12508;F32;;51#Bidirectional Meter - Total Forward Valley Energy;;1.000000;0.000000;kWh;4
3110;4;12510;F32;;51#Bidirectional Meter - Total Reverse Active Energy;;1.000000;0.000000;kWh;4
3111;4;12512;F32;;51#Bidirectional Meter - Total Reverse Sharp Energy;;1.000000;0.000000;kWh;4
3112;4;12514;F32;;51#Bidirectional Meter - Total Reverse Peak Energy;;1.000000;0.000000;kWh;4
3113;4;12516;F32;;51#Bidirectional Meter - Total Reverse Flat Energy;;1.000000;0.000000;kWh;4
3114;4;12518;F32;;51#Bidirectional Meter - Total Reverse Valley Energy;;1.000000;0.000000;kWh;4
3115;4;12520;F32;;51#Bidirectional Meter - Total Active Power;;1.000000;0.000000;kW;4
3116;4;12550;F32;;52#Bidirectional Meter - Total Forward Active Energy;;1.000000;0.000000;kWh;4
3117;4;12552;F32;;52#Bidirectional Meter - Total Forward Sharp Energy;;1.000000;0.000000;kWh;4
3118;4;12554;F32;;52#Bidirectional Meter - Total Forward Peak Energy;;1.000000;0.000000;kWh;4
3119;4;12556;F32;;52#Bidirectional Meter - Total Forward Flat Energy;;1.000000;0.000000;kWh;4
3120;4;12558;F32;;52#Bidirectional Meter - Total Forward Valley Energy;;1.000000;0.000000;kWh;4
3121;4;12560;F32;;52#Bidirectional Meter - Total Reverse Active Energy;;1.000000;0.000000;kWh;4
3122;4;12562;F32;;52#Bidirectional Meter - Total Reverse Sharp Energy;;1.000000;0.000000;kWh;4
3123;4;12564;F32;;52#Bidirectional Meter - Total Reverse Peak Energy;;1.000000;0.000000;kWh;4
3124;4;12566;F32;;52#Bidirectional Meter - Total Reverse Flat Energy;;1.000000;0.000000;kWh;4
3125;4;12568;F32;;52#Bidirectional Meter - Total Reverse Valley Energy;;1.000000;0.000000;kWh;4
3126;4;12570;F32;;52#Bidirectional Meter - Total Active Power;;1.000000;0.000000;kW;4
3127;4;12600;F32;;53#Bidirectional Meter - Total Forward Active Energy;;1.000000;0.000000;kWh;4
3128;4;12602;F32;;53#Bidirectional Meter - Total Forward Sharp Energy;;1.000000;0.000000;kWh;4
3129;4;12604;F32;;53#Bidirectional Meter - Total Forward Peak Energy;;1.000000;0.000000;kWh;4
3130;4;12606;F32;;53#Bidirectional Meter - Total Forward Flat Energy;;1.000000;0.000000;kWh;4
3131;4;12608;F32;;53#Bidirectional Meter - Total Forward Valley Energy;;1.000000;0.000000;kWh;4
3132;4;12610;F32;;53#Bidirectional Meter - Total Reverse Active Energy;;1.000000;0.000000;kWh;4
3133;4;12612;F32;;53#Bidirectional Meter - Total Reverse Sharp Energy;;1.000000;0.000000;kWh;4
3134;4;12614;F32;;53#Bidirectional Meter - Total Reverse Peak Energy;;1.000000;0.000000;kWh;4
3135;4;12616;F32;;53#Bidirectional Meter - Total Reverse Flat Energy;;1.000000;0.000000;kWh;4
3136;4;12618;F32;;53#Bidirectional Meter - Total Reverse Valley Energy;;1.000000;0.000000;kWh;4
3137;4;12620;F32;;53#Bidirectional Meter - Total Active Power;;1.000000;0.000000;kW;4
3138;4;12650;F32;;54#Bidirectional Meter - Total Forward Active Energy;;1.000000;0.000000;kWh;4
3139;4;12652;F32;;54#Bidirectional Meter - Total Forward Sharp Energy;;1.000000;0.000000;kWh;4
3140;4;12654;F32;;54#Bidirectional Meter - Total Forward Peak Energy;;1.000000;0.000000;kWh;4
3141;4;12656;F32;;54#Bidirectional Meter - Total Forward Flat Energy;;1.000000;0.000000;kWh;4
3142;4;12658;F32;;54#Bidirectional Meter - Total Forward Valley Energy;;1.000000;0.000000;kWh;4
3143;4;12660;F32;;54#Bidirectional Meter - Total Reverse Active Energy;;1.000000;0.000000;kWh;4
3144;4;12662;F32;;54#Bidirectional Meter - Total Reverse Sharp Energy;;1.000000;0.000000;kWh;4
3145;4;12664;F32;;54#Bidirectional Meter - Total Reverse Peak Energy;;1.000000;0.000000;kWh;4
3146;4;12666;F32;;54#Bidirectional Meter - Total Reverse Flat Energy;;1.000000;0.000000;kWh;4
3147;4;12668;F32;;54#Bidirectional Meter - Total Reverse Valley Energy;;1.000000;0.000000;kWh;4
3148;4;12670;F32;;54#Bidirectional Meter - Total Active Power;;1.000000;0.000000;kW;4
3149;4;12700;F32;;55#Bidirectional Meter - Total Forward Active Energy;;1.000000;0.000000;kWh;4
3150;4;12702;F32;;55#Bidirectional Meter - Total Forward Sharp Energy;;1.000000;0.000000;kWh;4
3151;4;12704;F32;;55#Bidirectional Meter - Total Forward Peak Energy;;1.000000;0.000000;kWh;4
3152;4;12706;F32;;55#Bidirectional Meter - Total Forward Flat Energy;;1.000000;0.000000;kWh;4
3153;4;12708;F32;;55#Bidirectional Meter - Total Forward Valley Energy;;1.000000;0.000000;kWh;4
3154;4;12710;F32;;55#Bidirectional Meter - Total Reverse Active Energy;;1.000000;0.000000;kWh;4
3155;4;12712;F32;;55#Bidirectional Meter - Total Reverse Sharp Energy;;1.000000;0.000000;kWh;4
3156;4;12714;F32;;55#Bidirectional Meter - Total Reverse Peak Energy;;1.000000;0.000000;kWh;4
3157;4;12716;F32;;55#Bidirectional Meter - Total Reverse Flat Energy;;1.000000;0.000000;kWh;4
3158;4;12718;F32;;55#Bidirectional Meter - Total Reverse Valley Energy;;1.000000;0.000000;kWh;4
3159;4;12720;F32;;55#Bidirectional Meter - Total Active Power;;1.000000;0.000000;kW;4
3160;4;12750;F32;;56#Bidirectional Meter - Total Forward Active Energy;;1.000000;0.000000;kWh;4
3161;4;12752;F32;;56#Bidirectional Meter - Total Forward Sharp Energy;;1.000000;0.000000;kWh;4
3162;4;12754;F32;;56#Bidirectional Meter - Total Forward Peak Energy;;1.000000;0.000000;kWh;4
3163;4;12756;F32;;56#Bidirectional Meter - Total Forward Flat Energy;;1.000000;0.000000;kWh;4
3164;4;12758;F32;;56#Bidirectional Meter - Total Forward Valley Energy;;1.000000;0.000000;kWh;4
3165;4;12760;F32;;56#Bidirectional Meter - Total Reverse Active Energy;;1.000000;0.000000;kWh;4
3166;4;12762;F32;;56#Bidirectional Meter - Total Reverse Sharp Energy;;1.000000;0.000000;kWh;4
3167;4;12764;F32;;56#Bidirectional Meter - Total Reverse Peak Energy;;1.000000;0.000000;kWh;4
3168;4;12766;F32;;56#Bidirectional Meter - Total Reverse Flat Energy;;1.000000;0.000000;kWh;4
3169;4;12768;F32;;56#Bidirectional Meter - Total Reverse Valley Energy;;1.000000;0.000000;kWh;4
3170;4;12770;F32;;56#Bidirectional Meter - Total Active Power;;1.000000;0.000000;kW;4
3171;4;12800;F32;;57#Bidirectional Meter - Total Forward Active Energy;;1.000000;0.000000;kWh;4
3172;4;12802;F32;;57#Bidirectional Meter - Total Forward Sharp Energy;;1.000000;0.000000;kWh;4
3173;4;12804;F32;;57#Bidirectional Meter - Total Forward Peak Energy;;1.000000;0.000000;kWh;4
3174;4;12806;F32;;57#Bidirectional Meter - Total Forward Flat Energy;;1.000000;0.000000;kWh;4
3175;4;12808;F32;;57#Bidirectional Meter - Total Forward Valley Energy;;1.000000;0.000000;kWh;4
3176;4;12810;F32;;57#Bidirectional Meter - Total Reverse Active Energy;;1.000000;0.000000;kWh;4
3177;4;12812;F32;;57#Bidirectional Meter - Total Reverse Sharp Energy;;1.000000;0.000000;kWh;4
3178;4;12814;F32;;57#Bidirectional Meter - Total Reverse Peak Energy;;1.000000;0.000000;kWh;4
3179;4;12816;F32;;57#Bidirectional Meter - Total Reverse Flat Energy;;1.000000;0.000000;kWh;4
3180;4;12818;F32;;57#Bidirectional Meter - Total Reverse Valley Energy;;1.000000;0.000000;kWh;4
3181;4;12820;F32;;57#Bidirectional Meter - Total Active Power;;1.000000;0.000000;kW;4
3182;4;12850;F32;;58#Bidirectional Meter - Total Forward Active Energy;;1.000000;0.000000;kWh;4
3183;4;12852;F32;;58#Bidirectional Meter - Total Forward Sharp Energy;;1.000000;0.000000;kWh;4
3184;4;12854;F32;;58#Bidirectional Meter - Total Forward Peak Energy;;1.000000;0.000000;kWh;4
3185;4;12856;F32;;58#Bidirectional Meter - Total Forward Flat Energy;;1.000000;0.000000;kWh;4
3186;4;12858;F32;;58#Bidirectional Meter - Total Forward Valley Energy;;1.000000;0.000000;kWh;4
3187;4;12860;F32;;58#Bidirectional Meter - Total Reverse Active Energy;;1.000000;0.000000;kWh;4
3188;4;12862;F32;;58#Bidirectional Meter - Total Reverse Sharp Energy;;1.000000;0.000000;kWh;4
3189;4;12864;F32;;58#Bidirectional Meter - Total Reverse Peak Energy;;1.000000;0.000000;kWh;4
3190;4;12866;F32;;58#Bidirectional Meter - Total Reverse Flat Energy;;1.000000;0.000000;kWh;4
3191;4;12868;F32;;58#Bidirectional Meter - Total Reverse Valley Energy;;1.000000;0.000000;kWh;4
3192;4;12870;F32;;58#Bidirectional Meter - Total Active Power;;1.000000;0.000000;kW;4
3193;4;12900;F32;;59#Bidirectional Meter - Total Forward Active Energy;;1.000000;0.000000;kWh;4
3194;4;12902;F32;;59#Bidirectional Meter - Total Forward Sharp Energy;;1.000000;0.000000;kWh;4
3195;4;12904;F32;;59#Bidirectional Meter - Total Forward Peak Energy;;1.000000;0.000000;kWh;4
3196;4;12906;F32;;59#Bidirectional Meter - Total Forward Flat Energy;;1.000000;0.000000;kWh;4
3197;4;12908;F32;;59#Bidirectional Meter - Total Forward Valley Energy;;1.000000;0.000000;kWh;4
3198;4;12910;F32;;59#Bidirectional Meter - Total Reverse Active Energy;;1.000000;0.000000;kWh;4
3199;4;12912;F32;;59#Bidirectional Meter - Total Reverse Sharp Energy;;1.000000;0.000000;kWh;4
3200;4;12914;F32;;59#Bidirectional Meter - Total Reverse Peak Energy;;1.000000;0.000000;kWh;4
3201;4;12916;F32;;59#Bidirectional Meter - Total Reverse Flat Energy;;1.000000;0.000000;kWh;4
3202;4;12918;F32;;59#Bidirectional Meter - Total Reverse Valley Energy;;1.000000;0.000000;kWh;4
3203;4;12920;F32;;59#Bidirectional Meter - Total Active Power;;1.000000;0.000000;kW;4
3204;4;12950;F32;;60#Bidirectional Meter - Total Forward Active Energy;;1.000000;0.000000;kWh;4
3205;4;12952;F32;;60#Bidirectional Meter - Total Forward Sharp Energy;;1.000000;0.000000;kWh;4
3206;4;12954;F32;;60#Bidirectional Meter - Total Forward Peak Energy;;1.000000;0.000000;kWh;4
3207;4;12956;F32;;60#Bidirectional Meter - Total Forward Flat Energy;;1.000000;0.000000;kWh;4
3208;4;12958;F32;;60#Bidirectional Meter - Total Forward Valley Energy;;1.000000;0.000000;kWh;4
3209;4;12960;F32;;60#Bidirectional Meter - Total Reverse Active Energy;;1.000000;0.000000;kWh;4
3210;4;12962;F32;;60#Bidirectional Meter - Total Reverse Sharp Energy;;1.000000;0.000000;kWh;4
3211;4;12964;F32;;60#Bidirectional Meter - Total Reverse Peak Energy;;1.000000;0.000000;kWh;4
3212;4;12966;F32;;60#Bidirectional Meter - Total Reverse Flat Energy;;1.000000;0.000000;kWh;4
3213;4;12968;F32;;60#Bidirectional Meter - Total Reverse Valley Energy;;1.000000;0.000000;kWh;4
3214;4;12970;F32;;60#Bidirectional Meter - Total Active Power;;1.000000;0.000000;kW;4
3215;4;13000;F32;;61#Bidirectional Meter - Total Forward Active Energy;;1.000000;0.000000;kWh;4
3216;4;13002;F32;;61#Bidirectional Meter - Total Forward Sharp Energy;;1.000000;0.000000;kWh;4
3217;4;13004;F32;;61#Bidirectional Meter - Total Forward Peak Energy;;1.000000;0.000000;kWh;4
3218;4;13006;F32;;61#Bidirectional Meter - Total Forward Flat Energy;;1.000000;0.000000;kWh;4
3219;4;13008;F32;;61#Bidirectional Meter - Total Forward Valley Energy;;1.000000;0.000000;kWh;4
3220;4;13010;F32;;61#Bidirectional Meter - Total Reverse Active Energy;;1.000000;0.000000;kWh;4
3221;4;13012;F32;;61#Bidirectional Meter - Total Reverse Sharp Energy;;1.000000;0.000000;kWh;4
3222;4;13014;F32;;61#Bidirectional Meter - Total Reverse Peak Energy;;1.000000;0.000000;kWh;4
3223;4;13016;F32;;61#Bidirectional Meter - Total Reverse Flat Energy;;1.000000;0.000000;kWh;4
3224;4;13018;F32;;61#Bidirectional Meter - Total Reverse Valley Energy;;1.000000;0.000000;kWh;4
3225;4;13020;F32;;61#Bidirectional Meter - Total Active Power;;1.000000;0.000000;kW;4
3226;4;13050;F32;;62#Bidirectional Meter - Total Forward Active Energy;;1.000000;0.000000;kWh;4
3227;4;13052;F32;;62#Bidirectional Meter - Total Forward Sharp Energy;;1.000000;0.000000;kWh;4
3228;4;13054;F32;;62#Bidirectional Meter - Total Forward Peak Energy;;1.000000;0.000000;kWh;4
3229;4;13056;F32;;62#Bidirectional Meter - Total Forward Flat Energy;;1.000000;0.000000;kWh;4
3230;4;13058;F32;;62#Bidirectional Meter - Total Forward Valley Energy;;1.000000;0.000000;kWh;4
3231;4;13060;F32;;62#Bidirectional Meter - Total Reverse Active Energy;;1.000000;0.000000;kWh;4
3232;4;13062;F32;;62#Bidirectional Meter - Total Reverse Sharp Energy;;1.000000;0.000000;kWh;4
3233;4;13064;F32;;62#Bidirectional Meter - Total Reverse Peak Energy;;1.000000;0.000000;kWh;4
3234;4;13066;F32;;62#Bidirectional Meter - Total Reverse Flat Energy;;1.000000;0.000000;kWh;4
3235;4;13068;F32;;62#Bidirectional Meter - Total Reverse Valley Energy;;1.000000;0.000000;kWh;4
3236;4;13070;F32;;62#Bidirectional Meter - Total Active Power;;1.000000;0.000000;kW;4
3237;4;13100;F32;;63#Bidirectional Meter - Total Forward Active Energy;;1.000000;0.000000;kWh;4
3238;4;13102;F32;;63#Bidirectional Meter - Total Forward Sharp Energy;;1.000000;0.000000;kWh;4
3239;4;13104;F32;;63#Bidirectional Meter - Total Forward Peak Energy;;1.000000;0.000000;kWh;4
3240;4;13106;F32;;63#Bidirectional Meter - Total Forward Flat Energy;;1.000000;0.000000;kWh;4
3241;4;13108;F32;;63#Bidirectional Meter - Total Forward Valley Energy;;1.000000;0.000000;kWh;4
3242;4;13110;F32;;63#Bidirectional Meter - Total Reverse Active Energy;;1.000000;0.000000;kWh;4
3243;4;13112;F32;;63#Bidirectional Meter - Total Reverse Sharp Energy;;1.000000;0.000000;kWh;4
3244;4;13114;F32;;63#Bidirectional Meter - Total Reverse Peak Energy;;1.000000;0.000000;kWh;4
3245;4;13116;F32;;63#Bidirectional Meter - Total Reverse Flat Energy;;1.000000;0.000000;kWh;4
3246;4;13118;F32;;63#Bidirectional Meter - Total Reverse Valley Energy;;1.000000;0.000000;kWh;4
3247;4;13120;F32;;63#Bidirectional Meter - Total Active Power;;1.000000;0.000000;kW;4
3248;4;13150;F32;;64#Bidirectional Meter - Total Forward Active Energy;;1.000000;0.000000;kWh;4
3249;4;13152;F32;;64#Bidirectional Meter - Total Forward Sharp Energy;;1.000000;0.000000;kWh;4
3250;4;13154;F32;;64#Bidirectional Meter - Total Forward Peak Energy;;1.000000;0.000000;kWh;4
3251;4;13156;F32;;64#Bidirectional Meter - Total Forward Flat Energy;;1.000000;0.000000;kWh;4
3252;4;13158;F32;;64#Bidirectional Meter - Total Forward Valley Energy;;1.000000;0.000000;kWh;4
3253;4;13160;F32;;64#Bidirectional Meter - Total Reverse Active Energy;;1.000000;0.000000;kWh;4
3254;4;13162;F32;;64#Bidirectional Meter - Total Reverse Sharp Energy;;1.000000;0.000000;kWh;4
3255;4;13164;F32;;64#Bidirectional Meter - Total Reverse Peak Energy;;1.000000;0.000000;kWh;4
3256;4;13166;F32;;64#Bidirectional Meter - Total Reverse Flat Energy;;1.000000;0.000000;kWh;4
3257;4;13168;F32;;64#Bidirectional Meter - Total Reverse Valley Energy;;1.000000;0.000000;kWh;4
3258;4;13170;F32;;64#Bidirectional Meter - Total Active Power;;1.000000;0.000000;kW;4
3259;4;13200;F32;;65#Bidirectional Meter - Total Forward Active Energy;;1.000000;0.000000;kWh;4
3260;4;13202;F32;;65#Bidirectional Meter - Total Forward Sharp Energy;;1.000000;0.000000;kWh;4
3261;4;13204;F32;;65#Bidirectional Meter - Total Forward Peak Energy;;1.000000;0.000000;kWh;4
3262;4;13206;F32;;65#Bidirectional Meter - Total Forward Flat Energy;;1.000000;0.000000;kWh;4
3263;4;13208;F32;;65#Bidirectional Meter - Total Forward Valley Energy;;1.000000;0.000000;kWh;4
3264;4;13210;F32;;65#Bidirectional Meter - Total Reverse Active Energy;;1.000000;0.000000;kWh;4
3265;4;13212;F32;;65#Bidirectional Meter - Total Reverse Sharp Energy;;1.000000;0.000000;kWh;4
3266;4;13214;F32;;65#Bidirectional Meter - Total Reverse Peak Energy;;1.000000;0.000000;kWh;4
3267;4;13216;F32;;65#Bidirectional Meter - Total Reverse Flat Energy;;1.000000;0.000000;kWh;4
3268;4;13218;F32;;65#Bidirectional Meter - Total Reverse Valley Energy;;1.000000;0.000000;kWh;4
3269;4;13220;F32;;65#Bidirectional Meter - Total Active Power;;1.000000;0.000000;kW;4
3270;4;13250;F32;;66#Bidirectional Meter - Total Forward Active Energy;;1.000000;0.000000;kWh;4
3271;4;13252;F32;;66#Bidirectional Meter - Total Forward Sharp Energy;;1.000000;0.000000;kWh;4
3272;4;13254;F32;;66#Bidirectional Meter - Total Forward Peak Energy;;1.000000;0.000000;kWh;4
3273;4;13256;F32;;66#Bidirectional Meter - Total Forward Flat Energy;;1.000000;0.000000;kWh;4
3274;4;13258;F32;;66#Bidirectional Meter - Total Forward Valley Energy;;1.000000;0.000000;kWh;4
3275;4;13260;F32;;66#Bidirectional Meter - Total Reverse Active Energy;;1.000000;0.000000;kWh;4
3276;4;13262;F32;;66#Bidirectional Meter - Total Reverse Sharp Energy;;1.000000;0.000000;kWh;4
3277;4;13264;F32;;66#Bidirectional Meter - Total Reverse Peak Energy;;1.000000;0.000000;kWh;4
3278;4;13266;F32;;66#Bidirectional Meter - Total Reverse Flat Energy;;1.000000;0.000000;kWh;4
3279;4;13268;F32;;66#Bidirectional Meter - Total Reverse Valley Energy;;1.000000;0.000000;kWh;4
3280;4;13270;F32;;66#Bidirectional Meter - Total Active Power;;1.000000;0.000000;kW;4
3281;4;13300;F32;;67#Bidirectional Meter - Total Forward Active Energy;;1.000000;0.000000;kWh;4
3282;4;13302;F32;;67#Bidirectional Meter - Total Forward Sharp Energy;;1.000000;0.000000;kWh;4
3283;4;13304;F32;;67#Bidirectional Meter - Total Forward Peak Energy;;1.000000;0.000000;kWh;4
3284;4;13306;F32;;67#Bidirectional Meter - Total Forward Flat Energy;;1.000000;0.000000;kWh;4
3285;4;13308;F32;;67#Bidirectional Meter - Total Forward Valley Energy;;1.000000;0.000000;kWh;4
3286;4;13310;F32;;67#Bidirectional Meter - Total Reverse Active Energy;;1.000000;0.000000;kWh;4
3287;4;13312;F32;;67#Bidirectional Meter - Total Reverse Sharp Energy;;1.000000;0.000000;kWh;4
3288;4;13314;F32;;67#Bidirectional Meter - Total Reverse Peak Energy;;1.000000;0.000000;kWh;4
3289;4;13316;F32;;67#Bidirectional Meter - Total Reverse Flat Energy;;1.000000;0.000000;kWh;4
3290;4;13318;F32;;67#Bidirectional Meter - Total Reverse Valley Energy;;1.000000;0.000000;kWh;4
3291;4;13320;F32;;67#Bidirectional Meter - Total Active Power;;1.000000;0.000000;kW;4
3292;4;13350;F32;;68#Bidirectional Meter - Total Forward Active Energy;;1.000000;0.000000;kWh;4
3293;4;13352;F32;;68#Bidirectional Meter - Total Forward Sharp Energy;;1.000000;0.000000;kWh;4
3294;4;13354;F32;;68#Bidirectional Meter - Total Forward Peak Energy;;1.000000;0.000000;kWh;4
3295;4;13356;F32;;68#Bidirectional Meter - Total Forward Flat Energy;;1.000000;0.000000;kWh;4
3296;4;13358;F32;;68#Bidirectional Meter - Total Forward Valley Energy;;1.000000;0.000000;kWh;4
3297;4;13360;F32;;68#Bidirectional Meter - Total Reverse Active Energy;;1.000000;0.000000;kWh;4
3298;4;13362;F32;;68#Bidirectional Meter - Total Reverse Sharp Energy;;1.000000;0.000000;kWh;4
3299;4;13364;F32;;68#Bidirectional Meter - Total Reverse Peak Energy;;1.000000;0.000000;kWh;4
3300;4;13366;F32;;68#Bidirectional Meter - Total Reverse Flat Energy;;1.000000;0.000000;kWh;4
3301;4;13368;F32;;68#Bidirectional Meter - Total Reverse Valley Energy;;1.000000;0.000000;kWh;4
3302;4;13370;F32;;68#Bidirectional Meter - Total Active Power;;1.000000;0.000000;kW;4
3303;4;13400;F32;;69#Bidirectional Meter - Total Forward Active Energy;;1.000000;0.000000;kWh;4
3304;4;13402;F32;;69#Bidirectional Meter - Total Forward Sharp Energy;;1.000000;0.000000;kWh;4
3305;4;13404;F32;;69#Bidirectional Meter - Total Forward Peak Energy;;1.000000;0.000000;kWh;4
3306;4;13406;F32;;69#Bidirectional Meter - Total Forward Flat Energy;;1.000000;0.000000;kWh;4
3307;4;13408;F32;;69#Bidirectional Meter - Total Forward Valley Energy;;1.000000;0.000000;kWh;4
3308;4;13410;F32;;69#Bidirectional Meter - Total Reverse Active Energy;;1.000000;0.000000;kWh;4
3309;4;13412;F32;;69#Bidirectional Meter - Total Reverse Sharp Energy;;1.000000;0.000000;kWh;4
3310;4;13414;F32;;69#Bidirectional Meter - Total Reverse Peak Energy;;1.000000;0.000000;kWh;4
3311;4;13416;F32;;69#Bidirectional Meter - Total Reverse Flat Energy;;1.000000;0.000000;kWh;4
3312;4;13418;F32;;69#Bidirectional Meter - Total Reverse Valley Energy;;1.000000;0.000000;kWh;4
3313;4;13420;F32;;69#Bidirectional Meter - Total Active Power;;1.000000;0.000000;kW;4
3314;4;13450;F32;;70#Bidirectional Meter - Total Forward Active Energy;;1.000000;0.000000;kWh;4
3315;4;13452;F32;;70#Bidirectional Meter - Total Forward Sharp Energy;;1.000000;0.000000;kWh;4
3316;4;13454;F32;;70#Bidirectional Meter - Total Forward Peak Energy;;1.000000;0.000000;kWh;4
3317;4;13456;F32;;70#Bidirectional Meter - Total Forward Flat Energy;;1.000000;0.000000;kWh;4
3318;4;13458;F32;;70#Bidirectional Meter - Total Forward Valley Energy;;1.000000;0.000000;kWh;4
3319;4;13460;F32;;70#Bidirectional Meter - Total Reverse Active Energy;;1.000000;0.000000;kWh;4
3320;4;13462;F32;;70#Bidirectional Meter - Total Reverse Sharp Energy;;1.000000;0.000000;kWh;4
3321;4;13464;F32;;70#Bidirectional Meter - Total Reverse Peak Energy;;1.000000;0.000000;kWh;4
3322;4;13466;F32;;70#Bidirectional Meter - Total Reverse Flat Energy;;1.000000;0.000000;kWh;4
3323;4;13468;F32;;70#Bidirectional Meter - Total Reverse Valley Energy;;1.000000;0.000000;kWh;4
3324;4;13470;F32;;70#Bidirectional Meter - Total Active Power;;1.000000;0.000000;kW;4
3325;4;13500;F32;;71#Bidirectional Meter - Total Forward Active Energy;;1.000000;0.000000;kWh;4
3326;4;13502;F32;;71#Bidirectional Meter - Total Forward Sharp Energy;;1.000000;0.000000;kWh;4
3327;4;13504;F32;;71#Bidirectional Meter - Total Forward Peak Energy;;1.000000;0.000000;kWh;4
3328;4;13506;F32;;71#Bidirectional Meter - Total Forward Flat Energy;;1.000000;0.000000;kWh;4
3329;4;13508;F32;;71#Bidirectional Meter - Total Forward Valley Energy;;1.000000;0.000000;kWh;4
3330;4;13510;F32;;71#Bidirectional Meter - Total Reverse Active Energy;;1.000000;0.000000;kWh;4
3331;4;13512;F32;;71#Bidirectional Meter - Total Reverse Sharp Energy;;1.000000;0.000000;kWh;4
3332;4;13514;F32;;71#Bidirectional Meter - Total Reverse Peak Energy;;1.000000;0.000000;kWh;4
3333;4;13516;F32;;71#Bidirectional Meter - Total Reverse Flat Energy;;1.000000;0.000000;kWh;4
3334;4;13518;F32;;71#Bidirectional Meter - Total Reverse Valley Energy;;1.000000;0.000000;kWh;4
3335;4;13520;F32;;71#Bidirectional Meter - Total Active Power;;1.000000;0.000000;kW;4
3336;4;13550;F32;;72#Bidirectional Meter - Total Forward Active Energy;;1.000000;0.000000;kWh;4
3337;4;13552;F32;;72#Bidirectional Meter - Total Forward Sharp Energy;;1.000000;0.000000;kWh;4
3338;4;13554;F32;;72#Bidirectional Meter - Total Forward Peak Energy;;1.000000;0.000000;kWh;4
3339;4;13556;F32;;72#Bidirectional Meter - Total Forward Flat Energy;;1.000000;0.000000;kWh;4
3340;4;13558;F32;;72#Bidirectional Meter - Total Forward Valley Energy;;1.000000;0.000000;kWh;4
3341;4;13560;F32;;72#Bidirectional Meter - Total Reverse Active Energy;;1.000000;0.000000;kWh;4
3342;4;13562;F32;;72#Bidirectional Meter - Total Reverse Sharp Energy;;1.000000;0.000000;kWh;4
3343;4;13564;F32;;72#Bidirectional Meter - Total Reverse Peak Energy;;1.000000;0.000000;kWh;4
3344;4;13566;F32;;72#Bidirectional Meter - Total Reverse Flat Energy;;1.000000;0.000000;kWh;4
3345;4;13568;F32;;72#Bidirectional Meter - Total Reverse Valley Energy;;1.000000;0.000000;kWh;4
3346;4;13570;F32;;72#Bidirectional Meter - Total Active Power;;1.000000;0.000000;kW;4
3347;4;13600;F32;;73#Bidirectional Meter - Total Forward Active Energy;;1.000000;0.000000;kWh;4
3348;4;13602;F32;;73#Bidirectional Meter - Total Forward Sharp Energy;;1.000000;0.000000;kWh;4
3349;4;13604;F32;;73#Bidirectional Meter - Total Forward Peak Energy;;1.000000;0.000000;kWh;4
3350;4;13606;F32;;73#Bidirectional Meter - Total Forward Flat Energy;;1.000000;0.000000;kWh;4
3351;4;13608;F32;;73#Bidirectional Meter - Total Forward Valley Energy;;1.000000;0.000000;kWh;4
3352;4;13610;F32;;73#Bidirectional Meter - Total Reverse Active Energy;;1.000000;0.000000;kWh;4
3353;4;13612;F32;;73#Bidirectional Meter - Total Reverse Sharp Energy;;1.000000;0.000000;kWh;4
3354;4;13614;F32;;73#Bidirectional Meter - Total Reverse Peak Energy;;1.000000;0.000000;kWh;4
3355;4;13616;F32;;73#Bidirectional Meter - Total Reverse Flat Energy;;1.000000;0.000000;kWh;4
3356;4;13618;F32;;73#Bidirectional Meter - Total Reverse Valley Energy;;1.000000;0.000000;kWh;4
3357;4;13620;F32;;73#Bidirectional Meter - Total Active Power;;1.000000;0.000000;kW;4
3358;4;13650;F32;;74#Bidirectional Meter - Total Forward Active Energy;;1.000000;0.000000;kWh;4
3359;4;13652;F32;;74#Bidirectional Meter - Total Forward Sharp Energy;;1.000000;0.000000;kWh;4
3360;4;13654;F32;;74#Bidirectional Meter - Total Forward Peak Energy;;1.000000;0.000000;kWh;4
3361;4;13656;F32;;74#Bidirectional Meter - Total Forward Flat Energy;;1.000000;0.000000;kWh;4
3362;4;13658;F32;;74#Bidirectional Meter - Total Forward Valley Energy;;1.000000;0.000000;kWh;4
3363;4;13660;F32;;74#Bidirectional Meter - Total Reverse Active Energy;;1.000000;0.000000;kWh;4
3364;4;13662;F32;;74#Bidirectional Meter - Total Reverse Sharp Energy;;1.000000;0.000000;kWh;4
3365;4;13664;F32;;74#Bidirectional Meter - Total Reverse Peak Energy;;1.000000;0.000000;kWh;4
3366;4;13666;F32;;74#Bidirectional Meter - Total Reverse Flat Energy;;1.000000;0.000000;kWh;4
3367;4;13668;F32;;74#Bidirectional Meter - Total Reverse Valley Energy;;1.000000;0.000000;kWh;4
3368;4;13670;F32;;74#Bidirectional Meter - Total Active Power;;1.000000;0.000000;kW;4
3369;4;13700;F32;;75#Bidirectional Meter - Total Forward Active Energy;;1.000000;0.000000;kWh;4
3370;4;13702;F32;;75#Bidirectional Meter - Total Forward Sharp Energy;;1.000000;0.000000;kWh;4
3371;4;13704;F32;;75#Bidirectional Meter - Total Forward Peak Energy;;1.000000;0.000000;kWh;4
3372;4;13706;F32;;75#Bidirectional Meter - Total Forward Flat Energy;;1.000000;0.000000;kWh;4
3373;4;13708;F32;;75#Bidirectional Meter - Total Forward Valley Energy;;1.000000;0.000000;kWh;4
3374;4;13710;F32;;75#Bidirectional Meter - Total Reverse Active Energy;;1.000000;0.000000;kWh;4
3375;4;13712;F32;;75#Bidirectional Meter - Total Reverse Sharp Energy;;1.000000;0.000000;kWh;4
3376;4;13714;F32;;75#Bidirectional Meter - Total Reverse Peak Energy;;1.000000;0.000000;kWh;4
3377;4;13716;F32;;75#Bidirectional Meter - Total Reverse Flat Energy;;1.000000;0.000000;kWh;4
3378;4;13718;F32;;75#Bidirectional Meter - Total Reverse Valley Energy;;1.000000;0.000000;kWh;4
3379;4;13720;F32;;75#Bidirectional Meter - Total Active Power;;1.000000;0.000000;kW;4
3380;4;13750;F32;;76#Bidirectional Meter - Total Forward Active Energy;;1.000000;0.000000;kWh;4
3381;4;13752;F32;;76#Bidirectional Meter - Total Forward Sharp Energy;;1.000000;0.000000;kWh;4
3382;4;13754;F32;;76#Bidirectional Meter - Total Forward Peak Energy;;1.000000;0.000000;kWh;4
3383;4;13756;F32;;76#Bidirectional Meter - Total Forward Flat Energy;;1.000000;0.000000;kWh;4
3384;4;13758;F32;;76#Bidirectional Meter - Total Forward Valley Energy;;1.000000;0.000000;kWh;4
3385;4;13760;F32;;76#Bidirectional Meter - Total Reverse Active Energy;;1.000000;0.000000;kWh;4
3386;4;13762;F32;;76#Bidirectional Meter - Total Reverse Sharp Energy;;1.000000;0.000000;kWh;4
3387;4;13764;F32;;76#Bidirectional Meter - Total Reverse Peak Energy;;1.000000;0.000000;kWh;4
3388;4;13766;F32;;76#Bidirectional Meter - Total Reverse Flat Energy;;1.000000;0.000000;kWh;4
3389;4;13768;F32;;76#Bidirectional Meter - Total Reverse Valley Energy;;1.000000;0.000000;kWh;4
3390;4;13770;F32;;76#Bidirectional Meter - Total Active Power;;1.000000;0.000000;kW;4
3391;4;13800;F32;;77#Bidirectional Meter - Total Forward Active Energy;;1.000000;0.000000;kWh;4
3392;4;13802;F32;;77#Bidirectional Meter - Total Forward Sharp Energy;;1.000000;0.000000;kWh;4
3393;4;13804;F32;;77#Bidirectional Meter - Total Forward Peak Energy;;1.000000;0.000000;kWh;4
3394;4;13806;F32;;77#Bidirectional Meter - Total Forward Flat Energy;;1.000000;0.000000;kWh;4
3395;4;13808;F32;;77#Bidirectional Meter - Total Forward Valley Energy;;1.000000;0.000000;kWh;4
3396;4;13810;F32;;77#Bidirectional Meter - Total Reverse Active Energy;;1.000000;0.000000;kWh;4
3397;4;13812;F32;;77#Bidirectional Meter - Total Reverse Sharp Energy;;1.000000;0.000000;kWh;4
3398;4;13814;F32;;77#Bidirectional Meter - Total Reverse Peak Energy;;1.000000;0.000000;kWh;4
3399;4;13816;F32;;77#Bidirectional Meter - Total Reverse Flat Energy;;1.000000;0.000000;kWh;4
3400;4;13818;F32;;77#Bidirectional Meter - Total Reverse Valley Energy;;1.000000;0.000000;kWh;4
3401;4;13820;F32;;77#Bidirectional Meter - Total Active Power;;1.000000;0.000000;kW;4
3402;4;13850;F32;;78#Bidirectional Meter - Total Forward Active Energy;;1.000000;0.000000;kWh;4
3403;4;13852;F32;;78#Bidirectional Meter - Total Forward Sharp Energy;;1.000000;0.000000;kWh;4
3404;4;13854;F32;;78#Bidirectional Meter - Total Forward Peak Energy;;1.000000;0.000000;kWh;4
3405;4;13856;F32;;78#Bidirectional Meter - Total Forward Flat Energy;;1.000000;0.000000;kWh;4
3406;4;13858;F32;;78#Bidirectional Meter - Total Forward Valley Energy;;1.000000;0.000000;kWh;4
3407;4;13860;F32;;78#Bidirectional Meter - Total Reverse Active Energy;;1.000000;0.000000;kWh;4
3408;4;13862;F32;;78#Bidirectional Meter - Total Reverse Sharp Energy;;1.000000;0.000000;kWh;4
3409;4;13864;F32;;78#Bidirectional Meter - Total Reverse Peak Energy;;1.000000;0.000000;kWh;4
3410;4;13866;F32;;78#Bidirectional Meter - Total Reverse Flat Energy;;1.000000;0.000000;kWh;4
3411;4;13868;F32;;78#Bidirectional Meter - Total Reverse Valley Energy;;1.000000;0.000000;kWh;4
3412;4;13870;F32;;78#Bidirectional Meter - Total Active Power;;1.000000;0.000000;kW;4
3413;4;13900;F32;;79#Bidirectional Meter - Total Forward Active Energy;;1.000000;0.000000;kWh;4
3414;4;13902;F32;;79#Bidirectional Meter - Total Forward Sharp Energy;;1.000000;0.000000;kWh;4
3415;4;13904;F32;;79#Bidirectional Meter - Total Forward Peak Energy;;1.000000;0.000000;kWh;4
3416;4;13906;F32;;79#Bidirectional Meter - Total Forward Flat Energy;;1.000000;0.000000;kWh;4
3417;4;13908;F32;;79#Bidirectional Meter - Total Forward Valley Energy;;1.000000;0.000000;kWh;4
3418;4;13910;F32;;79#Bidirectional Meter - Total Reverse Active Energy;;1.000000;0.000000;kWh;4
3419;4;13912;F32;;79#Bidirectional Meter - Total Reverse Sharp Energy;;1.000000;0.000000;kWh;4
3420;4;13914;F32;;79#Bidirectional Meter - Total Reverse Peak Energy;;1.000000;0.000000;kWh;4
3421;4;13916;F32;;79#Bidirectional Meter - Total Reverse Flat Energy;;1.000000;0.000000;kWh;4
3422;4;13918;F32;;79#Bidirectional Meter - Total Reverse Valley Energy;;1.000000;0.000000;kWh;4
3423;4;13920;F32;;79#Bidirectional Meter - Total Active Power;;1.000000;0.000000;kW;4
3424;4;13950;F32;;80#Bidirectional Meter - Total Forward Active Energy;;1.000000;0.000000;kWh;4
3425;4;13952;F32;;80#Bidirectional Meter - Total Forward Sharp Energy;;1.000000;0.000000;kWh;4
3426;4;13954;F32;;80#Bidirectional Meter - Total Forward Peak Energy;;1.000000;0.000000;kWh;4
3427;4;13956;F32;;80#Bidirectional Meter - Total Forward Flat Energy;;1.000000;0.000000;kWh;4
3428;4;13958;F32;;80#Bidirectional Meter - Total Forward Valley Energy;;1.000000;0.000000;kWh;4
3429;4;13960;F32;;80#Bidirectional Meter - Total Reverse Active Energy;;1.000000;0.000000;kWh;4
3430;4;13962;F32;;80#Bidirectional Meter - Total Reverse Sharp Energy;;1.000000;0.000000;kWh;4
3431;4;13964;F32;;80#Bidirectional Meter - Total Reverse Peak Energy;;1.000000;0.000000;kWh;4
3432;4;13966;F32;;80#Bidirectional Meter - Total Reverse Flat Energy;;1.000000;0.000000;kWh;4
3433;4;13968;F32;;80#Bidirectional Meter - Total Reverse Valley Energy;;1.000000;0.000000;kWh;4
3434;4;13970;F32;;80#Bidirectional Meter - Total Active Power;;1.000000;0.000000;kW;4
3435;4;14000;F32;;81#Bidirectional Meter - Total Forward Active Energy;;1.000000;0.000000;kWh;4
3436;4;14002;F32;;81#Bidirectional Meter - Total Forward Sharp Energy;;1.000000;0.000000;kWh;4
3437;4;14004;F32;;81#Bidirectional Meter - Total Forward Peak Energy;;1.000000;0.000000;kWh;4
3438;4;14006;F32;;81#Bidirectional Meter - Total Forward Flat Energy;;1.000000;0.000000;kWh;4
3439;4;14008;F32;;81#Bidirectional Meter - Total Forward Valley Energy;;1.000000;0.000000;kWh;4
3440;4;14010;F32;;81#Bidirectional Meter - Total Reverse Active Energy;;1.000000;0.000000;kWh;4
3441;4;14012;F32;;81#Bidirectional Meter - Total Reverse Sharp Energy;;1.000000;0.000000;kWh;4
3442;4;14014;F32;;81#Bidirectional Meter - Total Reverse Peak Energy;;1.000000;0.000000;kWh;4
3443;4;14016;F32;;81#Bidirectional Meter - Total Reverse Flat Energy;;1.000000;0.000000;kWh;4
3444;4;14018;F32;;81#Bidirectional Meter - Total Reverse Valley Energy;;1.000000;0.000000;kWh;4
3445;4;14020;F32;;81#Bidirectional Meter - Total Active Power;;1.000000;0.000000;kW;4
3446;4;14050;F32;;82#Bidirectional Meter - Total Forward Active Energy;;1.000000;0.000000;kWh;4
3447;4;14052;F32;;82#Bidirectional Meter - Total Forward Sharp Energy;;1.000000;0.000000;kWh;4
3448;4;14054;F32;;82#Bidirectional Meter - Total Forward Peak Energy;;1.000000;0.000000;kWh;4
3449;4;14056;F32;;82#Bidirectional Meter - Total Forward Flat Energy;;1.000000;0.000000;kWh;4
3450;4;14058;F32;;82#Bidirectional Meter - Total Forward Valley Energy;;1.000000;0.000000;kWh;4
3451;4;14060;F32;;82#Bidirectional Meter - Total Reverse Active Energy;;1.000000;0.000000;kWh;4
3452;4;14062;F32;;82#Bidirectional Meter - Total Reverse Sharp Energy;;1.000000;0.000000;kWh;4
3453;4;14064;F32;;82#Bidirectional Meter - Total Reverse Peak Energy;;1.000000;0.000000;kWh;4
3454;4;14066;F32;;82#Bidirectional Meter - Total Reverse Flat Energy;;1.000000;0.000000;kWh;4
3455;4;14068;F32;;82#Bidirectional Meter - Total Reverse Valley Energy;;1.000000;0.000000;kWh;4
3456;4;14070;F32;;82#Bidirectional Meter - Total Active Power;;1.000000;0.000000;kW;4
3457;4;14100;F32;;83#Bidirectional Meter - Total Forward Active Energy;;1.000000;0.000000;kWh;4
3458;4;14102;F32;;83#Bidirectional Meter - Total Forward Sharp Energy;;1.000000;0.000000;kWh;4
3459;4;14104;F32;;83#Bidirectional Meter - Total Forward Peak Energy;;1.000000;0.000000;kWh;4
3460;4;14106;F32;;83#Bidirectional Meter - Total Forward Flat Energy;;1.000000;0.000000;kWh;4
3461;4;14108;F32;;83#Bidirectional Meter - Total Forward Valley Energy;;1.000000;0.000000;kWh;4
3462;4;14110;F32;;83#Bidirectional Meter - Total Reverse Active Energy;;1.000000;0.000000;kWh;4
3463;4;14112;F32;;83#Bidirectional Meter - Total Reverse Sharp Energy;;1.000000;0.000000;kWh;4
3464;4;14114;F32;;83#Bidirectional Meter - Total Reverse Peak Energy;;1.000000;0.000000;kWh;4
3465;4;14116;F32;;83#Bidirectional Meter - Total Reverse Flat Energy;;1.000000;0.000000;kWh;4
3466;4;14118;F32;;83#Bidirectional Meter - Total Reverse Valley Energy;;1.000000;0.000000;kWh;4
3467;4;14120;F32;;83#Bidirectional Meter - Total Active Power;;1.000000;0.000000;kW;4
3468;4;14150;F32;;84#Bidirectional Meter - Total Forward Active Energy;;1.000000;0.000000;kWh;4
3469;4;14152;F32;;84#Bidirectional Meter - Total Forward Sharp Energy;;1.000000;0.000000;kWh;4
3470;4;14154;F32;;84#Bidirectional Meter - Total Forward Peak Energy;;1.000000;0.000000;kWh;4
3471;4;14156;F32;;84#Bidirectional Meter - Total Forward Flat Energy;;1.000000;0.000000;kWh;4
3472;4;14158;F32;;84#Bidirectional Meter - Total Forward Valley Energy;;1.000000;0.000000;kWh;4
3473;4;14160;F32;;84#Bidirectional Meter - Total Reverse Active Energy;;1.000000;0.000000;kWh;4
3474;4;14162;F32;;84#Bidirectional Meter - Total Reverse Sharp Energy;;1.000000;0.000000;kWh;4
3475;4;14164;F32;;84#Bidirectional Meter - Total Reverse Peak Energy;;1.000000;0.000000;kWh;4
3476;4;14166;F32;;84#Bidirectional Meter - Total Reverse Flat Energy;;1.000000;0.000000;kWh;4
3477;4;14168;F32;;84#Bidirectional Meter - Total Reverse Valley Energy;;1.000000;0.000000;kWh;4
3478;4;14170;F32;;84#Bidirectional Meter - Total Active Power;;1.000000;0.000000;kW;4
3479;4;14200;F32;;85#Bidirectional Meter - Total Forward Active Energy;;1.000000;0.000000;kWh;4
3480;4;14202;F32;;85#Bidirectional Meter - Total Forward Sharp Energy;;1.000000;0.000000;kWh;4
3481;4;14204;F32;;85#Bidirectional Meter - Total Forward Peak Energy;;1.000000;0.000000;kWh;4
3482;4;14206;F32;;85#Bidirectional Meter - Total Forward Flat Energy;;1.000000;0.000000;kWh;4
3483;4;14208;F32;;85#Bidirectional Meter - Total Forward Valley Energy;;1.000000;0.000000;kWh;4
3484;4;14210;F32;;85#Bidirectional Meter - Total Reverse Active Energy;;1.000000;0.000000;kWh;4
3485;4;14212;F32;;85#Bidirectional Meter - Total Reverse Sharp Energy;;1.000000;0.000000;kWh;4
3486;4;14214;F32;;85#Bidirectional Meter - Total Reverse Peak Energy;;1.000000;0.000000;kWh;4
3487;4;14216;F32;;85#Bidirectional Meter - Total Reverse Flat Energy;;1.000000;0.000000;kWh;4
3488;4;14218;F32;;85#Bidirectional Meter - Total Reverse Valley Energy;;1.000000;0.000000;kWh;4
3489;4;14220;F32;;85#Bidirectional Meter - Total Active Power;;1.000000;0.000000;kW;4
3490;4;14250;F32;;86#Bidirectional Meter - Total Forward Active Energy;;1.000000;0.000000;kWh;4
3491;4;14252;F32;;86#Bidirectional Meter - Total Forward Sharp Energy;;1.000000;0.000000;kWh;4
3492;4;14254;F32;;86#Bidirectional Meter - Total Forward Peak Energy;;1.000000;0.000000;kWh;4
3493;4;14256;F32;;86#Bidirectional Meter - Total Forward Flat Energy;;1.000000;0.000000;kWh;4
3494;4;14258;F32;;86#Bidirectional Meter - Total Forward Valley Energy;;1.000000;0.000000;kWh;4
3495;4;14260;F32;;86#Bidirectional Meter - Total Reverse Active Energy;;1.000000;0.000000;kWh;4
3496;4;14262;F32;;86#Bidirectional Meter - Total Reverse Sharp Energy;;1.000000;0.000000;kWh;4
3497;4;14264;F32;;86#Bidirectional Meter - Total Reverse Peak Energy;;1.000000;0.000000;kWh;4
3498;4;14266;F32;;86#Bidirectional Meter - Total Reverse Flat Energy;;1.000000;0.000000;kWh;4
3499;4;14268;F32;;86#Bidirectional Meter - Total Reverse Valley Energy;;1.000000;0.000000;kWh;4
3500;4;14270;F32;;86#Bidirectional Meter - Total Active Power;;1.000000;0.000000;kW;4
3501;4;14300;F32;;87#Bidirectional Meter - Total Forward Active Energy;;1.000000;0.000000;kWh;4
3502;4;14302;F32;;87#Bidirectional Meter - Total Forward Sharp Energy;;1.000000;0.000000;kWh;4
3503;4;14304;F32;;87#Bidirectional Meter - Total Forward Peak Energy;;1.000000;0.000000;kWh;4
3504;4;14306;F32;;87#Bidirectional Meter - Total Forward Flat Energy;;1.000000;0.000000;kWh;4
3505;4;14308;F32;;87#Bidirectional Meter - Total Forward Valley Energy;;1.000000;0.000000;kWh;4
3506;4;14310;F32;;87#Bidirectional Meter - Total Reverse Active Energy;;1.000000;0.000000;kWh;4
3507;4;14312;F32;;87#Bidirectional Meter - Total Reverse Sharp Energy;;1.000000;0.000000;kWh;4
3508;4;14314;F32;;87#Bidirectional Meter - Total Reverse Peak Energy;;1.000000;0.000000;kWh;4
3509;4;14316;F32;;87#Bidirectional Meter - Total Reverse Flat Energy;;1.000000;0.000000;kWh;4
3510;4;14318;F32;;87#Bidirectional Meter - Total Reverse Valley Energy;;1.000000;0.000000;kWh;4
3511;4;14320;F32;;87#Bidirectional Meter - Total Active Power;;1.000000;0.000000;kW;4
3512;4;14350;F32;;88#Bidirectional Meter - Total Forward Active Energy;;1.000000;0.000000;kWh;4
3513;4;14352;F32;;88#Bidirectional Meter - Total Forward Sharp Energy;;1.000000;0.000000;kWh;4
3514;4;14354;F32;;88#Bidirectional Meter - Total Forward Peak Energy;;1.000000;0.000000;kWh;4
3515;4;14356;F32;;88#Bidirectional Meter - Total Forward Flat Energy;;1.000000;0.000000;kWh;4
3516;4;14358;F32;;88#Bidirectional Meter - Total Forward Valley Energy;;1.000000;0.000000;kWh;4
3517;4;14360;F32;;88#Bidirectional Meter - Total Reverse Active Energy;;1.000000;0.000000;kWh;4
3518;4;14362;F32;;88#Bidirectional Meter - Total Reverse Sharp Energy;;1.000000;0.000000;kWh;4
3519;4;14364;F32;;88#Bidirectional Meter - Total Reverse Peak Energy;;1.000000;0.000000;kWh;4
3520;4;14366;F32;;88#Bidirectional Meter - Total Reverse Flat Energy;;1.000000;0.000000;kWh;4
3521;4;14368;F32;;88#Bidirectional Meter - Total Reverse Valley Energy;;1.000000;0.000000;kWh;4
3522;4;14370;F32;;88#Bidirectional Meter - Total Active Power;;1.000000;0.000000;kW;4
3523;4;14400;F32;;89#Bidirectional Meter - Total Forward Active Energy;;1.000000;0.000000;kWh;4
3524;4;14402;F32;;89#Bidirectional Meter - Total Forward Sharp Energy;;1.000000;0.000000;kWh;4
3525;4;14404;F32;;89#Bidirectional Meter - Total Forward Peak Energy;;1.000000;0.000000;kWh;4
3526;4;14406;F32;;89#Bidirectional Meter - Total Forward Flat Energy;;1.000000;0.000000;kWh;4
3527;4;14408;F32;;89#Bidirectional Meter - Total Forward Valley Energy;;1.000000;0.000000;kWh;4
3528;4;14410;F32;;89#Bidirectional Meter - Total Reverse Active Energy;;1.000000;0.000000;kWh;4
3529;4;14412;F32;;89#Bidirectional Meter - Total Reverse Sharp Energy;;1.000000;0.000000;kWh;4
3530;4;14414;F32;;89#Bidirectional Meter - Total Reverse Peak Energy;;1.000000;0.000000;kWh;4
3531;4;14416;F32;;89#Bidirectional Meter - Total Reverse Flat Energy;;1.000000;0.000000;kWh;4
3532;4;14418;F32;;89#Bidirectional Meter - Total Reverse Valley Energy;;1.000000;0.000000;kWh;4
3533;4;14420;F32;;89#Bidirectional Meter - Total Active Power;;1.000000;0.000000;kW;4
3534;4;14450;F32;;90#Bidirectional Meter - Total Forward Active Energy;;1.000000;0.000000;kWh;4
3535;4;14452;F32;;90#Bidirectional Meter - Total Forward Sharp Energy;;1.000000;0.000000;kWh;4
3536;4;14454;F32;;90#Bidirectional Meter - Total Forward Peak Energy;;1.000000;0.000000;kWh;4
3537;4;14456;F32;;90#Bidirectional Meter - Total Forward Flat Energy;;1.000000;0.000000;kWh;4
3538;4;14458;F32;;90#Bidirectional Meter - Total Forward Valley Energy;;1.000000;0.000000;kWh;4
3539;4;14460;F32;;90#Bidirectional Meter - Total Reverse Active Energy;;1.000000;0.000000;kWh;4
3540;4;14462;F32;;90#Bidirectional Meter - Total Reverse Sharp Energy;;1.000000;0.000000;kWh;4
3541;4;14464;F32;;90#Bidirectional Meter - Total Reverse Peak Energy;;1.000000;0.000000;kWh;4
3542;4;14466;F32;;90#Bidirectional Meter - Total Reverse Flat Energy;;1.000000;0.000000;kWh;4
3543;4;14468;F32;;90#Bidirectional Meter - Total Reverse Valley Energy;;1.000000;0.000000;kWh;4
3544;4;14470;F32;;90#Bidirectional Meter - Total Active Power;;1.000000;0.000000;kW;4
3545;4;14500;F32;;91#Bidirectional Meter - Total Forward Active Energy;;1.000000;0.000000;kWh;4
3546;4;14502;F32;;91#Bidirectional Meter - Total Forward Sharp Energy;;1.000000;0.000000;kWh;4
3547;4;14504;F32;;91#Bidirectional Meter - Total Forward Peak Energy;;1.000000;0.000000;kWh;4
3548;4;14506;F32;;91#Bidirectional Meter - Total Forward Flat Energy;;1.000000;0.000000;kWh;4
3549;4;14508;F32;;91#Bidirectional Meter - Total Forward Valley Energy;;1.000000;0.000000;kWh;4
3550;4;14510;F32;;91#Bidirectional Meter - Total Reverse Active Energy;;1.000000;0.000000;kWh;4
3551;4;14512;F32;;91#Bidirectional Meter - Total Reverse Sharp Energy;;1.000000;0.000000;kWh;4
3552;4;14514;F32;;91#Bidirectional Meter - Total Reverse Peak Energy;;1.000000;0.000000;kWh;4
3553;4;14516;F32;;91#Bidirectional Meter - Total Reverse Flat Energy;;1.000000;0.000000;kWh;4
3554;4;14518;F32;;91#Bidirectional Meter - Total Reverse Valley Energy;;1.000000;0.000000;kWh;4
3555;4;14520;F32;;91#Bidirectional Meter - Total Active Power;;1.000000;0.000000;kW;4
3556;4;14550;F32;;92#Bidirectional Meter - Total Forward Active Energy;;1.000000;0.000000;kWh;4
3557;4;14552;F32;;92#Bidirectional Meter - Total Forward Sharp Energy;;1.000000;0.000000;kWh;4
3558;4;14554;F32;;92#Bidirectional Meter - Total Forward Peak Energy;;1.000000;0.000000;kWh;4
3559;4;14556;F32;;92#Bidirectional Meter - Total Forward Flat Energy;;1.000000;0.000000;kWh;4
3560;4;14558;F32;;92#Bidirectional Meter - Total Forward Valley Energy;;1.000000;0.000000;kWh;4
3561;4;14560;F32;;92#Bidirectional Meter - Total Reverse Active Energy;;1.000000;0.000000;kWh;4
3562;4;14562;F32;;92#Bidirectional Meter - Total Reverse Sharp Energy;;1.000000;0.000000;kWh;4
3563;4;14564;F32;;92#Bidirectional Meter - Total Reverse Peak Energy;;1.000000;0.000000;kWh;4
3564;4;14566;F32;;92#Bidirectional Meter - Total Reverse Flat Energy;;1.000000;0.000000;kWh;4
3565;4;14568;F32;;92#Bidirectional Meter - Total Reverse Valley Energy;;1.000000;0.000000;kWh;4
3566;4;14570;F32;;92#Bidirectional Meter - Total Active Power;;1.000000;0.000000;kW;4
3567;4;14600;F32;;93#Bidirectional Meter - Total Forward Active Energy;;1.000000;0.000000;kWh;4
3568;4;14602;F32;;93#Bidirectional Meter - Total Forward Sharp Energy;;1.000000;0.000000;kWh;4
3569;4;14604;F32;;93#Bidirectional Meter - Total Forward Peak Energy;;1.000000;0.000000;kWh;4
3570;4;14606;F32;;93#Bidirectional Meter - Total Forward Flat Energy;;1.000000;0.000000;kWh;4
3571;4;14608;F32;;93#Bidirectional Meter - Total Forward Valley Energy;;1.000000;0.000000;kWh;4
3572;4;14610;F32;;93#Bidirectional Meter - Total Reverse Active Energy;;1.000000;0.000000;kWh;4
3573;4;14612;F32;;93#Bidirectional Meter - Total Reverse Sharp Energy;;1.000000;0.000000;kWh;4
3574;4;14614;F32;;93#Bidirectional Meter - Total Reverse Peak Energy;;1.000000;0.000000;kWh;4
3575;4;14616;F32;;93#Bidirectional Meter - Total Reverse Flat Energy;;1.000000;0.000000;kWh;4
3576;4;14618;F32;;93#Bidirectional Meter - Total Reverse Valley Energy;;1.000000;0.000000;kWh;4
3577;4;14620;F32;;93#Bidirectional Meter - Total Active Power;;1.000000;0.000000;kW;4
3578;4;14650;F32;;94#Bidirectional Meter - Total Forward Active Energy;;1.000000;0.000000;kWh;4
3579;4;14652;F32;;94#Bidirectional Meter - Total Forward Sharp Energy;;1.000000;0.000000;kWh;4
3580;4;14654;F32;;94#Bidirectional Meter - Total Forward Peak Energy;;1.000000;0.000000;kWh;4
3581;4;14656;F32;;94#Bidirectional Meter - Total Forward Flat Energy;;1.000000;0.000000;kWh;4
3582;4;14658;F32;;94#Bidirectional Meter - Total Forward Valley Energy;;1.000000;0.000000;kWh;4
3583;4;14660;F32;;94#Bidirectional Meter - Total Reverse Active Energy;;1.000000;0.000000;kWh;4
3584;4;14662;F32;;94#Bidirectional Meter - Total Reverse Sharp Energy;;1.000000;0.000000;kWh;4
3585;4;14664;F32;;94#Bidirectional Meter - Total Reverse Peak Energy;;1.000000;0.000000;kWh;4
3586;4;14666;F32;;94#Bidirectional Meter - Total Reverse Flat Energy;;1.000000;0.000000;kWh;4
3587;4;14668;F32;;94#Bidirectional Meter - Total Reverse Valley Energy;;1.000000;0.000000;kWh;4
3588;4;14670;F32;;94#Bidirectional Meter - Total Active Power;;1.000000;0.000000;kW;4
3589;4;14700;F32;;95#Bidirectional Meter - Total Forward Active Energy;;1.000000;0.000000;kWh;4
3590;4;14702;F32;;95#Bidirectional Meter - Total Forward Sharp Energy;;1.000000;0.000000;kWh;4
3591;4;14704;F32;;95#Bidirectional Meter - Total Forward Peak Energy;;1.000000;0.000000;kWh;4
3592;4;14706;F32;;95#Bidirectional Meter - Total Forward Flat Energy;;1.000000;0.000000;kWh;4
3593;4;14708;F32;;95#Bidirectional Meter - Total Forward Valley Energy;;1.000000;0.000000;kWh;4
3594;4;14710;F32;;95#Bidirectional Meter - Total Reverse Active Energy;;1.000000;0.000000;kWh;4
3595;4;14712;F32;;95#Bidirectional Meter - Total Reverse Sharp Energy;;1.000000;0.000000;kWh;4
3596;4;14714;F32;;95#Bidirectional Meter - Total Reverse Peak Energy;;1.000000;0.000000;kWh;4
3597;4;14716;F32;;95#Bidirectional Meter - Total Reverse Flat Energy;;1.000000;0.000000;kWh;4
3598;4;14718;F32;;95#Bidirectional Meter - Total Reverse Valley Energy;;1.000000;0.000000;kWh;4
3599;4;14720;F32;;95#Bidirectional Meter - Total Active Power;;1.000000;0.000000;kW;4
3600;4;14750;F32;;96#Bidirectional Meter - Total Forward Active Energy;;1.000000;0.000000;kWh;4
3601;4;14752;F32;;96#Bidirectional Meter - Total Forward Sharp Energy;;1.000000;0.000000;kWh;4
3602;4;14754;F32;;96#Bidirectional Meter - Total Forward Peak Energy;;1.000000;0.000000;kWh;4
3603;4;14756;F32;;96#Bidirectional Meter - Total Forward Flat Energy;;1.000000;0.000000;kWh;4
3604;4;14758;F32;;96#Bidirectional Meter - Total Forward Valley Energy;;1.000000;0.000000;kWh;4
3605;4;14760;F32;;96#Bidirectional Meter - Total Reverse Active Energy;;1.000000;0.000000;kWh;4
3606;4;14762;F32;;96#Bidirectional Meter - Total Reverse Sharp Energy;;1.000000;0.000000;kWh;4
3607;4;14764;F32;;96#Bidirectional Meter - Total Reverse Peak Energy;;1.000000;0.000000;kWh;4
3608;4;14766;F32;;96#Bidirectional Meter - Total Reverse Flat Energy;;1.000000;0.000000;kWh;4
3609;4;14768;F32;;96#Bidirectional Meter - Total Reverse Valley Energy;;1.000000;0.000000;kWh;4
3610;4;14770;F32;;96#Bidirectional Meter - Total Active Power;;1.000000;0.000000;kW;4
3611;4;14800;F32;;97#Bidirectional Meter - Total Forward Active Energy;;1.000000;0.000000;kWh;4
3612;4;14802;F32;;97#Bidirectional Meter - Total Forward Sharp Energy;;1.000000;0.000000;kWh;4
3613;4;14804;F32;;97#Bidirectional Meter - Total Forward Peak Energy;;1.000000;0.000000;kWh;4
3614;4;14806;F32;;97#Bidirectional Meter - Total Forward Flat Energy;;1.000000;0.000000;kWh;4
3615;4;14808;F32;;97#Bidirectional Meter - Total Forward Valley Energy;;1.000000;0.000000;kWh;4
3616;4;14810;F32;;97#Bidirectional Meter - Total Reverse Active Energy;;1.000000;0.000000;kWh;4
3617;4;14812;F32;;97#Bidirectional Meter - Total Reverse Sharp Energy;;1.000000;0.000000;kWh;4
3618;4;14814;F32;;97#Bidirectional Meter - Total Reverse Peak Energy;;1.000000;0.000000;kWh;4
3619;4;14816;F32;;97#Bidirectional Meter - Total Reverse Flat Energy;;1.000000;0.000000;kWh;4
3620;4;14818;F32;;97#Bidirectional Meter - Total Reverse Valley Energy;;1.000000;0.000000;kWh;4
3621;4;14820;F32;;97#Bidirectional Meter - Total Active Power;;1.000000;0.000000;kW;4
3622;4;14850;F32;;98#Bidirectional Meter - Total Forward Active Energy;;1.000000;0.000000;kWh;4
3623;4;14852;F32;;98#Bidirectional Meter - Total Forward Sharp Energy;;1.000000;0.000000;kWh;4
3624;4;14854;F32;;98#Bidirectional Meter - Total Forward Peak Energy;;1.000000;0.000000;kWh;4
3625;4;14856;F32;;98#Bidirectional Meter - Total Forward Flat Energy;;1.000000;0.000000;kWh;4
3626;4;14858;F32;;98#Bidirectional Meter - Total Forward Valley Energy;;1.000000;0.000000;kWh;4
3627;4;14860;F32;;98#Bidirectional Meter - Total Reverse Active Energy;;1.000000;0.000000;kWh;4
3628;4;14862;F32;;98#Bidirectional Meter - Total Reverse Sharp Energy;;1.000000;0.000000;kWh;4
3629;4;14864;F32;;98#Bidirectional Meter - Total Reverse Peak Energy;;1.000000;0.000000;kWh;4
3630;4;14866;F32;;98#Bidirectional Meter - Total Reverse Flat Energy;;1.000000;0.000000;kWh;4
3631;4;14868;F32;;98#Bidirectional Meter - Total Reverse Valley Energy;;1.000000;0.000000;kWh;4
3632;4;14870;F32;;98#Bidirectional Meter - Total Active Power;;1.000000;0.000000;kW;4
3633;4;14900;F32;;99#Bidirectional Meter - Total Forward Active Energy;;1.000000;0.000000;kWh;4
3634;4;14902;F32;;99#Bidirectional Meter - Total Forward Sharp Energy;;1.000000;0.000000;kWh;4
3635;4;14904;F32;;99#Bidirectional Meter - Total Forward Peak Energy;;1.000000;0.000000;kWh;4
3636;4;14906;F32;;99#Bidirectional Meter - Total Forward Flat Energy;;1.000000;0.000000;kWh;4
3637;4;14908;F32;;99#Bidirectional Meter - Total Forward Valley Energy;;1.000000;0.000000;kWh;4
3638;4;14910;F32;;99#Bidirectional Meter - Total Reverse Active Energy;;1.000000;0.000000;kWh;4
3639;4;14912;F32;;99#Bidirectional Meter - Total Reverse Sharp Energy;;1.000000;0.000000;kWh;4
3640;4;14914;F32;;99#Bidirectional Meter - Total Reverse Peak Energy;;1.000000;0.000000;kWh;4
3641;4;14916;F32;;99#Bidirectional Meter - Total Reverse Flat Energy;;1.000000;0.000000;kWh;4
3642;4;14918;F32;;99#Bidirectional Meter - Total Reverse Valley Energy;;1.000000;0.000000;kWh;4
3643;4;14920;F32;;99#Bidirectional Meter - Total Active Power;;1.000000;0.000000;kW;4
3644;4;14950;F32;;100#Bidirectional Meter - Total Forward Active Energy;;1.000000;0.000000;kWh;4
3645;4;14952;F32;;100#Bidirectional Meter - Total Forward Sharp Energy;;1.000000;0.000000;kWh;4
3646;4;14954;F32;;100#Bidirectional Meter - Total Forward Peak Energy;;1.000000;0.000000;kWh;4
3647;4;14956;F32;;100#Bidirectional Meter - Total Forward Flat Energy;;1.000000;0.000000;kWh;4
3648;4;14958;F32;;100#Bidirectional Meter - Total Forward Valley Energy;;1.000000;0.000000;kWh;4
3649;4;14960;F32;;100#Bidirectional Meter - Total Reverse Active Energy;;1.000000;0.000000;kWh;4
3650;4;14962;F32;;100#Bidirectional Meter - Total Reverse Sharp Energy;;1.000000;0.000000;kWh;4
3651;4;14964;F32;;100#Bidirectional Meter - Total Reverse Peak Energy;;1.000000;0.000000;kWh;4
3652;4;14966;F32;;100#Bidirectional Meter - Total Reverse Flat Energy;;1.000000;0.000000;kWh;4
3653;4;14968;F32;;100#Bidirectional Meter - Total Reverse Valley Energy;;1.000000;0.000000;kWh;4
3654;4;14970;F32;;100#Bidirectional Meter - Total Active Power;;1.000000;0.000000;kW;4
3655;4;15000;U16;;1#AC - Operating Status;;1.000000;0.000000;;9
3656;4;15001;U16;;1#AC - Reserve;;1.000000;0.000000;;0
3657;4;15002;U16;;1#AC - Reserve;;1.000000;0.000000;;0
3658;4;15003;U16;;1#AC - Reserve;;1.000000;0.000000;;0
3659;4;15004;F32;;1#AC - Cooling Low Point;;0.100000;0.000000;°C;4
3660;4;15006;F32;;1#AC - Cooling High Point;;0.100000;0.000000;°C;4
3661;4;15008;F32;;1#AC - Heating Low Point;;0.100000;0.000000;°C;4
3662;4;15010;F32;;1#AC - Heating High Point;;0.100000;0.000000;°C;4
3663;4;15012;F32;;1#AC - Dehumidification High Point (Start Point);;0.100000;0.000000;;4
3664;4;15014;F32;;1#AC - Dehumidification Low Point (Stop Point);;0.100000;0.000000;;4
3665;4;15016;F32;;1#AC - High Temperature Alarm Point;;0.100000;0.000000;°C;9
3666;4;15018;F32;;1#AC - Low Temperature Alarm Point;;0.100000;0.000000;°C;9
3667;4;15020;F32;;1#AC - Temperature;;0.100000;0.000000;°C;4
3668;4;15022;U16;;1#AC - Temperature Status;;1.000000;0.000000;;9
3669;4;15023;U16;;1#AC - Voltage Status;;1.000000;0.000000;;9
3670;4;15024;U16;;1#AC - Sensor Status;;1.000000;0.000000;;9
3671;4;15025;U16;;1#AC - Compressor Status;;1.000000;0.000000;;9
3672;4;15026;U16;;1#AC - Air Pressure Status;;1.000000;0.000000;;9
3673;4;15027;F32;;1#AC - Relative Humidity;;0.100000;0.000000;;4
3674;4;15050;U16;;2#AC - Operating Status;;1.000000;0.000000;;9
3675;4;15051;U16;;2#AC - Reserve;;1.000000;0.000000;;0
3676;4;15052;U16;;2#AC - Reserve;;1.000000;0.000000;;0
3677;4;15053;U16;;2#AC - Reserve;;1.000000;0.000000;;0
3678;4;15054;F32;;2#AC - Cooling Low Point;;0.100000;0.000000;°C;4
3679;4;15056;F32;;2#AC - Cooling High Point;;0.100000;0.000000;°C;4
3680;4;15058;F32;;2#AC - Heating Low Point;;0.100000;0.000000;°C;4
3681;4;15060;F32;;2#AC - Heating High Point;;0.100000;0.000000;°C;4
3682;4;15062;F32;;2#AC - Dehumidification High Point (Start Point);;0.100000;0.000000;;4
3683;4;15064;F32;;2#AC - Dehumidification Low Point (Stop Point);;0.100000;0.000000;;4
3684;4;15066;F32;;2#AC - High Temperature Alarm Point;;0.100000;0.000000;°C;9
3685;4;15068;F32;;2#AC - Low Temperature Alarm Point;;0.100000;0.000000;°C;9
3686;4;15070;F32;;2#AC - Temperature;;0.100000;0.000000;°C;4
3687;4;15072;U16;;2#AC - Temperature Status;;1.000000;0.000000;;9
3688;4;15073;U16;;2#AC - Voltage Status;;1.000000;0.000000;;9
3689;4;15074;U16;;2#AC - Sensor Status;;1.000000;0.000000;;9
3690;4;15075;U16;;2#AC - Compressor Status;;1.000000;0.000000;;9
3691;4;15076;U16;;2#AC - Air Pressure Status;;1.000000;0.000000;;9
3692;4;15077;F32;;2#AC - Relative Humidity;;0.100000;0.000000;;4
3693;4;15100;U16;;3#AC - Operating Status;;1.000000;0.000000;;9
3694;4;15101;U16;;3#AC - Reserve;;1.000000;0.000000;;0
3695;4;15102;U16;;3#AC - Reserve;;1.000000;0.000000;;0
3696;4;15103;U16;;3#AC - Reserve;;1.000000;0.000000;;0
3697;4;15104;F32;;3#AC - Cooling Low Point;;0.100000;0.000000;°C;4
3698;4;15106;F32;;3#AC - Cooling High Point;;0.100000;0.000000;°C;4
3699;4;15108;F32;;3#AC - Heating Low Point;;0.100000;0.000000;°C;4
3700;4;15110;F32;;3#AC - Heating High Point;;0.100000;0.000000;°C;4
3701;4;15112;F32;;3#AC - Dehumidification High Point (Start Point);;0.100000;0.000000;;4
3702;4;15114;F32;;3#AC - Dehumidification Low Point (Stop Point);;0.100000;0.000000;;4
3703;4;15116;F32;;3#AC - High Temperature Alarm Point;;0.100000;0.000000;°C;9
3704;4;15118;F32;;3#AC - Low Temperature Alarm Point;;0.100000;0.000000;°C;9
3705;4;15120;F32;;3#AC - Temperature;;0.100000;0.000000;°C;4
3706;4;15122;U16;;3#AC - Temperature Status;;1.000000;0.000000;;9
3707;4;15123;U16;;3#AC - Voltage Status;;1.000000;0.000000;;9
3708;4;15124;U16;;3#AC - Sensor Status;;1.000000;0.000000;;9
3709;4;15125;U16;;3#AC - Compressor Status;;1.000000;0.000000;;9
3710;4;15126;U16;;3#AC - Air Pressure Status;;1.000000;0.000000;;9
3711;4;15127;F32;;3#AC - Relative Humidity;;0.100000;0.000000;;4
3712;4;15150;U16;;4#AC - Operating Status;;1.000000;0.000000;;9
3713;4;15151;U16;;4#AC - Reserve;;1.000000;0.000000;;0
3714;4;15152;U16;;4#AC - Reserve;;1.000000;0.000000;;0
3715;4;15153;U16;;4#AC - Reserve;;1.000000;0.000000;;0
3716;4;15154;F32;;4#AC - Cooling Low Point;;0.100000;0.000000;°C;4
3717;4;15156;F32;;4#AC - Cooling High Point;;0.100000;0.000000;°C;4
3718;4;15158;F32;;4#AC - Heating Low Point;;0.100000;0.000000;°C;4
3719;4;15160;F32;;4#AC - Heating High Point;;0.100000;0.000000;°C;4
3720;4;15162;F32;;4#AC - Dehumidification High Point (Start Point);;0.100000;0.000000;;4
3721;4;15164;F32;;4#AC - Dehumidification Low Point (Stop Point);;0.100000;0.000000;;4
3722;4;15166;F32;;4#AC - High Temperature Alarm Point;;0.100000;0.000000;°C;9
3723;4;15168;F32;;4#AC - Low Temperature Alarm Point;;0.100000;0.000000;°C;9
3724;4;15170;F32;;4#AC - Temperature;;0.100000;0.000000;°C;4
3725;4;15172;U16;;4#AC - Temperature Status;;1.000000;0.000000;;9
3726;4;15173;U16;;4#AC - Voltage Status;;1.000000;0.000000;;9
3727;4;15174;U16;;4#AC - Sensor Status;;1.000000;0.000000;;9
3728;4;15175;U16;;4#AC - Compressor Status;;1.000000;0.000000;;9
3729;4;15176;U16;;4#AC - Air Pressure Status;;1.000000;0.000000;;9
3730;4;15177;F32;;4#AC - Relative Humidity;;0.100000;0.000000;;4
3731;4;15200;U16;;5#AC - Operating Status;;1.000000;0.000000;;9
3732;4;15201;U16;;5#AC - Reserve;;1.000000;0.000000;;0
3733;4;15202;U16;;5#AC - Reserve;;1.000000;0.000000;;0
3734;4;15203;U16;;5#AC - Reserve;;1.000000;0.000000;;0
3735;4;15204;F32;;5#AC - Cooling Low Point;;0.100000;0.000000;°C;4
3736;4;15206;F32;;5#AC - Cooling High Point;;0.100000;0.000000;°C;4
3737;4;15208;F32;;5#AC - Heating Low Point;;0.100000;0.000000;°C;4
3738;4;15210;F32;;5#AC - Heating High Point;;0.100000;0.000000;°C;4
3739;4;15212;F32;;5#AC - Dehumidification High Point (Start Point);;0.100000;0.000000;;4
3740;4;15214;F32;;5#AC - Dehumidification Low Point (Stop Point);;0.100000;0.000000;;4
3741;4;15216;F32;;5#AC - High Temperature Alarm Point;;0.100000;0.000000;°C;9
3742;4;15218;F32;;5#AC - Low Temperature Alarm Point;;0.100000;0.000000;°C;9
3743;4;15220;F32;;5#AC - Temperature;;0.100000;0.000000;°C;4
3744;4;15222;U16;;5#AC - Temperature Status;;1.000000;0.000000;;9
3745;4;15223;U16;;5#AC - Voltage Status;;1.000000;0.000000;;9
3746;4;15224;U16;;5#AC - Sensor Status;;1.000000;0.000000;;9
3747;4;15225;U16;;5#AC - Compressor Status;;1.000000;0.000000;;9
3748;4;15226;U16;;5#AC - Air Pressure Status;;1.000000;0.000000;;9
3749;4;15227;F32;;5#AC - Relative Humidity;;0.100000;0.000000;;4
3750;4;15250;U16;;6#AC - Operating Status;;1.000000;0.000000;;9
3751;4;15251;U16;;6#AC - Reserve;;1.000000;0.000000;;0
3752;4;15252;U16;;6#AC - Reserve;;1.000000;0.000000;;0
3753;4;15253;U16;;6#AC - Reserve;;1.000000;0.000000;;0
3754;4;15254;F32;;6#AC - Cooling Low Point;;0.100000;0.000000;°C;4
3755;4;15256;F32;;6#AC - Cooling High Point;;0.100000;0.000000;°C;4
3756;4;15258;F32;;6#AC - Heating Low Point;;0.100000;0.000000;°C;4
3757;4;15260;F32;;6#AC - Heating High Point;;0.100000;0.000000;°C;4
3758;4;15262;F32;;6#AC - Dehumidification High Point (Start Point);;0.100000;0.000000;;4
3759;4;15264;F32;;6#AC - Dehumidification Low Point (Stop Point);;0.100000;0.000000;;4
3760;4;15266;F32;;6#AC - High Temperature Alarm Point;;0.100000;0.000000;°C;9
3761;4;15268;F32;;6#AC - Low Temperature Alarm Point;;0.100000;0.000000;°C;9
3762;4;15270;F32;;6#AC - Temperature;;0.100000;0.000000;°C;4
3763;4;15272;U16;;6#AC - Temperature Status;;1.000000;0.000000;;9
3764;4;15273;U16;;6#AC - Voltage Status;;1.000000;0.000000;;9
3765;4;15274;U16;;6#AC - Sensor Status;;1.000000;0.000000;;9
3766;4;15275;U16;;6#AC - Compressor Status;;1.000000;0.000000;;9
3767;4;15276;U16;;6#AC - Air Pressure Status;;1.000000;0.000000;;9
3768;4;15277;F32;;6#AC - Relative Humidity;;0.100000;0.000000;;4
3769;4;15300;U16;;7#AC - Operating Status;;1.000000;0.000000;;9
3770;4;15301;U16;;7#AC - Reserve;;1.000000;0.000000;;0
3771;4;15302;U16;;7#AC - Reserve;;1.000000;0.000000;;0
3772;4;15303;U16;;7#AC - Reserve;;1.000000;0.000000;;0
3773;4;15304;F32;;7#AC - Cooling Low Point;;0.100000;0.000000;°C;4
3774;4;15306;F32;;7#AC - Cooling High Point;;0.100000;0.000000;°C;4
3775;4;15308;F32;;7#AC - Heating Low Point;;0.100000;0.000000;°C;4
3776;4;15310;F32;;7#AC - Heating High Point;;0.100000;0.000000;°C;4
3777;4;15312;F32;;7#AC - Dehumidification High Point (Start Point);;0.100000;0.000000;;4
3778;4;15314;F32;;7#AC - Dehumidification Low Point (Stop Point);;0.100000;0.000000;;4
3779;4;15316;F32;;7#AC - High Temperature Alarm Point;;0.100000;0.000000;°C;9
3780;4;15318;F32;;7#AC - Low Temperature Alarm Point;;0.100000;0.000000;°C;9
3781;4;15320;F32;;7#AC - Temperature;;0.100000;0.000000;°C;4
3782;4;15322;U16;;7#AC - Temperature Status;;1.000000;0.000000;;9
3783;4;15323;U16;;7#AC - Voltage Status;;1.000000;0.000000;;9
3784;4;15324;U16;;7#AC - Sensor Status;;1.000000;0.000000;;9
3785;4;15325;U16;;7#AC - Compressor Status;;1.000000;0.000000;;9
3786;4;15326;U16;;7#AC - Air Pressure Status;;1.000000;0.000000;;9
3787;4;15327;F32;;7#AC - Relative Humidity;;0.100000;0.000000;;4
3788;4;15350;U16;;8#AC - Operating Status;;1.000000;0.000000;;9
3789;4;15351;U16;;8#AC - Reserve;;1.000000;0.000000;;0
3790;4;15352;U16;;8#AC - Reserve;;1.000000;0.000000;;0
3791;4;15353;U16;;8#AC - Reserve;;1.000000;0.000000;;0
3792;4;15354;F32;;8#AC - Cooling Low Point;;0.100000;0.000000;°C;4
3793;4;15356;F32;;8#AC - Cooling High Point;;0.100000;0.000000;°C;4
3794;4;15358;F32;;8#AC - Heating Low Point;;0.100000;0.000000;°C;4
3795;4;15360;F32;;8#AC - Heating High Point;;0.100000;0.000000;°C;4
3796;4;15362;F32;;8#AC - Dehumidification High Point (Start Point);;0.100000;0.000000;;4
3797;4;15364;F32;;8#AC - Dehumidification Low Point (Stop Point);;0.100000;0.000000;;4
3798;4;15366;F32;;8#AC - High Temperature Alarm Point;;0.100000;0.000000;°C;9
3799;4;15368;F32;;8#AC - Low Temperature Alarm Point;;0.100000;0.000000;°C;9
3800;4;15370;F32;;8#AC - Temperature;;0.100000;0.000000;°C;4
3801;4;15372;U16;;8#AC - Temperature Status;;1.000000;0.000000;;9
3802;4;15373;U16;;8#AC - Voltage Status;;1.000000;0.000000;;9
3803;4;15374;U16;;8#AC - Sensor Status;;1.000000;0.000000;;9
3804;4;15375;U16;;8#AC - Compressor Status;;1.000000;0.000000;;9
3805;4;15376;U16;;8#AC - Air Pressure Status;;1.000000;0.000000;;9
3806;4;15377;F32;;8#AC - Relative Humidity;;0.100000;0.000000;;4
3807;4;15400;U16;;9#AC - Operating Status;;1.000000;0.000000;;9
3808;4;15401;U16;;9#AC - Reserve;;1.000000;0.000000;;0
3809;4;15402;U16;;9#AC - Reserve;;1.000000;0.000000;;0
3810;4;15403;U16;;9#AC - Reserve;;1.000000;0.000000;;0
3811;4;15404;F32;;9#AC - Cooling Low Point;;0.100000;0.000000;°C;4
3812;4;15406;F32;;9#AC - Cooling High Point;;0.100000;0.000000;°C;4
3813;4;15408;F32;;9#AC - Heating Low Point;;0.100000;0.000000;°C;4
3814;4;15410;F32;;9#AC - Heating High Point;;0.100000;0.000000;°C;4
3815;4;15412;F32;;9#AC - Dehumidification High Point (Start Point);;0.100000;0.000000;;4
3816;4;15414;F32;;9#AC - Dehumidification Low Point (Stop Point);;0.100000;0.000000;;4
3817;4;15416;F32;;9#AC - High Temperature Alarm Point;;0.100000;0.000000;°C;9
3818;4;15418;F32;;9#AC - Low Temperature Alarm Point;;0.100000;0.000000;°C;9
3819;4;15420;F32;;9#AC - Temperature;;0.100000;0.000000;°C;4
3820;4;15422;U16;;9#AC - Temperature Status;;1.000000;0.000000;;9
3821;4;15423;U16;;9#AC - Voltage Status;;1.000000;0.000000;;9
3822;4;15424;U16;;9#AC - Sensor Status;;1.000000;0.000000;;9
3823;4;15425;U16;;9#AC - Compressor Status;;1.000000;0.000000;;9
3824;4;15426;U16;;9#AC - Air Pressure Status;;1.000000;0.000000;;9
3825;4;15427;F32;;9#AC - Relative Humidity;;0.100000;0.000000;;4
3826;4;15450;U16;;10#AC - Operating Status;;1.000000;0.000000;;9
3827;4;15451;U16;;10#AC - Reserve;;1.000000;0.000000;;0
3828;4;15452;U16;;10#AC - Reserve;;1.000000;0.000000;;0
3829;4;15453;U16;;10#AC - Reserve;;1.000000;0.000000;;0
3830;4;15454;F32;;10#AC - Cooling Low Point;;0.100000;0.000000;°C;4
3831;4;15456;F32;;10#AC - Cooling High Point;;0.100000;0.000000;°C;4
3832;4;15458;F32;;10#AC - Heating Low Point;;0.100000;0.000000;°C;4
3833;4;15460;F32;;10#AC - Heating High Point;;0.100000;0.000000;°C;4
3834;4;15462;F32;;10#AC - Dehumidification High Point (Start Point);;0.100000;0.000000;;4
3835;4;15464;F32;;10#AC - Dehumidification Low Point (Stop Point);;0.100000;0.000000;;4
3836;4;15466;F32;;10#AC - High Temperature Alarm Point;;0.100000;0.000000;°C;9
3837;4;15468;F32;;10#AC - Low Temperature Alarm Point;;0.100000;0.000000;°C;9
3838;4;15470;F32;;10#AC - Temperature;;0.100000;0.000000;°C;4
3839;4;15472;U16;;10#AC - Temperature Status;;1.000000;0.000000;;9
3840;4;15473;U16;;10#AC - Voltage Status;;1.000000;0.000000;;9
3841;4;15474;U16;;10#AC - Sensor Status;;1.000000;0.000000;;9
3842;4;15475;U16;;10#AC - Compressor Status;;1.000000;0.000000;;9
3843;4;15476;U16;;10#AC - Air Pressure Status;;1.000000;0.000000;;9
3844;4;15477;F32;;10#AC - Relative Humidity;;0.100000;0.000000;;4
3845;4;15500;U16;;11#AC - Operating Status;;1.000000;0.000000;;9
3846;4;15501;U16;;11#AC - Reserve;;1.000000;0.000000;;0
3847;4;15502;U16;;11#AC - Reserve;;1.000000;0.000000;;0
3848;4;15503;U16;;11#AC - Reserve;;1.000000;0.000000;;0
3849;4;15504;F32;;11#AC - Cooling Low Point;;0.100000;0.000000;°C;4
3850;4;15506;F32;;11#AC - Cooling High Point;;0.100000;0.000000;°C;4
3851;4;15508;F32;;11#AC - Heating Low Point;;0.100000;0.000000;°C;4
3852;4;15510;F32;;11#AC - Heating High Point;;0.100000;0.000000;°C;4
3853;4;15512;F32;;11#AC - Dehumidification High Point (Start Point);;0.100000;0.000000;;4
3854;4;15514;F32;;11#AC - Dehumidification Low Point (Stop Point);;0.100000;0.000000;;4
3855;4;15516;F32;;11#AC - High Temperature Alarm Point;;0.100000;0.000000;°C;9
3856;4;15518;F32;;11#AC - Low Temperature Alarm Point;;0.100000;0.000000;°C;9
3857;4;15520;F32;;11#AC - Temperature;;0.100000;0.000000;°C;4
3858;4;15522;U16;;11#AC - Temperature Status;;1.000000;0.000000;;9
3859;4;15523;U16;;11#AC - Voltage Status;;1.000000;0.000000;;9
3860;4;15524;U16;;11#AC - Sensor Status;;1.000000;0.000000;;9
3861;4;15525;U16;;11#AC - Compressor Status;;1.000000;0.000000;;9
3862;4;15526;U16;;11#AC - Air Pressure Status;;1.000000;0.000000;;9
3863;4;15527;F32;;11#AC - Relative Humidity;;0.100000;0.000000;;4
3864;4;15550;U16;;12#AC - Operating Status;;1.000000;0.000000;;9
3865;4;15551;U16;;12#AC - Reserve;;1.000000;0.000000;;0
3866;4;15552;U16;;12#AC - Reserve;;1.000000;0.000000;;0
3867;4;15553;U16;;12#AC - Reserve;;1.000000;0.000000;;0
3868;4;15554;F32;;12#AC - Cooling Low Point;;0.100000;0.000000;°C;4
3869;4;15556;F32;;12#AC - Cooling High Point;;0.100000;0.000000;°C;4
3870;4;15558;F32;;12#AC - Heating Low Point;;0.100000;0.000000;°C;4
3871;4;15560;F32;;12#AC - Heating High Point;;0.100000;0.000000;°C;4
3872;4;15562;F32;;12#AC - Dehumidification High Point (Start Point);;0.100000;0.000000;;4
3873;4;15564;F32;;12#AC - Dehumidification Low Point (Stop Point);;0.100000;0.000000;;4
3874;4;15566;F32;;12#AC - High Temperature Alarm Point;;0.100000;0.000000;°C;9
3875;4;15568;F32;;12#AC - Low Temperature Alarm Point;;0.100000;0.000000;°C;9
3876;4;15570;F32;;12#AC - Temperature;;0.100000;0.000000;°C;4
3877;4;15572;U16;;12#AC - Temperature Status;;1.000000;0.000000;;9
3878;4;15573;U16;;12#AC - Voltage Status;;1.000000;0.000000;;9
3879;4;15574;U16;;12#AC - Sensor Status;;1.000000;0.000000;;9
3880;4;15575;U16;;12#AC - Compressor Status;;1.000000;0.000000;;9
3881;4;15576;U16;;12#AC - Air Pressure Status;;1.000000;0.000000;;9
3882;4;15577;F32;;12#AC - Relative Humidity;;0.100000;0.000000;;4
3883;4;15600;U16;;13#AC - Operating Status;;1.000000;0.000000;;9
3884;4;15601;U16;;13#AC - Reserve;;1.000000;0.000000;;0
3885;4;15602;U16;;13#AC - Reserve;;1.000000;0.000000;;0
3886;4;15603;U16;;13#AC - Reserve;;1.000000;0.000000;;0
3887;4;15604;F32;;13#AC - Cooling Low Point;;0.100000;0.000000;°C;4
3888;4;15606;F32;;13#AC - Cooling High Point;;0.100000;0.000000;°C;4
3889;4;15608;F32;;13#AC - Heating Low Point;;0.100000;0.000000;°C;4
3890;4;15610;F32;;13#AC - Heating High Point;;0.100000;0.000000;°C;4
3891;4;15612;F32;;13#AC - Dehumidification High Point (Start Point);;0.100000;0.000000;;4
3892;4;15614;F32;;13#AC - Dehumidification Low Point (Stop Point);;0.100000;0.000000;;4
3893;4;15616;F32;;13#AC - High Temperature Alarm Point;;0.100000;0.000000;°C;9
3894;4;15618;F32;;13#AC - Low Temperature Alarm Point;;0.100000;0.000000;°C;9
3895;4;15620;F32;;13#AC - Temperature;;0.100000;0.000000;°C;4
3896;4;15622;U16;;13#AC - Temperature Status;;1.000000;0.000000;;9
3897;4;15623;U16;;13#AC - Voltage Status;;1.000000;0.000000;;9
3898;4;15624;U16;;13#AC - Sensor Status;;1.000000;0.000000;;9
3899;4;15625;U16;;13#AC - Compressor Status;;1.000000;0.000000;;9
3900;4;15626;U16;;13#AC - Air Pressure Status;;1.000000;0.000000;;9
3901;4;15627;F32;;13#AC - Relative Humidity;;0.100000;0.000000;;4
3902;4;15650;U16;;14#AC - Operating Status;;1.000000;0.000000;;9
3903;4;15651;U16;;14#AC - Reserve;;1.000000;0.000000;;0
3904;4;15652;U16;;14#AC - Reserve;;1.000000;0.000000;;0
3905;4;15653;U16;;14#AC - Reserve;;1.000000;0.000000;;0
3906;4;15654;F32;;14#AC - Cooling Low Point;;0.100000;0.000000;°C;4
3907;4;15656;F32;;14#AC - Cooling High Point;;0.100000;0.000000;°C;4
3908;4;15658;F32;;14#AC - Heating Low Point;;0.100000;0.000000;°C;4
3909;4;15660;F32;;14#AC - Heating High Point;;0.100000;0.000000;°C;4
3910;4;15662;F32;;14#AC - Dehumidification High Point (Start Point);;0.100000;0.000000;;4
3911;4;15664;F32;;14#AC - Dehumidification Low Point (Stop Point);;0.100000;0.000000;;4
3912;4;15666;F32;;14#AC - High Temperature Alarm Point;;0.100000;0.000000;°C;9
3913;4;15668;F32;;14#AC - Low Temperature Alarm Point;;0.100000;0.000000;°C;9
3914;4;15670;F32;;14#AC - Temperature;;0.100000;0.000000;°C;4
3915;4;15672;U16;;14#AC - Temperature Status;;1.000000;0.000000;;9
3916;4;15673;U16;;14#AC - Voltage Status;;1.000000;0.000000;;9
3917;4;15674;U16;;14#AC - Sensor Status;;1.000000;0.000000;;9
3918;4;15675;U16;;14#AC - Compressor Status;;1.000000;0.000000;;9
3919;4;15676;U16;;14#AC - Air Pressure Status;;1.000000;0.000000;;9
3920;4;15677;F32;;14#AC - Relative Humidity;;0.100000;0.000000;;4
3921;4;15700;U16;;15#AC - Operating Status;;1.000000;0.000000;;9
3922;4;15701;U16;;15#AC - Reserve;;1.000000;0.000000;;0
3923;4;15702;U16;;15#AC - Reserve;;1.000000;0.000000;;0
3924;4;15703;U16;;15#AC - Reserve;;1.000000;0.000000;;0
3925;4;15704;F32;;15#AC - Cooling Low Point;;0.100000;0.000000;°C;4
3926;4;15706;F32;;15#AC - Cooling High Point;;0.100000;0.000000;°C;4
3927;4;15708;F32;;15#AC - Heating Low Point;;0.100000;0.000000;°C;4
3928;4;15710;F32;;15#AC - Heating High Point;;0.100000;0.000000;°C;4
3929;4;15712;F32;;15#AC - Dehumidification High Point (Start Point);;0.100000;0.000000;;4
3930;4;15714;F32;;15#AC - Dehumidification Low Point (Stop Point);;0.100000;0.000000;;4
3931;4;15716;F32;;15#AC - High Temperature Alarm Point;;0.100000;0.000000;°C;9
3932;4;15718;F32;;15#AC - Low Temperature Alarm Point;;0.100000;0.000000;°C;9
3933;4;15720;F32;;15#AC - Temperature;;0.100000;0.000000;°C;4
3934;4;15722;U16;;15#AC - Temperature Status;;1.000000;0.000000;;9
3935;4;15723;U16;;15#AC - Voltage Status;;1.000000;0.000000;;9
3936;4;15724;U16;;15#AC - Sensor Status;;1.000000;0.000000;;9
3937;4;15725;U16;;15#AC - Compressor Status;;1.000000;0.000000;;9
3938;4;15726;U16;;15#AC - Air Pressure Status;;1.000000;0.000000;;9
3939;4;15727;F32;;15#AC - Relative Humidity;;0.100000;0.000000;;4
3940;4;15750;U16;;16#AC - Operating Status;;1.000000;0.000000;;9
3941;4;15751;U16;;16#AC - Reserve;;1.000000;0.000000;;0
3942;4;15752;U16;;16#AC - Reserve;;1.000000;0.000000;;0
3943;4;15753;U16;;16#AC - Reserve;;1.000000;0.000000;;0
3944;4;15754;F32;;16#AC - Cooling Low Point;;0.100000;0.000000;°C;4
3945;4;15756;F32;;16#AC - Cooling High Point;;0.100000;0.000000;°C;4
3946;4;15758;F32;;16#AC - Heating Low Point;;0.100000;0.000000;°C;4
3947;4;15760;F32;;16#AC - Heating High Point;;0.100000;0.000000;°C;4
3948;4;15762;F32;;16#AC - Dehumidification High Point (Start Point);;0.100000;0.000000;;4
3949;4;15764;F32;;16#AC - Dehumidification Low Point (Stop Point);;0.100000;0.000000;;4
3950;4;15766;F32;;16#AC - High Temperature Alarm Point;;0.100000;0.000000;°C;9
3951;4;15768;F32;;16#AC - Low Temperature Alarm Point;;0.100000;0.000000;°C;9
3952;4;15770;F32;;16#AC - Temperature;;0.100000;0.000000;°C;4
3953;4;15772;U16;;16#AC - Temperature Status;;1.000000;0.000000;;9
3954;4;15773;U16;;16#AC - Voltage Status;;1.000000;0.000000;;9
3955;4;15774;U16;;16#AC - Sensor Status;;1.000000;0.000000;;9
3956;4;15775;U16;;16#AC - Compressor Status;;1.000000;0.000000;;9
3957;4;15776;U16;;16#AC - Air Pressure Status;;1.000000;0.000000;;9
3958;4;15777;F32;;16#AC - Relative Humidity;;0.100000;0.000000;;4
3959;4;15800;U16;;17#AC - Operating Status;;1.000000;0.000000;;9
3960;4;15801;U16;;17#AC - Reserve;;1.000000;0.000000;;0
3961;4;15802;U16;;17#AC - Reserve;;1.000000;0.000000;;0
3962;4;15803;U16;;17#AC - Reserve;;1.000000;0.000000;;0
3963;4;15804;F32;;17#AC - Cooling Low Point;;0.100000;0.000000;°C;4
3964;4;15806;F32;;17#AC - Cooling High Point;;0.100000;0.000000;°C;4
3965;4;15808;F32;;17#AC - Heating Low Point;;0.100000;0.000000;°C;4
3966;4;15810;F32;;17#AC - Heating High Point;;0.100000;0.000000;°C;4
3967;4;15812;F32;;17#AC - Dehumidification High Point (Start Point);;0.100000;0.000000;;4
3968;4;15814;F32;;17#AC - Dehumidification Low Point (Stop Point);;0.100000;0.000000;;4
3969;4;15816;F32;;17#AC - High Temperature Alarm Point;;0.100000;0.000000;°C;9
3970;4;15818;F32;;17#AC - Low Temperature Alarm Point;;0.100000;0.000000;°C;9
3971;4;15820;F32;;17#AC - Temperature;;0.100000;0.000000;°C;4
3972;4;15822;U16;;17#AC - Temperature Status;;1.000000;0.000000;;9
3973;4;15823;U16;;17#AC - Voltage Status;;1.000000;0.000000;;9
3974;4;15824;U16;;17#AC - Sensor Status;;1.000000;0.000000;;9
3975;4;15825;U16;;17#AC - Compressor Status;;1.000000;0.000000;;9
3976;4;15826;U16;;17#AC - Air Pressure Status;;1.000000;0.000000;;9
3977;4;15827;F32;;17#AC - Relative Humidity;;0.100000;0.000000;;4
3978;4;15850;U16;;18#AC - Operating Status;;1.000000;0.000000;;9
3979;4;15851;U16;;18#AC - Reserve;;1.000000;0.000000;;0
3980;4;15852;U16;;18#AC - Reserve;;1.000000;0.000000;;0
3981;4;15853;U16;;18#AC - Reserve;;1.000000;0.000000;;0
3982;4;15854;F32;;18#AC - Cooling Low Point;;0.100000;0.000000;°C;4
3983;4;15856;F32;;18#AC - Cooling High Point;;0.100000;0.000000;°C;4
3984;4;15858;F32;;18#AC - Heating Low Point;;0.100000;0.000000;°C;4
3985;4;15860;F32;;18#AC - Heating High Point;;0.100000;0.000000;°C;4
3986;4;15862;F32;;18#AC - Dehumidification High Point (Start Point);;0.100000;0.000000;;4
3987;4;15864;F32;;18#AC - Dehumidification Low Point (Stop Point);;0.100000;0.000000;;4
3988;4;15866;F32;;18#AC - High Temperature Alarm Point;;0.100000;0.000000;°C;9
3989;4;15868;F32;;18#AC - Low Temperature Alarm Point;;0.100000;0.000000;°C;9
3990;4;15870;F32;;18#AC - Temperature;;0.100000;0.000000;°C;4
3991;4;15872;U16;;18#AC - Temperature Status;;1.000000;0.000000;;9
3992;4;15873;U16;;18#AC - Voltage Status;;1.000000;0.000000;;9
3993;4;15874;U16;;18#AC - Sensor Status;;1.000000;0.000000;;9
3994;4;15875;U16;;18#AC - Compressor Status;;1.000000;0.000000;;9
3995;4;15876;U16;;18#AC - Air Pressure Status;;1.000000;0.000000;;9
3996;4;15877;F32;;18#AC - Relative Humidity;;0.100000;0.000000;;4
3997;4;15900;U16;;19#AC - Operating Status;;1.000000;0.000000;;9
3998;4;15901;U16;;19#AC - Reserve;;1.000000;0.000000;;0
3999;4;15902;U16;;19#AC - Reserve;;1.000000;0.000000;;0
4000;4;15903;U16;;19#AC - Reserve;;1.000000;0.000000;;0
4001;4;15904;F32;;19#AC - Cooling Low Point;;0.100000;0.000000;°C;4
4002;4;15906;F32;;19#AC - Cooling High Point;;0.100000;0.000000;°C;4
4003;4;15908;F32;;19#AC - Heating Low Point;;0.100000;0.000000;°C;4
4004;4;15910;F32;;19#AC - Heating High Point;;0.100000;0.000000;°C;4
4005;4;15912;F32;;19#AC - Dehumidification High Point (Start Point);;0.100000;0.000000;;4
4006;4;15914;F32;;19#AC - Dehumidification Low Point (Stop Point);;0.100000;0.000000;;4
4007;4;15916;F32;;19#AC - High Temperature Alarm Point;;0.100000;0.000000;°C;9
4008;4;15918;F32;;19#AC - Low Temperature Alarm Point;;0.100000;0.000000;°C;9
4009;4;15920;F32;;19#AC - Temperature;;0.100000;0.000000;°C;4
4010;4;15922;U16;;19#AC - Temperature Status;;1.000000;0.000000;;9
4011;4;15923;U16;;19#AC - Voltage Status;;1.000000;0.000000;;9
4012;4;15924;U16;;19#AC - Sensor Status;;1.000000;0.000000;;9
4013;4;15925;U16;;19#AC - Compressor Status;;1.000000;0.000000;;9
4014;4;15926;U16;;19#AC - Air Pressure Status;;1.000000;0.000000;;9
4015;4;15927;F32;;19#AC - Relative Humidity;;0.100000;0.000000;;4
4016;4;15950;U16;;20#AC - Operating Status;;1.000000;0.000000;;9
4017;4;15951;U16;;20#AC - Reserve;;1.000000;0.000000;;0
4018;4;15952;U16;;20#AC - Reserve;;1.000000;0.000000;;0
4019;4;15953;U16;;20#AC - Reserve;;1.000000;0.000000;;0
4020;4;15954;F32;;20#AC - Cooling Low Point;;0.100000;0.000000;°C;4
4021;4;15956;F32;;20#AC - Cooling High Point;;0.100000;0.000000;°C;4
4022;4;15958;F32;;20#AC - Heating Low Point;;0.100000;0.000000;°C;4
4023;4;15960;F32;;20#AC - Heating High Point;;0.100000;0.000000;°C;4
4024;4;15962;F32;;20#AC - Dehumidification High Point (Start Point);;0.100000;0.000000;;4
4025;4;15964;F32;;20#AC - Dehumidification Low Point (Stop Point);;0.100000;0.000000;;4
4026;4;15966;F32;;20#AC - High Temperature Alarm Point;;0.100000;0.000000;°C;9
4027;4;15968;F32;;20#AC - Low Temperature Alarm Point;;0.100000;0.000000;°C;9
4028;4;15970;F32;;20#AC - Temperature;;0.100000;0.000000;°C;4
4029;4;15972;U16;;20#AC - Temperature Status;;1.000000;0.000000;;9
4030;4;15973;U16;;20#AC - Voltage Status;;1.000000;0.000000;;9
4031;4;15974;U16;;20#AC - Sensor Status;;1.000000;0.000000;;9
4032;4;15975;U16;;20#AC - Compressor Status;;1.000000;0.000000;;9
4033;4;15976;U16;;20#AC - Air Pressure Status;;1.000000;0.000000;;9
4034;4;15977;F32;;20#AC - Relative Humidity;;0.100000;0.000000;;4
4035;4;16000;U16;;21#AC - Operating Status;;1.000000;0.000000;;9
4036;4;16001;U16;;21#AC - Reserve;;1.000000;0.000000;;0
4037;4;16002;U16;;21#AC - Reserve;;1.000000;0.000000;;0
4038;4;16003;U16;;21#AC - Reserve;;1.000000;0.000000;;0
4039;4;16004;F32;;21#AC - Cooling Low Point;;0.100000;0.000000;°C;4
4040;4;16006;F32;;21#AC - Cooling High Point;;0.100000;0.000000;°C;4
4041;4;16008;F32;;21#AC - Heating Low Point;;0.100000;0.000000;°C;4
4042;4;16010;F32;;21#AC - Heating High Point;;0.100000;0.000000;°C;4
4043;4;16012;F32;;21#AC - Dehumidification High Point (Start Point);;0.100000;0.000000;;4
4044;4;16014;F32;;21#AC - Dehumidification Low Point (Stop Point);;0.100000;0.000000;;4
4045;4;16016;F32;;21#AC - High Temperature Alarm Point;;0.100000;0.000000;°C;9
4046;4;16018;F32;;21#AC - Low Temperature Alarm Point;;0.100000;0.000000;°C;9
4047;4;16020;F32;;21#AC - Temperature;;0.100000;0.000000;°C;4
4048;4;16022;U16;;21#AC - Temperature Status;;1.000000;0.000000;;9
4049;4;16023;U16;;21#AC - Voltage Status;;1.000000;0.000000;;9
4050;4;16024;U16;;21#AC - Sensor Status;;1.000000;0.000000;;9
4051;4;16025;U16;;21#AC - Compressor Status;;1.000000;0.000000;;9
4052;4;16026;U16;;21#AC - Air Pressure Status;;1.000000;0.000000;;9
4053;4;16027;F32;;21#AC - Relative Humidity;;0.100000;0.000000;;4
4054;4;16050;U16;;22#AC - Operating Status;;1.000000;0.000000;;9
4055;4;16051;U16;;22#AC - Reserve;;1.000000;0.000000;;0
4056;4;16052;U16;;22#AC - Reserve;;1.000000;0.000000;;0
4057;4;16053;U16;;22#AC - Reserve;;1.000000;0.000000;;0
4058;4;16054;F32;;22#AC - Cooling Low Point;;0.100000;0.000000;°C;4
4059;4;16056;F32;;22#AC - Cooling High Point;;0.100000;0.000000;°C;4
4060;4;16058;F32;;22#AC - Heating Low Point;;0.100000;0.000000;°C;4
4061;4;16060;F32;;22#AC - Heating High Point;;0.100000;0.000000;°C;4
4062;4;16062;F32;;22#AC - Dehumidification High Point (Start Point);;0.100000;0.000000;;4
4063;4;16064;F32;;22#AC - Dehumidification Low Point (Stop Point);;0.100000;0.000000;;4
4064;4;16066;F32;;22#AC - High Temperature Alarm Point;;0.100000;0.000000;°C;9
4065;4;16068;F32;;22#AC - Low Temperature Alarm Point;;0.100000;0.000000;°C;9
4066;4;16070;F32;;22#AC - Temperature;;0.100000;0.000000;°C;4
4067;4;16072;U16;;22#AC - Temperature Status;;1.000000;0.000000;;9
4068;4;16073;U16;;22#AC - Voltage Status;;1.000000;0.000000;;9
4069;4;16074;U16;;22#AC - Sensor Status;;1.000000;0.000000;;9
4070;4;16075;U16;;22#AC - Compressor Status;;1.000000;0.000000;;9
4071;4;16076;U16;;22#AC - Air Pressure Status;;1.000000;0.000000;;9
4072;4;16077;F32;;22#AC - Relative Humidity;;0.100000;0.000000;;4
4073;4;16100;U16;;23#AC - Operating Status;;1.000000;0.000000;;9
4074;4;16101;U16;;23#AC - Reserve;;1.000000;0.000000;;0
4075;4;16102;U16;;23#AC - Reserve;;1.000000;0.000000;;0
4076;4;16103;U16;;23#AC - Reserve;;1.000000;0.000000;;0
4077;4;16104;F32;;23#AC - Cooling Low Point;;0.100000;0.000000;°C;4
4078;4;16106;F32;;23#AC - Cooling High Point;;0.100000;0.000000;°C;4
4079;4;16108;F32;;23#AC - Heating Low Point;;0.100000;0.000000;°C;4
4080;4;16110;F32;;23#AC - Heating High Point;;0.100000;0.000000;°C;4
4081;4;16112;F32;;23#AC - Dehumidification High Point (Start Point);;0.100000;0.000000;;4
4082;4;16114;F32;;23#AC - Dehumidification Low Point (Stop Point);;0.100000;0.000000;;4
4083;4;16116;F32;;23#AC - High Temperature Alarm Point;;0.100000;0.000000;°C;9
4084;4;16118;F32;;23#AC - Low Temperature Alarm Point;;0.100000;0.000000;°C;9
4085;4;16120;F32;;23#AC - Temperature;;0.100000;0.000000;°C;4
4086;4;16122;U16;;23#AC - Temperature Status;;1.000000;0.000000;;9
4087;4;16123;U16;;23#AC - Voltage Status;;1.000000;0.000000;;9
4088;4;16124;U16;;23#AC - Sensor Status;;1.000000;0.000000;;9
4089;4;16125;U16;;23#AC - Compressor Status;;1.000000;0.000000;;9
4090;4;16126;U16;;23#AC - Air Pressure Status;;1.000000;0.000000;;9
4091;4;16127;F32;;23#AC - Relative Humidity;;0.100000;0.000000;;4
4092;4;16150;U16;;24#AC - Operating Status;;1.000000;0.000000;;9
4093;4;16151;U16;;24#AC - Reserve;;1.000000;0.000000;;0
4094;4;16152;U16;;24#AC - Reserve;;1.000000;0.000000;;0
4095;4;16153;U16;;24#AC - Reserve;;1.000000;0.000000;;0
4096;4;16154;F32;;24#AC - Cooling Low Point;;0.100000;0.000000;°C;4
4097;4;16156;F32;;24#AC - Cooling High Point;;0.100000;0.000000;°C;4
4098;4;16158;F32;;24#AC - Heating Low Point;;0.100000;0.000000;°C;4
4099;4;16160;F32;;24#AC - Heating High Point;;0.100000;0.000000;°C;4
4100;4;16162;F32;;24#AC - Dehumidification High Point (Start Point);;0.100000;0.000000;;4
4101;4;16164;F32;;24#AC - Dehumidification Low Point (Stop Point);;0.100000;0.000000;;4
4102;4;16166;F32;;24#AC - High Temperature Alarm Point;;0.100000;0.000000;°C;9
4103;4;16168;F32;;24#AC - Low Temperature Alarm Point;;0.100000;0.000000;°C;9
4104;4;16170;F32;;24#AC - Temperature;;0.100000;0.000000;°C;4
4105;4;16172;U16;;24#AC - Temperature Status;;1.000000;0.000000;;9
4106;4;16173;U16;;24#AC - Voltage Status;;1.000000;0.000000;;9
4107;4;16174;U16;;24#AC - Sensor Status;;1.000000;0.000000;;9
4108;4;16175;U16;;24#AC - Compressor Status;;1.000000;0.000000;;9
4109;4;16176;U16;;24#AC - Air Pressure Status;;1.000000;0.000000;;9
4110;4;16177;F32;;24#AC - Relative Humidity;;0.100000;0.000000;;4
4111;4;16200;U16;;25#AC - Operating Status;;1.000000;0.000000;;9
4112;4;16201;U16;;25#AC - Reserve;;1.000000;0.000000;;0
4113;4;16202;U16;;25#AC - Reserve;;1.000000;0.000000;;0
4114;4;16203;U16;;25#AC - Reserve;;1.000000;0.000000;;0
4115;4;16204;F32;;25#AC - Cooling Low Point;;0.100000;0.000000;°C;4
4116;4;16206;F32;;25#AC - Cooling High Point;;0.100000;0.000000;°C;4
4117;4;16208;F32;;25#AC - Heating Low Point;;0.100000;0.000000;°C;4
4118;4;16210;F32;;25#AC - Heating High Point;;0.100000;0.000000;°C;4
4119;4;16212;F32;;25#AC - Dehumidification High Point (Start Point);;0.100000;0.000000;;4
4120;4;16214;F32;;25#AC - Dehumidification Low Point (Stop Point);;0.100000;0.000000;;4
4121;4;16216;F32;;25#AC - High Temperature Alarm Point;;0.100000;0.000000;°C;9
4122;4;16218;F32;;25#AC - Low Temperature Alarm Point;;0.100000;0.000000;°C;9
4123;4;16220;F32;;25#AC - Temperature;;0.100000;0.000000;°C;4
4124;4;16222;U16;;25#AC - Temperature Status;;1.000000;0.000000;;9
4125;4;16223;U16;;25#AC - Voltage Status;;1.000000;0.000000;;9
4126;4;16224;U16;;25#AC - Sensor Status;;1.000000;0.000000;;9
4127;4;16225;U16;;25#AC - Compressor Status;;1.000000;0.000000;;9
4128;4;16226;U16;;25#AC - Air Pressure Status;;1.000000;0.000000;;9
4129;4;16227;F32;;25#AC - Relative Humidity;;0.100000;0.000000;;4
4130;4;16250;U16;;26#AC - Operating Status;;1.000000;0.000000;;9
4131;4;16251;U16;;26#AC - Reserve;;1.000000;0.000000;;0
4132;4;16252;U16;;26#AC - Reserve;;1.000000;0.000000;;0
4133;4;16253;U16;;26#AC - Reserve;;1.000000;0.000000;;0
4134;4;16254;F32;;26#AC - Cooling Low Point;;0.100000;0.000000;°C;4
4135;4;16256;F32;;26#AC - Cooling High Point;;0.100000;0.000000;°C;4
4136;4;16258;F32;;26#AC - Heating Low Point;;0.100000;0.000000;°C;4
4137;4;16260;F32;;26#AC - Heating High Point;;0.100000;0.000000;°C;4
4138;4;16262;F32;;26#AC - Dehumidification High Point (Start Point);;0.100000;0.000000;;4
4139;4;16264;F32;;26#AC - Dehumidification Low Point (Stop Point);;0.100000;0.000000;;4
4140;4;16266;F32;;26#AC - High Temperature Alarm Point;;0.100000;0.000000;°C;9
4141;4;16268;F32;;26#AC - Low Temperature Alarm Point;;0.100000;0.000000;°C;9
4142;4;16270;F32;;26#AC - Temperature;;0.100000;0.000000;°C;4
4143;4;16272;U16;;26#AC - Temperature Status;;1.000000;0.000000;;9
4144;4;16273;U16;;26#AC - Voltage Status;;1.000000;0.000000;;9
4145;4;16274;U16;;26#AC - Sensor Status;;1.000000;0.000000;;9
4146;4;16275;U16;;26#AC - Compressor Status;;1.000000;0.000000;;9
4147;4;16276;U16;;26#AC - Air Pressure Status;;1.000000;0.000000;;9
4148;4;16277;F32;;26#AC - Relative Humidity;;0.100000;0.000000;;4
4149;4;16300;U16;;27#AC - Operating Status;;1.000000;0.000000;;9
4150;4;16301;U16;;27#AC - Reserve;;1.000000;0.000000;;0
4151;4;16302;U16;;27#AC - Reserve;;1.000000;0.000000;;0
4152;4;16303;U16;;27#AC - Reserve;;1.000000;0.000000;;0
4153;4;16304;F32;;27#AC - Cooling Low Point;;0.100000;0.000000;°C;4
4154;4;16306;F32;;27#AC - Cooling High Point;;0.100000;0.000000;°C;4
4155;4;16308;F32;;27#AC - Heating Low Point;;0.100000;0.000000;°C;4
4156;4;16310;F32;;27#AC - Heating High Point;;0.100000;0.000000;°C;4
4157;4;16312;F32;;27#AC - Dehumidification High Point (Start Point);;0.100000;0.000000;;4
4158;4;16314;F32;;27#AC - Dehumidification Low Point (Stop Point);;0.100000;0.000000;;4
4159;4;16316;F32;;27#AC - High Temperature Alarm Point;;0.100000;0.000000;°C;9
4160;4;16318;F32;;27#AC - Low Temperature Alarm Point;;0.100000;0.000000;°C;9
4161;4;16320;F32;;27#AC - Temperature;;0.100000;0.000000;°C;4
4162;4;16322;U16;;27#AC - Temperature Status;;1.000000;0.000000;;9
4163;4;16323;U16;;27#AC - Voltage Status;;1.000000;0.000000;;9
4164;4;16324;U16;;27#AC - Sensor Status;;1.000000;0.000000;;9
4165;4;16325;U16;;27#AC - Compressor Status;;1.000000;0.000000;;9
4166;4;16326;U16;;27#AC - Air Pressure Status;;1.000000;0.000000;;9
4167;4;16327;F32;;27#AC - Relative Humidity;;0.100000;0.000000;;4
4168;4;16350;U16;;28#AC - Operating Status;;1.000000;0.000000;;9
4169;4;16351;U16;;28#AC - Reserve;;1.000000;0.000000;;0
4170;4;16352;U16;;28#AC - Reserve;;1.000000;0.000000;;0
4171;4;16353;U16;;28#AC - Reserve;;1.000000;0.000000;;0
4172;4;16354;F32;;28#AC - Cooling Low Point;;0.100000;0.000000;°C;4
4173;4;16356;F32;;28#AC - Cooling High Point;;0.100000;0.000000;°C;4
4174;4;16358;F32;;28#AC - Heating Low Point;;0.100000;0.000000;°C;4
4175;4;16360;F32;;28#AC - Heating High Point;;0.100000;0.000000;°C;4
4176;4;16362;F32;;28#AC - Dehumidification High Point (Start Point);;0.100000;0.000000;;4
4177;4;16364;F32;;28#AC - Dehumidification Low Point (Stop Point);;0.100000;0.000000;;4
4178;4;16366;F32;;28#AC - High Temperature Alarm Point;;0.100000;0.000000;°C;9
4179;4;16368;F32;;28#AC - Low Temperature Alarm Point;;0.100000;0.000000;°C;9
4180;4;16370;F32;;28#AC - Temperature;;0.100000;0.000000;°C;4
4181;4;16372;U16;;28#AC - Temperature Status;;1.000000;0.000000;;9
4182;4;16373;U16;;28#AC - Voltage Status;;1.000000;0.000000;;9
4183;4;16374;U16;;28#AC - Sensor Status;;1.000000;0.000000;;9
4184;4;16375;U16;;28#AC - Compressor Status;;1.000000;0.000000;;9
4185;4;16376;U16;;28#AC - Air Pressure Status;;1.000000;0.000000;;9
4186;4;16377;F32;;28#AC - Relative Humidity;;0.100000;0.000000;;4
4187;4;16400;U16;;29#AC - Operating Status;;1.000000;0.000000;;9
4188;4;16401;U16;;29#AC - Reserve;;1.000000;0.000000;;0
4189;4;16402;U16;;29#AC - Reserve;;1.000000;0.000000;;0
4190;4;16403;U16;;29#AC - Reserve;;1.000000;0.000000;;0
4191;4;16404;F32;;29#AC - Cooling Low Point;;0.100000;0.000000;°C;4
4192;4;16406;F32;;29#AC - Cooling High Point;;0.100000;0.000000;°C;4
4193;4;16408;F32;;29#AC - Heating Low Point;;0.100000;0.000000;°C;4
4194;4;16410;F32;;29#AC - Heating High Point;;0.100000;0.000000;°C;4
4195;4;16412;F32;;29#AC - Dehumidification High Point (Start Point);;0.100000;0.000000;;4
4196;4;16414;F32;;29#AC - Dehumidification Low Point (Stop Point);;0.100000;0.000000;;4
4197;4;16416;F32;;29#AC - High Temperature Alarm Point;;0.100000;0.000000;°C;9
4198;4;16418;F32;;29#AC - Low Temperature Alarm Point;;0.100000;0.000000;°C;9
4199;4;16420;F32;;29#AC - Temperature;;0.100000;0.000000;°C;4
4200;4;16422;U16;;29#AC - Temperature Status;;1.000000;0.000000;;9
4201;4;16423;U16;;29#AC - Voltage Status;;1.000000;0.000000;;9
4202;4;16424;U16;;29#AC - Sensor Status;;1.000000;0.000000;;9
4203;4;16425;U16;;29#AC - Compressor Status;;1.000000;0.000000;;9
4204;4;16426;U16;;29#AC - Air Pressure Status;;1.000000;0.000000;;9
4205;4;16427;F32;;29#AC - Relative Humidity;;0.100000;0.000000;;4
4206;4;16450;U16;;30#AC - Operating Status;;1.000000;0.000000;;9
4207;4;16451;U16;;30#AC - Reserve;;1.000000;0.000000;;0
4208;4;16452;U16;;30#AC - Reserve;;1.000000;0.000000;;0
4209;4;16453;U16;;30#AC - Reserve;;1.000000;0.000000;;0
4210;4;16454;F32;;30#AC - Cooling Low Point;;0.100000;0.000000;°C;4
4211;4;16456;F32;;30#AC - Cooling High Point;;0.100000;0.000000;°C;4
4212;4;16458;F32;;30#AC - Heating Low Point;;0.100000;0.000000;°C;4
4213;4;16460;F32;;30#AC - Heating High Point;;0.100000;0.000000;°C;4
4214;4;16462;F32;;30#AC - Dehumidification High Point (Start Point);;0.100000;0.000000;;4
4215;4;16464;F32;;30#AC - Dehumidification Low Point (Stop Point);;0.100000;0.000000;;4
4216;4;16466;F32;;30#AC - High Temperature Alarm Point;;0.100000;0.000000;°C;9
4217;4;16468;F32;;30#AC - Low Temperature Alarm Point;;0.100000;0.000000;°C;9
4218;4;16470;F32;;30#AC - Temperature;;0.100000;0.000000;°C;4
4219;4;16472;U16;;30#AC - Temperature Status;;1.000000;0.000000;;9
4220;4;16473;U16;;30#AC - Voltage Status;;1.000000;0.000000;;9
4221;4;16474;U16;;30#AC - Sensor Status;;1.000000;0.000000;;9
4222;4;16475;U16;;30#AC - Compressor Status;;1.000000;0.000000;;9
4223;4;16476;U16;;30#AC - Air Pressure Status;;1.000000;0.000000;;9
4224;4;16477;F32;;30#AC - Relative Humidity;;0.100000;0.000000;;4
4225;4;16500;U16;;31#AC - Operating Status;;1.000000;0.000000;;9
4226;4;16501;U16;;31#AC - Reserve;;1.000000;0.000000;;0
4227;4;16502;U16;;31#AC - Reserve;;1.000000;0.000000;;0
4228;4;16503;U16;;31#AC - Reserve;;1.000000;0.000000;;0
4229;4;16504;F32;;31#AC - Cooling Low Point;;0.100000;0.000000;°C;4
4230;4;16506;F32;;31#AC - Cooling High Point;;0.100000;0.000000;°C;4
4231;4;16508;F32;;31#AC - Heating Low Point;;0.100000;0.000000;°C;4
4232;4;16510;F32;;31#AC - Heating High Point;;0.100000;0.000000;°C;4
4233;4;16512;F32;;31#AC - Dehumidification High Point (Start Point);;0.100000;0.000000;;4
4234;4;16514;F32;;31#AC - Dehumidification Low Point (Stop Point);;0.100000;0.000000;;4
4235;4;16516;F32;;31#AC - High Temperature Alarm Point;;0.100000;0.000000;°C;9
4236;4;16518;F32;;31#AC - Low Temperature Alarm Point;;0.100000;0.000000;°C;9
4237;4;16520;F32;;31#AC - Temperature;;0.100000;0.000000;°C;4
4238;4;16522;U16;;31#AC - Temperature Status;;1.000000;0.000000;;9
4239;4;16523;U16;;31#AC - Voltage Status;;1.000000;0.000000;;9
4240;4;16524;U16;;31#AC - Sensor Status;;1.000000;0.000000;;9
4241;4;16525;U16;;31#AC - Compressor Status;;1.000000;0.000000;;9
4242;4;16526;U16;;31#AC - Air Pressure Status;;1.000000;0.000000;;9
4243;4;16527;F32;;31#AC - Relative Humidity;;0.100000;0.000000;;4
4244;4;16550;U16;;32#AC - Operating Status;;1.000000;0.000000;;9
4245;4;16551;U16;;32#AC - Reserve;;1.000000;0.000000;;0
4246;4;16552;U16;;32#AC - Reserve;;1.000000;0.000000;;0
4247;4;16553;U16;;32#AC - Reserve;;1.000000;0.000000;;0
4248;4;16554;F32;;32#AC - Cooling Low Point;;0.100000;0.000000;°C;4
4249;4;16556;F32;;32#AC - Cooling High Point;;0.100000;0.000000;°C;4
4250;4;16558;F32;;32#AC - Heating Low Point;;0.100000;0.000000;°C;4
4251;4;16560;F32;;32#AC - Heating High Point;;0.100000;0.000000;°C;4
4252;4;16562;F32;;32#AC - Dehumidification High Point (Start Point);;0.100000;0.000000;;4
4253;4;16564;F32;;32#AC - Dehumidification Low Point (Stop Point);;0.100000;0.000000;;4
4254;4;16566;F32;;32#AC - High Temperature Alarm Point;;0.100000;0.000000;°C;9
4255;4;16568;F32;;32#AC - Low Temperature Alarm Point;;0.100000;0.000000;°C;9
4256;4;16570;F32;;32#AC - Temperature;;0.100000;0.000000;°C;4
4257;4;16572;U16;;32#AC - Temperature Status;;1.000000;0.000000;;9
4258;4;16573;U16;;32#AC - Voltage Status;;1.000000;0.000000;;9
4259;4;16574;U16;;32#AC - Sensor Status;;1.000000;0.000000;;9
4260;4;16575;U16;;32#AC - Compressor Status;;1.000000;0.000000;;9
4261;4;16576;U16;;32#AC - Air Pressure Status;;1.000000;0.000000;;9
4262;4;16577;F32;;32#AC - Relative Humidity;;0.100000;0.000000;;4
4263;4;16600;U16;;33#AC - Operating Status;;1.000000;0.000000;;9
4264;4;16601;U16;;33#AC - Reserve;;1.000000;0.000000;;0
4265;4;16602;U16;;33#AC - Reserve;;1.000000;0.000000;;0
4266;4;16603;U16;;33#AC - Reserve;;1.000000;0.000000;;0
4267;4;16604;F32;;33#AC - Cooling Low Point;;0.100000;0.000000;°C;4
4268;4;16606;F32;;33#AC - Cooling High Point;;0.100000;0.000000;°C;4
4269;4;16608;F32;;33#AC - Heating Low Point;;0.100000;0.000000;°C;4
4270;4;16610;F32;;33#AC - Heating High Point;;0.100000;0.000000;°C;4
4271;4;16612;F32;;33#AC - Dehumidification High Point (Start Point);;0.100000;0.000000;;4
4272;4;16614;F32;;33#AC - Dehumidification Low Point (Stop Point);;0.100000;0.000000;;4
4273;4;16616;F32;;33#AC - High Temperature Alarm Point;;0.100000;0.000000;°C;9
4274;4;16618;F32;;33#AC - Low Temperature Alarm Point;;0.100000;0.000000;°C;9
4275;4;16620;F32;;33#AC - Temperature;;0.100000;0.000000;°C;4
4276;4;16622;U16;;33#AC - Temperature Status;;1.000000;0.000000;;9
4277;4;16623;U16;;33#AC - Voltage Status;;1.000000;0.000000;;9
4278;4;16624;U16;;33#AC - Sensor Status;;1.000000;0.000000;;9
4279;4;16625;U16;;33#AC - Compressor Status;;1.000000;0.000000;;9
4280;4;16626;U16;;33#AC - Air Pressure Status;;1.000000;0.000000;;9
4281;4;16627;F32;;33#AC - Relative Humidity;;0.100000;0.000000;;4
4282;4;16650;U16;;34#AC - Operating Status;;1.000000;0.000000;;9
4283;4;16651;U16;;34#AC - Reserve;;1.000000;0.000000;;0
4284;4;16652;U16;;34#AC - Reserve;;1.000000;0.000000;;0
4285;4;16653;U16;;34#AC - Reserve;;1.000000;0.000000;;0
4286;4;16654;F32;;34#AC - Cooling Low Point;;0.100000;0.000000;°C;4
4287;4;16656;F32;;34#AC - Cooling High Point;;0.100000;0.000000;°C;4
4288;4;16658;F32;;34#AC - Heating Low Point;;0.100000;0.000000;°C;4
4289;4;16660;F32;;34#AC - Heating High Point;;0.100000;0.000000;°C;4
4290;4;16662;F32;;34#AC - Dehumidification High Point (Start Point);;0.100000;0.000000;;4
4291;4;16664;F32;;34#AC - Dehumidification Low Point (Stop Point);;0.100000;0.000000;;4
4292;4;16666;F32;;34#AC - High Temperature Alarm Point;;0.100000;0.000000;°C;9
4293;4;16668;F32;;34#AC - Low Temperature Alarm Point;;0.100000;0.000000;°C;9
4294;4;16670;F32;;34#AC - Temperature;;0.100000;0.000000;°C;4
4295;4;16672;U16;;34#AC - Temperature Status;;1.000000;0.000000;;9
4296;4;16673;U16;;34#AC - Voltage Status;;1.000000;0.000000;;9
4297;4;16674;U16;;34#AC - Sensor Status;;1.000000;0.000000;;9
4298;4;16675;U16;;34#AC - Compressor Status;;1.000000;0.000000;;9
4299;4;16676;U16;;34#AC - Air Pressure Status;;1.000000;0.000000;;9
4300;4;16677;F32;;34#AC - Relative Humidity;;0.100000;0.000000;;4
4301;4;16700;U16;;35#AC - Operating Status;;1.000000;0.000000;;9
4302;4;16701;U16;;35#AC - Reserve;;1.000000;0.000000;;0
4303;4;16702;U16;;35#AC - Reserve;;1.000000;0.000000;;0
4304;4;16703;U16;;35#AC - Reserve;;1.000000;0.000000;;0
4305;4;16704;F32;;35#AC - Cooling Low Point;;0.100000;0.000000;°C;4
4306;4;16706;F32;;35#AC - Cooling High Point;;0.100000;0.000000;°C;4
4307;4;16708;F32;;35#AC - Heating Low Point;;0.100000;0.000000;°C;4
4308;4;16710;F32;;35#AC - Heating High Point;;0.100000;0.000000;°C;4
4309;4;16712;F32;;35#AC - Dehumidification High Point (Start Point);;0.100000;0.000000;;4
4310;4;16714;F32;;35#AC - Dehumidification Low Point (Stop Point);;0.100000;0.000000;;4
4311;4;16716;F32;;35#AC - High Temperature Alarm Point;;0.100000;0.000000;°C;9
4312;4;16718;F32;;35#AC - Low Temperature Alarm Point;;0.100000;0.000000;°C;9
4313;4;16720;F32;;35#AC - Temperature;;0.100000;0.000000;°C;4
4314;4;16722;U16;;35#AC - Temperature Status;;1.000000;0.000000;;9
4315;4;16723;U16;;35#AC - Voltage Status;;1.000000;0.000000;;9
4316;4;16724;U16;;35#AC - Sensor Status;;1.000000;0.000000;;9
4317;4;16725;U16;;35#AC - Compressor Status;;1.000000;0.000000;;9
4318;4;16726;U16;;35#AC - Air Pressure Status;;1.000000;0.000000;;9
4319;4;16727;F32;;35#AC - Relative Humidity;;0.100000;0.000000;;4
4320;4;16750;U16;;36#AC - Operating Status;;1.000000;0.000000;;9
4321;4;16751;U16;;36#AC - Reserve;;1.000000;0.000000;;0
4322;4;16752;U16;;36#AC - Reserve;;1.000000;0.000000;;0
4323;4;16753;U16;;36#AC - Reserve;;1.000000;0.000000;;0
4324;4;16754;F32;;36#AC - Cooling Low Point;;0.100000;0.000000;°C;4
4325;4;16756;F32;;36#AC - Cooling High Point;;0.100000;0.000000;°C;4
4326;4;16758;F32;;36#AC - Heating Low Point;;0.100000;0.000000;°C;4
4327;4;16760;F32;;36#AC - Heating High Point;;0.100000;0.000000;°C;4
4328;4;16762;F32;;36#AC - Dehumidification High Point (Start Point);;0.100000;0.000000;;4
4329;4;16764;F32;;36#AC - Dehumidification Low Point (Stop Point);;0.100000;0.000000;;4
4330;4;16766;F32;;36#AC - High Temperature Alarm Point;;0.100000;0.000000;°C;9
4331;4;16768;F32;;36#AC - Low Temperature Alarm Point;;0.100000;0.000000;°C;9
4332;4;16770;F32;;36#AC - Temperature;;0.100000;0.000000;°C;4
4333;4;16772;U16;;36#AC - Temperature Status;;1.000000;0.000000;;9
4334;4;16773;U16;;36#AC - Voltage Status;;1.000000;0.000000;;9
4335;4;16774;U16;;36#AC - Sensor Status;;1.000000;0.000000;;9
4336;4;16775;U16;;36#AC - Compressor Status;;1.000000;0.000000;;9
4337;4;16776;U16;;36#AC - Air Pressure Status;;1.000000;0.000000;;9
4338;4;16777;F32;;36#AC - Relative Humidity;;0.100000;0.000000;;4
4339;4;16800;U16;;37#AC - Operating Status;;1.000000;0.000000;;9
4340;4;16801;U16;;37#AC - Reserve;;1.000000;0.000000;;0
4341;4;16802;U16;;37#AC - Reserve;;1.000000;0.000000;;0
4342;4;16803;U16;;37#AC - Reserve;;1.000000;0.000000;;0
4343;4;16804;F32;;37#AC - Cooling Low Point;;0.100000;0.000000;°C;4
4344;4;16806;F32;;37#AC - Cooling High Point;;0.100000;0.000000;°C;4
4345;4;16808;F32;;37#AC - Heating Low Point;;0.100000;0.000000;°C;4
4346;4;16810;F32;;37#AC - Heating High Point;;0.100000;0.000000;°C;4
4347;4;16812;F32;;37#AC - Dehumidification High Point (Start Point);;0.100000;0.000000;;4
4348;4;16814;F32;;37#AC - Dehumidification Low Point (Stop Point);;0.100000;0.000000;;4
4349;4;16816;F32;;37#AC - High Temperature Alarm Point;;0.100000;0.000000;°C;9
4350;4;16818;F32;;37#AC - Low Temperature Alarm Point;;0.100000;0.000000;°C;9
4351;4;16820;F32;;37#AC - Temperature;;0.100000;0.000000;°C;4
4352;4;16822;U16;;37#AC - Temperature Status;;1.000000;0.000000;;9
4353;4;16823;U16;;37#AC - Voltage Status;;1.000000;0.000000;;9
4354;4;16824;U16;;37#AC - Sensor Status;;1.000000;0.000000;;9
4355;4;16825;U16;;37#AC - Compressor Status;;1.000000;0.000000;;9
4356;4;16826;U16;;37#AC - Air Pressure Status;;1.000000;0.000000;;9
4357;4;16827;F32;;37#AC - Relative Humidity;;0.100000;0.000000;;4
4358;4;16850;U16;;38#AC - Operating Status;;1.000000;0.000000;;9
4359;4;16851;U16;;38#AC - Reserve;;1.000000;0.000000;;0
4360;4;16852;U16;;38#AC - Reserve;;1.000000;0.000000;;0
4361;4;16853;U16;;38#AC - Reserve;;1.000000;0.000000;;0
4362;4;16854;F32;;38#AC - Cooling Low Point;;0.100000;0.000000;°C;4
4363;4;16856;F32;;38#AC - Cooling High Point;;0.100000;0.000000;°C;4
4364;4;16858;F32;;38#AC - Heating Low Point;;0.100000;0.000000;°C;4
4365;4;16860;F32;;38#AC - Heating High Point;;0.100000;0.000000;°C;4
4366;4;16862;F32;;38#AC - Dehumidification High Point (Start Point);;0.100000;0.000000;;4
4367;4;16864;F32;;38#AC - Dehumidification Low Point (Stop Point);;0.100000;0.000000;;4
4368;4;16866;F32;;38#AC - High Temperature Alarm Point;;0.100000;0.000000;°C;9
4369;4;16868;F32;;38#AC - Low Temperature Alarm Point;;0.100000;0.000000;°C;9
4370;4;16870;F32;;38#AC - Temperature;;0.100000;0.000000;°C;4
4371;4;16872;U16;;38#AC - Temperature Status;;1.000000;0.000000;;9
4372;4;16873;U16;;38#AC - Voltage Status;;1.000000;0.000000;;9
4373;4;16874;U16;;38#AC - Sensor Status;;1.000000;0.000000;;9
4374;4;16875;U16;;38#AC - Compressor Status;;1.000000;0.000000;;9
4375;4;16876;U16;;38#AC - Air Pressure Status;;1.000000;0.000000;;9
4376;4;16877;F32;;38#AC - Relative Humidity;;0.100000;0.000000;;4
4377;4;16900;U16;;39#AC - Operating Status;;1.000000;0.000000;;9
4378;4;16901;U16;;39#AC - Reserve;;1.000000;0.000000;;0
4379;4;16902;U16;;39#AC - Reserve;;1.000000;0.000000;;0
4380;4;16903;U16;;39#AC - Reserve;;1.000000;0.000000;;0
4381;4;16904;F32;;39#AC - Cooling Low Point;;0.100000;0.000000;°C;4
4382;4;16906;F32;;39#AC - Cooling High Point;;0.100000;0.000000;°C;4
4383;4;16908;F32;;39#AC - Heating Low Point;;0.100000;0.000000;°C;4
4384;4;16910;F32;;39#AC - Heating High Point;;0.100000;0.000000;°C;4
4385;4;16912;F32;;39#AC - Dehumidification High Point (Start Point);;0.100000;0.000000;;4
4386;4;16914;F32;;39#AC - Dehumidification Low Point (Stop Point);;0.100000;0.000000;;4
4387;4;16916;F32;;39#AC - High Temperature Alarm Point;;0.100000;0.000000;°C;9
4388;4;16918;F32;;39#AC - Low Temperature Alarm Point;;0.100000;0.000000;°C;9
4389;4;16920;F32;;39#AC - Temperature;;0.100000;0.000000;°C;4
4390;4;16922;U16;;39#AC - Temperature Status;;1.000000;0.000000;;9
4391;4;16923;U16;;39#AC - Voltage Status;;1.000000;0.000000;;9
4392;4;16924;U16;;39#AC - Sensor Status;;1.000000;0.000000;;9
4393;4;16925;U16;;39#AC - Compressor Status;;1.000000;0.000000;;9
4394;4;16926;U16;;39#AC - Air Pressure Status;;1.000000;0.000000;;9
4395;4;16927;F32;;39#AC - Relative Humidity;;0.100000;0.000000;;4
4396;4;16950;U16;;40#AC - Operating Status;;1.000000;0.000000;;9
4397;4;16951;U16;;40#AC - Reserve;;1.000000;0.000000;;0
4398;4;16952;U16;;40#AC - Reserve;;1.000000;0.000000;;0
4399;4;16953;U16;;40#AC - Reserve;;1.000000;0.000000;;0
4400;4;16954;F32;;40#AC - Cooling Low Point;;0.100000;0.000000;°C;4
4401;4;16956;F32;;40#AC - Cooling High Point;;0.100000;0.000000;°C;4
4402;4;16958;F32;;40#AC - Heating Low Point;;0.100000;0.000000;°C;4
4403;4;16960;F32;;40#AC - Heating High Point;;0.100000;0.000000;°C;4
4404;4;16962;F32;;40#AC - Dehumidification High Point (Start Point);;0.100000;0.000000;;4
4405;4;16964;F32;;40#AC - Dehumidification Low Point (Stop Point);;0.100000;0.000000;;4
4406;4;16966;F32;;40#AC - High Temperature Alarm Point;;0.100000;0.000000;°C;9
4407;4;16968;F32;;40#AC - Low Temperature Alarm Point;;0.100000;0.000000;°C;9
4408;4;16970;F32;;40#AC - Temperature;;0.100000;0.000000;°C;4
4409;4;16972;U16;;40#AC - Temperature Status;;1.000000;0.000000;;9
4410;4;16973;U16;;40#AC - Voltage Status;;1.000000;0.000000;;9
4411;4;16974;U16;;40#AC - Sensor Status;;1.000000;0.000000;;9
4412;4;16975;U16;;40#AC - Compressor Status;;1.000000;0.000000;;9
4413;4;16976;U16;;40#AC - Air Pressure Status;;1.000000;0.000000;;9
4414;4;16977;F32;;40#AC - Relative Humidity;;0.100000;0.000000;;4
4415;4;17000;U16;;41#AC - Operating Status;;1.000000;0.000000;;9
4416;4;17001;U16;;41#AC - Reserve;;1.000000;0.000000;;0
4417;4;17002;U16;;41#AC - Reserve;;1.000000;0.000000;;0
4418;4;17003;U16;;41#AC - Reserve;;1.000000;0.000000;;0
4419;4;17004;F32;;41#AC - Cooling Low Point;;0.100000;0.000000;°C;4
4420;4;17006;F32;;41#AC - Cooling High Point;;0.100000;0.000000;°C;4
4421;4;17008;F32;;41#AC - Heating Low Point;;0.100000;0.000000;°C;4
4422;4;17010;F32;;41#AC - Heating High Point;;0.100000;0.000000;°C;4
4423;4;17012;F32;;41#AC - Dehumidification High Point (Start Point);;0.100000;0.000000;;4
4424;4;17014;F32;;41#AC - Dehumidification Low Point (Stop Point);;0.100000;0.000000;;4
4425;4;17016;F32;;41#AC - High Temperature Alarm Point;;0.100000;0.000000;°C;9
4426;4;17018;F32;;41#AC - Low Temperature Alarm Point;;0.100000;0.000000;°C;9
4427;4;17020;F32;;41#AC - Temperature;;0.100000;0.000000;°C;4
4428;4;17022;U16;;41#AC - Temperature Status;;1.000000;0.000000;;9
4429;4;17023;U16;;41#AC - Voltage Status;;1.000000;0.000000;;9
4430;4;17024;U16;;41#AC - Sensor Status;;1.000000;0.000000;;9
4431;4;17025;U16;;41#AC - Compressor Status;;1.000000;0.000000;;9
4432;4;17026;U16;;41#AC - Air Pressure Status;;1.000000;0.000000;;9
4433;4;17027;F32;;41#AC - Relative Humidity;;0.100000;0.000000;;4
4434;4;17050;U16;;42#AC - Operating Status;;1.000000;0.000000;;9
4435;4;17051;U16;;42#AC - Reserve;;1.000000;0.000000;;0
4436;4;17052;U16;;42#AC - Reserve;;1.000000;0.000000;;0
4437;4;17053;U16;;42#AC - Reserve;;1.000000;0.000000;;0
4438;4;17054;F32;;42#AC - Cooling Low Point;;0.100000;0.000000;°C;4
4439;4;17056;F32;;42#AC - Cooling High Point;;0.100000;0.000000;°C;4
4440;4;17058;F32;;42#AC - Heating Low Point;;0.100000;0.000000;°C;4
4441;4;17060;F32;;42#AC - Heating High Point;;0.100000;0.000000;°C;4
4442;4;17062;F32;;42#AC - Dehumidification High Point (Start Point);;0.100000;0.000000;;4
4443;4;17064;F32;;42#AC - Dehumidification Low Point (Stop Point);;0.100000;0.000000;;4
4444;4;17066;F32;;42#AC - High Temperature Alarm Point;;0.100000;0.000000;°C;9
4445;4;17068;F32;;42#AC - Low Temperature Alarm Point;;0.100000;0.000000;°C;9
4446;4;17070;F32;;42#AC - Temperature;;0.100000;0.000000;°C;4
4447;4;17072;U16;;42#AC - Temperature Status;;1.000000;0.000000;;9
4448;4;17073;U16;;42#AC - Voltage Status;;1.000000;0.000000;;9
4449;4;17074;U16;;42#AC - Sensor Status;;1.000000;0.000000;;9
4450;4;17075;U16;;42#AC - Compressor Status;;1.000000;0.000000;;9
4451;4;17076;U16;;42#AC - Air Pressure Status;;1.000000;0.000000;;9
4452;4;17077;F32;;42#AC - Relative Humidity;;0.100000;0.000000;;4
4453;4;17100;U16;;43#AC - Operating Status;;1.000000;0.000000;;9
4454;4;17101;U16;;43#AC - Reserve;;1.000000;0.000000;;0
4455;4;17102;U16;;43#AC - Reserve;;1.000000;0.000000;;0
4456;4;17103;U16;;43#AC - Reserve;;1.000000;0.000000;;0
4457;4;17104;F32;;43#AC - Cooling Low Point;;0.100000;0.000000;°C;4
4458;4;17106;F32;;43#AC - Cooling High Point;;0.100000;0.000000;°C;4
4459;4;17108;F32;;43#AC - Heating Low Point;;0.100000;0.000000;°C;4
4460;4;17110;F32;;43#AC - Heating High Point;;0.100000;0.000000;°C;4
4461;4;17112;F32;;43#AC - Dehumidification High Point (Start Point);;0.100000;0.000000;;4
4462;4;17114;F32;;43#AC - Dehumidification Low Point (Stop Point);;0.100000;0.000000;;4
4463;4;17116;F32;;43#AC - High Temperature Alarm Point;;0.100000;0.000000;°C;9
4464;4;17118;F32;;43#AC - Low Temperature Alarm Point;;0.100000;0.000000;°C;9
4465;4;17120;F32;;43#AC - Temperature;;0.100000;0.000000;°C;4
4466;4;17122;U16;;43#AC - Temperature Status;;1.000000;0.000000;;9
4467;4;17123;U16;;43#AC - Voltage Status;;1.000000;0.000000;;9
4468;4;17124;U16;;43#AC - Sensor Status;;1.000000;0.000000;;9
4469;4;17125;U16;;43#AC - Compressor Status;;1.000000;0.000000;;9
4470;4;17126;U16;;43#AC - Air Pressure Status;;1.000000;0.000000;;9
4471;4;17127;F32;;43#AC - Relative Humidity;;0.100000;0.000000;;4
4472;4;17150;U16;;44#AC - Operating Status;;1.000000;0.000000;;9
4473;4;17151;U16;;44#AC - Reserve;;1.000000;0.000000;;0
4474;4;17152;U16;;44#AC - Reserve;;1.000000;0.000000;;0
4475;4;17153;U16;;44#AC - Reserve;;1.000000;0.000000;;0
4476;4;17154;F32;;44#AC - Cooling Low Point;;0.100000;0.000000;°C;4
4477;4;17156;F32;;44#AC - Cooling High Point;;0.100000;0.000000;°C;4
4478;4;17158;F32;;44#AC - Heating Low Point;;0.100000;0.000000;°C;4
4479;4;17160;F32;;44#AC - Heating High Point;;0.100000;0.000000;°C;4
4480;4;17162;F32;;44#AC - Dehumidification High Point (Start Point);;0.100000;0.000000;;4
4481;4;17164;F32;;44#AC - Dehumidification Low Point (Stop Point);;0.100000;0.000000;;4
4482;4;17166;F32;;44#AC - High Temperature Alarm Point;;0.100000;0.000000;°C;9
4483;4;17168;F32;;44#AC - Low Temperature Alarm Point;;0.100000;0.000000;°C;9
4484;4;17170;F32;;44#AC - Temperature;;0.100000;0.000000;°C;4
4485;4;17172;U16;;44#AC - Temperature Status;;1.000000;0.000000;;9
4486;4;17173;U16;;44#AC - Voltage Status;;1.000000;0.000000;;9
4487;4;17174;U16;;44#AC - Sensor Status;;1.000000;0.000000;;9
4488;4;17175;U16;;44#AC - Compressor Status;;1.000000;0.000000;;9
4489;4;17176;U16;;44#AC - Air Pressure Status;;1.000000;0.000000;;9
4490;4;17177;F32;;44#AC - Relative Humidity;;0.100000;0.000000;;4
4491;4;17200;U16;;45#AC - Operating Status;;1.000000;0.000000;;9
4492;4;17201;U16;;45#AC - Reserve;;1.000000;0.000000;;0
4493;4;17202;U16;;45#AC - Reserve;;1.000000;0.000000;;0
4494;4;17203;U16;;45#AC - Reserve;;1.000000;0.000000;;0
4495;4;17204;F32;;45#AC - Cooling Low Point;;0.100000;0.000000;°C;4
4496;4;17206;F32;;45#AC - Cooling High Point;;0.100000;0.000000;°C;4
4497;4;17208;F32;;45#AC - Heating Low Point;;0.100000;0.000000;°C;4
4498;4;17210;F32;;45#AC - Heating High Point;;0.100000;0.000000;°C;4
4499;4;17212;F32;;45#AC - Dehumidification High Point (Start Point);;0.100000;0.000000;;4
4500;4;17214;F32;;45#AC - Dehumidification Low Point (Stop Point);;0.100000;0.000000;;4
4501;4;17216;F32;;45#AC - High Temperature Alarm Point;;0.100000;0.000000;°C;9
4502;4;17218;F32;;45#AC - Low Temperature Alarm Point;;0.100000;0.000000;°C;9
4503;4;17220;F32;;45#AC - Temperature;;0.100000;0.000000;°C;4
4504;4;17222;U16;;45#AC - Temperature Status;;1.000000;0.000000;;9
4505;4;17223;U16;;45#AC - Voltage Status;;1.000000;0.000000;;9
4506;4;17224;U16;;45#AC - Sensor Status;;1.000000;0.000000;;9
4507;4;17225;U16;;45#AC - Compressor Status;;1.000000;0.000000;;9
4508;4;17226;U16;;45#AC - Air Pressure Status;;1.000000;0.000000;;9
4509;4;17227;F32;;45#AC - Relative Humidity;;0.100000;0.000000;;4
4510;4;17250;U16;;46#AC - Operating Status;;1.000000;0.000000;;9
4511;4;17251;U16;;46#AC - Reserve;;1.000000;0.000000;;0
4512;4;17252;U16;;46#AC - Reserve;;1.000000;0.000000;;0
4513;4;17253;U16;;46#AC - Reserve;;1.000000;0.000000;;0
4514;4;17254;F32;;46#AC - Cooling Low Point;;0.100000;0.000000;°C;4
4515;4;17256;F32;;46#AC - Cooling High Point;;0.100000;0.000000;°C;4
4516;4;17258;F32;;46#AC - Heating Low Point;;0.100000;0.000000;°C;4
4517;4;17260;F32;;46#AC - Heating High Point;;0.100000;0.000000;°C;4
4518;4;17262;F32;;46#AC - Dehumidification High Point (Start Point);;0.100000;0.000000;;4
4519;4;17264;F32;;46#AC - Dehumidification Low Point (Stop Point);;0.100000;0.000000;;4
4520;4;17266;F32;;46#AC - High Temperature Alarm Point;;0.100000;0.000000;°C;9
4521;4;17268;F32;;46#AC - Low Temperature Alarm Point;;0.100000;0.000000;°C;9
4522;4;17270;F32;;46#AC - Temperature;;0.100000;0.000000;°C;4
4523;4;17272;U16;;46#AC - Temperature Status;;1.000000;0.000000;;9
4524;4;17273;U16;;46#AC - Voltage Status;;1.000000;0.000000;;9
4525;4;17274;U16;;46#AC - Sensor Status;;1.000000;0.000000;;9
4526;4;17275;U16;;46#AC - Compressor Status;;1.000000;0.000000;;9
4527;4;17276;U16;;46#AC - Air Pressure Status;;1.000000;0.000000;;9
4528;4;17277;F32;;46#AC - Relative Humidity;;0.100000;0.000000;;4
4529;4;17300;U16;;47#AC - Operating Status;;1.000000;0.000000;;9
4530;4;17301;U16;;47#AC - Reserve;;1.000000;0.000000;;0
4531;4;17302;U16;;47#AC - Reserve;;1.000000;0.000000;;0
4532;4;17303;U16;;47#AC - Reserve;;1.000000;0.000000;;0
4533;4;17304;F32;;47#AC - Cooling Low Point;;0.100000;0.000000;°C;4
4534;4;17306;F32;;47#AC - Cooling High Point;;0.100000;0.000000;°C;4
4535;4;17308;F32;;47#AC - Heating Low Point;;0.100000;0.000000;°C;4
4536;4;17310;F32;;47#AC - Heating High Point;;0.100000;0.000000;°C;4
4537;4;17312;F32;;47#AC - Dehumidification High Point (Start Point);;0.100000;0.000000;;4
4538;4;17314;F32;;47#AC - Dehumidification Low Point (Stop Point);;0.100000;0.000000;;4
4539;4;17316;F32;;47#AC - High Temperature Alarm Point;;0.100000;0.000000;°C;9
4540;4;17318;F32;;47#AC - Low Temperature Alarm Point;;0.100000;0.000000;°C;9
4541;4;17320;F32;;47#AC - Temperature;;0.100000;0.000000;°C;4
4542;4;17322;U16;;47#AC - Temperature Status;;1.000000;0.000000;;9
4543;4;17323;U16;;47#AC - Voltage Status;;1.000000;0.000000;;9
4544;4;17324;U16;;47#AC - Sensor Status;;1.000000;0.000000;;9
4545;4;17325;U16;;47#AC - Compressor Status;;1.000000;0.000000;;9
4546;4;17326;U16;;47#AC - Air Pressure Status;;1.000000;0.000000;;9
4547;4;17327;F32;;47#AC - Relative Humidity;;0.100000;0.000000;;4
4548;4;17350;U16;;48#AC - Operating Status;;1.000000;0.000000;;9
4549;4;17351;U16;;48#AC - Reserve;;1.000000;0.000000;;0
4550;4;17352;U16;;48#AC - Reserve;;1.000000;0.000000;;0
4551;4;17353;U16;;48#AC - Reserve;;1.000000;0.000000;;0
4552;4;17354;F32;;48#AC - Cooling Low Point;;0.100000;0.000000;°C;4
4553;4;17356;F32;;48#AC - Cooling High Point;;0.100000;0.000000;°C;4
4554;4;17358;F32;;48#AC - Heating Low Point;;0.100000;0.000000;°C;4
4555;4;17360;F32;;48#AC - Heating High Point;;0.100000;0.000000;°C;4
4556;4;17362;F32;;48#AC - Dehumidification High Point (Start Point);;0.100000;0.000000;;4
4557;4;17364;F32;;48#AC - Dehumidification Low Point (Stop Point);;0.100000;0.000000;;4
4558;4;17366;F32;;48#AC - High Temperature Alarm Point;;0.100000;0.000000;°C;9
4559;4;17368;F32;;48#AC - Low Temperature Alarm Point;;0.100000;0.000000;°C;9
4560;4;17370;F32;;48#AC - Temperature;;0.100000;0.000000;°C;4
4561;4;17372;U16;;48#AC - Temperature Status;;1.000000;0.000000;;9
4562;4;17373;U16;;48#AC - Voltage Status;;1.000000;0.000000;;9
4563;4;17374;U16;;48#AC - Sensor Status;;1.000000;0.000000;;9
4564;4;17375;U16;;48#AC - Compressor Status;;1.000000;0.000000;;9
4565;4;17376;U16;;48#AC - Air Pressure Status;;1.000000;0.000000;;9
4566;4;17377;F32;;48#AC - Relative Humidity;;0.100000;0.000000;;4
4567;4;17400;U16;;49#AC - Operating Status;;1.000000;0.000000;;9
4568;4;17401;U16;;49#AC - Reserve;;1.000000;0.000000;;0
4569;4;17402;U16;;49#AC - Reserve;;1.000000;0.000000;;0
4570;4;17403;U16;;49#AC - Reserve;;1.000000;0.000000;;0
4571;4;17404;F32;;49#AC - Cooling Low Point;;0.100000;0.000000;°C;4
4572;4;17406;F32;;49#AC - Cooling High Point;;0.100000;0.000000;°C;4
4573;4;17408;F32;;49#AC - Heating Low Point;;0.100000;0.000000;°C;4
4574;4;17410;F32;;49#AC - Heating High Point;;0.100000;0.000000;°C;4
4575;4;17412;F32;;49#AC - Dehumidification High Point (Start Point);;0.100000;0.000000;;4
4576;4;17414;F32;;49#AC - Dehumidification Low Point (Stop Point);;0.100000;0.000000;;4
4577;4;17416;F32;;49#AC - High Temperature Alarm Point;;0.100000;0.000000;°C;9
4578;4;17418;F32;;49#AC - Low Temperature Alarm Point;;0.100000;0.000000;°C;9
4579;4;17420;F32;;49#AC - Temperature;;0.100000;0.000000;°C;4
4580;4;17422;U16;;49#AC - Temperature Status;;1.000000;0.000000;;9
4581;4;17423;U16;;49#AC - Voltage Status;;1.000000;0.000000;;9
4582;4;17424;U16;;49#AC - Sensor Status;;1.000000;0.000000;;9
4583;4;17425;U16;;49#AC - Compressor Status;;1.000000;0.000000;;9
4584;4;17426;U16;;49#AC - Air Pressure Status;;1.000000;0.000000;;9
4585;4;17427;F32;;49#AC - Relative Humidity;;0.100000;0.000000;;4
4586;4;17450;U16;;50#AC - Operating Status;;1.000000;0.000000;;9
4587;4;17451;U16;;50#AC - Reserve;;1.000000;0.000000;;0
4588;4;17452;U16;;50#AC - Reserve;;1.000000;0.000000;;0
4589;4;17453;U16;;50#AC - Reserve;;1.000000;0.000000;;0
4590;4;17454;F32;;50#AC - Cooling Low Point;;0.100000;0.000000;°C;4
4591;4;17456;F32;;50#AC - Cooling High Point;;0.100000;0.000000;°C;4
4592;4;17458;F32;;50#AC - Heating Low Point;;0.100000;0.000000;°C;4
4593;4;17460;F32;;50#AC - Heating High Point;;0.100000;0.000000;°C;4
4594;4;17462;F32;;50#AC - Dehumidification High Point (Start Point);;0.100000;0.000000;;4
4595;4;17464;F32;;50#AC - Dehumidification Low Point (Stop Point);;0.100000;0.000000;;4
4596;4;17466;F32;;50#AC - High Temperature Alarm Point;;0.100000;0.000000;°C;9
4597;4;17468;F32;;50#AC - Low Temperature Alarm Point;;0.100000;0.000000;°C;9
4598;4;17470;F32;;50#AC - Temperature;;0.100000;0.000000;°C;4
4599;4;17472;U16;;50#AC - Temperature Status;;1.000000;0.000000;;9
4600;4;17473;U16;;50#AC - Voltage Status;;1.000000;0.000000;;9
4601;4;17474;U16;;50#AC - Sensor Status;;1.000000;0.000000;;9
4602;4;17475;U16;;50#AC - Compressor Status;;1.000000;0.000000;;9
4603;4;17476;U16;;50#AC - Air Pressure Status;;1.000000;0.000000;;9
4604;4;17477;F32;;50#AC - Relative Humidity;;0.100000;0.000000;;4
4605;4;17500;U16;;51#AC - Operating Status;;1.000000;0.000000;;9
4606;4;17501;U16;;51#AC - Reserve;;1.000000;0.000000;;0
4607;4;17502;U16;;51#AC - Reserve;;1.000000;0.000000;;0
4608;4;17503;U16;;51#AC - Reserve;;1.000000;0.000000;;0
4609;4;17504;F32;;51#AC - Cooling Low Point;;0.100000;0.000000;°C;4
4610;4;17506;F32;;51#AC - Cooling High Point;;0.100000;0.000000;°C;4
4611;4;17508;F32;;51#AC - Heating Low Point;;0.100000;0.000000;°C;4
4612;4;17510;F32;;51#AC - Heating High Point;;0.100000;0.000000;°C;4
4613;4;17512;F32;;51#AC - Dehumidification High Point (Start Point);;0.100000;0.000000;;4
4614;4;17514;F32;;51#AC - Dehumidification Low Point (Stop Point);;0.100000;0.000000;;4
4615;4;17516;F32;;51#AC - High Temperature Alarm Point;;0.100000;0.000000;°C;9
4616;4;17518;F32;;51#AC - Low Temperature Alarm Point;;0.100000;0.000000;°C;9
4617;4;17520;F32;;51#AC - Temperature;;0.100000;0.000000;°C;4
4618;4;17522;U16;;51#AC - Temperature Status;;1.000000;0.000000;;9
4619;4;17523;U16;;51#AC - Voltage Status;;1.000000;0.000000;;9
4620;4;17524;U16;;51#AC - Sensor Status;;1.000000;0.000000;;9
4621;4;17525;U16;;51#AC - Compressor Status;;1.000000;0.000000;;9
4622;4;17526;U16;;51#AC - Air Pressure Status;;1.000000;0.000000;;9
4623;4;17527;F32;;51#AC - Relative Humidity;;0.100000;0.000000;;4
4624;4;17550;U16;;52#AC - Operating Status;;1.000000;0.000000;;9
4625;4;17551;U16;;52#AC - Reserve;;1.000000;0.000000;;0
4626;4;17552;U16;;52#AC - Reserve;;1.000000;0.000000;;0
4627;4;17553;U16;;52#AC - Reserve;;1.000000;0.000000;;0
4628;4;17554;F32;;52#AC - Cooling Low Point;;0.100000;0.000000;°C;4
4629;4;17556;F32;;52#AC - Cooling High Point;;0.100000;0.000000;°C;4
4630;4;17558;F32;;52#AC - Heating Low Point;;0.100000;0.000000;°C;4
4631;4;17560;F32;;52#AC - Heating High Point;;0.100000;0.000000;°C;4
4632;4;17562;F32;;52#AC - Dehumidification High Point (Start Point);;0.100000;0.000000;;4
4633;4;17564;F32;;52#AC - Dehumidification Low Point (Stop Point);;0.100000;0.000000;;4
4634;4;17566;F32;;52#AC - High Temperature Alarm Point;;0.100000;0.000000;°C;9
4635;4;17568;F32;;52#AC - Low Temperature Alarm Point;;0.100000;0.000000;°C;9
4636;4;17570;F32;;52#AC - Temperature;;0.100000;0.000000;°C;4
4637;4;17572;U16;;52#AC - Temperature Status;;1.000000;0.000000;;9
4638;4;17573;U16;;52#AC - Voltage Status;;1.000000;0.000000;;9
4639;4;17574;U16;;52#AC - Sensor Status;;1.000000;0.000000;;9
4640;4;17575;U16;;52#AC - Compressor Status;;1.000000;0.000000;;9
4641;4;17576;U16;;52#AC - Air Pressure Status;;1.000000;0.000000;;9
4642;4;17577;F32;;52#AC - Relative Humidity;;0.100000;0.000000;;4
4643;4;17600;U16;;53#AC - Operating Status;;1.000000;0.000000;;9
4644;4;17601;U16;;53#AC - Reserve;;1.000000;0.000000;;0
4645;4;17602;U16;;53#AC - Reserve;;1.000000;0.000000;;0
4646;4;17603;U16;;53#AC - Reserve;;1.000000;0.000000;;0
4647;4;17604;F32;;53#AC - Cooling Low Point;;0.100000;0.000000;°C;4
4648;4;17606;F32;;53#AC - Cooling High Point;;0.100000;0.000000;°C;4
4649;4;17608;F32;;53#AC - Heating Low Point;;0.100000;0.000000;°C;4
4650;4;17610;F32;;53#AC - Heating High Point;;0.100000;0.000000;°C;4
4651;4;17612;F32;;53#AC - Dehumidification High Point (Start Point);;0.100000;0.000000;;4
4652;4;17614;F32;;53#AC - Dehumidification Low Point (Stop Point);;0.100000;0.000000;;4
4653;4;17616;F32;;53#AC - High Temperature Alarm Point;;0.100000;0.000000;°C;9
4654;4;17618;F32;;53#AC - Low Temperature Alarm Point;;0.100000;0.000000;°C;9
4655;4;17620;F32;;53#AC - Temperature;;0.100000;0.000000;°C;4
4656;4;17622;U16;;53#AC - Temperature Status;;1.000000;0.000000;;9
4657;4;17623;U16;;53#AC - Voltage Status;;1.000000;0.000000;;9
4658;4;17624;U16;;53#AC - Sensor Status;;1.000000;0.000000;;9
4659;4;17625;U16;;53#AC - Compressor Status;;1.000000;0.000000;;9
4660;4;17626;U16;;53#AC - Air Pressure Status;;1.000000;0.000000;;9
4661;4;17627;F32;;53#AC - Relative Humidity;;0.100000;0.000000;;4
4662;4;17650;U16;;54#AC - Operating Status;;1.000000;0.000000;;9
4663;4;17651;U16;;54#AC - Reserve;;1.000000;0.000000;;0
4664;4;17652;U16;;54#AC - Reserve;;1.000000;0.000000;;0
4665;4;17653;U16;;54#AC - Reserve;;1.000000;0.000000;;0
4666;4;17654;F32;;54#AC - Cooling Low Point;;0.100000;0.000000;°C;4
4667;4;17656;F32;;54#AC - Cooling High Point;;0.100000;0.000000;°C;4
4668;4;17658;F32;;54#AC - Heating Low Point;;0.100000;0.000000;°C;4
4669;4;17660;F32;;54#AC - Heating High Point;;0.100000;0.000000;°C;4
4670;4;17662;F32;;54#AC - Dehumidification High Point (Start Point);;0.100000;0.000000;;4
4671;4;17664;F32;;54#AC - Dehumidification Low Point (Stop Point);;0.100000;0.000000;;4
4672;4;17666;F32;;54#AC - High Temperature Alarm Point;;0.100000;0.000000;°C;9
4673;4;17668;F32;;54#AC - Low Temperature Alarm Point;;0.100000;0.000000;°C;9
4674;4;17670;F32;;54#AC - Temperature;;0.100000;0.000000;°C;4
4675;4;17672;U16;;54#AC - Temperature Status;;1.000000;0.000000;;9
4676;4;17673;U16;;54#AC - Voltage Status;;1.000000;0.000000;;9
4677;4;17674;U16;;54#AC - Sensor Status;;1.000000;0.000000;;9
4678;4;17675;U16;;54#AC - Compressor Status;;1.000000;0.000000;;9
4679;4;17676;U16;;54#AC - Air Pressure Status;;1.000000;0.000000;;9
4680;4;17677;F32;;54#AC - Relative Humidity;;0.100000;0.000000;;4
4681;4;17700;U16;;55#AC - Operating Status;;1.000000;0.000000;;9
4682;4;17701;U16;;55#AC - Reserve;;1.000000;0.000000;;0
4683;4;17702;U16;;55#AC - Reserve;;1.000000;0.000000;;0
4684;4;17703;U16;;55#AC - Reserve;;1.000000;0.000000;;0
4685;4;17704;F32;;55#AC - Cooling Low Point;;0.100000;0.000000;°C;4
4686;4;17706;F32;;55#AC - Cooling High Point;;0.100000;0.000000;°C;4
4687;4;17708;F32;;55#AC - Heating Low Point;;0.100000;0.000000;°C;4
4688;4;17710;F32;;55#AC - Heating High Point;;0.100000;0.000000;°C;4
4689;4;17712;F32;;55#AC - Dehumidification High Point (Start Point);;0.100000;0.000000;;4
4690;4;17714;F32;;55#AC - Dehumidification Low Point (Stop Point);;0.100000;0.000000;;4
4691;4;17716;F32;;55#AC - High Temperature Alarm Point;;0.100000;0.000000;°C;9
4692;4;17718;F32;;55#AC - Low Temperature Alarm Point;;0.100000;0.000000;°C;9
4693;4;17720;F32;;55#AC - Temperature;;0.100000;0.000000;°C;4
4694;4;17722;U16;;55#AC - Temperature Status;;1.000000;0.000000;;9
4695;4;17723;U16;;55#AC - Voltage Status;;1.000000;0.000000;;9
4696;4;17724;U16;;55#AC - Sensor Status;;1.000000;0.000000;;9
4697;4;17725;U16;;55#AC - Compressor Status;;1.000000;0.000000;;9
4698;4;17726;U16;;55#AC - Air Pressure Status;;1.000000;0.000000;;9
4699;4;17727;F32;;55#AC - Relative Humidity;;0.100000;0.000000;;4
4700;4;17750;U16;;56#AC - Operating Status;;1.000000;0.000000;;9
4701;4;17751;U16;;56#AC - Reserve;;1.000000;0.000000;;0
4702;4;17752;U16;;56#AC - Reserve;;1.000000;0.000000;;0
4703;4;17753;U16;;56#AC - Reserve;;1.000000;0.000000;;0
4704;4;17754;F32;;56#AC - Cooling Low Point;;0.100000;0.000000;°C;4
4705;4;17756;F32;;56#AC - Cooling High Point;;0.100000;0.000000;°C;4
4706;4;17758;F32;;56#AC - Heating Low Point;;0.100000;0.000000;°C;4
4707;4;17760;F32;;56#AC - Heating High Point;;0.100000;0.000000;°C;4
4708;4;17762;F32;;56#AC - Dehumidification High Point (Start Point);;0.100000;0.000000;;4
4709;4;17764;F32;;56#AC - Dehumidification Low Point (Stop Point);;0.100000;0.000000;;4
4710;4;17766;F32;;56#AC - High Temperature Alarm Point;;0.100000;0.000000;°C;9
4711;4;17768;F32;;56#AC - Low Temperature Alarm Point;;0.100000;0.000000;°C;9
4712;4;17770;F32;;56#AC - Temperature;;0.100000;0.000000;°C;4
4713;4;17772;U16;;56#AC - Temperature Status;;1.000000;0.000000;;9
4714;4;17773;U16;;56#AC - Voltage Status;;1.000000;0.000000;;9
4715;4;17774;U16;;56#AC - Sensor Status;;1.000000;0.000000;;9
4716;4;17775;U16;;56#AC - Compressor Status;;1.000000;0.000000;;9
4717;4;17776;U16;;56#AC - Air Pressure Status;;1.000000;0.000000;;9
4718;4;17777;F32;;56#AC - Relative Humidity;;0.100000;0.000000;;4
4719;4;17800;U16;;57#AC - Operating Status;;1.000000;0.000000;;9
4720;4;17801;U16;;57#AC - Reserve;;1.000000;0.000000;;0
4721;4;17802;U16;;57#AC - Reserve;;1.000000;0.000000;;0
4722;4;17803;U16;;57#AC - Reserve;;1.000000;0.000000;;0
4723;4;17804;F32;;57#AC - Cooling Low Point;;0.100000;0.000000;°C;4
4724;4;17806;F32;;57#AC - Cooling High Point;;0.100000;0.000000;°C;4
4725;4;17808;F32;;57#AC - Heating Low Point;;0.100000;0.000000;°C;4
4726;4;17810;F32;;57#AC - Heating High Point;;0.100000;0.000000;°C;4
4727;4;17812;F32;;57#AC - Dehumidification High Point (Start Point);;0.100000;0.000000;;4
4728;4;17814;F32;;57#AC - Dehumidification Low Point (Stop Point);;0.100000;0.000000;;4
4729;4;17816;F32;;57#AC - High Temperature Alarm Point;;0.100000;0.000000;°C;9
4730;4;17818;F32;;57#AC - Low Temperature Alarm Point;;0.100000;0.000000;°C;9
4731;4;17820;F32;;57#AC - Temperature;;0.100000;0.000000;°C;4
4732;4;17822;U16;;57#AC - Temperature Status;;1.000000;0.000000;;9
4733;4;17823;U16;;57#AC - Voltage Status;;1.000000;0.000000;;9
4734;4;17824;U16;;57#AC - Sensor Status;;1.000000;0.000000;;9
4735;4;17825;U16;;57#AC - Compressor Status;;1.000000;0.000000;;9
4736;4;17826;U16;;57#AC - Air Pressure Status;;1.000000;0.000000;;9
4737;4;17827;F32;;57#AC - Relative Humidity;;0.100000;0.000000;;4
4738;4;17850;U16;;58#AC - Operating Status;;1.000000;0.000000;;9
4739;4;17851;U16;;58#AC - Reserve;;1.000000;0.000000;;0
4740;4;17852;U16;;58#AC - Reserve;;1.000000;0.000000;;0
4741;4;17853;U16;;58#AC - Reserve;;1.000000;0.000000;;0
4742;4;17854;F32;;58#AC - Cooling Low Point;;0.100000;0.000000;°C;4
4743;4;17856;F32;;58#AC - Cooling High Point;;0.100000;0.000000;°C;4
4744;4;17858;F32;;58#AC - Heating Low Point;;0.100000;0.000000;°C;4
4745;4;17860;F32;;58#AC - Heating High Point;;0.100000;0.000000;°C;4
4746;4;17862;F32;;58#AC - Dehumidification High Point (Start Point);;0.100000;0.000000;;4
4747;4;17864;F32;;58#AC - Dehumidification Low Point (Stop Point);;0.100000;0.000000;;4
4748;4;17866;F32;;58#AC - High Temperature Alarm Point;;0.100000;0.000000;°C;9
4749;4;17868;F32;;58#AC - Low Temperature Alarm Point;;0.100000;0.000000;°C;9
4750;4;17870;F32;;58#AC - Temperature;;0.100000;0.000000;°C;4
4751;4;17872;U16;;58#AC - Temperature Status;;1.000000;0.000000;;9
4752;4;17873;U16;;58#AC - Voltage Status;;1.000000;0.000000;;9
4753;4;17874;U16;;58#AC - Sensor Status;;1.000000;0.000000;;9
4754;4;17875;U16;;58#AC - Compressor Status;;1.000000;0.000000;;9
4755;4;17876;U16;;58#AC - Air Pressure Status;;1.000000;0.000000;;9
4756;4;17877;F32;;58#AC - Relative Humidity;;0.100000;0.000000;;4
4757;4;17900;U16;;59#AC - Operating Status;;1.000000;0.000000;;9
4758;4;17901;U16;;59#AC - Reserve;;1.000000;0.000000;;0
4759;4;17902;U16;;59#AC - Reserve;;1.000000;0.000000;;0
4760;4;17903;U16;;59#AC - Reserve;;1.000000;0.000000;;0
4761;4;17904;F32;;59#AC - Cooling Low Point;;0.100000;0.000000;°C;4
4762;4;17906;F32;;59#AC - Cooling High Point;;0.100000;0.000000;°C;4
4763;4;17908;F32;;59#AC - Heating Low Point;;0.100000;0.000000;°C;4
4764;4;17910;F32;;59#AC - Heating High Point;;0.100000;0.000000;°C;4
4765;4;17912;F32;;59#AC - Dehumidification High Point (Start Point);;0.100000;0.000000;;4
4766;4;17914;F32;;59#AC - Dehumidification Low Point (Stop Point);;0.100000;0.000000;;4
4767;4;17916;F32;;59#AC - High Temperature Alarm Point;;0.100000;0.000000;°C;9
4768;4;17918;F32;;59#AC - Low Temperature Alarm Point;;0.100000;0.000000;°C;9
4769;4;17920;F32;;59#AC - Temperature;;0.100000;0.000000;°C;4
4770;4;17922;U16;;59#AC - Temperature Status;;1.000000;0.000000;;9
4771;4;17923;U16;;59#AC - Voltage Status;;1.000000;0.000000;;9
4772;4;17924;U16;;59#AC - Sensor Status;;1.000000;0.000000;;9
4773;4;17925;U16;;59#AC - Compressor Status;;1.000000;0.000000;;9
4774;4;17926;U16;;59#AC - Air Pressure Status;;1.000000;0.000000;;9
4775;4;17927;F32;;59#AC - Relative Humidity;;0.100000;0.000000;;4
4776;4;17950;U16;;60#AC - Operating Status;;1.000000;0.000000;;9
4777;4;17951;U16;;60#AC - Reserve;;1.000000;0.000000;;0
4778;4;17952;U16;;60#AC - Reserve;;1.000000;0.000000;;0
4779;4;17953;U16;;60#AC - Reserve;;1.000000;0.000000;;0
4780;4;17954;F32;;60#AC - Cooling Low Point;;0.100000;0.000000;°C;4
4781;4;17956;F32;;60#AC - Cooling High Point;;0.100000;0.000000;°C;4
4782;4;17958;F32;;60#AC - Heating Low Point;;0.100000;0.000000;°C;4
4783;4;17960;F32;;60#AC - Heating High Point;;0.100000;0.000000;°C;4
4784;4;17962;F32;;60#AC - Dehumidification High Point (Start Point);;0.100000;0.000000;;4
4785;4;17964;F32;;60#AC - Dehumidification Low Point (Stop Point);;0.100000;0.000000;;4
4786;4;17966;F32;;60#AC - High Temperature Alarm Point;;0.100000;0.000000;°C;9
4787;4;17968;F32;;60#AC - Low Temperature Alarm Point;;0.100000;0.000000;°C;9
4788;4;17970;F32;;60#AC - Temperature;;0.100000;0.000000;°C;4
4789;4;17972;U16;;60#AC - Temperature Status;;1.000000;0.000000;;9
4790;4;17973;U16;;60#AC - Voltage Status;;1.000000;0.000000;;9
4791;4;17974;U16;;60#AC - Sensor Status;;1.000000;0.000000;;9
4792;4;17975;U16;;60#AC - Compressor Status;;1.000000;0.000000;;9
4793;4;17976;U16;;60#AC - Air Pressure Status;;1.000000;0.000000;;9
4794;4;17977;F32;;60#AC - Relative Humidity;;0.100000;0.000000;;4
4795;4;18000;U16;;61#AC - Operating Status;;1.000000;0.000000;;9
4796;4;18001;U16;;61#AC - Reserve;;1.000000;0.000000;;0
4797;4;18002;U16;;61#AC - Reserve;;1.000000;0.000000;;0
4798;4;18003;U16;;61#AC - Reserve;;1.000000;0.000000;;0
4799;4;18004;F32;;61#AC - Cooling Low Point;;0.100000;0.000000;°C;4
4800;4;18006;F32;;61#AC - Cooling High Point;;0.100000;0.000000;°C;4
4801;4;18008;F32;;61#AC - Heating Low Point;;0.100000;0.000000;°C;4
4802;4;18010;F32;;61#AC - Heating High Point;;0.100000;0.000000;°C;4
4803;4;18012;F32;;61#AC - Dehumidification High Point (Start Point);;0.100000;0.000000;;4
4804;4;18014;F32;;61#AC - Dehumidification Low Point (Stop Point);;0.100000;0.000000;;4
4805;4;18016;F32;;61#AC - High Temperature Alarm Point;;0.100000;0.000000;°C;9
4806;4;18018;F32;;61#AC - Low Temperature Alarm Point;;0.100000;0.000000;°C;9
4807;4;18020;F32;;61#AC - Temperature;;0.100000;0.000000;°C;4
4808;4;18022;U16;;61#AC - Temperature Status;;1.000000;0.000000;;9
4809;4;18023;U16;;61#AC - Voltage Status;;1.000000;0.000000;;9
4810;4;18024;U16;;61#AC - Sensor Status;;1.000000;0.000000;;9
4811;4;18025;U16;;61#AC - Compressor Status;;1.000000;0.000000;;9
4812;4;18026;U16;;61#AC - Air Pressure Status;;1.000000;0.000000;;9
4813;4;18027;F32;;61#AC - Relative Humidity;;0.100000;0.000000;;4
4814;4;18050;U16;;62#AC - Operating Status;;1.000000;0.000000;;9
4815;4;18051;U16;;62#AC - Reserve;;1.000000;0.000000;;0
4816;4;18052;U16;;62#AC - Reserve;;1.000000;0.000000;;0
4817;4;18053;U16;;62#AC - Reserve;;1.000000;0.000000;;0
4818;4;18054;F32;;62#AC - Cooling Low Point;;0.100000;0.000000;°C;4
4819;4;18056;F32;;62#AC - Cooling High Point;;0.100000;0.000000;°C;4
4820;4;18058;F32;;62#AC - Heating Low Point;;0.100000;0.000000;°C;4
4821;4;18060;F32;;62#AC - Heating High Point;;0.100000;0.000000;°C;4
4822;4;18062;F32;;62#AC - Dehumidification High Point (Start Point);;0.100000;0.000000;;4
4823;4;18064;F32;;62#AC - Dehumidification Low Point (Stop Point);;0.100000;0.000000;;4
4824;4;18066;F32;;62#AC - High Temperature Alarm Point;;0.100000;0.000000;°C;9
4825;4;18068;F32;;62#AC - Low Temperature Alarm Point;;0.100000;0.000000;°C;9
4826;4;18070;F32;;62#AC - Temperature;;0.100000;0.000000;°C;4
4827;4;18072;U16;;62#AC - Temperature Status;;1.000000;0.000000;;9
4828;4;18073;U16;;62#AC - Voltage Status;;1.000000;0.000000;;9
4829;4;18074;U16;;62#AC - Sensor Status;;1.000000;0.000000;;9
4830;4;18075;U16;;62#AC - Compressor Status;;1.000000;0.000000;;9
4831;4;18076;U16;;62#AC - Air Pressure Status;;1.000000;0.000000;;9
4832;4;18077;F32;;62#AC - Relative Humidity;;0.100000;0.000000;;4
4833;4;18100;U16;;63#AC - Operating Status;;1.000000;0.000000;;9
4834;4;18101;U16;;63#AC - Reserve;;1.000000;0.000000;;0
4835;4;18102;U16;;63#AC - Reserve;;1.000000;0.000000;;0
4836;4;18103;U16;;63#AC - Reserve;;1.000000;0.000000;;0
4837;4;18104;F32;;63#AC - Cooling Low Point;;0.100000;0.000000;°C;4
4838;4;18106;F32;;63#AC - Cooling High Point;;0.100000;0.000000;°C;4
4839;4;18108;F32;;63#AC - Heating Low Point;;0.100000;0.000000;°C;4
4840;4;18110;F32;;63#AC - Heating High Point;;0.100000;0.000000;°C;4
4841;4;18112;F32;;63#AC - Dehumidification High Point (Start Point);;0.100000;0.000000;;4
4842;4;18114;F32;;63#AC - Dehumidification Low Point (Stop Point);;0.100000;0.000000;;4
4843;4;18116;F32;;63#AC - High Temperature Alarm Point;;0.100000;0.000000;°C;9
4844;4;18118;F32;;63#AC - Low Temperature Alarm Point;;0.100000;0.000000;°C;9
4845;4;18120;F32;;63#AC - Temperature;;0.100000;0.000000;°C;4
4846;4;18122;U16;;63#AC - Temperature Status;;1.000000;0.000000;;9
4847;4;18123;U16;;63#AC - Voltage Status;;1.000000;0.000000;;9
4848;4;18124;U16;;63#AC - Sensor Status;;1.000000;0.000000;;9
4849;4;18125;U16;;63#AC - Compressor Status;;1.000000;0.000000;;9
4850;4;18126;U16;;63#AC - Air Pressure Status;;1.000000;0.000000;;9
4851;4;18127;F32;;63#AC - Relative Humidity;;0.100000;0.000000;;4
4852;4;18150;U16;;64#AC - Operating Status;;1.000000;0.000000;;9
4853;4;18151;U16;;64#AC - Reserve;;1.000000;0.000000;;0
4854;4;18152;U16;;64#AC - Reserve;;1.000000;0.000000;;0
4855;4;18153;U16;;64#AC - Reserve;;1.000000;0.000000;;0
4856;4;18154;F32;;64#AC - Cooling Low Point;;0.100000;0.000000;°C;4
4857;4;18156;F32;;64#AC - Cooling High Point;;0.100000;0.000000;°C;4
4858;4;18158;F32;;64#AC - Heating Low Point;;0.100000;0.000000;°C;4
4859;4;18160;F32;;64#AC - Heating High Point;;0.100000;0.000000;°C;4
4860;4;18162;F32;;64#AC - Dehumidification High Point (Start Point);;0.100000;0.000000;;4
4861;4;18164;F32;;64#AC - Dehumidification Low Point (Stop Point);;0.100000;0.000000;;4
4862;4;18166;F32;;64#AC - High Temperature Alarm Point;;0.100000;0.000000;°C;9
4863;4;18168;F32;;64#AC - Low Temperature Alarm Point;;0.100000;0.000000;°C;9
4864;4;18170;F32;;64#AC - Temperature;;0.100000;0.000000;°C;4
4865;4;18172;U16;;64#AC - Temperature Status;;1.000000;0.000000;;9
4866;4;18173;U16;;64#AC - Voltage Status;;1.000000;0.000000;;9
4867;4;18174;U16;;64#AC - Sensor Status;;1.000000;0.000000;;9
4868;4;18175;U16;;64#AC - Compressor Status;;1.000000;0.000000;;9
4869;4;18176;U16;;64#AC - Air Pressure Status;;1.000000;0.000000;;9
4870;4;18177;F32;;64#AC - Relative Humidity;;0.100000;0.000000;;4
4871;4;18200;U16;;65#AC - Operating Status;;1.000000;0.000000;;9
4872;4;18201;U16;;65#AC - Reserve;;1.000000;0.000000;;0
4873;4;18202;U16;;65#AC - Reserve;;1.000000;0.000000;;0
4874;4;18203;U16;;65#AC - Reserve;;1.000000;0.000000;;0
4875;4;18204;F32;;65#AC - Cooling Low Point;;0.100000;0.000000;°C;4
4876;4;18206;F32;;65#AC - Cooling High Point;;0.100000;0.000000;°C;4
4877;4;18208;F32;;65#AC - Heating Low Point;;0.100000;0.000000;°C;4
4878;4;18210;F32;;65#AC - Heating High Point;;0.100000;0.000000;°C;4
4879;4;18212;F32;;65#AC - Dehumidification High Point (Start Point);;0.100000;0.000000;;4
4880;4;18214;F32;;65#AC - Dehumidification Low Point (Stop Point);;0.100000;0.000000;;4
4881;4;18216;F32;;65#AC - High Temperature Alarm Point;;0.100000;0.000000;°C;9
4882;4;18218;F32;;65#AC - Low Temperature Alarm Point;;0.100000;0.000000;°C;9
4883;4;18220;F32;;65#AC - Temperature;;0.100000;0.000000;°C;4
4884;4;18222;U16;;65#AC - Temperature Status;;1.000000;0.000000;;9
4885;4;18223;U16;;65#AC - Voltage Status;;1.000000;0.000000;;9
4886;4;18224;U16;;65#AC - Sensor Status;;1.000000;0.000000;;9
4887;4;18225;U16;;65#AC - Compressor Status;;1.000000;0.000000;;9
4888;4;18226;U16;;65#AC - Air Pressure Status;;1.000000;0.000000;;9
4889;4;18227;F32;;65#AC - Relative Humidity;;0.100000;0.000000;;4
4890;4;18250;U16;;66#AC - Operating Status;;1.000000;0.000000;;9
4891;4;18251;U16;;66#AC - Reserve;;1.000000;0.000000;;0
4892;4;18252;U16;;66#AC - Reserve;;1.000000;0.000000;;0
4893;4;18253;U16;;66#AC - Reserve;;1.000000;0.000000;;0
4894;4;18254;F32;;66#AC - Cooling Low Point;;0.100000;0.000000;°C;4
4895;4;18256;F32;;66#AC - Cooling High Point;;0.100000;0.000000;°C;4
4896;4;18258;F32;;66#AC - Heating Low Point;;0.100000;0.000000;°C;4
4897;4;18260;F32;;66#AC - Heating High Point;;0.100000;0.000000;°C;4
4898;4;18262;F32;;66#AC - Dehumidification High Point (Start Point);;0.100000;0.000000;;4
4899;4;18264;F32;;66#AC - Dehumidification Low Point (Stop Point);;0.100000;0.000000;;4
4900;4;18266;F32;;66#AC - High Temperature Alarm Point;;0.100000;0.000000;°C;9
4901;4;18268;F32;;66#AC - Low Temperature Alarm Point;;0.100000;0.000000;°C;9
4902;4;18270;F32;;66#AC - Temperature;;0.100000;0.000000;°C;4
4903;4;18272;U16;;66#AC - Temperature Status;;1.000000;0.000000;;9
4904;4;18273;U16;;66#AC - Voltage Status;;1.000000;0.000000;;9
4905;4;18274;U16;;66#AC - Sensor Status;;1.000000;0.000000;;9
4906;4;18275;U16;;66#AC - Compressor Status;;1.000000;0.000000;;9
4907;4;18276;U16;;66#AC - Air Pressure Status;;1.000000;0.000000;;9
4908;4;18277;F32;;66#AC - Relative Humidity;;0.100000;0.000000;;4
4909;4;18300;U16;;67#AC - Operating Status;;1.000000;0.000000;;9
4910;4;18301;U16;;67#AC - Reserve;;1.000000;0.000000;;0
4911;4;18302;U16;;67#AC - Reserve;;1.000000;0.000000;;0
4912;4;18303;U16;;67#AC - Reserve;;1.000000;0.000000;;0
4913;4;18304;F32;;67#AC - Cooling Low Point;;0.100000;0.000000;°C;4
4914;4;18306;F32;;67#AC - Cooling High Point;;0.100000;0.000000;°C;4
4915;4;18308;F32;;67#AC - Heating Low Point;;0.100000;0.000000;°C;4
4916;4;18310;F32;;67#AC - Heating High Point;;0.100000;0.000000;°C;4
4917;4;18312;F32;;67#AC - Dehumidification High Point (Start Point);;0.100000;0.000000;;4
4918;4;18314;F32;;67#AC - Dehumidification Low Point (Stop Point);;0.100000;0.000000;;4
4919;4;18316;F32;;67#AC - High Temperature Alarm Point;;0.100000;0.000000;°C;9
4920;4;18318;F32;;67#AC - Low Temperature Alarm Point;;0.100000;0.000000;°C;9
4921;4;18320;F32;;67#AC - Temperature;;0.100000;0.000000;°C;4
4922;4;18322;U16;;67#AC - Temperature Status;;1.000000;0.000000;;9
4923;4;18323;U16;;67#AC - Voltage Status;;1.000000;0.000000;;9
4924;4;18324;U16;;67#AC - Sensor Status;;1.000000;0.000000;;9
4925;4;18325;U16;;67#AC - Compressor Status;;1.000000;0.000000;;9
4926;4;18326;U16;;67#AC - Air Pressure Status;;1.000000;0.000000;;9
4927;4;18327;F32;;67#AC - Relative Humidity;;0.100000;0.000000;;4
4928;4;18350;U16;;68#AC - Operating Status;;1.000000;0.000000;;9
4929;4;18351;U16;;68#AC - Reserve;;1.000000;0.000000;;0
4930;4;18352;U16;;68#AC - Reserve;;1.000000;0.000000;;0
4931;4;18353;U16;;68#AC - Reserve;;1.000000;0.000000;;0
4932;4;18354;F32;;68#AC - Cooling Low Point;;0.100000;0.000000;°C;4
4933;4;18356;F32;;68#AC - Cooling High Point;;0.100000;0.000000;°C;4
4934;4;18358;F32;;68#AC - Heating Low Point;;0.100000;0.000000;°C;4
4935;4;18360;F32;;68#AC - Heating High Point;;0.100000;0.000000;°C;4
4936;4;18362;F32;;68#AC - Dehumidification High Point (Start Point);;0.100000;0.000000;;4
4937;4;18364;F32;;68#AC - Dehumidification Low Point (Stop Point);;0.100000;0.000000;;4
4938;4;18366;F32;;68#AC - High Temperature Alarm Point;;0.100000;0.000000;°C;9
4939;4;18368;F32;;68#AC - Low Temperature Alarm Point;;0.100000;0.000000;°C;9
4940;4;18370;F32;;68#AC - Temperature;;0.100000;0.000000;°C;4
4941;4;18372;U16;;68#AC - Temperature Status;;1.000000;0.000000;;9
4942;4;18373;U16;;68#AC - Voltage Status;;1.000000;0.000000;;9
4943;4;18374;U16;;68#AC - Sensor Status;;1.000000;0.000000;;9
4944;4;18375;U16;;68#AC - Compressor Status;;1.000000;0.000000;;9
4945;4;18376;U16;;68#AC - Air Pressure Status;;1.000000;0.000000;;9
4946;4;18377;F32;;68#AC - Relative Humidity;;0.100000;0.000000;;4
4947;4;18400;U16;;69#AC - Operating Status;;1.000000;0.000000;;9
4948;4;18401;U16;;69#AC - Reserve;;1.000000;0.000000;;0
4949;4;18402;U16;;69#AC - Reserve;;1.000000;0.000000;;0
4950;4;18403;U16;;69#AC - Reserve;;1.000000;0.000000;;0
4951;4;18404;F32;;69#AC - Cooling Low Point;;0.100000;0.000000;°C;4
4952;4;18406;F32;;69#AC - Cooling High Point;;0.100000;0.000000;°C;4
4953;4;18408;F32;;69#AC - Heating Low Point;;0.100000;0.000000;°C;4
4954;4;18410;F32;;69#AC - Heating High Point;;0.100000;0.000000;°C;4
4955;4;18412;F32;;69#AC - Dehumidification High Point (Start Point);;0.100000;0.000000;;4
4956;4;18414;F32;;69#AC - Dehumidification Low Point (Stop Point);;0.100000;0.000000;;4
4957;4;18416;F32;;69#AC - High Temperature Alarm Point;;0.100000;0.000000;°C;9
4958;4;18418;F32;;69#AC - Low Temperature Alarm Point;;0.100000;0.000000;°C;9
4959;4;18420;F32;;69#AC - Temperature;;0.100000;0.000000;°C;4
4960;4;18422;U16;;69#AC - Temperature Status;;1.000000;0.000000;;9
4961;4;18423;U16;;69#AC - Voltage Status;;1.000000;0.000000;;9
4962;4;18424;U16;;69#AC - Sensor Status;;1.000000;0.000000;;9
4963;4;18425;U16;;69#AC - Compressor Status;;1.000000;0.000000;;9
4964;4;18426;U16;;69#AC - Air Pressure Status;;1.000000;0.000000;;9
4965;4;18427;F32;;69#AC - Relative Humidity;;0.100000;0.000000;;4
4966;4;18450;U16;;70#AC - Operating Status;;1.000000;0.000000;;9
4967;4;18451;U16;;70#AC - Reserve;;1.000000;0.000000;;0
4968;4;18452;U16;;70#AC - Reserve;;1.000000;0.000000;;0
4969;4;18453;U16;;70#AC - Reserve;;1.000000;0.000000;;0
4970;4;18454;F32;;70#AC - Cooling Low Point;;0.100000;0.000000;°C;4
4971;4;18456;F32;;70#AC - Cooling High Point;;0.100000;0.000000;°C;4
4972;4;18458;F32;;70#AC - Heating Low Point;;0.100000;0.000000;°C;4
4973;4;18460;F32;;70#AC - Heating High Point;;0.100000;0.000000;°C;4
4974;4;18462;F32;;70#AC - Dehumidification High Point (Start Point);;0.100000;0.000000;;4
4975;4;18464;F32;;70#AC - Dehumidification Low Point (Stop Point);;0.100000;0.000000;;4
4976;4;18466;F32;;70#AC - High Temperature Alarm Point;;0.100000;0.000000;°C;9
4977;4;18468;F32;;70#AC - Low Temperature Alarm Point;;0.100000;0.000000;°C;9
4978;4;18470;F32;;70#AC - Temperature;;0.100000;0.000000;°C;4
4979;4;18472;U16;;70#AC - Temperature Status;;1.000000;0.000000;;9
4980;4;18473;U16;;70#AC - Voltage Status;;1.000000;0.000000;;9
4981;4;18474;U16;;70#AC - Sensor Status;;1.000000;0.000000;;9
4982;4;18475;U16;;70#AC - Compressor Status;;1.000000;0.000000;;9
4983;4;18476;U16;;70#AC - Air Pressure Status;;1.000000;0.000000;;9
4984;4;18477;F32;;70#AC - Relative Humidity;;0.100000;0.000000;;4
4985;4;18500;U16;;71#AC - Operating Status;;1.000000;0.000000;;9
4986;4;18501;U16;;71#AC - Reserve;;1.000000;0.000000;;0
4987;4;18502;U16;;71#AC - Reserve;;1.000000;0.000000;;0
4988;4;18503;U16;;71#AC - Reserve;;1.000000;0.000000;;0
4989;4;18504;F32;;71#AC - Cooling Low Point;;0.100000;0.000000;°C;4
4990;4;18506;F32;;71#AC - Cooling High Point;;0.100000;0.000000;°C;4
4991;4;18508;F32;;71#AC - Heating Low Point;;0.100000;0.000000;°C;4
4992;4;18510;F32;;71#AC - Heating High Point;;0.100000;0.000000;°C;4
4993;4;18512;F32;;71#AC - Dehumidification High Point (Start Point);;0.100000;0.000000;;4
4994;4;18514;F32;;71#AC - Dehumidification Low Point (Stop Point);;0.100000;0.000000;;4
4995;4;18516;F32;;71#AC - High Temperature Alarm Point;;0.100000;0.000000;°C;9
4996;4;18518;F32;;71#AC - Low Temperature Alarm Point;;0.100000;0.000000;°C;9
4997;4;18520;F32;;71#AC - Temperature;;0.100000;0.000000;°C;4
4998;4;18522;U16;;71#AC - Temperature Status;;1.000000;0.000000;;9
4999;4;18523;U16;;71#AC - Voltage Status;;1.000000;0.000000;;9
5000;4;18524;U16;;71#AC - Sensor Status;;1.000000;0.000000;;9
5001;4;18525;U16;;71#AC - Compressor Status;;1.000000;0.000000;;9
5002;4;18526;U16;;71#AC - Air Pressure Status;;1.000000;0.000000;;9
5003;4;18527;F32;;71#AC - Relative Humidity;;0.100000;0.000000;;4
5004;4;18550;U16;;72#AC - Operating Status;;1.000000;0.000000;;9
5005;4;18551;U16;;72#AC - Reserve;;1.000000;0.000000;;0
5006;4;18552;U16;;72#AC - Reserve;;1.000000;0.000000;;0
5007;4;18553;U16;;72#AC - Reserve;;1.000000;0.000000;;0
5008;4;18554;F32;;72#AC - Cooling Low Point;;0.100000;0.000000;°C;4
5009;4;18556;F32;;72#AC - Cooling High Point;;0.100000;0.000000;°C;4
5010;4;18558;F32;;72#AC - Heating Low Point;;0.100000;0.000000;°C;4
5011;4;18560;F32;;72#AC - Heating High Point;;0.100000;0.000000;°C;4
5012;4;18562;F32;;72#AC - Dehumidification High Point (Start Point);;0.100000;0.000000;;4
5013;4;18564;F32;;72#AC - Dehumidification Low Point (Stop Point);;0.100000;0.000000;;4
5014;4;18566;F32;;72#AC - High Temperature Alarm Point;;0.100000;0.000000;°C;9
5015;4;18568;F32;;72#AC - Low Temperature Alarm Point;;0.100000;0.000000;°C;9
5016;4;18570;F32;;72#AC - Temperature;;0.100000;0.000000;°C;4
5017;4;18572;U16;;72#AC - Temperature Status;;1.000000;0.000000;;9
5018;4;18573;U16;;72#AC - Voltage Status;;1.000000;0.000000;;9
5019;4;18574;U16;;72#AC - Sensor Status;;1.000000;0.000000;;9
5020;4;18575;U16;;72#AC - Compressor Status;;1.000000;0.000000;;9
5021;4;18576;U16;;72#AC - Air Pressure Status;;1.000000;0.000000;;9
5022;4;18577;F32;;72#AC - Relative Humidity;;0.100000;0.000000;;4
5023;4;18600;U16;;73#AC - Operating Status;;1.000000;0.000000;;9
5024;4;18601;U16;;73#AC - Reserve;;1.000000;0.000000;;0
5025;4;18602;U16;;73#AC - Reserve;;1.000000;0.000000;;0
5026;4;18603;U16;;73#AC - Reserve;;1.000000;0.000000;;0
5027;4;18604;F32;;73#AC - Cooling Low Point;;0.100000;0.000000;°C;4
5028;4;18606;F32;;73#AC - Cooling High Point;;0.100000;0.000000;°C;4
5029;4;18608;F32;;73#AC - Heating Low Point;;0.100000;0.000000;°C;4
5030;4;18610;F32;;73#AC - Heating High Point;;0.100000;0.000000;°C;4
5031;4;18612;F32;;73#AC - Dehumidification High Point (Start Point);;0.100000;0.000000;;4
5032;4;18614;F32;;73#AC - Dehumidification Low Point (Stop Point);;0.100000;0.000000;;4
5033;4;18616;F32;;73#AC - High Temperature Alarm Point;;0.100000;0.000000;°C;9
5034;4;18618;F32;;73#AC - Low Temperature Alarm Point;;0.100000;0.000000;°C;9
5035;4;18620;F32;;73#AC - Temperature;;0.100000;0.000000;°C;4
5036;4;18622;U16;;73#AC - Temperature Status;;1.000000;0.000000;;9
5037;4;18623;U16;;73#AC - Voltage Status;;1.000000;0.000000;;9
5038;4;18624;U16;;73#AC - Sensor Status;;1.000000;0.000000;;9
5039;4;18625;U16;;73#AC - Compressor Status;;1.000000;0.000000;;9
5040;4;18626;U16;;73#AC - Air Pressure Status;;1.000000;0.000000;;9
5041;4;18627;F32;;73#AC - Relative Humidity;;0.100000;0.000000;;4
5042;4;18650;U16;;74#AC - Operating Status;;1.000000;0.000000;;9
5043;4;18651;U16;;74#AC - Reserve;;1.000000;0.000000;;0
5044;4;18652;U16;;74#AC - Reserve;;1.000000;0.000000;;0
5045;4;18653;U16;;74#AC - Reserve;;1.000000;0.000000;;0
5046;4;18654;F32;;74#AC - Cooling Low Point;;0.100000;0.000000;°C;4
5047;4;18656;F32;;74#AC - Cooling High Point;;0.100000;0.000000;°C;4
5048;4;18658;F32;;74#AC - Heating Low Point;;0.100000;0.000000;°C;4
5049;4;18660;F32;;74#AC - Heating High Point;;0.100000;0.000000;°C;4
5050;4;18662;F32;;74#AC - Dehumidification High Point (Start Point);;0.100000;0.000000;;4
5051;4;18664;F32;;74#AC - Dehumidification Low Point (Stop Point);;0.100000;0.000000;;4
5052;4;18666;F32;;74#AC - High Temperature Alarm Point;;0.100000;0.000000;°C;9
5053;4;18668;F32;;74#AC - Low Temperature Alarm Point;;0.100000;0.000000;°C;9
5054;4;18670;F32;;74#AC - Temperature;;0.100000;0.000000;°C;4
5055;4;18672;U16;;74#AC - Temperature Status;;1.000000;0.000000;;9
5056;4;18673;U16;;74#AC - Voltage Status;;1.000000;0.000000;;9
5057;4;18674;U16;;74#AC - Sensor Status;;1.000000;0.000000;;9
5058;4;18675;U16;;74#AC - Compressor Status;;1.000000;0.000000;;9
5059;4;18676;U16;;74#AC - Air Pressure Status;;1.000000;0.000000;;9
5060;4;18677;F32;;74#AC - Relative Humidity;;0.100000;0.000000;;4
5061;4;18700;U16;;75#AC - Operating Status;;1.000000;0.000000;;9
5062;4;18701;U16;;75#AC - Reserve;;1.000000;0.000000;;0
5063;4;18702;U16;;75#AC - Reserve;;1.000000;0.000000;;0
5064;4;18703;U16;;75#AC - Reserve;;1.000000;0.000000;;0
5065;4;18704;F32;;75#AC - Cooling Low Point;;0.100000;0.000000;°C;4
5066;4;18706;F32;;75#AC - Cooling High Point;;0.100000;0.000000;°C;4
5067;4;18708;F32;;75#AC - Heating Low Point;;0.100000;0.000000;°C;4
5068;4;18710;F32;;75#AC - Heating High Point;;0.100000;0.000000;°C;4
5069;4;18712;F32;;75#AC - Dehumidification High Point (Start Point);;0.100000;0.000000;;4
5070;4;18714;F32;;75#AC - Dehumidification Low Point (Stop Point);;0.100000;0.000000;;4
5071;4;18716;F32;;75#AC - High Temperature Alarm Point;;0.100000;0.000000;°C;9
5072;4;18718;F32;;75#AC - Low Temperature Alarm Point;;0.100000;0.000000;°C;9
5073;4;18720;F32;;75#AC - Temperature;;0.100000;0.000000;°C;4
5074;4;18722;U16;;75#AC - Temperature Status;;1.000000;0.000000;;9
5075;4;18723;U16;;75#AC - Voltage Status;;1.000000;0.000000;;9
5076;4;18724;U16;;75#AC - Sensor Status;;1.000000;0.000000;;9
5077;4;18725;U16;;75#AC - Compressor Status;;1.000000;0.000000;;9
5078;4;18726;U16;;75#AC - Air Pressure Status;;1.000000;0.000000;;9
5079;4;18727;F32;;75#AC - Relative Humidity;;0.100000;0.000000;;4
5080;4;18750;U16;;76#AC - Operating Status;;1.000000;0.000000;;9
5081;4;18751;U16;;76#AC - Reserve;;1.000000;0.000000;;0
5082;4;18752;U16;;76#AC - Reserve;;1.000000;0.000000;;0
5083;4;18753;U16;;76#AC - Reserve;;1.000000;0.000000;;0
5084;4;18754;F32;;76#AC - Cooling Low Point;;0.100000;0.000000;°C;4
5085;4;18756;F32;;76#AC - Cooling High Point;;0.100000;0.000000;°C;4
5086;4;18758;F32;;76#AC - Heating Low Point;;0.100000;0.000000;°C;4
5087;4;18760;F32;;76#AC - Heating High Point;;0.100000;0.000000;°C;4
5088;4;18762;F32;;76#AC - Dehumidification High Point (Start Point);;0.100000;0.000000;;4
5089;4;18764;F32;;76#AC - Dehumidification Low Point (Stop Point);;0.100000;0.000000;;4
5090;4;18766;F32;;76#AC - High Temperature Alarm Point;;0.100000;0.000000;°C;9
5091;4;18768;F32;;76#AC - Low Temperature Alarm Point;;0.100000;0.000000;°C;9
5092;4;18770;F32;;76#AC - Temperature;;0.100000;0.000000;°C;4
5093;4;18772;U16;;76#AC - Temperature Status;;1.000000;0.000000;;9
5094;4;18773;U16;;76#AC - Voltage Status;;1.000000;0.000000;;9
5095;4;18774;U16;;76#AC - Sensor Status;;1.000000;0.000000;;9
5096;4;18775;U16;;76#AC - Compressor Status;;1.000000;0.000000;;9
5097;4;18776;U16;;76#AC - Air Pressure Status;;1.000000;0.000000;;9
5098;4;18777;F32;;76#AC - Relative Humidity;;0.100000;0.000000;;4
5099;4;18800;U16;;77#AC - Operating Status;;1.000000;0.000000;;9
5100;4;18801;U16;;77#AC - Reserve;;1.000000;0.000000;;0
5101;4;18802;U16;;77#AC - Reserve;;1.000000;0.000000;;0
5102;4;18803;U16;;77#AC - Reserve;;1.000000;0.000000;;0
5103;4;18804;F32;;77#AC - Cooling Low Point;;0.100000;0.000000;°C;4
5104;4;18806;F32;;77#AC - Cooling High Point;;0.100000;0.000000;°C;4
5105;4;18808;F32;;77#AC - Heating Low Point;;0.100000;0.000000;°C;4
5106;4;18810;F32;;77#AC - Heating High Point;;0.100000;0.000000;°C;4
5107;4;18812;F32;;77#AC - Dehumidification High Point (Start Point);;0.100000;0.000000;;4
5108;4;18814;F32;;77#AC - Dehumidification Low Point (Stop Point);;0.100000;0.000000;;4
5109;4;18816;F32;;77#AC - High Temperature Alarm Point;;0.100000;0.000000;°C;9
5110;4;18818;F32;;77#AC - Low Temperature Alarm Point;;0.100000;0.000000;°C;9
5111;4;18820;F32;;77#AC - Temperature;;0.100000;0.000000;°C;4
5112;4;18822;U16;;77#AC - Temperature Status;;1.000000;0.000000;;9
5113;4;18823;U16;;77#AC - Voltage Status;;1.000000;0.000000;;9
5114;4;18824;U16;;77#AC - Sensor Status;;1.000000;0.000000;;9
5115;4;18825;U16;;77#AC - Compressor Status;;1.000000;0.000000;;9
5116;4;18826;U16;;77#AC - Air Pressure Status;;1.000000;0.000000;;9
5117;4;18827;F32;;77#AC - Relative Humidity;;0.100000;0.000000;;4
5118;4;18850;U16;;78#AC - Operating Status;;1.000000;0.000000;;9
5119;4;18851;U16;;78#AC - Reserve;;1.000000;0.000000;;0
5120;4;18852;U16;;78#AC - Reserve;;1.000000;0.000000;;0
5121;4;18853;U16;;78#AC - Reserve;;1.000000;0.000000;;0
5122;4;18854;F32;;78#AC - Cooling Low Point;;0.100000;0.000000;°C;4
5123;4;18856;F32;;78#AC - Cooling High Point;;0.100000;0.000000;°C;4
5124;4;18858;F32;;78#AC - Heating Low Point;;0.100000;0.000000;°C;4
5125;4;18860;F32;;78#AC - Heating High Point;;0.100000;0.000000;°C;4
5126;4;18862;F32;;78#AC - Dehumidification High Point (Start Point);;0.100000;0.000000;;4
5127;4;18864;F32;;78#AC - Dehumidification Low Point (Stop Point);;0.100000;0.000000;;4
5128;4;18866;F32;;78#AC - High Temperature Alarm Point;;0.100000;0.000000;°C;9
5129;4;18868;F32;;78#AC - Low Temperature Alarm Point;;0.100000;0.000000;°C;9
5130;4;18870;F32;;78#AC - Temperature;;0.100000;0.000000;°C;4
5131;4;18872;U16;;78#AC - Temperature Status;;1.000000;0.000000;;9
5132;4;18873;U16;;78#AC - Voltage Status;;1.000000;0.000000;;9
5133;4;18874;U16;;78#AC - Sensor Status;;1.000000;0.000000;;9
5134;4;18875;U16;;78#AC - Compressor Status;;1.000000;0.000000;;9
5135;4;18876;U16;;78#AC - Air Pressure Status;;1.000000;0.000000;;9
5136;4;18877;F32;;78#AC - Relative Humidity;;0.100000;0.000000;;4
5137;4;18900;U16;;79#AC - Operating Status;;1.000000;0.000000;;9
5138;4;18901;U16;;79#AC - Reserve;;1.000000;0.000000;;0
5139;4;18902;U16;;79#AC - Reserve;;1.000000;0.000000;;0
5140;4;18903;U16;;79#AC - Reserve;;1.000000;0.000000;;0
5141;4;18904;F32;;79#AC - Cooling Low Point;;0.100000;0.000000;°C;4
5142;4;18906;F32;;79#AC - Cooling High Point;;0.100000;0.000000;°C;4
5143;4;18908;F32;;79#AC - Heating Low Point;;0.100000;0.000000;°C;4
5144;4;18910;F32;;79#AC - Heating High Point;;0.100000;0.000000;°C;4
5145;4;18912;F32;;79#AC - Dehumidification High Point (Start Point);;0.100000;0.000000;;4
5146;4;18914;F32;;79#AC - Dehumidification Low Point (Stop Point);;0.100000;0.000000;;4
5147;4;18916;F32;;79#AC - High Temperature Alarm Point;;0.100000;0.000000;°C;9
5148;4;18918;F32;;79#AC - Low Temperature Alarm Point;;0.100000;0.000000;°C;9
5149;4;18920;F32;;79#AC - Temperature;;0.100000;0.000000;°C;4
5150;4;18922;U16;;79#AC - Temperature Status;;1.000000;0.000000;;9
5151;4;18923;U16;;79#AC - Voltage Status;;1.000000;0.000000;;9
5152;4;18924;U16;;79#AC - Sensor Status;;1.000000;0.000000;;9
5153;4;18925;U16;;79#AC - Compressor Status;;1.000000;0.000000;;9
5154;4;18926;U16;;79#AC - Air Pressure Status;;1.000000;0.000000;;9
5155;4;18927;F32;;79#AC - Relative Humidity;;0.100000;0.000000;;4
5156;4;18950;U16;;80#AC - Operating Status;;1.000000;0.000000;;9
5157;4;18951;U16;;80#AC - Reserve;;1.000000;0.000000;;0
5158;4;18952;U16;;80#AC - Reserve;;1.000000;0.000000;;0
5159;4;18953;U16;;80#AC - Reserve;;1.000000;0.000000;;0
5160;4;18954;F32;;80#AC - Cooling Low Point;;0.100000;0.000000;°C;4
5161;4;18956;F32;;80#AC - Cooling High Point;;0.100000;0.000000;°C;4
5162;4;18958;F32;;80#AC - Heating Low Point;;0.100000;0.000000;°C;4
5163;4;18960;F32;;80#AC - Heating High Point;;0.100000;0.000000;°C;4
5164;4;18962;F32;;80#AC - Dehumidification High Point (Start Point);;0.100000;0.000000;;4
5165;4;18964;F32;;80#AC - Dehumidification Low Point (Stop Point);;0.100000;0.000000;;4
5166;4;18966;F32;;80#AC - High Temperature Alarm Point;;0.100000;0.000000;°C;9
5167;4;18968;F32;;80#AC - Low Temperature Alarm Point;;0.100000;0.000000;°C;9
5168;4;18970;F32;;80#AC - Temperature;;0.100000;0.000000;°C;4
5169;4;18972;U16;;80#AC - Temperature Status;;1.000000;0.000000;;9
5170;4;18973;U16;;80#AC - Voltage Status;;1.000000;0.000000;;9
5171;4;18974;U16;;80#AC - Sensor Status;;1.000000;0.000000;;9
5172;4;18975;U16;;80#AC - Compressor Status;;1.000000;0.000000;;9
5173;4;18976;U16;;80#AC - Air Pressure Status;;1.000000;0.000000;;9
5174;4;18977;F32;;80#AC - Relative Humidity;;0.100000;0.000000;;4
5175;4;19000;U16;;81#AC - Operating Status;;1.000000;0.000000;;9
5176;4;19001;U16;;81#AC - Reserve;;1.000000;0.000000;;0
5177;4;19002;U16;;81#AC - Reserve;;1.000000;0.000000;;0
5178;4;19003;U16;;81#AC - Reserve;;1.000000;0.000000;;0
5179;4;19004;F32;;81#AC - Cooling Low Point;;0.100000;0.000000;°C;4
5180;4;19006;F32;;81#AC - Cooling High Point;;0.100000;0.000000;°C;4
5181;4;19008;F32;;81#AC - Heating Low Point;;0.100000;0.000000;°C;4
5182;4;19010;F32;;81#AC - Heating High Point;;0.100000;0.000000;°C;4
5183;4;19012;F32;;81#AC - Dehumidification High Point (Start Point);;0.100000;0.000000;;4
5184;4;19014;F32;;81#AC - Dehumidification Low Point (Stop Point);;0.100000;0.000000;;4
5185;4;19016;F32;;81#AC - High Temperature Alarm Point;;0.100000;0.000000;°C;9
5186;4;19018;F32;;81#AC - Low Temperature Alarm Point;;0.100000;0.000000;°C;9
5187;4;19020;F32;;81#AC - Temperature;;0.100000;0.000000;°C;4
5188;4;19022;U16;;81#AC - Temperature Status;;1.000000;0.000000;;9
5189;4;19023;U16;;81#AC - Voltage Status;;1.000000;0.000000;;9
5190;4;19024;U16;;81#AC - Sensor Status;;1.000000;0.000000;;9
5191;4;19025;U16;;81#AC - Compressor Status;;1.000000;0.000000;;9
5192;4;19026;U16;;81#AC - Air Pressure Status;;1.000000;0.000000;;9
5193;4;19027;F32;;81#AC - Relative Humidity;;0.100000;0.000000;;4
5194;4;19050;U16;;82#AC - Operating Status;;1.000000;0.000000;;9
5195;4;19051;U16;;82#AC - Reserve;;1.000000;0.000000;;0
5196;4;19052;U16;;82#AC - Reserve;;1.000000;0.000000;;0
5197;4;19053;U16;;82#AC - Reserve;;1.000000;0.000000;;0
5198;4;19054;F32;;82#AC - Cooling Low Point;;0.100000;0.000000;°C;4
5199;4;19056;F32;;82#AC - Cooling High Point;;0.100000;0.000000;°C;4
5200;4;19058;F32;;82#AC - Heating Low Point;;0.100000;0.000000;°C;4
5201;4;19060;F32;;82#AC - Heating High Point;;0.100000;0.000000;°C;4
5202;4;19062;F32;;82#AC - Dehumidification High Point (Start Point);;0.100000;0.000000;;4
5203;4;19064;F32;;82#AC - Dehumidification Low Point (Stop Point);;0.100000;0.000000;;4
5204;4;19066;F32;;82#AC - High Temperature Alarm Point;;0.100000;0.000000;°C;9
5205;4;19068;F32;;82#AC - Low Temperature Alarm Point;;0.100000;0.000000;°C;9
5206;4;19070;F32;;82#AC - Temperature;;0.100000;0.000000;°C;4
5207;4;19072;U16;;82#AC - Temperature Status;;1.000000;0.000000;;9
5208;4;19073;U16;;82#AC - Voltage Status;;1.000000;0.000000;;9
5209;4;19074;U16;;82#AC - Sensor Status;;1.000000;0.000000;;9
5210;4;19075;U16;;82#AC - Compressor Status;;1.000000;0.000000;;9
5211;4;19076;U16;;82#AC - Air Pressure Status;;1.000000;0.000000;;9
5212;4;19077;F32;;82#AC - Relative Humidity;;0.100000;0.000000;;4
5213;4;19100;U16;;83#AC - Operating Status;;1.000000;0.000000;;9
5214;4;19101;U16;;83#AC - Reserve;;1.000000;0.000000;;0
5215;4;19102;U16;;83#AC - Reserve;;1.000000;0.000000;;0
5216;4;19103;U16;;83#AC - Reserve;;1.000000;0.000000;;0
5217;4;19104;F32;;83#AC - Cooling Low Point;;0.100000;0.000000;°C;4
5218;4;19106;F32;;83#AC - Cooling High Point;;0.100000;0.000000;°C;4
5219;4;19108;F32;;83#AC - Heating Low Point;;0.100000;0.000000;°C;4
5220;4;19110;F32;;83#AC - Heating High Point;;0.100000;0.000000;°C;4
5221;4;19112;F32;;83#AC - Dehumidification High Point (Start Point);;0.100000;0.000000;;4
5222;4;19114;F32;;83#AC - Dehumidification Low Point (Stop Point);;0.100000;0.000000;;4
5223;4;19116;F32;;83#AC - High Temperature Alarm Point;;0.100000;0.000000;°C;9
5224;4;19118;F32;;83#AC - Low Temperature Alarm Point;;0.100000;0.000000;°C;9
5225;4;19120;F32;;83#AC - Temperature;;0.100000;0.000000;°C;4
5226;4;19122;U16;;83#AC - Temperature Status;;1.000000;0.000000;;9
5227;4;19123;U16;;83#AC - Voltage Status;;1.000000;0.000000;;9
5228;4;19124;U16;;83#AC - Sensor Status;;1.000000;0.000000;;9
5229;4;19125;U16;;83#AC - Compressor Status;;1.000000;0.000000;;9
5230;4;19126;U16;;83#AC - Air Pressure Status;;1.000000;0.000000;;9
5231;4;19127;F32;;83#AC - Relative Humidity;;0.100000;0.000000;;4
5232;4;19150;U16;;84#AC - Operating Status;;1.000000;0.000000;;9
5233;4;19151;U16;;84#AC - Reserve;;1.000000;0.000000;;0
5234;4;19152;U16;;84#AC - Reserve;;1.000000;0.000000;;0
5235;4;19153;U16;;84#AC - Reserve;;1.000000;0.000000;;0
5236;4;19154;F32;;84#AC - Cooling Low Point;;0.100000;0.000000;°C;4
5237;4;19156;F32;;84#AC - Cooling High Point;;0.100000;0.000000;°C;4
5238;4;19158;F32;;84#AC - Heating Low Point;;0.100000;0.000000;°C;4
5239;4;19160;F32;;84#AC - Heating High Point;;0.100000;0.000000;°C;4
5240;4;19162;F32;;84#AC - Dehumidification High Point (Start Point);;0.100000;0.000000;;4
5241;4;19164;F32;;84#AC - Dehumidification Low Point (Stop Point);;0.100000;0.000000;;4
5242;4;19166;F32;;84#AC - High Temperature Alarm Point;;0.100000;0.000000;°C;9
5243;4;19168;F32;;84#AC - Low Temperature Alarm Point;;0.100000;0.000000;°C;9
5244;4;19170;F32;;84#AC - Temperature;;0.100000;0.000000;°C;4
5245;4;19172;U16;;84#AC - Temperature Status;;1.000000;0.000000;;9
5246;4;19173;U16;;84#AC - Voltage Status;;1.000000;0.000000;;9
5247;4;19174;U16;;84#AC - Sensor Status;;1.000000;0.000000;;9
5248;4;19175;U16;;84#AC - Compressor Status;;1.000000;0.000000;;9
5249;4;19176;U16;;84#AC - Air Pressure Status;;1.000000;0.000000;;9
5250;4;19177;F32;;84#AC - Relative Humidity;;0.100000;0.000000;;4
5251;4;19200;U16;;85#AC - Operating Status;;1.000000;0.000000;;9
5252;4;19201;U16;;85#AC - Reserve;;1.000000;0.000000;;0
5253;4;19202;U16;;85#AC - Reserve;;1.000000;0.000000;;0
5254;4;19203;U16;;85#AC - Reserve;;1.000000;0.000000;;0
5255;4;19204;F32;;85#AC - Cooling Low Point;;0.100000;0.000000;°C;4
5256;4;19206;F32;;85#AC - Cooling High Point;;0.100000;0.000000;°C;4
5257;4;19208;F32;;85#AC - Heating Low Point;;0.100000;0.000000;°C;4
5258;4;19210;F32;;85#AC - Heating High Point;;0.100000;0.000000;°C;4
5259;4;19212;F32;;85#AC - Dehumidification High Point (Start Point);;0.100000;0.000000;;4
5260;4;19214;F32;;85#AC - Dehumidification Low Point (Stop Point);;0.100000;0.000000;;4
5261;4;19216;F32;;85#AC - High Temperature Alarm Point;;0.100000;0.000000;°C;9
5262;4;19218;F32;;85#AC - Low Temperature Alarm Point;;0.100000;0.000000;°C;9
5263;4;19220;F32;;85#AC - Temperature;;0.100000;0.000000;°C;4
5264;4;19222;U16;;85#AC - Temperature Status;;1.000000;0.000000;;9
5265;4;19223;U16;;85#AC - Voltage Status;;1.000000;0.000000;;9
5266;4;19224;U16;;85#AC - Sensor Status;;1.000000;0.000000;;9
5267;4;19225;U16;;85#AC - Compressor Status;;1.000000;0.000000;;9
5268;4;19226;U16;;85#AC - Air Pressure Status;;1.000000;0.000000;;9
5269;4;19227;F32;;85#AC - Relative Humidity;;0.100000;0.000000;;4
5270;4;19250;U16;;86#AC - Operating Status;;1.000000;0.000000;;9
5271;4;19251;U16;;86#AC - Reserve;;1.000000;0.000000;;0
5272;4;19252;U16;;86#AC - Reserve;;1.000000;0.000000;;0
5273;4;19253;U16;;86#AC - Reserve;;1.000000;0.000000;;0
5274;4;19254;F32;;86#AC - Cooling Low Point;;0.100000;0.000000;°C;4
5275;4;19256;F32;;86#AC - Cooling High Point;;0.100000;0.000000;°C;4
5276;4;19258;F32;;86#AC - Heating Low Point;;0.100000;0.000000;°C;4
5277;4;19260;F32;;86#AC - Heating High Point;;0.100000;0.000000;°C;4
5278;4;19262;F32;;86#AC - Dehumidification High Point (Start Point);;0.100000;0.000000;;4
5279;4;19264;F32;;86#AC - Dehumidification Low Point (Stop Point);;0.100000;0.000000;;4
5280;4;19266;F32;;86#AC - High Temperature Alarm Point;;0.100000;0.000000;°C;9
5281;4;19268;F32;;86#AC - Low Temperature Alarm Point;;0.100000;0.000000;°C;9
5282;4;19270;F32;;86#AC - Temperature;;0.100000;0.000000;°C;4
5283;4;19272;U16;;86#AC - Temperature Status;;1.000000;0.000000;;9
5284;4;19273;U16;;86#AC - Voltage Status;;1.000000;0.000000;;9
5285;4;19274;U16;;86#AC - Sensor Status;;1.000000;0.000000;;9
5286;4;19275;U16;;86#AC - Compressor Status;;1.000000;0.000000;;9
5287;4;19276;U16;;86#AC - Air Pressure Status;;1.000000;0.000000;;9
5288;4;19277;F32;;86#AC - Relative Humidity;;0.100000;0.000000;;4
5289;4;19300;U16;;87#AC - Operating Status;;1.000000;0.000000;;9
5290;4;19301;U16;;87#AC - Reserve;;1.000000;0.000000;;0
5291;4;19302;U16;;87#AC - Reserve;;1.000000;0.000000;;0
5292;4;19303;U16;;87#AC - Reserve;;1.000000;0.000000;;0
5293;4;19304;F32;;87#AC - Cooling Low Point;;0.100000;0.000000;°C;4
5294;4;19306;F32;;87#AC - Cooling High Point;;0.100000;0.000000;°C;4
5295;4;19308;F32;;87#AC - Heating Low Point;;0.100000;0.000000;°C;4
5296;4;19310;F32;;87#AC - Heating High Point;;0.100000;0.000000;°C;4
5297;4;19312;F32;;87#AC - Dehumidification High Point (Start Point);;0.100000;0.000000;;4
5298;4;19314;F32;;87#AC - Dehumidification Low Point (Stop Point);;0.100000;0.000000;;4
5299;4;19316;F32;;87#AC - High Temperature Alarm Point;;0.100000;0.000000;°C;9
5300;4;19318;F32;;87#AC - Low Temperature Alarm Point;;0.100000;0.000000;°C;9
5301;4;19320;F32;;87#AC - Temperature;;0.100000;0.000000;°C;4
5302;4;19322;U16;;87#AC - Temperature Status;;1.000000;0.000000;;9
5303;4;19323;U16;;87#AC - Voltage Status;;1.000000;0.000000;;9
5304;4;19324;U16;;87#AC - Sensor Status;;1.000000;0.000000;;9
5305;4;19325;U16;;87#AC - Compressor Status;;1.000000;0.000000;;9
5306;4;19326;U16;;87#AC - Air Pressure Status;;1.000000;0.000000;;9
5307;4;19327;F32;;87#AC - Relative Humidity;;0.100000;0.000000;;4
5308;4;19350;U16;;88#AC - Operating Status;;1.000000;0.000000;;9
5309;4;19351;U16;;88#AC - Reserve;;1.000000;0.000000;;0
5310;4;19352;U16;;88#AC - Reserve;;1.000000;0.000000;;0
5311;4;19353;U16;;88#AC - Reserve;;1.000000;0.000000;;0
5312;4;19354;F32;;88#AC - Cooling Low Point;;0.100000;0.000000;°C;4
5313;4;19356;F32;;88#AC - Cooling High Point;;0.100000;0.000000;°C;4
5314;4;19358;F32;;88#AC - Heating Low Point;;0.100000;0.000000;°C;4
5315;4;19360;F32;;88#AC - Heating High Point;;0.100000;0.000000;°C;4
5316;4;19362;F32;;88#AC - Dehumidification High Point (Start Point);;0.100000;0.000000;;4
5317;4;19364;F32;;88#AC - Dehumidification Low Point (Stop Point);;0.100000;0.000000;;4
5318;4;19366;F32;;88#AC - High Temperature Alarm Point;;0.100000;0.000000;°C;9
5319;4;19368;F32;;88#AC - Low Temperature Alarm Point;;0.100000;0.000000;°C;9
5320;4;19370;F32;;88#AC - Temperature;;0.100000;0.000000;°C;4
5321;4;19372;U16;;88#AC - Temperature Status;;1.000000;0.000000;;9
5322;4;19373;U16;;88#AC - Voltage Status;;1.000000;0.000000;;9
5323;4;19374;U16;;88#AC - Sensor Status;;1.000000;0.000000;;9
5324;4;19375;U16;;88#AC - Compressor Status;;1.000000;0.000000;;9
5325;4;19376;U16;;88#AC - Air Pressure Status;;1.000000;0.000000;;9
5326;4;19377;F32;;88#AC - Relative Humidity;;0.100000;0.000000;;4
5327;4;19400;U16;;89#AC - Operating Status;;1.000000;0.000000;;9
5328;4;19401;U16;;89#AC - Reserve;;1.000000;0.000000;;0
5329;4;19402;U16;;89#AC - Reserve;;1.000000;0.000000;;0
5330;4;19403;U16;;89#AC - Reserve;;1.000000;0.000000;;0
5331;4;19404;F32;;89#AC - Cooling Low Point;;0.100000;0.000000;°C;4
5332;4;19406;F32;;89#AC - Cooling High Point;;0.100000;0.000000;°C;4
5333;4;19408;F32;;89#AC - Heating Low Point;;0.100000;0.000000;°C;4
5334;4;19410;F32;;89#AC - Heating High Point;;0.100000;0.000000;°C;4
5335;4;19412;F32;;89#AC - Dehumidification High Point (Start Point);;0.100000;0.000000;;4
5336;4;19414;F32;;89#AC - Dehumidification Low Point (Stop Point);;0.100000;0.000000;;4
5337;4;19416;F32;;89#AC - High Temperature Alarm Point;;0.100000;0.000000;°C;9
5338;4;19418;F32;;89#AC - Low Temperature Alarm Point;;0.100000;0.000000;°C;9
5339;4;19420;F32;;89#AC - Temperature;;0.100000;0.000000;°C;4
5340;4;19422;U16;;89#AC - Temperature Status;;1.000000;0.000000;;9
5341;4;19423;U16;;89#AC - Voltage Status;;1.000000;0.000000;;9
5342;4;19424;U16;;89#AC - Sensor Status;;1.000000;0.000000;;9
5343;4;19425;U16;;89#AC - Compressor Status;;1.000000;0.000000;;9
5344;4;19426;U16;;89#AC - Air Pressure Status;;1.000000;0.000000;;9
5345;4;19427;F32;;89#AC - Relative Humidity;;0.100000;0.000000;;4
5346;4;19450;U16;;90#AC - Operating Status;;1.000000;0.000000;;9
5347;4;19451;U16;;90#AC - Reserve;;1.000000;0.000000;;0
5348;4;19452;U16;;90#AC - Reserve;;1.000000;0.000000;;0
5349;4;19453;U16;;90#AC - Reserve;;1.000000;0.000000;;0
5350;4;19454;F32;;90#AC - Cooling Low Point;;0.100000;0.000000;°C;4
5351;4;19456;F32;;90#AC - Cooling High Point;;0.100000;0.000000;°C;4
5352;4;19458;F32;;90#AC - Heating Low Point;;0.100000;0.000000;°C;4
5353;4;19460;F32;;90#AC - Heating High Point;;0.100000;0.000000;°C;4
5354;4;19462;F32;;90#AC - Dehumidification High Point (Start Point);;0.100000;0.000000;;4
5355;4;19464;F32;;90#AC - Dehumidification Low Point (Stop Point);;0.100000;0.000000;;4
5356;4;19466;F32;;90#AC - High Temperature Alarm Point;;0.100000;0.000000;°C;9
5357;4;19468;F32;;90#AC - Low Temperature Alarm Point;;0.100000;0.000000;°C;9
5358;4;19470;F32;;90#AC - Temperature;;0.100000;0.000000;°C;4
5359;4;19472;U16;;90#AC - Temperature Status;;1.000000;0.000000;;9
5360;4;19473;U16;;90#AC - Voltage Status;;1.000000;0.000000;;9
5361;4;19474;U16;;90#AC - Sensor Status;;1.000000;0.000000;;9
5362;4;19475;U16;;90#AC - Compressor Status;;1.000000;0.000000;;9
5363;4;19476;U16;;90#AC - Air Pressure Status;;1.000000;0.000000;;9
5364;4;19477;F32;;90#AC - Relative Humidity;;0.100000;0.000000;;4
5365;4;19500;U16;;91#AC - Operating Status;;1.000000;0.000000;;9
5366;4;19501;U16;;91#AC - Reserve;;1.000000;0.000000;;0
5367;4;19502;U16;;91#AC - Reserve;;1.000000;0.000000;;0
5368;4;19503;U16;;91#AC - Reserve;;1.000000;0.000000;;0
5369;4;19504;F32;;91#AC - Cooling Low Point;;0.100000;0.000000;°C;4
5370;4;19506;F32;;91#AC - Cooling High Point;;0.100000;0.000000;°C;4
5371;4;19508;F32;;91#AC - Heating Low Point;;0.100000;0.000000;°C;4
5372;4;19510;F32;;91#AC - Heating High Point;;0.100000;0.000000;°C;4
5373;4;19512;F32;;91#AC - Dehumidification High Point (Start Point);;0.100000;0.000000;;4
5374;4;19514;F32;;91#AC - Dehumidification Low Point (Stop Point);;0.100000;0.000000;;4
5375;4;19516;F32;;91#AC - High Temperature Alarm Point;;0.100000;0.000000;°C;9
5376;4;19518;F32;;91#AC - Low Temperature Alarm Point;;0.100000;0.000000;°C;9
5377;4;19520;F32;;91#AC - Temperature;;0.100000;0.000000;°C;4
5378;4;19522;U16;;91#AC - Temperature Status;;1.000000;0.000000;;9
5379;4;19523;U16;;91#AC - Voltage Status;;1.000000;0.000000;;9
5380;4;19524;U16;;91#AC - Sensor Status;;1.000000;0.000000;;9
5381;4;19525;U16;;91#AC - Compressor Status;;1.000000;0.000000;;9
5382;4;19526;U16;;91#AC - Air Pressure Status;;1.000000;0.000000;;9
5383;4;19527;F32;;91#AC - Relative Humidity;;0.100000;0.000000;;4
5384;4;19550;U16;;92#AC - Operating Status;;1.000000;0.000000;;9
5385;4;19551;U16;;92#AC - Reserve;;1.000000;0.000000;;0
5386;4;19552;U16;;92#AC - Reserve;;1.000000;0.000000;;0
5387;4;19553;U16;;92#AC - Reserve;;1.000000;0.000000;;0
5388;4;19554;F32;;92#AC - Cooling Low Point;;0.100000;0.000000;°C;4
5389;4;19556;F32;;92#AC - Cooling High Point;;0.100000;0.000000;°C;4
5390;4;19558;F32;;92#AC - Heating Low Point;;0.100000;0.000000;°C;4
5391;4;19560;F32;;92#AC - Heating High Point;;0.100000;0.000000;°C;4
5392;4;19562;F32;;92#AC - Dehumidification High Point (Start Point);;0.100000;0.000000;;4
5393;4;19564;F32;;92#AC - Dehumidification Low Point (Stop Point);;0.100000;0.000000;;4
5394;4;19566;F32;;92#AC - High Temperature Alarm Point;;0.100000;0.000000;°C;9
5395;4;19568;F32;;92#AC - Low Temperature Alarm Point;;0.100000;0.000000;°C;9
5396;4;19570;F32;;92#AC - Temperature;;0.100000;0.000000;°C;4
5397;4;19572;U16;;92#AC - Temperature Status;;1.000000;0.000000;;9
5398;4;19573;U16;;92#AC - Voltage Status;;1.000000;0.000000;;9
5399;4;19574;U16;;92#AC - Sensor Status;;1.000000;0.000000;;9
5400;4;19575;U16;;92#AC - Compressor Status;;1.000000;0.000000;;9
5401;4;19576;U16;;92#AC - Air Pressure Status;;1.000000;0.000000;;9
5402;4;19577;F32;;92#AC - Relative Humidity;;0.100000;0.000000;;4
5403;4;19600;U16;;93#AC - Operating Status;;1.000000;0.000000;;9
5404;4;19601;U16;;93#AC - Reserve;;1.000000;0.000000;;0
5405;4;19602;U16;;93#AC - Reserve;;1.000000;0.000000;;0
5406;4;19603;U16;;93#AC - Reserve;;1.000000;0.000000;;0
5407;4;19604;F32;;93#AC - Cooling Low Point;;0.100000;0.000000;°C;4
5408;4;19606;F32;;93#AC - Cooling High Point;;0.100000;0.000000;°C;4
5409;4;19608;F32;;93#AC - Heating Low Point;;0.100000;0.000000;°C;4
5410;4;19610;F32;;93#AC - Heating High Point;;0.100000;0.000000;°C;4
5411;4;19612;F32;;93#AC - Dehumidification High Point (Start Point);;0.100000;0.000000;;4
5412;4;19614;F32;;93#AC - Dehumidification Low Point (Stop Point);;0.100000;0.000000;;4
5413;4;19616;F32;;93#AC - High Temperature Alarm Point;;0.100000;0.000000;°C;9
5414;4;19618;F32;;93#AC - Low Temperature Alarm Point;;0.100000;0.000000;°C;9
5415;4;19620;F32;;93#AC - Temperature;;0.100000;0.000000;°C;4
5416;4;19622;U16;;93#AC - Temperature Status;;1.000000;0.000000;;9
5417;4;19623;U16;;93#AC - Voltage Status;;1.000000;0.000000;;9
5418;4;19624;U16;;93#AC - Sensor Status;;1.000000;0.000000;;9
5419;4;19625;U16;;93#AC - Compressor Status;;1.000000;0.000000;;9
5420;4;19626;U16;;93#AC - Air Pressure Status;;1.000000;0.000000;;9
5421;4;19627;F32;;93#AC - Relative Humidity;;0.100000;0.000000;;4
5422;4;19650;U16;;94#AC - Operating Status;;1.000000;0.000000;;9
5423;4;19651;U16;;94#AC - Reserve;;1.000000;0.000000;;0
5424;4;19652;U16;;94#AC - Reserve;;1.000000;0.000000;;0
5425;4;19653;U16;;94#AC - Reserve;;1.000000;0.000000;;0
5426;4;19654;F32;;94#AC - Cooling Low Point;;0.100000;0.000000;°C;4
5427;4;19656;F32;;94#AC - Cooling High Point;;0.100000;0.000000;°C;4
5428;4;19658;F32;;94#AC - Heating Low Point;;0.100000;0.000000;°C;4
5429;4;19660;F32;;94#AC - Heating High Point;;0.100000;0.000000;°C;4
5430;4;19662;F32;;94#AC - Dehumidification High Point (Start Point);;0.100000;0.000000;;4
5431;4;19664;F32;;94#AC - Dehumidification Low Point (Stop Point);;0.100000;0.000000;;4
5432;4;19666;F32;;94#AC - High Temperature Alarm Point;;0.100000;0.000000;°C;9
5433;4;19668;F32;;94#AC - Low Temperature Alarm Point;;0.100000;0.000000;°C;9
5434;4;19670;F32;;94#AC - Temperature;;0.100000;0.000000;°C;4
5435;4;19672;U16;;94#AC - Temperature Status;;1.000000;0.000000;;9
5436;4;19673;U16;;94#AC - Voltage Status;;1.000000;0.000000;;9
5437;4;19674;U16;;94#AC - Sensor Status;;1.000000;0.000000;;9
5438;4;19675;U16;;94#AC - Compressor Status;;1.000000;0.000000;;9
5439;4;19676;U16;;94#AC - Air Pressure Status;;1.000000;0.000000;;9
5440;4;19677;F32;;94#AC - Relative Humidity;;0.100000;0.000000;;4
5441;4;19700;U16;;95#AC - Operating Status;;1.000000;0.000000;;9
5442;4;19701;U16;;95#AC - Reserve;;1.000000;0.000000;;0
5443;4;19702;U16;;95#AC - Reserve;;1.000000;0.000000;;0
5444;4;19703;U16;;95#AC - Reserve;;1.000000;0.000000;;0
5445;4;19704;F32;;95#AC - Cooling Low Point;;0.100000;0.000000;°C;4
5446;4;19706;F32;;95#AC - Cooling High Point;;0.100000;0.000000;°C;4
5447;4;19708;F32;;95#AC - Heating Low Point;;0.100000;0.000000;°C;4
5448;4;19710;F32;;95#AC - Heating High Point;;0.100000;0.000000;°C;4
5449;4;19712;F32;;95#AC - Dehumidification High Point (Start Point);;0.100000;0.000000;;4
5450;4;19714;F32;;95#AC - Dehumidification Low Point (Stop Point);;0.100000;0.000000;;4
5451;4;19716;F32;;95#AC - High Temperature Alarm Point;;0.100000;0.000000;°C;9
5452;4;19718;F32;;95#AC - Low Temperature Alarm Point;;0.100000;0.000000;°C;9
5453;4;19720;F32;;95#AC - Temperature;;0.100000;0.000000;°C;4
5454;4;19722;U16;;95#AC - Temperature Status;;1.000000;0.000000;;9
5455;4;19723;U16;;95#AC - Voltage Status;;1.000000;0.000000;;9
5456;4;19724;U16;;95#AC - Sensor Status;;1.000000;0.000000;;9
5457;4;19725;U16;;95#AC - Compressor Status;;1.000000;0.000000;;9
5458;4;19726;U16;;95#AC - Air Pressure Status;;1.000000;0.000000;;9
5459;4;19727;F32;;95#AC - Relative Humidity;;0.100000;0.000000;;4
5460;4;19750;U16;;96#AC - Operating Status;;1.000000;0.000000;;9
5461;4;19751;U16;;96#AC - Reserve;;1.000000;0.000000;;0
5462;4;19752;U16;;96#AC - Reserve;;1.000000;0.000000;;0
5463;4;19753;U16;;96#AC - Reserve;;1.000000;0.000000;;0
5464;4;19754;F32;;96#AC - Cooling Low Point;;0.100000;0.000000;°C;4
5465;4;19756;F32;;96#AC - Cooling High Point;;0.100000;0.000000;°C;4
5466;4;19758;F32;;96#AC - Heating Low Point;;0.100000;0.000000;°C;4
5467;4;19760;F32;;96#AC - Heating High Point;;0.100000;0.000000;°C;4
5468;4;19762;F32;;96#AC - Dehumidification High Point (Start Point);;0.100000;0.000000;;4
5469;4;19764;F32;;96#AC - Dehumidification Low Point (Stop Point);;0.100000;0.000000;;4
5470;4;19766;F32;;96#AC - High Temperature Alarm Point;;0.100000;0.000000;°C;9
5471;4;19768;F32;;96#AC - Low Temperature Alarm Point;;0.100000;0.000000;°C;9
5472;4;19770;F32;;96#AC - Temperature;;0.100000;0.000000;°C;4
5473;4;19772;U16;;96#AC - Temperature Status;;1.000000;0.000000;;9
5474;4;19773;U16;;96#AC - Voltage Status;;1.000000;0.000000;;9
5475;4;19774;U16;;96#AC - Sensor Status;;1.000000;0.000000;;9
5476;4;19775;U16;;96#AC - Compressor Status;;1.000000;0.000000;;9
5477;4;19776;U16;;96#AC - Air Pressure Status;;1.000000;0.000000;;9
5478;4;19777;F32;;96#AC - Relative Humidity;;0.100000;0.000000;;4
5479;4;19800;U16;;97#AC - Operating Status;;1.000000;0.000000;;9
5480;4;19801;U16;;97#AC - Reserve;;1.000000;0.000000;;0
5481;4;19802;U16;;97#AC - Reserve;;1.000000;0.000000;;0
5482;4;19803;U16;;97#AC - Reserve;;1.000000;0.000000;;0
5483;4;19804;F32;;97#AC - Cooling Low Point;;0.100000;0.000000;°C;4
5484;4;19806;F32;;97#AC - Cooling High Point;;0.100000;0.000000;°C;4
5485;4;19808;F32;;97#AC - Heating Low Point;;0.100000;0.000000;°C;4
5486;4;19810;F32;;97#AC - Heating High Point;;0.100000;0.000000;°C;4
5487;4;19812;F32;;97#AC - Dehumidification High Point (Start Point);;0.100000;0.000000;;4
5488;4;19814;F32;;97#AC - Dehumidification Low Point (Stop Point);;0.100000;0.000000;;4
5489;4;19816;F32;;97#AC - High Temperature Alarm Point;;0.100000;0.000000;°C;9
5490;4;19818;F32;;97#AC - Low Temperature Alarm Point;;0.100000;0.000000;°C;9
5491;4;19820;F32;;97#AC - Temperature;;0.100000;0.000000;°C;4
5492;4;19822;U16;;97#AC - Temperature Status;;1.000000;0.000000;;9
5493;4;19823;U16;;97#AC - Voltage Status;;1.000000;0.000000;;9
5494;4;19824;U16;;97#AC - Sensor Status;;1.000000;0.000000;;9
5495;4;19825;U16;;97#AC - Compressor Status;;1.000000;0.000000;;9
5496;4;19826;U16;;97#AC - Air Pressure Status;;1.000000;0.000000;;9
5497;4;19827;F32;;97#AC - Relative Humidity;;0.100000;0.000000;;4
5498;4;19850;U16;;98#AC - Operating Status;;1.000000;0.000000;;9
5499;4;19851;U16;;98#AC - Reserve;;1.000000;0.000000;;0
5500;4;19852;U16;;98#AC - Reserve;;1.000000;0.000000;;0
5501;4;19853;U16;;98#AC - Reserve;;1.000000;0.000000;;0
5502;4;19854;F32;;98#AC - Cooling Low Point;;0.100000;0.000000;°C;4
5503;4;19856;F32;;98#AC - Cooling High Point;;0.100000;0.000000;°C;4
5504;4;19858;F32;;98#AC - Heating Low Point;;0.100000;0.000000;°C;4
5505;4;19860;F32;;98#AC - Heating High Point;;0.100000;0.000000;°C;4
5506;4;19862;F32;;98#AC - Dehumidification High Point (Start Point);;0.100000;0.000000;;4
5507;4;19864;F32;;98#AC - Dehumidification Low Point (Stop Point);;0.100000;0.000000;;4
5508;4;19866;F32;;98#AC - High Temperature Alarm Point;;0.100000;0.000000;°C;9
5509;4;19868;F32;;98#AC - Low Temperature Alarm Point;;0.100000;0.000000;°C;9
5510;4;19870;F32;;98#AC - Temperature;;0.100000;0.000000;°C;4
5511;4;19872;U16;;98#AC - Temperature Status;;1.000000;0.000000;;9
5512;4;19873;U16;;98#AC - Voltage Status;;1.000000;0.000000;;9
5513;4;19874;U16;;98#AC - Sensor Status;;1.000000;0.000000;;9
5514;4;19875;U16;;98#AC - Compressor Status;;1.000000;0.000000;;9
5515;4;19876;U16;;98#AC - Air Pressure Status;;1.000000;0.000000;;9
5516;4;19877;F32;;98#AC - Relative Humidity;;0.100000;0.000000;;4
5517;4;19900;U16;;99#AC - Operating Status;;1.000000;0.000000;;9
5518;4;19901;U16;;99#AC - Reserve;;1.000000;0.000000;;0
5519;4;19902;U16;;99#AC - Reserve;;1.000000;0.000000;;0
5520;4;19903;U16;;99#AC - Reserve;;1.000000;0.000000;;0
5521;4;19904;F32;;99#AC - Cooling Low Point;;0.100000;0.000000;°C;4
5522;4;19906;F32;;99#AC - Cooling High Point;;0.100000;0.000000;°C;4
5523;4;19908;F32;;99#AC - Heating Low Point;;0.100000;0.000000;°C;4
5524;4;19910;F32;;99#AC - Heating High Point;;0.100000;0.000000;°C;4
5525;4;19912;F32;;99#AC - Dehumidification High Point (Start Point);;0.100000;0.000000;;4
5526;4;19914;F32;;99#AC - Dehumidification Low Point (Stop Point);;0.100000;0.000000;;4
5527;4;19916;F32;;99#AC - High Temperature Alarm Point;;0.100000;0.000000;°C;9
5528;4;19918;F32;;99#AC - Low Temperature Alarm Point;;0.100000;0.000000;°C;9
5529;4;19920;F32;;99#AC - Temperature;;0.100000;0.000000;°C;4
5530;4;19922;U16;;99#AC - Temperature Status;;1.000000;0.000000;;9
5531;4;19923;U16;;99#AC - Voltage Status;;1.000000;0.000000;;9
5532;4;19924;U16;;99#AC - Sensor Status;;1.000000;0.000000;;9
5533;4;19925;U16;;99#AC - Compressor Status;;1.000000;0.000000;;9
5534;4;19926;U16;;99#AC - Air Pressure Status;;1.000000;0.000000;;9
5535;4;19927;F32;;99#AC - Relative Humidity;;0.100000;0.000000;;4
5536;4;19950;U16;;100#AC - Operating Status;;1.000000;0.000000;;9
5537;4;19951;U16;;100#AC - Reserve;;1.000000;0.000000;;0
5538;4;19952;U16;;100#AC - Reserve;;1.000000;0.000000;;0
5539;4;19953;U16;;100#AC - Reserve;;1.000000;0.000000;;0
5540;4;19954;F32;;100#AC - Cooling Low Point;;0.100000;0.000000;°C;4
5541;4;19956;F32;;100#AC - Cooling High Point;;0.100000;0.000000;°C;4
5542;4;19958;F32;;100#AC - Heating Low Point;;0.100000;0.000000;°C;4
5543;4;19960;F32;;100#AC - Heating High Point;;0.100000;0.000000;°C;4
5544;4;19962;F32;;100#AC - Dehumidification High Point (Start Point);;0.100000;0.000000;;4
5545;4;19964;F32;;100#AC - Dehumidification Low Point (Stop Point);;0.100000;0.000000;;4
5546;4;19966;F32;;100#AC - High Temperature Alarm Point;;0.100000;0.000000;°C;9
5547;4;19968;F32;;100#AC - Low Temperature Alarm Point;;0.100000;0.000000;°C;9
5548;4;19970;F32;;100#AC - Temperature;;0.100000;0.000000;°C;4
5549;4;19972;U16;;100#AC - Temperature Status;;1.000000;0.000000;;9
5550;4;19973;U16;;100#AC - Voltage Status;;1.000000;0.000000;;9
5551;4;19974;U16;;100#AC - Sensor Status;;1.000000;0.000000;;9
5552;4;19975;U16;;100#AC - Compressor Status;;1.000000;0.000000;;9
5553;4;19976;U16;;100#AC - Air Pressure Status;;1.000000;0.000000;;9
5554;4;19977;F32;;100#AC - Relative Humidity;;0.100000;0.000000;;4
5555;4;20000;U16;;1#DIO - Reserve;;1.000000;0.000000;;0
5556;4;20001;U16;;1#DIO - Reserve;;1.000000;0.000000;;0
5557;4;20002;U16;;1#DIO - Reserve;;1.000000;0.000000;;0
5558;4;20003;U16;;1#DIO - Reserve;;1.000000;0.000000;;0
5559;4;20004;U16;;1#DIO - Reserve;;1.000000;0.000000;;0
5560;4;20005;U16;;1#DIO - Reserve;;1.000000;0.000000;;0
5561;4;20006;U16;;1#DIO - 1#DI-1（crash-stop）;;1.000000;0.000000;;9
5562;4;20007;U16;;1#DIO - 1#DI-2（Surge fault feedback）;;1.000000;0.000000;;9
5563;4;20008;U16;;1#DIO - 1#DI-3（PCS Discharge/Charge Status）;;1.000000;0.000000;;9
5564;4;20009;U16;;1#DIO - 1#DI-4（Water Cooling）;;1.000000;0.000000;;4
5565;4;20010;U16;;1#DIO - 1#DI-5（Aerosol spraying）;;1.000000;0.000000;;4
5566;4;20011;U16;;1#DIO - 1#DI-6（KA1-KA6 Contactor Monitoring）;;1.000000;0.000000;;4
5567;4;20012;U16;;1#DIO - 1#DI-7（Reserve）;;1.000000;0.000000;;0
5568;4;20013;U16;;1#DIO - 1#DI-8（Reserve）;;1.000000;0.000000;;0
5569;4;20014;U16;;1#DIO - 1#DI-9（Temperature feedback）;;1.000000;0.000000;;4
5570;4;20015;U16;;1#DIO - 1#DI-10（Smoke feedback）;;1.000000;0.000000;;4
5571;4;20016;U16;;1#DIO - 1#DI-11（AC side entrance guard）;;1.000000;0.000000;;4
5572;4;20017;U16;;1#DIO - 1#DI-12（DC side entrance guard）;;1.000000;0.000000;;4
5573;4;20018;U16;;1#DIO - 1#DI-13（Exhaust Fan Feedback）;;1.000000;0.000000;;4
5574;4;20019;U16;;1#DIO - 1#DO-1（Running Indicator）;;1.000000;0.000000;;4
5575;4;20020;U16;;1#DIO - 1#DO-2（Fault Indicator）;;1.000000;0.000000;;9
5576;4;20021;U16;;1#DIO - 1#DO-3（Intermediate relay）;;1.000000;0.000000;;4
5577;4;20022;U16;;1#DIO - Reserve;;1.000000;0.000000;;0
5578;4;20024;U16;;1#DIO - Reserve;;1.000000;0.000000;;0
5579;4;20025;U16;;1#DIO - Reserve;;1.000000;0.000000;;0
5580;4;20026;U16;;1#DIO - Reserve;;1.000000;0.000000;;0
5581;4;20027;U16;;1#DIO - Reserve;;1.000000;0.000000;;0
5582;4;20028;U16;;1#DIO - Reserve;;1.000000;0.000000;;0
5583;4;20029;U16;;1#DIO - 2#DI-1;;1.000000;0.000000;;4
5584;4;20030;U16;;1#DIO - 2#DI-2;;1.000000;0.000000;;4
5585;4;20031;U16;;1#DIO - 2#DI-3;;1.000000;0.000000;;4
5586;4;20032;U16;;1#DIO - ;;1.000000;0.000000;;4
5587;4;20033;U16;;1#DIO - 2#DO-1;;1.000000;0.000000;;4
5588;4;20034;U16;;1#DIO - 2#DO-2;;1.000000;0.000000;;4
5589;4;20035;U16;;1#DIO - 2#DO-3;;1.000000;0.000000;;4
5590;4;20036;U16;;1#DIO - ;;1.000000;0.000000;;4
5591;4;20037;U16;;1#DIO - Reserve;;1.000000;0.000000;;0
5592;4;20038;U16;;1#DIO - Reserve;;1.000000;0.000000;;0
5593;4;20039;U16;;1#DIO - Reserve;;1.000000;0.000000;;0
5594;4;20040;U16;;1#DIO - Reserve;;1.000000;0.000000;;0
5595;4;20041;U16;;1#DIO - Reserve;;1.000000;0.000000;;0
5596;4;20042;U16;;1#DIO - Reserve;;1.000000;0.000000;;0
5597;4;20043;U16;;1#DIO - 50#DI-1;;1.000000;0.000000;;4
5598;4;20100;U16;;2#DIO - Reserve;;1.000000;0.000000;;0
5599;4;20101;U16;;2#DIO - Reserve;;1.000000;0.000000;;0
5600;4;20102;U16;;2#DIO - Reserve;;1.000000;0.000000;;0
5601;4;20103;U16;;2#DIO - Reserve;;1.000000;0.000000;;0
5602;4;20104;U16;;2#DIO - Reserve;;1.000000;0.000000;;0
5603;4;20105;U16;;2#DIO - Reserve;;1.000000;0.000000;;0
5604;4;20106;U16;;2#DIO - 1#DI-1（crash-stop）;;1.000000;0.000000;;9
5605;4;20107;U16;;2#DIO - 1#DI-2（Surge fault feedback）;;1.000000;0.000000;;9
5606;4;20108;U16;;2#DIO - 1#DI-3（PCS Discharge/Charge Status）;;1.000000;0.000000;;9
5607;4;20109;U16;;2#DIO - 1#DI-4（Water Cooling）;;1.000000;0.000000;;4
5608;4;20110;U16;;2#DIO - 1#DI-5（Aerosol spraying）;;1.000000;0.000000;;4
5609;4;20111;U16;;2#DIO - 1#DI-6（KA1-KA6 Contactor Monitoring）;;1.000000;0.000000;;4
5610;4;20112;U16;;2#DIO - 1#DI-7（Reserve）;;1.000000;0.000000;;0
5611;4;20113;U16;;2#DIO - 1#DI-8（Reserve）;;1.000000;0.000000;;0
5612;4;20114;U16;;2#DIO - 1#DI-9（Temperature feedback）;;1.000000;0.000000;;4
5613;4;20115;U16;;2#DIO - 1#DI-10（Smoke feedback）;;1.000000;0.000000;;4
5614;4;20116;U16;;2#DIO - 1#DI-11（AC side entrance guard）;;1.000000;0.000000;;4
5615;4;20117;U16;;2#DIO - 1#DI-12（DC side entrance guard）;;1.000000;0.000000;;4
5616;4;20118;U16;;2#DIO - 1#DI-13（Exhaust Fan Feedback）;;1.000000;0.000000;;4
5617;4;20119;U16;;2#DIO - 1#DO-1（Running Indicator）;;1.000000;0.000000;;4
5618;4;20120;U16;;2#DIO - 1#DO-2（Fault Indicator）;;1.000000;0.000000;;9
5619;4;20121;U16;;2#DIO - 1#DO-3（Intermediate relay）;;1.000000;0.000000;;4
5620;4;20122;U16;;2#DIO - Reserve;;1.000000;0.000000;;0
5621;4;20124;U16;;2#DIO - Reserve;;1.000000;0.000000;;0
5622;4;20125;U16;;2#DIO - Reserve;;1.000000;0.000000;;0
5623;4;20126;U16;;2#DIO - Reserve;;1.000000;0.000000;;0
5624;4;20127;U16;;2#DIO - Reserve;;1.000000;0.000000;;0
5625;4;20128;U16;;2#DIO - Reserve;;1.000000;0.000000;;0
5626;4;20129;U16;;2#DIO - 2#DI-1;;1.000000;0.000000;;4
5627;4;20130;U16;;2#DIO - 2#DI-2;;1.000000;0.000000;;4
5628;4;20131;U16;;2#DIO - 2#DI-3;;1.000000;0.000000;;4
5629;4;20132;U16;;2#DIO - ;;1.000000;0.000000;;4
5630;4;20133;U16;;2#DIO - 2#DO-1;;1.000000;0.000000;;4
5631;4;20134;U16;;2#DIO - 2#DO-2;;1.000000;0.000000;;4
5632;4;20135;U16;;2#DIO - 2#DO-3;;1.000000;0.000000;;4
5633;4;20136;U16;;2#DIO - ;;1.000000;0.000000;;4
5634;4;20137;U16;;2#DIO - Reserve;;1.000000;0.000000;;0
5635;4;20138;U16;;2#DIO - Reserve;;1.000000;0.000000;;0
5636;4;20139;U16;;2#DIO - Reserve;;1.000000;0.000000;;0
5637;4;20140;U16;;2#DIO - Reserve;;1.000000;0.000000;;0
5638;4;20141;U16;;2#DIO - Reserve;;1.000000;0.000000;;0
5639;4;20142;U16;;2#DIO - Reserve;;1.000000;0.000000;;0
5640;4;20143;U16;;2#DIO - 50#DI-1;;1.000000;0.000000;;4
5641;4;20200;U16;;3#DIO - Reserve;;1.000000;0.000000;;0
5642;4;20201;U16;;3#DIO - Reserve;;1.000000;0.000000;;0
5643;4;20202;U16;;3#DIO - Reserve;;1.000000;0.000000;;0
5644;4;20203;U16;;3#DIO - Reserve;;1.000000;0.000000;;0
5645;4;20204;U16;;3#DIO - Reserve;;1.000000;0.000000;;0
5646;4;20205;U16;;3#DIO - Reserve;;1.000000;0.000000;;0
5647;4;20206;U16;;3#DIO - 1#DI-1（crash-stop）;;1.000000;0.000000;;9
5648;4;20207;U16;;3#DIO - 1#DI-2（Surge fault feedback）;;1.000000;0.000000;;9
5649;4;20208;U16;;3#DIO - 1#DI-3（PCS Discharge/Charge Status）;;1.000000;0.000000;;9
5650;4;20209;U16;;3#DIO - 1#DI-4（Water Cooling）;;1.000000;0.000000;;4
5651;4;20210;U16;;3#DIO - 1#DI-5（Aerosol spraying）;;1.000000;0.000000;;4
5652;4;20211;U16;;3#DIO - 1#DI-6（KA1-KA6 Contactor Monitoring）;;1.000000;0.000000;;4
5653;4;20212;U16;;3#DIO - 1#DI-7（Reserve）;;1.000000;0.000000;;0
5654;4;20213;U16;;3#DIO - 1#DI-8（Reserve）;;1.000000;0.000000;;0
5655;4;20214;U16;;3#DIO - 1#DI-9（Temperature feedback）;;1.000000;0.000000;;4
5656;4;20215;U16;;3#DIO - 1#DI-10（Smoke feedback）;;1.000000;0.000000;;4
5657;4;20216;U16;;3#DIO - 1#DI-11（AC side entrance guard）;;1.000000;0.000000;;4
5658;4;20217;U16;;3#DIO - 1#DI-12（DC side entrance guard）;;1.000000;0.000000;;4
5659;4;20218;U16;;3#DIO - 1#DI-13（Exhaust Fan Feedback）;;1.000000;0.000000;;4
5660;4;20219;U16;;3#DIO - 1#DO-1（Running Indicator）;;1.000000;0.000000;;4
5661;4;20220;U16;;3#DIO - 1#DO-2（Fault Indicator）;;1.000000;0.000000;;9
5662;4;20221;U16;;3#DIO - 1#DO-3（Intermediate relay）;;1.000000;0.000000;;4
5663;4;20222;U16;;3#DIO - Reserve;;1.000000;0.000000;;0
5664;4;20224;U16;;3#DIO - Reserve;;1.000000;0.000000;;0
5665;4;20225;U16;;3#DIO - Reserve;;1.000000;0.000000;;0
5666;4;20226;U16;;3#DIO - Reserve;;1.000000;0.000000;;0
5667;4;20227;U16;;3#DIO - Reserve;;1.000000;0.000000;;0
5668;4;20228;U16;;3#DIO - Reserve;;1.000000;0.000000;;0
5669;4;20229;U16;;3#DIO - 2#DI-1;;1.000000;0.000000;;4
5670;4;20230;U16;;3#DIO - 2#DI-2;;1.000000;0.000000;;4
5671;4;20231;U16;;3#DIO - 2#DI-3;;1.000000;0.000000;;4
5672;4;20232;U16;;3#DIO - ;;1.000000;0.000000;;4
5673;4;20233;U16;;3#DIO - 2#DO-1;;1.000000;0.000000;;4
5674;4;20234;U16;;3#DIO - 2#DO-2;;1.000000;0.000000;;4
5675;4;20235;U16;;3#DIO - 2#DO-3;;1.000000;0.000000;;4
5676;4;20236;U16;;3#DIO - ;;1.000000;0.000000;;4
5677;4;20237;U16;;3#DIO - Reserve;;1.000000;0.000000;;0
5678;4;20238;U16;;3#DIO - Reserve;;1.000000;0.000000;;0
5679;4;20239;U16;;3#DIO - Reserve;;1.000000;0.000000;;0
5680;4;20240;U16;;3#DIO - Reserve;;1.000000;0.000000;;0
5681;4;20241;U16;;3#DIO - Reserve;;1.000000;0.000000;;0
5682;4;20242;U16;;3#DIO - Reserve;;1.000000;0.000000;;0
5683;4;20243;U16;;3#DIO - 50#DI-1;;1.000000;0.000000;;4
5684;4;20300;U16;;4#DIO - Reserve;;1.000000;0.000000;;0
5685;4;20301;U16;;4#DIO - Reserve;;1.000000;0.000000;;0
5686;4;20302;U16;;4#DIO - Reserve;;1.000000;0.000000;;0
5687;4;20303;U16;;4#DIO - Reserve;;1.000000;0.000000;;0
5688;4;20304;U16;;4#DIO - Reserve;;1.000000;0.000000;;0
5689;4;20305;U16;;4#DIO - Reserve;;1.000000;0.000000;;0
5690;4;20306;U16;;4#DIO - 1#DI-1（crash-stop）;;1.000000;0.000000;;9
5691;4;20307;U16;;4#DIO - 1#DI-2（Surge fault feedback）;;1.000000;0.000000;;9
5692;4;20308;U16;;4#DIO - 1#DI-3（PCS Discharge/Charge Status）;;1.000000;0.000000;;9
5693;4;20309;U16;;4#DIO - 1#DI-4（Water Cooling）;;1.000000;0.000000;;4
5694;4;20310;U16;;4#DIO - 1#DI-5（Aerosol spraying）;;1.000000;0.000000;;4
5695;4;20311;U16;;4#DIO - 1#DI-6（KA1-KA6 Contactor Monitoring）;;1.000000;0.000000;;4
5696;4;20312;U16;;4#DIO - 1#DI-7（Reserve）;;1.000000;0.000000;;0
5697;4;20313;U16;;4#DIO - 1#DI-8（Reserve）;;1.000000;0.000000;;0
5698;4;20314;U16;;4#DIO - 1#DI-9（Temperature feedback）;;1.000000;0.000000;;4
5699;4;20315;U16;;4#DIO - 1#DI-10（Smoke feedback）;;1.000000;0.000000;;4
5700;4;20316;U16;;4#DIO - 1#DI-11（AC side entrance guard）;;1.000000;0.000000;;4
5701;4;20317;U16;;4#DIO - 1#DI-12（DC side entrance guard）;;1.000000;0.000000;;4
5702;4;20318;U16;;4#DIO - 1#DI-13（Exhaust Fan Feedback）;;1.000000;0.000000;;4
5703;4;20319;U16;;4#DIO - 1#DO-1（Running Indicator）;;1.000000;0.000000;;4
5704;4;20320;U16;;4#DIO - 1#DO-2（Fault Indicator）;;1.000000;0.000000;;9
5705;4;20321;U16;;4#DIO - 1#DO-3（Intermediate relay）;;1.000000;0.000000;;4
5706;4;20322;U16;;4#DIO - Reserve;;1.000000;0.000000;;0
5707;4;20324;U16;;4#DIO - Reserve;;1.000000;0.000000;;0
5708;4;20325;U16;;4#DIO - Reserve;;1.000000;0.000000;;0
5709;4;20326;U16;;4#DIO - Reserve;;1.000000;0.000000;;0
5710;4;20327;U16;;4#DIO - Reserve;;1.000000;0.000000;;0
5711;4;20328;U16;;4#DIO - Reserve;;1.000000;0.000000;;0
5712;4;20329;U16;;4#DIO - 2#DI-1;;1.000000;0.000000;;4
5713;4;20330;U16;;4#DIO - 2#DI-2;;1.000000;0.000000;;4
5714;4;20331;U16;;4#DIO - 2#DI-3;;1.000000;0.000000;;4
5715;4;20332;U16;;4#DIO - ;;1.000000;0.000000;;4
5716;4;20333;U16;;4#DIO - 2#DO-1;;1.000000;0.000000;;4
5717;4;20334;U16;;4#DIO - 2#DO-2;;1.000000;0.000000;;4
5718;4;20335;U16;;4#DIO - 2#DO-3;;1.000000;0.000000;;4
5719;4;20336;U16;;4#DIO - ;;1.000000;0.000000;;4
5720;4;20337;U16;;4#DIO - Reserve;;1.000000;0.000000;;0
5721;4;20338;U16;;4#DIO - Reserve;;1.000000;0.000000;;0
5722;4;20339;U16;;4#DIO - Reserve;;1.000000;0.000000;;0
5723;4;20340;U16;;4#DIO - Reserve;;1.000000;0.000000;;0
5724;4;20341;U16;;4#DIO - Reserve;;1.000000;0.000000;;0
5725;4;20342;U16;;4#DIO - Reserve;;1.000000;0.000000;;0
5726;4;20343;U16;;4#DIO - 50#DI-1;;1.000000;0.000000;;4
5727;4;20400;U16;;5#DIO - Reserve;;1.000000;0.000000;;0
5728;4;20401;U16;;5#DIO - Reserve;;1.000000;0.000000;;0
5729;4;20402;U16;;5#DIO - Reserve;;1.000000;0.000000;;0
5730;4;20403;U16;;5#DIO - Reserve;;1.000000;0.000000;;0
5731;4;20404;U16;;5#DIO - Reserve;;1.000000;0.000000;;0
5732;4;20405;U16;;5#DIO - Reserve;;1.000000;0.000000;;0
5733;4;20406;U16;;5#DIO - 1#DI-1（crash-stop）;;1.000000;0.000000;;9
5734;4;20407;U16;;5#DIO - 1#DI-2（Surge fault feedback）;;1.000000;0.000000;;9
5735;4;20408;U16;;5#DIO - 1#DI-3（PCS Discharge/Charge Status）;;1.000000;0.000000;;9
5736;4;20409;U16;;5#DIO - 1#DI-4（Water Cooling）;;1.000000;0.000000;;4
5737;4;20410;U16;;5#DIO - 1#DI-5（Aerosol spraying）;;1.000000;0.000000;;4
5738;4;20411;U16;;5#DIO - 1#DI-6（KA1-KA6 Contactor Monitoring）;;1.000000;0.000000;;4
5739;4;20412;U16;;5#DIO - 1#DI-7（Reserve）;;1.000000;0.000000;;0
5740;4;20413;U16;;5#DIO - 1#DI-8（Reserve）;;1.000000;0.000000;;0
5741;4;20414;U16;;5#DIO - 1#DI-9（Temperature feedback）;;1.000000;0.000000;;4
5742;4;20415;U16;;5#DIO - 1#DI-10（Smoke feedback）;;1.000000;0.000000;;4
5743;4;20416;U16;;5#DIO - 1#DI-11（AC side entrance guard）;;1.000000;0.000000;;4
5744;4;20417;U16;;5#DIO - 1#DI-12（DC side entrance guard）;;1.000000;0.000000;;4
5745;4;20418;U16;;5#DIO - 1#DI-13（Exhaust Fan Feedback）;;1.000000;0.000000;;4
5746;4;20419;U16;;5#DIO - 1#DO-1（Running Indicator）;;1.000000;0.000000;;4
5747;4;20420;U16;;5#DIO - 1#DO-2（Fault Indicator）;;1.000000;0.000000;;9
5748;4;20421;U16;;5#DIO - 1#DO-3（Intermediate relay）;;1.000000;0.000000;;4
5749;4;20422;U16;;5#DIO - Reserve;;1.000000;0.000000;;0
5750;4;20424;U16;;5#DIO - Reserve;;1.000000;0.000000;;0
5751;4;20425;U16;;5#DIO - Reserve;;1.000000;0.000000;;0
5752;4;20426;U16;;5#DIO - Reserve;;1.000000;0.000000;;0
5753;4;20427;U16;;5#DIO - Reserve;;1.000000;0.000000;;0
5754;4;20428;U16;;5#DIO - Reserve;;1.000000;0.000000;;0
5755;4;20429;U16;;5#DIO - 2#DI-1;;1.000000;0.000000;;4
5756;4;20430;U16;;5#DIO - 2#DI-2;;1.000000;0.000000;;4
5757;4;20431;U16;;5#DIO - 2#DI-3;;1.000000;0.000000;;4
5758;4;20432;U16;;5#DIO - ;;1.000000;0.000000;;4
5759;4;20433;U16;;5#DIO - 2#DO-1;;1.000000;0.000000;;4
5760;4;20434;U16;;5#DIO - 2#DO-2;;1.000000;0.000000;;4
5761;4;20435;U16;;5#DIO - 2#DO-3;;1.000000;0.000000;;4
5762;4;20436;U16;;5#DIO - ;;1.000000;0.000000;;4
5763;4;20437;U16;;5#DIO - Reserve;;1.000000;0.000000;;0
5764;4;20438;U16;;5#DIO - Reserve;;1.000000;0.000000;;0
5765;4;20439;U16;;5#DIO - Reserve;;1.000000;0.000000;;0
5766;4;20440;U16;;5#DIO - Reserve;;1.000000;0.000000;;0
5767;4;20441;U16;;5#DIO - Reserve;;1.000000;0.000000;;0
5768;4;20442;U16;;5#DIO - Reserve;;1.000000;0.000000;;0
5769;4;20443;U16;;5#DIO - 50#DI-1;;1.000000;0.000000;;4
5770;4;20500;U16;;6#DIO - Reserve;;1.000000;0.000000;;0
5771;4;20501;U16;;6#DIO - Reserve;;1.000000;0.000000;;0
5772;4;20502;U16;;6#DIO - Reserve;;1.000000;0.000000;;0
5773;4;20503;U16;;6#DIO - Reserve;;1.000000;0.000000;;0
5774;4;20504;U16;;6#DIO - Reserve;;1.000000;0.000000;;0
5775;4;20505;U16;;6#DIO - Reserve;;1.000000;0.000000;;0
5776;4;20506;U16;;6#DIO - 1#DI-1（crash-stop）;;1.000000;0.000000;;9
5777;4;20507;U16;;6#DIO - 1#DI-2（Surge fault feedback）;;1.000000;0.000000;;9
5778;4;20508;U16;;6#DIO - 1#DI-3（PCS Discharge/Charge Status）;;1.000000;0.000000;;9
5779;4;20509;U16;;6#DIO - 1#DI-4（Water Cooling）;;1.000000;0.000000;;4
5780;4;20510;U16;;6#DIO - 1#DI-5（Aerosol spraying）;;1.000000;0.000000;;4
5781;4;20511;U16;;6#DIO - 1#DI-6（KA1-KA6 Contactor Monitoring）;;1.000000;0.000000;;4
5782;4;20512;U16;;6#DIO - 1#DI-7（Reserve）;;1.000000;0.000000;;0
5783;4;20513;U16;;6#DIO - 1#DI-8（Reserve）;;1.000000;0.000000;;0
5784;4;20514;U16;;6#DIO - 1#DI-9（Temperature feedback）;;1.000000;0.000000;;4
5785;4;20515;U16;;6#DIO - 1#DI-10（Smoke feedback）;;1.000000;0.000000;;4
5786;4;20516;U16;;6#DIO - 1#DI-11（AC side entrance guard）;;1.000000;0.000000;;4
5787;4;20517;U16;;6#DIO - 1#DI-12（DC side entrance guard）;;1.000000;0.000000;;4
5788;4;20518;U16;;6#DIO - 1#DI-13（Exhaust Fan Feedback）;;1.000000;0.000000;;4
5789;4;20519;U16;;6#DIO - 1#DO-1（Running Indicator）;;1.000000;0.000000;;4
5790;4;20520;U16;;6#DIO - 1#DO-2（Fault Indicator）;;1.000000;0.000000;;9
5791;4;20521;U16;;6#DIO - 1#DO-3（Intermediate relay）;;1.000000;0.000000;;4
5792;4;20522;U16;;6#DIO - Reserve;;1.000000;0.000000;;0
5793;4;20524;U16;;6#DIO - Reserve;;1.000000;0.000000;;0
5794;4;20525;U16;;6#DIO - Reserve;;1.000000;0.000000;;0
5795;4;20526;U16;;6#DIO - Reserve;;1.000000;0.000000;;0
5796;4;20527;U16;;6#DIO - Reserve;;1.000000;0.000000;;0
5797;4;20528;U16;;6#DIO - Reserve;;1.000000;0.000000;;0
5798;4;20529;U16;;6#DIO - 2#DI-1;;1.000000;0.000000;;4
5799;4;20530;U16;;6#DIO - 2#DI-2;;1.000000;0.000000;;4
5800;4;20531;U16;;6#DIO - 2#DI-3;;1.000000;0.000000;;4
5801;4;20532;U16;;6#DIO - ;;1.000000;0.000000;;4
5802;4;20533;U16;;6#DIO - 2#DO-1;;1.000000;0.000000;;4
5803;4;20534;U16;;6#DIO - 2#DO-2;;1.000000;0.000000;;4
5804;4;20535;U16;;6#DIO - 2#DO-3;;1.000000;0.000000;;4
5805;4;20536;U16;;6#DIO - ;;1.000000;0.000000;;4
5806;4;20537;U16;;6#DIO - Reserve;;1.000000;0.000000;;0
5807;4;20538;U16;;6#DIO - Reserve;;1.000000;0.000000;;0
5808;4;20539;U16;;6#DIO - Reserve;;1.000000;0.000000;;0
5809;4;20540;U16;;6#DIO - Reserve;;1.000000;0.000000;;0
5810;4;20541;U16;;6#DIO - Reserve;;1.000000;0.000000;;0
5811;4;20542;U16;;6#DIO - Reserve;;1.000000;0.000000;;0
5812;4;20543;U16;;6#DIO - 50#DI-1;;1.000000;0.000000;;4
5813;4;20600;U16;;7#DIO - Reserve;;1.000000;0.000000;;0
5814;4;20601;U16;;7#DIO - Reserve;;1.000000;0.000000;;0
5815;4;20602;U16;;7#DIO - Reserve;;1.000000;0.000000;;0
5816;4;20603;U16;;7#DIO - Reserve;;1.000000;0.000000;;0
5817;4;20604;U16;;7#DIO - Reserve;;1.000000;0.000000;;0
5818;4;20605;U16;;7#DIO - Reserve;;1.000000;0.000000;;0
5819;4;20606;U16;;7#DIO - 1#DI-1（crash-stop）;;1.000000;0.000000;;9
5820;4;20607;U16;;7#DIO - 1#DI-2（Surge fault feedback）;;1.000000;0.000000;;9
5821;4;20608;U16;;7#DIO - 1#DI-3（PCS Discharge/Charge Status）;;1.000000;0.000000;;9
5822;4;20609;U16;;7#DIO - 1#DI-4（Water Cooling）;;1.000000;0.000000;;4
5823;4;20610;U16;;7#DIO - 1#DI-5（Aerosol spraying）;;1.000000;0.000000;;4
5824;4;20611;U16;;7#DIO - 1#DI-6（KA1-KA6 Contactor Monitoring）;;1.000000;0.000000;;4
5825;4;20612;U16;;7#DIO - 1#DI-7（Reserve）;;1.000000;0.000000;;0
5826;4;20613;U16;;7#DIO - 1#DI-8（Reserve）;;1.000000;0.000000;;0
5827;4;20614;U16;;7#DIO - 1#DI-9（Temperature feedback）;;1.000000;0.000000;;4
5828;4;20615;U16;;7#DIO - 1#DI-10（Smoke feedback）;;1.000000;0.000000;;4
5829;4;20616;U16;;7#DIO - 1#DI-11（AC side entrance guard）;;1.000000;0.000000;;4
5830;4;20617;U16;;7#DIO - 1#DI-12（DC side entrance guard）;;1.000000;0.000000;;4
5831;4;20618;U16;;7#DIO - 1#DI-13（Exhaust Fan Feedback）;;1.000000;0.000000;;4
5832;4;20619;U16;;7#DIO - 1#DO-1（Running Indicator）;;1.000000;0.000000;;4
5833;4;20620;U16;;7#DIO - 1#DO-2（Fault Indicator）;;1.000000;0.000000;;9
5834;4;20621;U16;;7#DIO - 1#DO-3（Intermediate relay）;;1.000000;0.000000;;4
5835;4;20622;U16;;7#DIO - Reserve;;1.000000;0.000000;;0
5836;4;20624;U16;;7#DIO - Reserve;;1.000000;0.000000;;0
5837;4;20625;U16;;7#DIO - Reserve;;1.000000;0.000000;;0
5838;4;20626;U16;;7#DIO - Reserve;;1.000000;0.000000;;0
5839;4;20627;U16;;7#DIO - Reserve;;1.000000;0.000000;;0
5840;4;20628;U16;;7#DIO - Reserve;;1.000000;0.000000;;0
5841;4;20629;U16;;7#DIO - 2#DI-1;;1.000000;0.000000;;4
5842;4;20630;U16;;7#DIO - 2#DI-2;;1.000000;0.000000;;4
5843;4;20631;U16;;7#DIO - 2#DI-3;;1.000000;0.000000;;4
5844;4;20632;U16;;7#DIO - ;;1.000000;0.000000;;4
5845;4;20633;U16;;7#DIO - 2#DO-1;;1.000000;0.000000;;4
5846;4;20634;U16;;7#DIO - 2#DO-2;;1.000000;0.000000;;4
5847;4;20635;U16;;7#DIO - 2#DO-3;;1.000000;0.000000;;4
5848;4;20636;U16;;7#DIO - ;;1.000000;0.000000;;4
5849;4;20637;U16;;7#DIO - Reserve;;1.000000;0.000000;;0
5850;4;20638;U16;;7#DIO - Reserve;;1.000000;0.000000;;0
5851;4;20639;U16;;7#DIO - Reserve;;1.000000;0.000000;;0
5852;4;20640;U16;;7#DIO - Reserve;;1.000000;0.000000;;0
5853;4;20641;U16;;7#DIO - Reserve;;1.000000;0.000000;;0
5854;4;20642;U16;;7#DIO - Reserve;;1.000000;0.000000;;0
5855;4;20643;U16;;7#DIO - 50#DI-1;;1.000000;0.000000;;4
5856;4;20700;U16;;8#DIO - Reserve;;1.000000;0.000000;;0
5857;4;20701;U16;;8#DIO - Reserve;;1.000000;0.000000;;0
5858;4;20702;U16;;8#DIO - Reserve;;1.000000;0.000000;;0
5859;4;20703;U16;;8#DIO - Reserve;;1.000000;0.000000;;0
5860;4;20704;U16;;8#DIO - Reserve;;1.000000;0.000000;;0
5861;4;20705;U16;;8#DIO - Reserve;;1.000000;0.000000;;0
5862;4;20706;U16;;8#DIO - 1#DI-1（crash-stop）;;1.000000;0.000000;;9
5863;4;20707;U16;;8#DIO - 1#DI-2（Surge fault feedback）;;1.000000;0.000000;;9
5864;4;20708;U16;;8#DIO - 1#DI-3（PCS Discharge/Charge Status）;;1.000000;0.000000;;9
5865;4;20709;U16;;8#DIO - 1#DI-4（Water Cooling）;;1.000000;0.000000;;4
5866;4;20710;U16;;8#DIO - 1#DI-5（Aerosol spraying）;;1.000000;0.000000;;4
5867;4;20711;U16;;8#DIO - 1#DI-6（KA1-KA6 Contactor Monitoring）;;1.000000;0.000000;;4
5868;4;20712;U16;;8#DIO - 1#DI-7（Reserve）;;1.000000;0.000000;;0
5869;4;20713;U16;;8#DIO - 1#DI-8（Reserve）;;1.000000;0.000000;;0
5870;4;20714;U16;;8#DIO - 1#DI-9（Temperature feedback）;;1.000000;0.000000;;4
5871;4;20715;U16;;8#DIO - 1#DI-10（Smoke feedback）;;1.000000;0.000000;;4
5872;4;20716;U16;;8#DIO - 1#DI-11（AC side entrance guard）;;1.000000;0.000000;;4
5873;4;20717;U16;;8#DIO - 1#DI-12（DC side entrance guard）;;1.000000;0.000000;;4
5874;4;20718;U16;;8#DIO - 1#DI-13（Exhaust Fan Feedback）;;1.000000;0.000000;;4
5875;4;20719;U16;;8#DIO - 1#DO-1（Running Indicator）;;1.000000;0.000000;;4
5876;4;20720;U16;;8#DIO - 1#DO-2（Fault Indicator）;;1.000000;0.000000;;9
5877;4;20721;U16;;8#DIO - 1#DO-3（Intermediate relay）;;1.000000;0.000000;;4
5878;4;20722;U16;;8#DIO - Reserve;;1.000000;0.000000;;0
5879;4;20724;U16;;8#DIO - Reserve;;1.000000;0.000000;;0
5880;4;20725;U16;;8#DIO - Reserve;;1.000000;0.000000;;0
5881;4;20726;U16;;8#DIO - Reserve;;1.000000;0.000000;;0
5882;4;20727;U16;;8#DIO - Reserve;;1.000000;0.000000;;0
5883;4;20728;U16;;8#DIO - Reserve;;1.000000;0.000000;;0
5884;4;20729;U16;;8#DIO - 2#DI-1;;1.000000;0.000000;;4
5885;4;20730;U16;;8#DIO - 2#DI-2;;1.000000;0.000000;;4
5886;4;20731;U16;;8#DIO - 2#DI-3;;1.000000;0.000000;;4
5887;4;20732;U16;;8#DIO - ;;1.000000;0.000000;;4
5888;4;20733;U16;;8#DIO - 2#DO-1;;1.000000;0.000000;;4
5889;4;20734;U16;;8#DIO - 2#DO-2;;1.000000;0.000000;;4
5890;4;20735;U16;;8#DIO - 2#DO-3;;1.000000;0.000000;;4
5891;4;20736;U16;;8#DIO - ;;1.000000;0.000000;;4
5892;4;20737;U16;;8#DIO - Reserve;;1.000000;0.000000;;0
5893;4;20738;U16;;8#DIO - Reserve;;1.000000;0.000000;;0
5894;4;20739;U16;;8#DIO - Reserve;;1.000000;0.000000;;0
5895;4;20740;U16;;8#DIO - Reserve;;1.000000;0.000000;;0
5896;4;20741;U16;;8#DIO - Reserve;;1.000000;0.000000;;0
5897;4;20742;U16;;8#DIO - Reserve;;1.000000;0.000000;;0
5898;4;20743;U16;;8#DIO - 50#DI-1;;1.000000;0.000000;;4
5899;4;20800;U16;;9#DIO - Reserve;;1.000000;0.000000;;0
5900;4;20801;U16;;9#DIO - Reserve;;1.000000;0.000000;;0
5901;4;20802;U16;;9#DIO - Reserve;;1.000000;0.000000;;0
5902;4;20803;U16;;9#DIO - Reserve;;1.000000;0.000000;;0
5903;4;20804;U16;;9#DIO - Reserve;;1.000000;0.000000;;0
5904;4;20805;U16;;9#DIO - Reserve;;1.000000;0.000000;;0
5905;4;20806;U16;;9#DIO - 1#DI-1（crash-stop）;;1.000000;0.000000;;9
5906;4;20807;U16;;9#DIO - 1#DI-2（Surge fault feedback）;;1.000000;0.000000;;9
5907;4;20808;U16;;9#DIO - 1#DI-3（PCS Discharge/Charge Status）;;1.000000;0.000000;;9
5908;4;20809;U16;;9#DIO - 1#DI-4（Water Cooling）;;1.000000;0.000000;;4
5909;4;20810;U16;;9#DIO - 1#DI-5（Aerosol spraying）;;1.000000;0.000000;;4
5910;4;20811;U16;;9#DIO - 1#DI-6（KA1-KA6 Contactor Monitoring）;;1.000000;0.000000;;4
5911;4;20812;U16;;9#DIO - 1#DI-7（Reserve）;;1.000000;0.000000;;0
5912;4;20813;U16;;9#DIO - 1#DI-8（Reserve）;;1.000000;0.000000;;0
5913;4;20814;U16;;9#DIO - 1#DI-9（Temperature feedback）;;1.000000;0.000000;;4
5914;4;20815;U16;;9#DIO - 1#DI-10（Smoke feedback）;;1.000000;0.000000;;4
5915;4;20816;U16;;9#DIO - 1#DI-11（AC side entrance guard）;;1.000000;0.000000;;4
5916;4;20817;U16;;9#DIO - 1#DI-12（DC side entrance guard）;;1.000000;0.000000;;4
5917;4;20818;U16;;9#DIO - 1#DI-13（Exhaust Fan Feedback）;;1.000000;0.000000;;4
5918;4;20819;U16;;9#DIO - 1#DO-1（Running Indicator）;;1.000000;0.000000;;4
5919;4;20820;U16;;9#DIO - 1#DO-2（Fault Indicator）;;1.000000;0.000000;;9
5920;4;20821;U16;;9#DIO - 1#DO-3（Intermediate relay）;;1.000000;0.000000;;4
5921;4;20822;U16;;9#DIO - Reserve;;1.000000;0.000000;;0
5922;4;20824;U16;;9#DIO - Reserve;;1.000000;0.000000;;0
5923;4;20825;U16;;9#DIO - Reserve;;1.000000;0.000000;;0
5924;4;20826;U16;;9#DIO - Reserve;;1.000000;0.000000;;0
5925;4;20827;U16;;9#DIO - Reserve;;1.000000;0.000000;;0
5926;4;20828;U16;;9#DIO - Reserve;;1.000000;0.000000;;0
5927;4;20829;U16;;9#DIO - 2#DI-1;;1.000000;0.000000;;4
5928;4;20830;U16;;9#DIO - 2#DI-2;;1.000000;0.000000;;4
5929;4;20831;U16;;9#DIO - 2#DI-3;;1.000000;0.000000;;4
5930;4;20832;U16;;9#DIO - ;;1.000000;0.000000;;4
5931;4;20833;U16;;9#DIO - 2#DO-1;;1.000000;0.000000;;4
5932;4;20834;U16;;9#DIO - 2#DO-2;;1.000000;0.000000;;4
5933;4;20835;U16;;9#DIO - 2#DO-3;;1.000000;0.000000;;4
5934;4;20836;U16;;9#DIO - ;;1.000000;0.000000;;4
5935;4;20837;U16;;9#DIO - Reserve;;1.000000;0.000000;;0
5936;4;20838;U16;;9#DIO - Reserve;;1.000000;0.000000;;0
5937;4;20839;U16;;9#DIO - Reserve;;1.000000;0.000000;;0
5938;4;20840;U16;;9#DIO - Reserve;;1.000000;0.000000;;0
5939;4;20841;U16;;9#DIO - Reserve;;1.000000;0.000000;;0
5940;4;20842;U16;;9#DIO - Reserve;;1.000000;0.000000;;0
5941;4;20843;U16;;9#DIO - 50#DI-1;;1.000000;0.000000;;4
5942;4;20900;U16;;10#DIO - Reserve;;1.000000;0.000000;;0
5943;4;20901;U16;;10#DIO - Reserve;;1.000000;0.000000;;0
5944;4;20902;U16;;10#DIO - Reserve;;1.000000;0.000000;;0
5945;4;20903;U16;;10#DIO - Reserve;;1.000000;0.000000;;0
5946;4;20904;U16;;10#DIO - Reserve;;1.000000;0.000000;;0
5947;4;20905;U16;;10#DIO - Reserve;;1.000000;0.000000;;0
5948;4;20906;U16;;10#DIO - 1#DI-1（crash-stop）;;1.000000;0.000000;;9
5949;4;20907;U16;;10#DIO - 1#DI-2（Surge fault feedback）;;1.000000;0.000000;;9
5950;4;20908;U16;;10#DIO - 1#DI-3（PCS Discharge/Charge Status）;;1.000000;0.000000;;9
5951;4;20909;U16;;10#DIO - 1#DI-4（Water Cooling）;;1.000000;0.000000;;4
5952;4;20910;U16;;10#DIO - 1#DI-5（Aerosol spraying）;;1.000000;0.000000;;4
5953;4;20911;U16;;10#DIO - 1#DI-6（KA1-KA6 Contactor Monitoring）;;1.000000;0.000000;;4
5954;4;20912;U16;;10#DIO - 1#DI-7（Reserve）;;1.000000;0.000000;;0
5955;4;20913;U16;;10#DIO - 1#DI-8（Reserve）;;1.000000;0.000000;;0
5956;4;20914;U16;;10#DIO - 1#DI-9（Temperature feedback）;;1.000000;0.000000;;4
5957;4;20915;U16;;10#DIO - 1#DI-10（Smoke feedback）;;1.000000;0.000000;;4
5958;4;20916;U16;;10#DIO - 1#DI-11（AC side entrance guard）;;1.000000;0.000000;;4
5959;4;20917;U16;;10#DIO - 1#DI-12（DC side entrance guard）;;1.000000;0.000000;;4
5960;4;20918;U16;;10#DIO - 1#DI-13（Exhaust Fan Feedback）;;1.000000;0.000000;;4
5961;4;20919;U16;;10#DIO - 1#DO-1（Running Indicator）;;1.000000;0.000000;;4
5962;4;20920;U16;;10#DIO - 1#DO-2（Fault Indicator）;;1.000000;0.000000;;9
5963;4;20921;U16;;10#DIO - 1#DO-3（Intermediate relay）;;1.000000;0.000000;;4
5964;4;20922;U16;;10#DIO - Reserve;;1.000000;0.000000;;0
5965;4;20924;U16;;10#DIO - Reserve;;1.000000;0.000000;;0
5966;4;20925;U16;;10#DIO - Reserve;;1.000000;0.000000;;0
5967;4;20926;U16;;10#DIO - Reserve;;1.000000;0.000000;;0
5968;4;20927;U16;;10#DIO - Reserve;;1.000000;0.000000;;0
5969;4;20928;U16;;10#DIO - Reserve;;1.000000;0.000000;;0
5970;4;20929;U16;;10#DIO - 2#DI-1;;1.000000;0.000000;;4
5971;4;20930;U16;;10#DIO - 2#DI-2;;1.000000;0.000000;;4
5972;4;20931;U16;;10#DIO - 2#DI-3;;1.000000;0.000000;;4
5973;4;20932;U16;;10#DIO - ;;1.000000;0.000000;;4
5974;4;20933;U16;;10#DIO - 2#DO-1;;1.000000;0.000000;;4
5975;4;20934;U16;;10#DIO - 2#DO-2;;1.000000;0.000000;;4
5976;4;20935;U16;;10#DIO - 2#DO-3;;1.000000;0.000000;;4
5977;4;20936;U16;;10#DIO - ;;1.000000;0.000000;;4
5978;4;20937;U16;;10#DIO - Reserve;;1.000000;0.000000;;0
5979;4;20938;U16;;10#DIO - Reserve;;1.000000;0.000000;;0
5980;4;20939;U16;;10#DIO - Reserve;;1.000000;0.000000;;0
5981;4;20940;U16;;10#DIO - Reserve;;1.000000;0.000000;;0
5982;4;20941;U16;;10#DIO - Reserve;;1.000000;0.000000;;0
5983;4;20942;U16;;10#DIO - Reserve;;1.000000;0.000000;;0
5984;4;20943;U16;;10#DIO - 50#DI-1;;1.000000;0.000000;;4
5985;4;21000;U16;;11#DIO - Reserve;;1.000000;0.000000;;0
5986;4;21001;U16;;11#DIO - Reserve;;1.000000;0.000000;;0
5987;4;21002;U16;;11#DIO - Reserve;;1.000000;0.000000;;0
5988;4;21003;U16;;11#DIO - Reserve;;1.000000;0.000000;;0
5989;4;21004;U16;;11#DIO - Reserve;;1.000000;0.000000;;0
5990;4;21005;U16;;11#DIO - Reserve;;1.000000;0.000000;;0
5991;4;21006;U16;;11#DIO - 1#DI-1（crash-stop）;;1.000000;0.000000;;9
5992;4;21007;U16;;11#DIO - 1#DI-2（Surge fault feedback）;;1.000000;0.000000;;9
5993;4;21008;U16;;11#DIO - 1#DI-3（PCS Discharge/Charge Status）;;1.000000;0.000000;;9
5994;4;21009;U16;;11#DIO - 1#DI-4（Water Cooling）;;1.000000;0.000000;;4
5995;4;21010;U16;;11#DIO - 1#DI-5（Aerosol spraying）;;1.000000;0.000000;;4
5996;4;21011;U16;;11#DIO - 1#DI-6（KA1-KA6 Contactor Monitoring）;;1.000000;0.000000;;4
5997;4;21012;U16;;11#DIO - 1#DI-7（Reserve）;;1.000000;0.000000;;0
5998;4;21013;U16;;11#DIO - 1#DI-8（Reserve）;;1.000000;0.000000;;0
5999;4;21014;U16;;11#DIO - 1#DI-9（Temperature feedback）;;1.000000;0.000000;;4
6000;4;21015;U16;;11#DIO - 1#DI-10（Smoke feedback）;;1.000000;0.000000;;4
6001;4;21016;U16;;11#DIO - 1#DI-11（AC side entrance guard）;;1.000000;0.000000;;4
6002;4;21017;U16;;11#DIO - 1#DI-12（DC side entrance guard）;;1.000000;0.000000;;4
6003;4;21018;U16;;11#DIO - 1#DI-13（Exhaust Fan Feedback）;;1.000000;0.000000;;4
6004;4;21019;U16;;11#DIO - 1#DO-1（Running Indicator）;;1.000000;0.000000;;4
6005;4;21020;U16;;11#DIO - 1#DO-2（Fault Indicator）;;1.000000;0.000000;;9
6006;4;21021;U16;;11#DIO - 1#DO-3（Intermediate relay）;;1.000000;0.000000;;4
6007;4;21022;U16;;11#DIO - Reserve;;1.000000;0.000000;;0
6008;4;21024;U16;;11#DIO - Reserve;;1.000000;0.000000;;0
6009;4;21025;U16;;11#DIO - Reserve;;1.000000;0.000000;;0
6010;4;21026;U16;;11#DIO - Reserve;;1.000000;0.000000;;0
6011;4;21027;U16;;11#DIO - Reserve;;1.000000;0.000000;;0
6012;4;21028;U16;;11#DIO - Reserve;;1.000000;0.000000;;0
6013;4;21029;U16;;11#DIO - 2#DI-1;;1.000000;0.000000;;4
6014;4;21030;U16;;11#DIO - 2#DI-2;;1.000000;0.000000;;4
6015;4;21031;U16;;11#DIO - 2#DI-3;;1.000000;0.000000;;4
6016;4;21032;U16;;11#DIO - ;;1.000000;0.000000;;4
6017;4;21033;U16;;11#DIO - 2#DO-1;;1.000000;0.000000;;4
6018;4;21034;U16;;11#DIO - 2#DO-2;;1.000000;0.000000;;4
6019;4;21035;U16;;11#DIO - 2#DO-3;;1.000000;0.000000;;4
6020;4;21036;U16;;11#DIO - ;;1.000000;0.000000;;4
6021;4;21037;U16;;11#DIO - Reserve;;1.000000;0.000000;;0
6022;4;21038;U16;;11#DIO - Reserve;;1.000000;0.000000;;0
6023;4;21039;U16;;11#DIO - Reserve;;1.000000;0.000000;;0
6024;4;21040;U16;;11#DIO - Reserve;;1.000000;0.000000;;0
6025;4;21041;U16;;11#DIO - Reserve;;1.000000;0.000000;;0
6026;4;21042;U16;;11#DIO - Reserve;;1.000000;0.000000;;0
6027;4;21043;U16;;11#DIO - 50#DI-1;;1.000000;0.000000;;4
6028;4;21100;U16;;12#DIO - Reserve;;1.000000;0.000000;;0
6029;4;21101;U16;;12#DIO - Reserve;;1.000000;0.000000;;0
6030;4;21102;U16;;12#DIO - Reserve;;1.000000;0.000000;;0
6031;4;21103;U16;;12#DIO - Reserve;;1.000000;0.000000;;0
6032;4;21104;U16;;12#DIO - Reserve;;1.000000;0.000000;;0
6033;4;21105;U16;;12#DIO - Reserve;;1.000000;0.000000;;0
6034;4;21106;U16;;12#DIO - 1#DI-1（crash-stop）;;1.000000;0.000000;;9
6035;4;21107;U16;;12#DIO - 1#DI-2（Surge fault feedback）;;1.000000;0.000000;;9
6036;4;21108;U16;;12#DIO - 1#DI-3（PCS Discharge/Charge Status）;;1.000000;0.000000;;9
6037;4;21109;U16;;12#DIO - 1#DI-4（Water Cooling）;;1.000000;0.000000;;4
6038;4;21110;U16;;12#DIO - 1#DI-5（Aerosol spraying）;;1.000000;0.000000;;4
6039;4;21111;U16;;12#DIO - 1#DI-6（KA1-KA6 Contactor Monitoring）;;1.000000;0.000000;;4
6040;4;21112;U16;;12#DIO - 1#DI-7（Reserve）;;1.000000;0.000000;;0
6041;4;21113;U16;;12#DIO - 1#DI-8（Reserve）;;1.000000;0.000000;;0
6042;4;21114;U16;;12#DIO - 1#DI-9（Temperature feedback）;;1.000000;0.000000;;4
6043;4;21115;U16;;12#DIO - 1#DI-10（Smoke feedback）;;1.000000;0.000000;;4
6044;4;21116;U16;;12#DIO - 1#DI-11（AC side entrance guard）;;1.000000;0.000000;;4
6045;4;21117;U16;;12#DIO - 1#DI-12（DC side entrance guard）;;1.000000;0.000000;;4
6046;4;21118;U16;;12#DIO - 1#DI-13（Exhaust Fan Feedback）;;1.000000;0.000000;;4
6047;4;21119;U16;;12#DIO - 1#DO-1（Running Indicator）;;1.000000;0.000000;;4
6048;4;21120;U16;;12#DIO - 1#DO-2（Fault Indicator）;;1.000000;0.000000;;9
6049;4;21121;U16;;12#DIO - 1#DO-3（Intermediate relay）;;1.000000;0.000000;;4
6050;4;21122;U16;;12#DIO - Reserve;;1.000000;0.000000;;0
6051;4;21124;U16;;12#DIO - Reserve;;1.000000;0.000000;;0
6052;4;21125;U16;;12#DIO - Reserve;;1.000000;0.000000;;0
6053;4;21126;U16;;12#DIO - Reserve;;1.000000;0.000000;;0
6054;4;21127;U16;;12#DIO - Reserve;;1.000000;0.000000;;0
6055;4;21128;U16;;12#DIO - Reserve;;1.000000;0.000000;;0
6056;4;21129;U16;;12#DIO - 2#DI-1;;1.000000;0.000000;;4
6057;4;21130;U16;;12#DIO - 2#DI-2;;1.000000;0.000000;;4
6058;4;21131;U16;;12#DIO - 2#DI-3;;1.000000;0.000000;;4
6059;4;21132;U16;;12#DIO - ;;1.000000;0.000000;;4
6060;4;21133;U16;;12#DIO - 2#DO-1;;1.000000;0.000000;;4
6061;4;21134;U16;;12#DIO - 2#DO-2;;1.000000;0.000000;;4
6062;4;21135;U16;;12#DIO - 2#DO-3;;1.000000;0.000000;;4
6063;4;21136;U16;;12#DIO - ;;1.000000;0.000000;;4
6064;4;21137;U16;;12#DIO - Reserve;;1.000000;0.000000;;0
6065;4;21138;U16;;12#DIO - Reserve;;1.000000;0.000000;;0
6066;4;21139;U16;;12#DIO - Reserve;;1.000000;0.000000;;0
6067;4;21140;U16;;12#DIO - Reserve;;1.000000;0.000000;;0
6068;4;21141;U16;;12#DIO - Reserve;;1.000000;0.000000;;0
6069;4;21142;U16;;12#DIO - Reserve;;1.000000;0.000000;;0
6070;4;21143;U16;;12#DIO - 50#DI-1;;1.000000;0.000000;;4
6071;4;21200;U16;;13#DIO - Reserve;;1.000000;0.000000;;0
6072;4;21201;U16;;13#DIO - Reserve;;1.000000;0.000000;;0
6073;4;21202;U16;;13#DIO - Reserve;;1.000000;0.000000;;0
6074;4;21203;U16;;13#DIO - Reserve;;1.000000;0.000000;;0
6075;4;21204;U16;;13#DIO - Reserve;;1.000000;0.000000;;0
6076;4;21205;U16;;13#DIO - Reserve;;1.000000;0.000000;;0
6077;4;21206;U16;;13#DIO - 1#DI-1（crash-stop）;;1.000000;0.000000;;9
6078;4;21207;U16;;13#DIO - 1#DI-2（Surge fault feedback）;;1.000000;0.000000;;9
6079;4;21208;U16;;13#DIO - 1#DI-3（PCS Discharge/Charge Status）;;1.000000;0.000000;;9
6080;4;21209;U16;;13#DIO - 1#DI-4（Water Cooling）;;1.000000;0.000000;;4
6081;4;21210;U16;;13#DIO - 1#DI-5（Aerosol spraying）;;1.000000;0.000000;;4
6082;4;21211;U16;;13#DIO - 1#DI-6（KA1-KA6 Contactor Monitoring）;;1.000000;0.000000;;4
6083;4;21212;U16;;13#DIO - 1#DI-7（Reserve）;;1.000000;0.000000;;0
6084;4;21213;U16;;13#DIO - 1#DI-8（Reserve）;;1.000000;0.000000;;0
6085;4;21214;U16;;13#DIO - 1#DI-9（Temperature feedback）;;1.000000;0.000000;;4
6086;4;21215;U16;;13#DIO - 1#DI-10（Smoke feedback）;;1.000000;0.000000;;4
6087;4;21216;U16;;13#DIO - 1#DI-11（AC side entrance guard）;;1.000000;0.000000;;4
6088;4;21217;U16;;13#DIO - 1#DI-12（DC side entrance guard）;;1.000000;0.000000;;4
6089;4;21218;U16;;13#DIO - 1#DI-13（Exhaust Fan Feedback）;;1.000000;0.000000;;4
6090;4;21219;U16;;13#DIO - 1#DO-1（Running Indicator）;;1.000000;0.000000;;4
6091;4;21220;U16;;13#DIO - 1#DO-2（Fault Indicator）;;1.000000;0.000000;;9
6092;4;21221;U16;;13#DIO - 1#DO-3（Intermediate relay）;;1.000000;0.000000;;4
6093;4;21222;U16;;13#DIO - Reserve;;1.000000;0.000000;;0
6094;4;21224;U16;;13#DIO - Reserve;;1.000000;0.000000;;0
6095;4;21225;U16;;13#DIO - Reserve;;1.000000;0.000000;;0
6096;4;21226;U16;;13#DIO - Reserve;;1.000000;0.000000;;0
6097;4;21227;U16;;13#DIO - Reserve;;1.000000;0.000000;;0
6098;4;21228;U16;;13#DIO - Reserve;;1.000000;0.000000;;0
6099;4;21229;U16;;13#DIO - 2#DI-1;;1.000000;0.000000;;4
6100;4;21230;U16;;13#DIO - 2#DI-2;;1.000000;0.000000;;4
6101;4;21231;U16;;13#DIO - 2#DI-3;;1.000000;0.000000;;4
6102;4;21232;U16;;13#DIO - ;;1.000000;0.000000;;4
6103;4;21233;U16;;13#DIO - 2#DO-1;;1.000000;0.000000;;4
6104;4;21234;U16;;13#DIO - 2#DO-2;;1.000000;0.000000;;4
6105;4;21235;U16;;13#DIO - 2#DO-3;;1.000000;0.000000;;4
6106;4;21236;U16;;13#DIO - ;;1.000000;0.000000;;4
6107;4;21237;U16;;13#DIO - Reserve;;1.000000;0.000000;;0
6108;4;21238;U16;;13#DIO - Reserve;;1.000000;0.000000;;0
6109;4;21239;U16;;13#DIO - Reserve;;1.000000;0.000000;;0
6110;4;21240;U16;;13#DIO - Reserve;;1.000000;0.000000;;0
6111;4;21241;U16;;13#DIO - Reserve;;1.000000;0.000000;;0
6112;4;21242;U16;;13#DIO - Reserve;;1.000000;0.000000;;0
6113;4;21243;U16;;13#DIO - 50#DI-1;;1.000000;0.000000;;4
6114;4;21300;U16;;14#DIO - Reserve;;1.000000;0.000000;;0
6115;4;21301;U16;;14#DIO - Reserve;;1.000000;0.000000;;0
6116;4;21302;U16;;14#DIO - Reserve;;1.000000;0.000000;;0
6117;4;21303;U16;;14#DIO - Reserve;;1.000000;0.000000;;0
6118;4;21304;U16;;14#DIO - Reserve;;1.000000;0.000000;;0
6119;4;21305;U16;;14#DIO - Reserve;;1.000000;0.000000;;0
6120;4;21306;U16;;14#DIO - 1#DI-1（crash-stop）;;1.000000;0.000000;;9
6121;4;21307;U16;;14#DIO - 1#DI-2（Surge fault feedback）;;1.000000;0.000000;;9
6122;4;21308;U16;;14#DIO - 1#DI-3（PCS Discharge/Charge Status）;;1.000000;0.000000;;9
6123;4;21309;U16;;14#DIO - 1#DI-4（Water Cooling）;;1.000000;0.000000;;4
6124;4;21310;U16;;14#DIO - 1#DI-5（Aerosol spraying）;;1.000000;0.000000;;4
6125;4;21311;U16;;14#DIO - 1#DI-6（KA1-KA6 Contactor Monitoring）;;1.000000;0.000000;;4
6126;4;21312;U16;;14#DIO - 1#DI-7（Reserve）;;1.000000;0.000000;;0
6127;4;21313;U16;;14#DIO - 1#DI-8（Reserve）;;1.000000;0.000000;;0
6128;4;21314;U16;;14#DIO - 1#DI-9（Temperature feedback）;;1.000000;0.000000;;4
6129;4;21315;U16;;14#DIO - 1#DI-10（Smoke feedback）;;1.000000;0.000000;;4
6130;4;21316;U16;;14#DIO - 1#DI-11（AC side entrance guard）;;1.000000;0.000000;;4
6131;4;21317;U16;;14#DIO - 1#DI-12（DC side entrance guard）;;1.000000;0.000000;;4
6132;4;21318;U16;;14#DIO - 1#DI-13（Exhaust Fan Feedback）;;1.000000;0.000000;;4
6133;4;21319;U16;;14#DIO - 1#DO-1（Running Indicator）;;1.000000;0.000000;;4
6134;4;21320;U16;;14#DIO - 1#DO-2（Fault Indicator）;;1.000000;0.000000;;9
6135;4;21321;U16;;14#DIO - 1#DO-3（Intermediate relay）;;1.000000;0.000000;;4
6136;4;21322;U16;;14#DIO - Reserve;;1.000000;0.000000;;0
6137;4;21324;U16;;14#DIO - Reserve;;1.000000;0.000000;;0
6138;4;21325;U16;;14#DIO - Reserve;;1.000000;0.000000;;0
6139;4;21326;U16;;14#DIO - Reserve;;1.000000;0.000000;;0
6140;4;21327;U16;;14#DIO - Reserve;;1.000000;0.000000;;0
6141;4;21328;U16;;14#DIO - Reserve;;1.000000;0.000000;;0
6142;4;21329;U16;;14#DIO - 2#DI-1;;1.000000;0.000000;;4
6143;4;21330;U16;;14#DIO - 2#DI-2;;1.000000;0.000000;;4
6144;4;21331;U16;;14#DIO - 2#DI-3;;1.000000;0.000000;;4
6145;4;21332;U16;;14#DIO - ;;1.000000;0.000000;;4
6146;4;21333;U16;;14#DIO - 2#DO-1;;1.000000;0.000000;;4
6147;4;21334;U16;;14#DIO - 2#DO-2;;1.000000;0.000000;;4
6148;4;21335;U16;;14#DIO - 2#DO-3;;1.000000;0.000000;;4
6149;4;21336;U16;;14#DIO - ;;1.000000;0.000000;;4
6150;4;21337;U16;;14#DIO - Reserve;;1.000000;0.000000;;0
6151;4;21338;U16;;14#DIO - Reserve;;1.000000;0.000000;;0
6152;4;21339;U16;;14#DIO - Reserve;;1.000000;0.000000;;0
6153;4;21340;U16;;14#DIO - Reserve;;1.000000;0.000000;;0
6154;4;21341;U16;;14#DIO - Reserve;;1.000000;0.000000;;0
6155;4;21342;U16;;14#DIO - Reserve;;1.000000;0.000000;;0
6156;4;21343;U16;;14#DIO - 50#DI-1;;1.000000;0.000000;;4
6157;4;21400;U16;;15#DIO - Reserve;;1.000000;0.000000;;0
6158;4;21401;U16;;15#DIO - Reserve;;1.000000;0.000000;;0
6159;4;21402;U16;;15#DIO - Reserve;;1.000000;0.000000;;0
6160;4;21403;U16;;15#DIO - Reserve;;1.000000;0.000000;;0
6161;4;21404;U16;;15#DIO - Reserve;;1.000000;0.000000;;0
6162;4;21405;U16;;15#DIO - Reserve;;1.000000;0.000000;;0
6163;4;21406;U16;;15#DIO - 1#DI-1（crash-stop）;;1.000000;0.000000;;9
6164;4;21407;U16;;15#DIO - 1#DI-2（Surge fault feedback）;;1.000000;0.000000;;9
6165;4;21408;U16;;15#DIO - 1#DI-3（PCS Discharge/Charge Status）;;1.000000;0.000000;;9
6166;4;21409;U16;;15#DIO - 1#DI-4（Water Cooling）;;1.000000;0.000000;;4
6167;4;21410;U16;;15#DIO - 1#DI-5（Aerosol spraying）;;1.000000;0.000000;;4
6168;4;21411;U16;;15#DIO - 1#DI-6（KA1-KA6 Contactor Monitoring）;;1.000000;0.000000;;4
6169;4;21412;U16;;15#DIO - 1#DI-7（Reserve）;;1.000000;0.000000;;0
6170;4;21413;U16;;15#DIO - 1#DI-8（Reserve）;;1.000000;0.000000;;0
6171;4;21414;U16;;15#DIO - 1#DI-9（Temperature feedback）;;1.000000;0.000000;;4
6172;4;21415;U16;;15#DIO - 1#DI-10（Smoke feedback）;;1.000000;0.000000;;4
6173;4;21416;U16;;15#DIO - 1#DI-11（AC side entrance guard）;;1.000000;0.000000;;4
6174;4;21417;U16;;15#DIO - 1#DI-12（DC side entrance guard）;;1.000000;0.000000;;4
6175;4;21418;U16;;15#DIO - 1#DI-13（Exhaust Fan Feedback）;;1.000000;0.000000;;4
6176;4;21419;U16;;15#DIO - 1#DO-1（Running Indicator）;;1.000000;0.000000;;4
6177;4;21420;U16;;15#DIO - 1#DO-2（Fault Indicator）;;1.000000;0.000000;;9
6178;4;21421;U16;;15#DIO - 1#DO-3（Intermediate relay）;;1.000000;0.000000;;4
6179;4;21422;U16;;15#DIO - Reserve;;1.000000;0.000000;;0
6180;4;21424;U16;;15#DIO - Reserve;;1.000000;0.000000;;0
6181;4;21425;U16;;15#DIO - Reserve;;1.000000;0.000000;;0
6182;4;21426;U16;;15#DIO - Reserve;;1.000000;0.000000;;0
6183;4;21427;U16;;15#DIO - Reserve;;1.000000;0.000000;;0
6184;4;21428;U16;;15#DIO - Reserve;;1.000000;0.000000;;0
6185;4;21429;U16;;15#DIO - 2#DI-1;;1.000000;0.000000;;4
6186;4;21430;U16;;15#DIO - 2#DI-2;;1.000000;0.000000;;4
6187;4;21431;U16;;15#DIO - 2#DI-3;;1.000000;0.000000;;4
6188;4;21432;U16;;15#DIO - ;;1.000000;0.000000;;4
6189;4;21433;U16;;15#DIO - 2#DO-1;;1.000000;0.000000;;4
6190;4;21434;U16;;15#DIO - 2#DO-2;;1.000000;0.000000;;4
6191;4;21435;U16;;15#DIO - 2#DO-3;;1.000000;0.000000;;4
6192;4;21436;U16;;15#DIO - ;;1.000000;0.000000;;4
6193;4;21437;U16;;15#DIO - Reserve;;1.000000;0.000000;;0
6194;4;21438;U16;;15#DIO - Reserve;;1.000000;0.000000;;0
6195;4;21439;U16;;15#DIO - Reserve;;1.000000;0.000000;;0
6196;4;21440;U16;;15#DIO - Reserve;;1.000000;0.000000;;0
6197;4;21441;U16;;15#DIO - Reserve;;1.000000;0.000000;;0
6198;4;21442;U16;;15#DIO - Reserve;;1.000000;0.000000;;0
6199;4;21443;U16;;15#DIO - 50#DI-1;;1.000000;0.000000;;4
6200;4;21500;U16;;16#DIO - Reserve;;1.000000;0.000000;;0
6201;4;21501;U16;;16#DIO - Reserve;;1.000000;0.000000;;0
6202;4;21502;U16;;16#DIO - Reserve;;1.000000;0.000000;;0
6203;4;21503;U16;;16#DIO - Reserve;;1.000000;0.000000;;0
6204;4;21504;U16;;16#DIO - Reserve;;1.000000;0.000000;;0
6205;4;21505;U16;;16#DIO - Reserve;;1.000000;0.000000;;0
6206;4;21506;U16;;16#DIO - 1#DI-1（crash-stop）;;1.000000;0.000000;;9
6207;4;21507;U16;;16#DIO - 1#DI-2（Surge fault feedback）;;1.000000;0.000000;;9
6208;4;21508;U16;;16#DIO - 1#DI-3（PCS Discharge/Charge Status）;;1.000000;0.000000;;9
6209;4;21509;U16;;16#DIO - 1#DI-4（Water Cooling）;;1.000000;0.000000;;4
6210;4;21510;U16;;16#DIO - 1#DI-5（Aerosol spraying）;;1.000000;0.000000;;4
6211;4;21511;U16;;16#DIO - 1#DI-6（KA1-KA6 Contactor Monitoring）;;1.000000;0.000000;;4
6212;4;21512;U16;;16#DIO - 1#DI-7（Reserve）;;1.000000;0.000000;;0
6213;4;21513;U16;;16#DIO - 1#DI-8（Reserve）;;1.000000;0.000000;;0
6214;4;21514;U16;;16#DIO - 1#DI-9（Temperature feedback）;;1.000000;0.000000;;4
6215;4;21515;U16;;16#DIO - 1#DI-10（Smoke feedback）;;1.000000;0.000000;;4
6216;4;21516;U16;;16#DIO - 1#DI-11（AC side entrance guard）;;1.000000;0.000000;;4
6217;4;21517;U16;;16#DIO - 1#DI-12（DC side entrance guard）;;1.000000;0.000000;;4
6218;4;21518;U16;;16#DIO - 1#DI-13（Exhaust Fan Feedback）;;1.000000;0.000000;;4
6219;4;21519;U16;;16#DIO - 1#DO-1（Running Indicator）;;1.000000;0.000000;;4
6220;4;21520;U16;;16#DIO - 1#DO-2（Fault Indicator）;;1.000000;0.000000;;9
6221;4;21521;U16;;16#DIO - 1#DO-3（Intermediate relay）;;1.000000;0.000000;;4
6222;4;21522;U16;;16#DIO - Reserve;;1.000000;0.000000;;0
6223;4;21524;U16;;16#DIO - Reserve;;1.000000;0.000000;;0
6224;4;21525;U16;;16#DIO - Reserve;;1.000000;0.000000;;0
6225;4;21526;U16;;16#DIO - Reserve;;1.000000;0.000000;;0
6226;4;21527;U16;;16#DIO - Reserve;;1.000000;0.000000;;0
6227;4;21528;U16;;16#DIO - Reserve;;1.000000;0.000000;;0
6228;4;21529;U16;;16#DIO - 2#DI-1;;1.000000;0.000000;;4
6229;4;21530;U16;;16#DIO - 2#DI-2;;1.000000;0.000000;;4
6230;4;21531;U16;;16#DIO - 2#DI-3;;1.000000;0.000000;;4
6231;4;21532;U16;;16#DIO - ;;1.000000;0.000000;;4
6232;4;21533;U16;;16#DIO - 2#DO-1;;1.000000;0.000000;;4
6233;4;21534;U16;;16#DIO - 2#DO-2;;1.000000;0.000000;;4
6234;4;21535;U16;;16#DIO - 2#DO-3;;1.000000;0.000000;;4
6235;4;21536;U16;;16#DIO - ;;1.000000;0.000000;;4
6236;4;21537;U16;;16#DIO - Reserve;;1.000000;0.000000;;0
6237;4;21538;U16;;16#DIO - Reserve;;1.000000;0.000000;;0
6238;4;21539;U16;;16#DIO - Reserve;;1.000000;0.000000;;0
6239;4;21540;U16;;16#DIO - Reserve;;1.000000;0.000000;;0
6240;4;21541;U16;;16#DIO - Reserve;;1.000000;0.000000;;0
6241;4;21542;U16;;16#DIO - Reserve;;1.000000;0.000000;;0
6242;4;21543;U16;;16#DIO - 50#DI-1;;1.000000;0.000000;;4
6243;4;21600;U16;;17#DIO - Reserve;;1.000000;0.000000;;0
6244;4;21601;U16;;17#DIO - Reserve;;1.000000;0.000000;;0
6245;4;21602;U16;;17#DIO - Reserve;;1.000000;0.000000;;0
6246;4;21603;U16;;17#DIO - Reserve;;1.000000;0.000000;;0
6247;4;21604;U16;;17#DIO - Reserve;;1.000000;0.000000;;0
6248;4;21605;U16;;17#DIO - Reserve;;1.000000;0.000000;;0
6249;4;21606;U16;;17#DIO - 1#DI-1（crash-stop）;;1.000000;0.000000;;9
6250;4;21607;U16;;17#DIO - 1#DI-2（Surge fault feedback）;;1.000000;0.000000;;9
6251;4;21608;U16;;17#DIO - 1#DI-3（PCS Discharge/Charge Status）;;1.000000;0.000000;;9
6252;4;21609;U16;;17#DIO - 1#DI-4（Water Cooling）;;1.000000;0.000000;;4
6253;4;21610;U16;;17#DIO - 1#DI-5（Aerosol spraying）;;1.000000;0.000000;;4
6254;4;21611;U16;;17#DIO - 1#DI-6（KA1-KA6 Contactor Monitoring）;;1.000000;0.000000;;4
6255;4;21612;U16;;17#DIO - 1#DI-7（Reserve）;;1.000000;0.000000;;0
6256;4;21613;U16;;17#DIO - 1#DI-8（Reserve）;;1.000000;0.000000;;0
6257;4;21614;U16;;17#DIO - 1#DI-9（Temperature feedback）;;1.000000;0.000000;;4
6258;4;21615;U16;;17#DIO - 1#DI-10（Smoke feedback）;;1.000000;0.000000;;4
6259;4;21616;U16;;17#DIO - 1#DI-11（AC side entrance guard）;;1.000000;0.000000;;4
6260;4;21617;U16;;17#DIO - 1#DI-12（DC side entrance guard）;;1.000000;0.000000;;4
6261;4;21618;U16;;17#DIO - 1#DI-13（Exhaust Fan Feedback）;;1.000000;0.000000;;4
6262;4;21619;U16;;17#DIO - 1#DO-1（Running Indicator）;;1.000000;0.000000;;4
6263;4;21620;U16;;17#DIO - 1#DO-2（Fault Indicator）;;1.000000;0.000000;;9
6264;4;21621;U16;;17#DIO - 1#DO-3（Intermediate relay）;;1.000000;0.000000;;4
6265;4;21622;U16;;17#DIO - Reserve;;1.000000;0.000000;;0
6266;4;21624;U16;;17#DIO - Reserve;;1.000000;0.000000;;0
6267;4;21625;U16;;17#DIO - Reserve;;1.000000;0.000000;;0
6268;4;21626;U16;;17#DIO - Reserve;;1.000000;0.000000;;0
6269;4;21627;U16;;17#DIO - Reserve;;1.000000;0.000000;;0
6270;4;21628;U16;;17#DIO - Reserve;;1.000000;0.000000;;0
6271;4;21629;U16;;17#DIO - 2#DI-1;;1.000000;0.000000;;4
6272;4;21630;U16;;17#DIO - 2#DI-2;;1.000000;0.000000;;4
6273;4;21631;U16;;17#DIO - 2#DI-3;;1.000000;0.000000;;4
6274;4;21632;U16;;17#DIO - ;;1.000000;0.000000;;4
6275;4;21633;U16;;17#DIO - 2#DO-1;;1.000000;0.000000;;4
6276;4;21634;U16;;17#DIO - 2#DO-2;;1.000000;0.000000;;4
6277;4;21635;U16;;17#DIO - 2#DO-3;;1.000000;0.000000;;4
6278;4;21636;U16;;17#DIO - ;;1.000000;0.000000;;4
6279;4;21637;U16;;17#DIO - Reserve;;1.000000;0.000000;;0
6280;4;21638;U16;;17#DIO - Reserve;;1.000000;0.000000;;0
6281;4;21639;U16;;17#DIO - Reserve;;1.000000;0.000000;;0
6282;4;21640;U16;;17#DIO - Reserve;;1.000000;0.000000;;0
6283;4;21641;U16;;17#DIO - Reserve;;1.000000;0.000000;;0
6284;4;21642;U16;;17#DIO - Reserve;;1.000000;0.000000;;0
6285;4;21643;U16;;17#DIO - 50#DI-1;;1.000000;0.000000;;4
6286;4;21700;U16;;18#DIO - Reserve;;1.000000;0.000000;;0
6287;4;21701;U16;;18#DIO - Reserve;;1.000000;0.000000;;0
6288;4;21702;U16;;18#DIO - Reserve;;1.000000;0.000000;;0
6289;4;21703;U16;;18#DIO - Reserve;;1.000000;0.000000;;0
6290;4;21704;U16;;18#DIO - Reserve;;1.000000;0.000000;;0
6291;4;21705;U16;;18#DIO - Reserve;;1.000000;0.000000;;0
6292;4;21706;U16;;18#DIO - 1#DI-1（crash-stop）;;1.000000;0.000000;;9
6293;4;21707;U16;;18#DIO - 1#DI-2（Surge fault feedback）;;1.000000;0.000000;;9
6294;4;21708;U16;;18#DIO - 1#DI-3（PCS Discharge/Charge Status）;;1.000000;0.000000;;9
6295;4;21709;U16;;18#DIO - 1#DI-4（Water Cooling）;;1.000000;0.000000;;4
6296;4;21710;U16;;18#DIO - 1#DI-5（Aerosol spraying）;;1.000000;0.000000;;4
6297;4;21711;U16;;18#DIO - 1#DI-6（KA1-KA6 Contactor Monitoring）;;1.000000;0.000000;;4
6298;4;21712;U16;;18#DIO - 1#DI-7（Reserve）;;1.000000;0.000000;;0
6299;4;21713;U16;;18#DIO - 1#DI-8（Reserve）;;1.000000;0.000000;;0
6300;4;21714;U16;;18#DIO - 1#DI-9（Temperature feedback）;;1.000000;0.000000;;4
6301;4;21715;U16;;18#DIO - 1#DI-10（Smoke feedback）;;1.000000;0.000000;;4
6302;4;21716;U16;;18#DIO - 1#DI-11（AC side entrance guard）;;1.000000;0.000000;;4
6303;4;21717;U16;;18#DIO - 1#DI-12（DC side entrance guard）;;1.000000;0.000000;;4
6304;4;21718;U16;;18#DIO - 1#DI-13（Exhaust Fan Feedback）;;1.000000;0.000000;;4
6305;4;21719;U16;;18#DIO - 1#DO-1（Running Indicator）;;1.000000;0.000000;;4
6306;4;21720;U16;;18#DIO - 1#DO-2（Fault Indicator）;;1.000000;0.000000;;9
6307;4;21721;U16;;18#DIO - 1#DO-3（Intermediate relay）;;1.000000;0.000000;;4
6308;4;21722;U16;;18#DIO - Reserve;;1.000000;0.000000;;0
6309;4;21724;U16;;18#DIO - Reserve;;1.000000;0.000000;;0
6310;4;21725;U16;;18#DIO - Reserve;;1.000000;0.000000;;0
6311;4;21726;U16;;18#DIO - Reserve;;1.000000;0.000000;;0
6312;4;21727;U16;;18#DIO - Reserve;;1.000000;0.000000;;0
6313;4;21728;U16;;18#DIO - Reserve;;1.000000;0.000000;;0
6314;4;21729;U16;;18#DIO - 2#DI-1;;1.000000;0.000000;;4
6315;4;21730;U16;;18#DIO - 2#DI-2;;1.000000;0.000000;;4
6316;4;21731;U16;;18#DIO - 2#DI-3;;1.000000;0.000000;;4
6317;4;21732;U16;;18#DIO - ;;1.000000;0.000000;;4
6318;4;21733;U16;;18#DIO - 2#DO-1;;1.000000;0.000000;;4
6319;4;21734;U16;;18#DIO - 2#DO-2;;1.000000;0.000000;;4
6320;4;21735;U16;;18#DIO - 2#DO-3;;1.000000;0.000000;;4
6321;4;21736;U16;;18#DIO - ;;1.000000;0.000000;;4
6322;4;21737;U16;;18#DIO - Reserve;;1.000000;0.000000;;0
6323;4;21738;U16;;18#DIO - Reserve;;1.000000;0.000000;;0
6324;4;21739;U16;;18#DIO - Reserve;;1.000000;0.000000;;0
6325;4;21740;U16;;18#DIO - Reserve;;1.000000;0.000000;;0
6326;4;21741;U16;;18#DIO - Reserve;;1.000000;0.000000;;0
6327;4;21742;U16;;18#DIO - Reserve;;1.000000;0.000000;;0
6328;4;21743;U16;;18#DIO - 50#DI-1;;1.000000;0.000000;;4
6329;4;21800;U16;;19#DIO - Reserve;;1.000000;0.000000;;0
6330;4;21801;U16;;19#DIO - Reserve;;1.000000;0.000000;;0
6331;4;21802;U16;;19#DIO - Reserve;;1.000000;0.000000;;0
6332;4;21803;U16;;19#DIO - Reserve;;1.000000;0.000000;;0
6333;4;21804;U16;;19#DIO - Reserve;;1.000000;0.000000;;0
6334;4;21805;U16;;19#DIO - Reserve;;1.000000;0.000000;;0
6335;4;21806;U16;;19#DIO - 1#DI-1（crash-stop）;;1.000000;0.000000;;9
6336;4;21807;U16;;19#DIO - 1#DI-2（Surge fault feedback）;;1.000000;0.000000;;9
6337;4;21808;U16;;19#DIO - 1#DI-3（PCS Discharge/Charge Status）;;1.000000;0.000000;;9
6338;4;21809;U16;;19#DIO - 1#DI-4（Water Cooling）;;1.000000;0.000000;;4
6339;4;21810;U16;;19#DIO - 1#DI-5（Aerosol spraying）;;1.000000;0.000000;;4
6340;4;21811;U16;;19#DIO - 1#DI-6（KA1-KA6 Contactor Monitoring）;;1.000000;0.000000;;4
6341;4;21812;U16;;19#DIO - 1#DI-7（Reserve）;;1.000000;0.000000;;0
6342;4;21813;U16;;19#DIO - 1#DI-8（Reserve）;;1.000000;0.000000;;0
6343;4;21814;U16;;19#DIO - 1#DI-9（Temperature feedback）;;1.000000;0.000000;;4
6344;4;21815;U16;;19#DIO - 1#DI-10（Smoke feedback）;;1.000000;0.000000;;4
6345;4;21816;U16;;19#DIO - 1#DI-11（AC side entrance guard）;;1.000000;0.000000;;4
6346;4;21817;U16;;19#DIO - 1#DI-12（DC side entrance guard）;;1.000000;0.000000;;4
6347;4;21818;U16;;19#DIO - 1#DI-13（Exhaust Fan Feedback）;;1.000000;0.000000;;4
6348;4;21819;U16;;19#DIO - 1#DO-1（Running Indicator）;;1.000000;0.000000;;4
6349;4;21820;U16;;19#DIO - 1#DO-2（Fault Indicator）;;1.000000;0.000000;;9
6350;4;21821;U16;;19#DIO - 1#DO-3（Intermediate relay）;;1.000000;0.000000;;4
6351;4;21822;U16;;19#DIO - Reserve;;1.000000;0.000000;;0
6352;4;21824;U16;;19#DIO - Reserve;;1.000000;0.000000;;0
6353;4;21825;U16;;19#DIO - Reserve;;1.000000;0.000000;;0
6354;4;21826;U16;;19#DIO - Reserve;;1.000000;0.000000;;0
6355;4;21827;U16;;19#DIO - Reserve;;1.000000;0.000000;;0
6356;4;21828;U16;;19#DIO - Reserve;;1.000000;0.000000;;0
6357;4;21829;U16;;19#DIO - 2#DI-1;;1.000000;0.000000;;4
6358;4;21830;U16;;19#DIO - 2#DI-2;;1.000000;0.000000;;4
6359;4;21831;U16;;19#DIO - 2#DI-3;;1.000000;0.000000;;4
6360;4;21832;U16;;19#DIO - ;;1.000000;0.000000;;4
6361;4;21833;U16;;19#DIO - 2#DO-1;;1.000000;0.000000;;4
6362;4;21834;U16;;19#DIO - 2#DO-2;;1.000000;0.000000;;4
6363;4;21835;U16;;19#DIO - 2#DO-3;;1.000000;0.000000;;4
6364;4;21836;U16;;19#DIO - ;;1.000000;0.000000;;4
6365;4;21837;U16;;19#DIO - Reserve;;1.000000;0.000000;;0
6366;4;21838;U16;;19#DIO - Reserve;;1.000000;0.000000;;0
6367;4;21839;U16;;19#DIO - Reserve;;1.000000;0.000000;;0
6368;4;21840;U16;;19#DIO - Reserve;;1.000000;0.000000;;0
6369;4;21841;U16;;19#DIO - Reserve;;1.000000;0.000000;;0
6370;4;21842;U16;;19#DIO - Reserve;;1.000000;0.000000;;0
6371;4;21843;U16;;19#DIO - 50#DI-1;;1.000000;0.000000;;4
6372;4;21900;U16;;20#DIO - Reserve;;1.000000;0.000000;;0
6373;4;21901;U16;;20#DIO - Reserve;;1.000000;0.000000;;0
6374;4;21902;U16;;20#DIO - Reserve;;1.000000;0.000000;;0
6375;4;21903;U16;;20#DIO - Reserve;;1.000000;0.000000;;0
6376;4;21904;U16;;20#DIO - Reserve;;1.000000;0.000000;;0
6377;4;21905;U16;;20#DIO - Reserve;;1.000000;0.000000;;0
6378;4;21906;U16;;20#DIO - 1#DI-1（crash-stop）;;1.000000;0.000000;;9
6379;4;21907;U16;;20#DIO - 1#DI-2（Surge fault feedback）;;1.000000;0.000000;;9
6380;4;21908;U16;;20#DIO - 1#DI-3（PCS Discharge/Charge Status）;;1.000000;0.000000;;9
6381;4;21909;U16;;20#DIO - 1#DI-4（Water Cooling）;;1.000000;0.000000;;4
6382;4;21910;U16;;20#DIO - 1#DI-5（Aerosol spraying）;;1.000000;0.000000;;4
6383;4;21911;U16;;20#DIO - 1#DI-6（KA1-KA6 Contactor Monitoring）;;1.000000;0.000000;;4
6384;4;21912;U16;;20#DIO - 1#DI-7（Reserve）;;1.000000;0.000000;;0
6385;4;21913;U16;;20#DIO - 1#DI-8（Reserve）;;1.000000;0.000000;;0
6386;4;21914;U16;;20#DIO - 1#DI-9（Temperature feedback）;;1.000000;0.000000;;4
6387;4;21915;U16;;20#DIO - 1#DI-10（Smoke feedback）;;1.000000;0.000000;;4
6388;4;21916;U16;;20#DIO - 1#DI-11（AC side entrance guard）;;1.000000;0.000000;;4
6389;4;21917;U16;;20#DIO - 1#DI-12（DC side entrance guard）;;1.000000;0.000000;;4
6390;4;21918;U16;;20#DIO - 1#DI-13（Exhaust Fan Feedback）;;1.000000;0.000000;;4
6391;4;21919;U16;;20#DIO - 1#DO-1（Running Indicator）;;1.000000;0.000000;;4
6392;4;21920;U16;;20#DIO - 1#DO-2（Fault Indicator）;;1.000000;0.000000;;9
6393;4;21921;U16;;20#DIO - 1#DO-3（Intermediate relay）;;1.000000;0.000000;;4
6394;4;21922;U16;;20#DIO - Reserve;;1.000000;0.000000;;0
6395;4;21924;U16;;20#DIO - Reserve;;1.000000;0.000000;;0
6396;4;21925;U16;;20#DIO - Reserve;;1.000000;0.000000;;0
6397;4;21926;U16;;20#DIO - Reserve;;1.000000;0.000000;;0
6398;4;21927;U16;;20#DIO - Reserve;;1.000000;0.000000;;0
6399;4;21928;U16;;20#DIO - Reserve;;1.000000;0.000000;;0
6400;4;21929;U16;;20#DIO - 2#DI-1;;1.000000;0.000000;;4
6401;4;21930;U16;;20#DIO - 2#DI-2;;1.000000;0.000000;;4
6402;4;21931;U16;;20#DIO - 2#DI-3;;1.000000;0.000000;;4
6403;4;21932;U16;;20#DIO - ;;1.000000;0.000000;;4
6404;4;21933;U16;;20#DIO - 2#DO-1;;1.000000;0.000000;;4
6405;4;21934;U16;;20#DIO - 2#DO-2;;1.000000;0.000000;;4
6406;4;21935;U16;;20#DIO - 2#DO-3;;1.000000;0.000000;;4
6407;4;21936;U16;;20#DIO - ;;1.000000;0.000000;;4
6408;4;21937;U16;;20#DIO - Reserve;;1.000000;0.000000;;0
6409;4;21938;U16;;20#DIO - Reserve;;1.000000;0.000000;;0
6410;4;21939;U16;;20#DIO - Reserve;;1.000000;0.000000;;0
6411;4;21940;U16;;20#DIO - Reserve;;1.000000;0.000000;;0
6412;4;21941;U16;;20#DIO - Reserve;;1.000000;0.000000;;0
6413;4;21942;U16;;20#DIO - Reserve;;1.000000;0.000000;;0
6414;4;21943;U16;;20#DIO - 50#DI-1;;1.000000;0.000000;;4
6415;4;22000;U16;;21#DIO - Reserve;;1.000000;0.000000;;0
6416;4;22001;U16;;21#DIO - Reserve;;1.000000;0.000000;;0
6417;4;22002;U16;;21#DIO - Reserve;;1.000000;0.000000;;0
6418;4;22003;U16;;21#DIO - Reserve;;1.000000;0.000000;;0
6419;4;22004;U16;;21#DIO - Reserve;;1.000000;0.000000;;0
6420;4;22005;U16;;21#DIO - Reserve;;1.000000;0.000000;;0
6421;4;22006;U16;;21#DIO - 1#DI-1（crash-stop）;;1.000000;0.000000;;9
6422;4;22007;U16;;21#DIO - 1#DI-2（Surge fault feedback）;;1.000000;0.000000;;9
6423;4;22008;U16;;21#DIO - 1#DI-3（PCS Discharge/Charge Status）;;1.000000;0.000000;;9
6424;4;22009;U16;;21#DIO - 1#DI-4（Water Cooling）;;1.000000;0.000000;;4
6425;4;22010;U16;;21#DIO - 1#DI-5（Aerosol spraying）;;1.000000;0.000000;;4
6426;4;22011;U16;;21#DIO - 1#DI-6（KA1-KA6 Contactor Monitoring）;;1.000000;0.000000;;4
6427;4;22012;U16;;21#DIO - 1#DI-7（Reserve）;;1.000000;0.000000;;0
6428;4;22013;U16;;21#DIO - 1#DI-8（Reserve）;;1.000000;0.000000;;0
6429;4;22014;U16;;21#DIO - 1#DI-9（Temperature feedback）;;1.000000;0.000000;;4
6430;4;22015;U16;;21#DIO - 1#DI-10（Smoke feedback）;;1.000000;0.000000;;4
6431;4;22016;U16;;21#DIO - 1#DI-11（AC side entrance guard）;;1.000000;0.000000;;4
6432;4;22017;U16;;21#DIO - 1#DI-12（DC side entrance guard）;;1.000000;0.000000;;4
6433;4;22018;U16;;21#DIO - 1#DI-13（Exhaust Fan Feedback）;;1.000000;0.000000;;4
6434;4;22019;U16;;21#DIO - 1#DO-1（Running Indicator）;;1.000000;0.000000;;4
6435;4;22020;U16;;21#DIO - 1#DO-2（Fault Indicator）;;1.000000;0.000000;;9
6436;4;22021;U16;;21#DIO - 1#DO-3（Intermediate relay）;;1.000000;0.000000;;4
6437;4;22022;U16;;21#DIO - Reserve;;1.000000;0.000000;;0
6438;4;22024;U16;;21#DIO - Reserve;;1.000000;0.000000;;0
6439;4;22025;U16;;21#DIO - Reserve;;1.000000;0.000000;;0
6440;4;22026;U16;;21#DIO - Reserve;;1.000000;0.000000;;0
6441;4;22027;U16;;21#DIO - Reserve;;1.000000;0.000000;;0
6442;4;22028;U16;;21#DIO - Reserve;;1.000000;0.000000;;0
6443;4;22029;U16;;21#DIO - 2#DI-1;;1.000000;0.000000;;4
6444;4;22030;U16;;21#DIO - 2#DI-2;;1.000000;0.000000;;4
6445;4;22031;U16;;21#DIO - 2#DI-3;;1.000000;0.000000;;4
6446;4;22032;U16;;21#DIO - ;;1.000000;0.000000;;4
6447;4;22033;U16;;21#DIO - 2#DO-1;;1.000000;0.000000;;4
6448;4;22034;U16;;21#DIO - 2#DO-2;;1.000000;0.000000;;4
6449;4;22035;U16;;21#DIO - 2#DO-3;;1.000000;0.000000;;4
6450;4;22036;U16;;21#DIO - ;;1.000000;0.000000;;4
6451;4;22037;U16;;21#DIO - Reserve;;1.000000;0.000000;;0
6452;4;22038;U16;;21#DIO - Reserve;;1.000000;0.000000;;0
6453;4;22039;U16;;21#DIO - Reserve;;1.000000;0.000000;;0
6454;4;22040;U16;;21#DIO - Reserve;;1.000000;0.000000;;0
6455;4;22041;U16;;21#DIO - Reserve;;1.000000;0.000000;;0
6456;4;22042;U16;;21#DIO - Reserve;;1.000000;0.000000;;0
6457;4;22043;U16;;21#DIO - 50#DI-1;;1.000000;0.000000;;4
6458;4;22100;U16;;22#DIO - Reserve;;1.000000;0.000000;;0
6459;4;22101;U16;;22#DIO - Reserve;;1.000000;0.000000;;0
6460;4;22102;U16;;22#DIO - Reserve;;1.000000;0.000000;;0
6461;4;22103;U16;;22#DIO - Reserve;;1.000000;0.000000;;0
6462;4;22104;U16;;22#DIO - Reserve;;1.000000;0.000000;;0
6463;4;22105;U16;;22#DIO - Reserve;;1.000000;0.000000;;0
6464;4;22106;U16;;22#DIO - 1#DI-1（crash-stop）;;1.000000;0.000000;;9
6465;4;22107;U16;;22#DIO - 1#DI-2（Surge fault feedback）;;1.000000;0.000000;;9
6466;4;22108;U16;;22#DIO - 1#DI-3（PCS Discharge/Charge Status）;;1.000000;0.000000;;9
6467;4;22109;U16;;22#DIO - 1#DI-4（Water Cooling）;;1.000000;0.000000;;4
6468;4;22110;U16;;22#DIO - 1#DI-5（Aerosol spraying）;;1.000000;0.000000;;4
6469;4;22111;U16;;22#DIO - 1#DI-6（KA1-KA6 Contactor Monitoring）;;1.000000;0.000000;;4
6470;4;22112;U16;;22#DIO - 1#DI-7（Reserve）;;1.000000;0.000000;;0
6471;4;22113;U16;;22#DIO - 1#DI-8（Reserve）;;1.000000;0.000000;;0
6472;4;22114;U16;;22#DIO - 1#DI-9（Temperature feedback）;;1.000000;0.000000;;4
6473;4;22115;U16;;22#DIO - 1#DI-10（Smoke feedback）;;1.000000;0.000000;;4
6474;4;22116;U16;;22#DIO - 1#DI-11（AC side entrance guard）;;1.000000;0.000000;;4
6475;4;22117;U16;;22#DIO - 1#DI-12（DC side entrance guard）;;1.000000;0.000000;;4
6476;4;22118;U16;;22#DIO - 1#DI-13（Exhaust Fan Feedback）;;1.000000;0.000000;;4
6477;4;22119;U16;;22#DIO - 1#DO-1（Running Indicator）;;1.000000;0.000000;;4
6478;4;22120;U16;;22#DIO - 1#DO-2（Fault Indicator）;;1.000000;0.000000;;9
6479;4;22121;U16;;22#DIO - 1#DO-3（Intermediate relay）;;1.000000;0.000000;;4
6480;4;22122;U16;;22#DIO - Reserve;;1.000000;0.000000;;0
6481;4;22124;U16;;22#DIO - Reserve;;1.000000;0.000000;;0
6482;4;22125;U16;;22#DIO - Reserve;;1.000000;0.000000;;0
6483;4;22126;U16;;22#DIO - Reserve;;1.000000;0.000000;;0
6484;4;22127;U16;;22#DIO - Reserve;;1.000000;0.000000;;0
6485;4;22128;U16;;22#DIO - Reserve;;1.000000;0.000000;;0
6486;4;22129;U16;;22#DIO - 2#DI-1;;1.000000;0.000000;;4
6487;4;22130;U16;;22#DIO - 2#DI-2;;1.000000;0.000000;;4
6488;4;22131;U16;;22#DIO - 2#DI-3;;1.000000;0.000000;;4
6489;4;22132;U16;;22#DIO - ;;1.000000;0.000000;;4
6490;4;22133;U16;;22#DIO - 2#DO-1;;1.000000;0.000000;;4
6491;4;22134;U16;;22#DIO - 2#DO-2;;1.000000;0.000000;;4
6492;4;22135;U16;;22#DIO - 2#DO-3;;1.000000;0.000000;;4
6493;4;22136;U16;;22#DIO - ;;1.000000;0.000000;;4
6494;4;22137;U16;;22#DIO - Reserve;;1.000000;0.000000;;0
6495;4;22138;U16;;22#DIO - Reserve;;1.000000;0.000000;;0
6496;4;22139;U16;;22#DIO - Reserve;;1.000000;0.000000;;0
6497;4;22140;U16;;22#DIO - Reserve;;1.000000;0.000000;;0
6498;4;22141;U16;;22#DIO - Reserve;;1.000000;0.000000;;0
6499;4;22142;U16;;22#DIO - Reserve;;1.000000;0.000000;;0
6500;4;22143;U16;;22#DIO - 50#DI-1;;1.000000;0.000000;;4
6501;4;22200;U16;;23#DIO - Reserve;;1.000000;0.000000;;0
6502;4;22201;U16;;23#DIO - Reserve;;1.000000;0.000000;;0
6503;4;22202;U16;;23#DIO - Reserve;;1.000000;0.000000;;0
6504;4;22203;U16;;23#DIO - Reserve;;1.000000;0.000000;;0
6505;4;22204;U16;;23#DIO - Reserve;;1.000000;0.000000;;0
6506;4;22205;U16;;23#DIO - Reserve;;1.000000;0.000000;;0
6507;4;22206;U16;;23#DIO - 1#DI-1（crash-stop）;;1.000000;0.000000;;9
6508;4;22207;U16;;23#DIO - 1#DI-2（Surge fault feedback）;;1.000000;0.000000;;9
6509;4;22208;U16;;23#DIO - 1#DI-3（PCS Discharge/Charge Status）;;1.000000;0.000000;;9
6510;4;22209;U16;;23#DIO - 1#DI-4（Water Cooling）;;1.000000;0.000000;;4
6511;4;22210;U16;;23#DIO - 1#DI-5（Aerosol spraying）;;1.000000;0.000000;;4
6512;4;22211;U16;;23#DIO - 1#DI-6（KA1-KA6 Contactor Monitoring）;;1.000000;0.000000;;4
6513;4;22212;U16;;23#DIO - 1#DI-7（Reserve）;;1.000000;0.000000;;0
6514;4;22213;U16;;23#DIO - 1#DI-8（Reserve）;;1.000000;0.000000;;0
6515;4;22214;U16;;23#DIO - 1#DI-9（Temperature feedback）;;1.000000;0.000000;;4
6516;4;22215;U16;;23#DIO - 1#DI-10（Smoke feedback）;;1.000000;0.000000;;4
6517;4;22216;U16;;23#DIO - 1#DI-11（AC side entrance guard）;;1.000000;0.000000;;4
6518;4;22217;U16;;23#DIO - 1#DI-12（DC side entrance guard）;;1.000000;0.000000;;4
6519;4;22218;U16;;23#DIO - 1#DI-13（Exhaust Fan Feedback）;;1.000000;0.000000;;4
6520;4;22219;U16;;23#DIO - 1#DO-1（Running Indicator）;;1.000000;0.000000;;4
6521;4;22220;U16;;23#DIO - 1#DO-2（Fault Indicator）;;1.000000;0.000000;;9
6522;4;22221;U16;;23#DIO - 1#DO-3（Intermediate relay）;;1.000000;0.000000;;4
6523;4;22222;U16;;23#DIO - Reserve;;1.000000;0.000000;;0
6524;4;22224;U16;;23#DIO - Reserve;;1.000000;0.000000;;0
6525;4;22225;U16;;23#DIO - Reserve;;1.000000;0.000000;;0
6526;4;22226;U16;;23#DIO - Reserve;;1.000000;0.000000;;0
6527;4;22227;U16;;23#DIO - Reserve;;1.000000;0.000000;;0
6528;4;22228;U16;;23#DIO - Reserve;;1.000000;0.000000;;0
6529;4;22229;U16;;23#DIO - 2#DI-1;;1.000000;0.000000;;4
6530;4;22230;U16;;23#DIO - 2#DI-2;;1.000000;0.000000;;4
6531;4;22231;U16;;23#DIO - 2#DI-3;;1.000000;0.000000;;4
6532;4;22232;U16;;23#DIO - ;;1.000000;0.000000;;4
6533;4;22233;U16;;23#DIO - 2#DO-1;;1.000000;0.000000;;4
6534;4;22234;U16;;23#DIO - 2#DO-2;;1.000000;0.000000;;4
6535;4;22235;U16;;23#DIO - 2#DO-3;;1.000000;0.000000;;4
6536;4;22236;U16;;23#DIO - ;;1.000000;0.000000;;4
6537;4;22237;U16;;23#DIO - Reserve;;1.000000;0.000000;;0
6538;4;22238;U16;;23#DIO - Reserve;;1.000000;0.000000;;0
6539;4;22239;U16;;23#DIO - Reserve;;1.000000;0.000000;;0
6540;4;22240;U16;;23#DIO - Reserve;;1.000000;0.000000;;0
6541;4;22241;U16;;23#DIO - Reserve;;1.000000;0.000000;;0
6542;4;22242;U16;;23#DIO - Reserve;;1.000000;0.000000;;0
6543;4;22243;U16;;23#DIO - 50#DI-1;;1.000000;0.000000;;4
6544;4;22300;U16;;24#DIO - Reserve;;1.000000;0.000000;;0
6545;4;22301;U16;;24#DIO - Reserve;;1.000000;0.000000;;0
6546;4;22302;U16;;24#DIO - Reserve;;1.000000;0.000000;;0
6547;4;22303;U16;;24#DIO - Reserve;;1.000000;0.000000;;0
6548;4;22304;U16;;24#DIO - Reserve;;1.000000;0.000000;;0
6549;4;22305;U16;;24#DIO - Reserve;;1.000000;0.000000;;0
6550;4;22306;U16;;24#DIO - 1#DI-1（crash-stop）;;1.000000;0.000000;;9
6551;4;22307;U16;;24#DIO - 1#DI-2（Surge fault feedback）;;1.000000;0.000000;;9
6552;4;22308;U16;;24#DIO - 1#DI-3（PCS Discharge/Charge Status）;;1.000000;0.000000;;9
6553;4;22309;U16;;24#DIO - 1#DI-4（Water Cooling）;;1.000000;0.000000;;4
6554;4;22310;U16;;24#DIO - 1#DI-5（Aerosol spraying）;;1.000000;0.000000;;4
6555;4;22311;U16;;24#DIO - 1#DI-6（KA1-KA6 Contactor Monitoring）;;1.000000;0.000000;;4
6556;4;22312;U16;;24#DIO - 1#DI-7（Reserve）;;1.000000;0.000000;;0
6557;4;22313;U16;;24#DIO - 1#DI-8（Reserve）;;1.000000;0.000000;;0
6558;4;22314;U16;;24#DIO - 1#DI-9（Temperature feedback）;;1.000000;0.000000;;4
6559;4;22315;U16;;24#DIO - 1#DI-10（Smoke feedback）;;1.000000;0.000000;;4
6560;4;22316;U16;;24#DIO - 1#DI-11（AC side entrance guard）;;1.000000;0.000000;;4
6561;4;22317;U16;;24#DIO - 1#DI-12（DC side entrance guard）;;1.000000;0.000000;;4
6562;4;22318;U16;;24#DIO - 1#DI-13（Exhaust Fan Feedback）;;1.000000;0.000000;;4
6563;4;22319;U16;;24#DIO - 1#DO-1（Running Indicator）;;1.000000;0.000000;;4
6564;4;22320;U16;;24#DIO - 1#DO-2（Fault Indicator）;;1.000000;0.000000;;9
6565;4;22321;U16;;24#DIO - 1#DO-3（Intermediate relay）;;1.000000;0.000000;;4
6566;4;22322;U16;;24#DIO - Reserve;;1.000000;0.000000;;0
6567;4;22324;U16;;24#DIO - Reserve;;1.000000;0.000000;;0
6568;4;22325;U16;;24#DIO - Reserve;;1.000000;0.000000;;0
6569;4;22326;U16;;24#DIO - Reserve;;1.000000;0.000000;;0
6570;4;22327;U16;;24#DIO - Reserve;;1.000000;0.000000;;0
6571;4;22328;U16;;24#DIO - Reserve;;1.000000;0.000000;;0
6572;4;22329;U16;;24#DIO - 2#DI-1;;1.000000;0.000000;;4
6573;4;22330;U16;;24#DIO - 2#DI-2;;1.000000;0.000000;;4
6574;4;22331;U16;;24#DIO - 2#DI-3;;1.000000;0.000000;;4
6575;4;22332;U16;;24#DIO - ;;1.000000;0.000000;;4
6576;4;22333;U16;;24#DIO - 2#DO-1;;1.000000;0.000000;;4
6577;4;22334;U16;;24#DIO - 2#DO-2;;1.000000;0.000000;;4
6578;4;22335;U16;;24#DIO - 2#DO-3;;1.000000;0.000000;;4
6579;4;22336;U16;;24#DIO - ;;1.000000;0.000000;;4
6580;4;22337;U16;;24#DIO - Reserve;;1.000000;0.000000;;0
6581;4;22338;U16;;24#DIO - Reserve;;1.000000;0.000000;;0
6582;4;22339;U16;;24#DIO - Reserve;;1.000000;0.000000;;0
6583;4;22340;U16;;24#DIO - Reserve;;1.000000;0.000000;;0
6584;4;22341;U16;;24#DIO - Reserve;;1.000000;0.000000;;0
6585;4;22342;U16;;24#DIO - Reserve;;1.000000;0.000000;;0
6586;4;22343;U16;;24#DIO - 50#DI-1;;1.000000;0.000000;;4
6587;4;22400;U16;;25#DIO - Reserve;;1.000000;0.000000;;0
6588;4;22401;U16;;25#DIO - Reserve;;1.000000;0.000000;;0
6589;4;22402;U16;;25#DIO - Reserve;;1.000000;0.000000;;0
6590;4;22403;U16;;25#DIO - Reserve;;1.000000;0.000000;;0
6591;4;22404;U16;;25#DIO - Reserve;;1.000000;0.000000;;0
6592;4;22405;U16;;25#DIO - Reserve;;1.000000;0.000000;;0
6593;4;22406;U16;;25#DIO - 1#DI-1（crash-stop）;;1.000000;0.000000;;9
6594;4;22407;U16;;25#DIO - 1#DI-2（Surge fault feedback）;;1.000000;0.000000;;9
6595;4;22408;U16;;25#DIO - 1#DI-3（PCS Discharge/Charge Status）;;1.000000;0.000000;;9
6596;4;22409;U16;;25#DIO - 1#DI-4（Water Cooling）;;1.000000;0.000000;;4
6597;4;22410;U16;;25#DIO - 1#DI-5（Aerosol spraying）;;1.000000;0.000000;;4
6598;4;22411;U16;;25#DIO - 1#DI-6（KA1-KA6 Contactor Monitoring）;;1.000000;0.000000;;4
6599;4;22412;U16;;25#DIO - 1#DI-7（Reserve）;;1.000000;0.000000;;0
6600;4;22413;U16;;25#DIO - 1#DI-8（Reserve）;;1.000000;0.000000;;0
6601;4;22414;U16;;25#DIO - 1#DI-9（Temperature feedback）;;1.000000;0.000000;;4
6602;4;22415;U16;;25#DIO - 1#DI-10（Smoke feedback）;;1.000000;0.000000;;4
6603;4;22416;U16;;25#DIO - 1#DI-11（AC side entrance guard）;;1.000000;0.000000;;4
6604;4;22417;U16;;25#DIO - 1#DI-12（DC side entrance guard）;;1.000000;0.000000;;4
6605;4;22418;U16;;25#DIO - 1#DI-13（Exhaust Fan Feedback）;;1.000000;0.000000;;4
6606;4;22419;U16;;25#DIO - 1#DO-1（Running Indicator）;;1.000000;0.000000;;4
6607;4;22420;U16;;25#DIO - 1#DO-2（Fault Indicator）;;1.000000;0.000000;;9
6608;4;22421;U16;;25#DIO - 1#DO-3（Intermediate relay）;;1.000000;0.000000;;4
6609;4;22422;U16;;25#DIO - Reserve;;1.000000;0.000000;;0
6610;4;22424;U16;;25#DIO - Reserve;;1.000000;0.000000;;0
6611;4;22425;U16;;25#DIO - Reserve;;1.000000;0.000000;;0
6612;4;22426;U16;;25#DIO - Reserve;;1.000000;0.000000;;0
6613;4;22427;U16;;25#DIO - Reserve;;1.000000;0.000000;;0
6614;4;22428;U16;;25#DIO - Reserve;;1.000000;0.000000;;0
6615;4;22429;U16;;25#DIO - 2#DI-1;;1.000000;0.000000;;4
6616;4;22430;U16;;25#DIO - 2#DI-2;;1.000000;0.000000;;4
6617;4;22431;U16;;25#DIO - 2#DI-3;;1.000000;0.000000;;4
6618;4;22432;U16;;25#DIO - ;;1.000000;0.000000;;4
6619;4;22433;U16;;25#DIO - 2#DO-1;;1.000000;0.000000;;4
6620;4;22434;U16;;25#DIO - 2#DO-2;;1.000000;0.000000;;4
6621;4;22435;U16;;25#DIO - 2#DO-3;;1.000000;0.000000;;4
6622;4;22436;U16;;25#DIO - ;;1.000000;0.000000;;4
6623;4;22437;U16;;25#DIO - Reserve;;1.000000;0.000000;;0
6624;4;22438;U16;;25#DIO - Reserve;;1.000000;0.000000;;0
6625;4;22439;U16;;25#DIO - Reserve;;1.000000;0.000000;;0
6626;4;22440;U16;;25#DIO - Reserve;;1.000000;0.000000;;0
6627;4;22441;U16;;25#DIO - Reserve;;1.000000;0.000000;;0
6628;4;22442;U16;;25#DIO - Reserve;;1.000000;0.000000;;0
6629;4;22443;U16;;25#DIO - 50#DI-1;;1.000000;0.000000;;4
6630;4;22500;U16;;26#DIO - Reserve;;1.000000;0.000000;;0
6631;4;22501;U16;;26#DIO - Reserve;;1.000000;0.000000;;0
6632;4;22502;U16;;26#DIO - Reserve;;1.000000;0.000000;;0
6633;4;22503;U16;;26#DIO - Reserve;;1.000000;0.000000;;0
6634;4;22504;U16;;26#DIO - Reserve;;1.000000;0.000000;;0
6635;4;22505;U16;;26#DIO - Reserve;;1.000000;0.000000;;0
6636;4;22506;U16;;26#DIO - 1#DI-1（crash-stop）;;1.000000;0.000000;;9
6637;4;22507;U16;;26#DIO - 1#DI-2（Surge fault feedback）;;1.000000;0.000000;;9
6638;4;22508;U16;;26#DIO - 1#DI-3（PCS Discharge/Charge Status）;;1.000000;0.000000;;9
6639;4;22509;U16;;26#DIO - 1#DI-4（Water Cooling）;;1.000000;0.000000;;4
6640;4;22510;U16;;26#DIO - 1#DI-5（Aerosol spraying）;;1.000000;0.000000;;4
6641;4;22511;U16;;26#DIO - 1#DI-6（KA1-KA6 Contactor Monitoring）;;1.000000;0.000000;;4
6642;4;22512;U16;;26#DIO - 1#DI-7（Reserve）;;1.000000;0.000000;;0
6643;4;22513;U16;;26#DIO - 1#DI-8（Reserve）;;1.000000;0.000000;;0
6644;4;22514;U16;;26#DIO - 1#DI-9（Temperature feedback）;;1.000000;0.000000;;4
6645;4;22515;U16;;26#DIO - 1#DI-10（Smoke feedback）;;1.000000;0.000000;;4
6646;4;22516;U16;;26#DIO - 1#DI-11（AC side entrance guard）;;1.000000;0.000000;;4
6647;4;22517;U16;;26#DIO - 1#DI-12（DC side entrance guard）;;1.000000;0.000000;;4
6648;4;22518;U16;;26#DIO - 1#DI-13（Exhaust Fan Feedback）;;1.000000;0.000000;;4
6649;4;22519;U16;;26#DIO - 1#DO-1（Running Indicator）;;1.000000;0.000000;;4
6650;4;22520;U16;;26#DIO - 1#DO-2（Fault Indicator）;;1.000000;0.000000;;9
6651;4;22521;U16;;26#DIO - 1#DO-3（Intermediate relay）;;1.000000;0.000000;;4
6652;4;22522;U16;;26#DIO - Reserve;;1.000000;0.000000;;0
6653;4;22524;U16;;26#DIO - Reserve;;1.000000;0.000000;;0
6654;4;22525;U16;;26#DIO - Reserve;;1.000000;0.000000;;0
6655;4;22526;U16;;26#DIO - Reserve;;1.000000;0.000000;;0
6656;4;22527;U16;;26#DIO - Reserve;;1.000000;0.000000;;0
6657;4;22528;U16;;26#DIO - Reserve;;1.000000;0.000000;;0
6658;4;22529;U16;;26#DIO - 2#DI-1;;1.000000;0.000000;;4
6659;4;22530;U16;;26#DIO - 2#DI-2;;1.000000;0.000000;;4
6660;4;22531;U16;;26#DIO - 2#DI-3;;1.000000;0.000000;;4
6661;4;22532;U16;;26#DIO - ;;1.000000;0.000000;;4
6662;4;22533;U16;;26#DIO - 2#DO-1;;1.000000;0.000000;;4
6663;4;22534;U16;;26#DIO - 2#DO-2;;1.000000;0.000000;;4
6664;4;22535;U16;;26#DIO - 2#DO-3;;1.000000;0.000000;;4
6665;4;22536;U16;;26#DIO - ;;1.000000;0.000000;;4
6666;4;22537;U16;;26#DIO - Reserve;;1.000000;0.000000;;0
6667;4;22538;U16;;26#DIO - Reserve;;1.000000;0.000000;;0
6668;4;22539;U16;;26#DIO - Reserve;;1.000000;0.000000;;0
6669;4;22540;U16;;26#DIO - Reserve;;1.000000;0.000000;;0
6670;4;22541;U16;;26#DIO - Reserve;;1.000000;0.000000;;0
6671;4;22542;U16;;26#DIO - Reserve;;1.000000;0.000000;;0
6672;4;22543;U16;;26#DIO - 50#DI-1;;1.000000;0.000000;;4
6673;4;22600;U16;;27#DIO - Reserve;;1.000000;0.000000;;0
6674;4;22601;U16;;27#DIO - Reserve;;1.000000;0.000000;;0
6675;4;22602;U16;;27#DIO - Reserve;;1.000000;0.000000;;0
6676;4;22603;U16;;27#DIO - Reserve;;1.000000;0.000000;;0
6677;4;22604;U16;;27#DIO - Reserve;;1.000000;0.000000;;0
6678;4;22605;U16;;27#DIO - Reserve;;1.000000;0.000000;;0
6679;4;22606;U16;;27#DIO - 1#DI-1（crash-stop）;;1.000000;0.000000;;9
6680;4;22607;U16;;27#DIO - 1#DI-2（Surge fault feedback）;;1.000000;0.000000;;9
6681;4;22608;U16;;27#DIO - 1#DI-3（PCS Discharge/Charge Status）;;1.000000;0.000000;;9
6682;4;22609;U16;;27#DIO - 1#DI-4（Water Cooling）;;1.000000;0.000000;;4
6683;4;22610;U16;;27#DIO - 1#DI-5（Aerosol spraying）;;1.000000;0.000000;;4
6684;4;22611;U16;;27#DIO - 1#DI-6（KA1-KA6 Contactor Monitoring）;;1.000000;0.000000;;4
6685;4;22612;U16;;27#DIO - 1#DI-7（Reserve）;;1.000000;0.000000;;0
6686;4;22613;U16;;27#DIO - 1#DI-8（Reserve）;;1.000000;0.000000;;0
6687;4;22614;U16;;27#DIO - 1#DI-9（Temperature feedback）;;1.000000;0.000000;;4
6688;4;22615;U16;;27#DIO - 1#DI-10（Smoke feedback）;;1.000000;0.000000;;4
6689;4;22616;U16;;27#DIO - 1#DI-11（AC side entrance guard）;;1.000000;0.000000;;4
6690;4;22617;U16;;27#DIO - 1#DI-12（DC side entrance guard）;;1.000000;0.000000;;4
6691;4;22618;U16;;27#DIO - 1#DI-13（Exhaust Fan Feedback）;;1.000000;0.000000;;4
6692;4;22619;U16;;27#DIO - 1#DO-1（Running Indicator）;;1.000000;0.000000;;4
6693;4;22620;U16;;27#DIO - 1#DO-2（Fault Indicator）;;1.000000;0.000000;;9
6694;4;22621;U16;;27#DIO - 1#DO-3（Intermediate relay）;;1.000000;0.000000;;4
6695;4;22622;U16;;27#DIO - Reserve;;1.000000;0.000000;;0
6696;4;22624;U16;;27#DIO - Reserve;;1.000000;0.000000;;0
6697;4;22625;U16;;27#DIO - Reserve;;1.000000;0.000000;;0
6698;4;22626;U16;;27#DIO - Reserve;;1.000000;0.000000;;0
6699;4;22627;U16;;27#DIO - Reserve;;1.000000;0.000000;;0
6700;4;22628;U16;;27#DIO - Reserve;;1.000000;0.000000;;0
6701;4;22629;U16;;27#DIO - 2#DI-1;;1.000000;0.000000;;4
6702;4;22630;U16;;27#DIO - 2#DI-2;;1.000000;0.000000;;4
6703;4;22631;U16;;27#DIO - 2#DI-3;;1.000000;0.000000;;4
6704;4;22632;U16;;27#DIO - ;;1.000000;0.000000;;4
6705;4;22633;U16;;27#DIO - 2#DO-1;;1.000000;0.000000;;4
6706;4;22634;U16;;27#DIO - 2#DO-2;;1.000000;0.000000;;4
6707;4;22635;U16;;27#DIO - 2#DO-3;;1.000000;0.000000;;4
6708;4;22636;U16;;27#DIO - ;;1.000000;0.000000;;4
6709;4;22637;U16;;27#DIO - Reserve;;1.000000;0.000000;;0
6710;4;22638;U16;;27#DIO - Reserve;;1.000000;0.000000;;0
6711;4;22639;U16;;27#DIO - Reserve;;1.000000;0.000000;;0
6712;4;22640;U16;;27#DIO - Reserve;;1.000000;0.000000;;0
6713;4;22641;U16;;27#DIO - Reserve;;1.000000;0.000000;;0
6714;4;22642;U16;;27#DIO - Reserve;;1.000000;0.000000;;0
6715;4;22643;U16;;27#DIO - 50#DI-1;;1.000000;0.000000;;4
6716;4;22700;U16;;28#DIO - Reserve;;1.000000;0.000000;;0
6717;4;22701;U16;;28#DIO - Reserve;;1.000000;0.000000;;0
6718;4;22702;U16;;28#DIO - Reserve;;1.000000;0.000000;;0
6719;4;22703;U16;;28#DIO - Reserve;;1.000000;0.000000;;0
6720;4;22704;U16;;28#DIO - Reserve;;1.000000;0.000000;;0
6721;4;22705;U16;;28#DIO - Reserve;;1.000000;0.000000;;0
6722;4;22706;U16;;28#DIO - 1#DI-1（crash-stop）;;1.000000;0.000000;;9
6723;4;22707;U16;;28#DIO - 1#DI-2（Surge fault feedback）;;1.000000;0.000000;;9
6724;4;22708;U16;;28#DIO - 1#DI-3（PCS Discharge/Charge Status）;;1.000000;0.000000;;9
6725;4;22709;U16;;28#DIO - 1#DI-4（Water Cooling）;;1.000000;0.000000;;4
6726;4;22710;U16;;28#DIO - 1#DI-5（Aerosol spraying）;;1.000000;0.000000;;4
6727;4;22711;U16;;28#DIO - 1#DI-6（KA1-KA6 Contactor Monitoring）;;1.000000;0.000000;;4
6728;4;22712;U16;;28#DIO - 1#DI-7（Reserve）;;1.000000;0.000000;;0
6729;4;22713;U16;;28#DIO - 1#DI-8（Reserve）;;1.000000;0.000000;;0
6730;4;22714;U16;;28#DIO - 1#DI-9（Temperature feedback）;;1.000000;0.000000;;4
6731;4;22715;U16;;28#DIO - 1#DI-10（Smoke feedback）;;1.000000;0.000000;;4
6732;4;22716;U16;;28#DIO - 1#DI-11（AC side entrance guard）;;1.000000;0.000000;;4
6733;4;22717;U16;;28#DIO - 1#DI-12（DC side entrance guard）;;1.000000;0.000000;;4
6734;4;22718;U16;;28#DIO - 1#DI-13（Exhaust Fan Feedback）;;1.000000;0.000000;;4
6735;4;22719;U16;;28#DIO - 1#DO-1（Running Indicator）;;1.000000;0.000000;;4
6736;4;22720;U16;;28#DIO - 1#DO-2（Fault Indicator）;;1.000000;0.000000;;9
6737;4;22721;U16;;28#DIO - 1#DO-3（Intermediate relay）;;1.000000;0.000000;;4
6738;4;22722;U16;;28#DIO - Reserve;;1.000000;0.000000;;0
6739;4;22724;U16;;28#DIO - Reserve;;1.000000;0.000000;;0
6740;4;22725;U16;;28#DIO - Reserve;;1.000000;0.000000;;0
6741;4;22726;U16;;28#DIO - Reserve;;1.000000;0.000000;;0
6742;4;22727;U16;;28#DIO - Reserve;;1.000000;0.000000;;0
6743;4;22728;U16;;28#DIO - Reserve;;1.000000;0.000000;;0
6744;4;22729;U16;;28#DIO - 2#DI-1;;1.000000;0.000000;;4
6745;4;22730;U16;;28#DIO - 2#DI-2;;1.000000;0.000000;;4
6746;4;22731;U16;;28#DIO - 2#DI-3;;1.000000;0.000000;;4
6747;4;22732;U16;;28#DIO - ;;1.000000;0.000000;;4
6748;4;22733;U16;;28#DIO - 2#DO-1;;1.000000;0.000000;;4
6749;4;22734;U16;;28#DIO - 2#DO-2;;1.000000;0.000000;;4
6750;4;22735;U16;;28#DIO - 2#DO-3;;1.000000;0.000000;;4
6751;4;22736;U16;;28#DIO - ;;1.000000;0.000000;;4
6752;4;22737;U16;;28#DIO - Reserve;;1.000000;0.000000;;0
6753;4;22738;U16;;28#DIO - Reserve;;1.000000;0.000000;;0
6754;4;22739;U16;;28#DIO - Reserve;;1.000000;0.000000;;0
6755;4;22740;U16;;28#DIO - Reserve;;1.000000;0.000000;;0
6756;4;22741;U16;;28#DIO - Reserve;;1.000000;0.000000;;0
6757;4;22742;U16;;28#DIO - Reserve;;1.000000;0.000000;;0
6758;4;22743;U16;;28#DIO - 50#DI-1;;1.000000;0.000000;;4
6759;4;22800;U16;;29#DIO - Reserve;;1.000000;0.000000;;0
6760;4;22801;U16;;29#DIO - Reserve;;1.000000;0.000000;;0
6761;4;22802;U16;;29#DIO - Reserve;;1.000000;0.000000;;0
6762;4;22803;U16;;29#DIO - Reserve;;1.000000;0.000000;;0
6763;4;22804;U16;;29#DIO - Reserve;;1.000000;0.000000;;0
6764;4;22805;U16;;29#DIO - Reserve;;1.000000;0.000000;;0
6765;4;22806;U16;;29#DIO - 1#DI-1（crash-stop）;;1.000000;0.000000;;9
6766;4;22807;U16;;29#DIO - 1#DI-2（Surge fault feedback）;;1.000000;0.000000;;9
6767;4;22808;U16;;29#DIO - 1#DI-3（PCS Discharge/Charge Status）;;1.000000;0.000000;;9
6768;4;22809;U16;;29#DIO - 1#DI-4（Water Cooling）;;1.000000;0.000000;;4
6769;4;22810;U16;;29#DIO - 1#DI-5（Aerosol spraying）;;1.000000;0.000000;;4
6770;4;22811;U16;;29#DIO - 1#DI-6（KA1-KA6 Contactor Monitoring）;;1.000000;0.000000;;4
6771;4;22812;U16;;29#DIO - 1#DI-7（Reserve）;;1.000000;0.000000;;0
6772;4;22813;U16;;29#DIO - 1#DI-8（Reserve）;;1.000000;0.000000;;0
6773;4;22814;U16;;29#DIO - 1#DI-9（Temperature feedback）;;1.000000;0.000000;;4
6774;4;22815;U16;;29#DIO - 1#DI-10（Smoke feedback）;;1.000000;0.000000;;4
6775;4;22816;U16;;29#DIO - 1#DI-11（AC side entrance guard）;;1.000000;0.000000;;4
6776;4;22817;U16;;29#DIO - 1#DI-12（DC side entrance guard）;;1.000000;0.000000;;4
6777;4;22818;U16;;29#DIO - 1#DI-13（Exhaust Fan Feedback）;;1.000000;0.000000;;4
6778;4;22819;U16;;29#DIO - 1#DO-1（Running Indicator）;;1.000000;0.000000;;4
6779;4;22820;U16;;29#DIO - 1#DO-2（Fault Indicator）;;1.000000;0.000000;;9
6780;4;22821;U16;;29#DIO - 1#DO-3（Intermediate relay）;;1.000000;0.000000;;4
6781;4;22822;U16;;29#DIO - Reserve;;1.000000;0.000000;;0
6782;4;22824;U16;;29#DIO - Reserve;;1.000000;0.000000;;0
6783;4;22825;U16;;29#DIO - Reserve;;1.000000;0.000000;;0
6784;4;22826;U16;;29#DIO - Reserve;;1.000000;0.000000;;0
6785;4;22827;U16;;29#DIO - Reserve;;1.000000;0.000000;;0
6786;4;22828;U16;;29#DIO - Reserve;;1.000000;0.000000;;0
6787;4;22829;U16;;29#DIO - 2#DI-1;;1.000000;0.000000;;4
6788;4;22830;U16;;29#DIO - 2#DI-2;;1.000000;0.000000;;4
6789;4;22831;U16;;29#DIO - 2#DI-3;;1.000000;0.000000;;4
6790;4;22832;U16;;29#DIO - ;;1.000000;0.000000;;4
6791;4;22833;U16;;29#DIO - 2#DO-1;;1.000000;0.000000;;4
6792;4;22834;U16;;29#DIO - 2#DO-2;;1.000000;0.000000;;4
6793;4;22835;U16;;29#DIO - 2#DO-3;;1.000000;0.000000;;4
6794;4;22836;U16;;29#DIO - ;;1.000000;0.000000;;4
6795;4;22837;U16;;29#DIO - Reserve;;1.000000;0.000000;;0
6796;4;22838;U16;;29#DIO - Reserve;;1.000000;0.000000;;0
6797;4;22839;U16;;29#DIO - Reserve;;1.000000;0.000000;;0
6798;4;22840;U16;;29#DIO - Reserve;;1.000000;0.000000;;0
6799;4;22841;U16;;29#DIO - Reserve;;1.000000;0.000000;;0
6800;4;22842;U16;;29#DIO - Reserve;;1.000000;0.000000;;0
6801;4;22843;U16;;29#DIO - 50#DI-1;;1.000000;0.000000;;4
6802;4;22900;U16;;30#DIO - Reserve;;1.000000;0.000000;;0
6803;4;22901;U16;;30#DIO - Reserve;;1.000000;0.000000;;0
6804;4;22902;U16;;30#DIO - Reserve;;1.000000;0.000000;;0
6805;4;22903;U16;;30#DIO - Reserve;;1.000000;0.000000;;0
6806;4;22904;U16;;30#DIO - Reserve;;1.000000;0.000000;;0
6807;4;22905;U16;;30#DIO - Reserve;;1.000000;0.000000;;0
6808;4;22906;U16;;30#DIO - 1#DI-1（crash-stop）;;1.000000;0.000000;;9
6809;4;22907;U16;;30#DIO - 1#DI-2（Surge fault feedback）;;1.000000;0.000000;;9
6810;4;22908;U16;;30#DIO - 1#DI-3（PCS Discharge/Charge Status）;;1.000000;0.000000;;9
6811;4;22909;U16;;30#DIO - 1#DI-4（Water Cooling）;;1.000000;0.000000;;4
6812;4;22910;U16;;30#DIO - 1#DI-5（Aerosol spraying）;;1.000000;0.000000;;4
6813;4;22911;U16;;30#DIO - 1#DI-6（KA1-KA6 Contactor Monitoring）;;1.000000;0.000000;;4
6814;4;22912;U16;;30#DIO - 1#DI-7（Reserve）;;1.000000;0.000000;;0
6815;4;22913;U16;;30#DIO - 1#DI-8（Reserve）;;1.000000;0.000000;;0
6816;4;22914;U16;;30#DIO - 1#DI-9（Temperature feedback）;;1.000000;0.000000;;4
6817;4;22915;U16;;30#DIO - 1#DI-10（Smoke feedback）;;1.000000;0.000000;;4
6818;4;22916;U16;;30#DIO - 1#DI-11（AC side entrance guard）;;1.000000;0.000000;;4
6819;4;22917;U16;;30#DIO - 1#DI-12（DC side entrance guard）;;1.000000;0.000000;;4
6820;4;22918;U16;;30#DIO - 1#DI-13（Exhaust Fan Feedback）;;1.000000;0.000000;;4
6821;4;22919;U16;;30#DIO - 1#DO-1（Running Indicator）;;1.000000;0.000000;;4
6822;4;22920;U16;;30#DIO - 1#DO-2（Fault Indicator）;;1.000000;0.000000;;9
6823;4;22921;U16;;30#DIO - 1#DO-3（Intermediate relay）;;1.000000;0.000000;;4
6824;4;22922;U16;;30#DIO - Reserve;;1.000000;0.000000;;0
6825;4;22924;U16;;30#DIO - Reserve;;1.000000;0.000000;;0
6826;4;22925;U16;;30#DIO - Reserve;;1.000000;0.000000;;0
6827;4;22926;U16;;30#DIO - Reserve;;1.000000;0.000000;;0
6828;4;22927;U16;;30#DIO - Reserve;;1.000000;0.000000;;0
6829;4;22928;U16;;30#DIO - Reserve;;1.000000;0.000000;;0
6830;4;22929;U16;;30#DIO - 2#DI-1;;1.000000;0.000000;;4
6831;4;22930;U16;;30#DIO - 2#DI-2;;1.000000;0.000000;;4
6832;4;22931;U16;;30#DIO - 2#DI-3;;1.000000;0.000000;;4
6833;4;22932;U16;;30#DIO - ;;1.000000;0.000000;;4
6834;4;22933;U16;;30#DIO - 2#DO-1;;1.000000;0.000000;;4
6835;4;22934;U16;;30#DIO - 2#DO-2;;1.000000;0.000000;;4
6836;4;22935;U16;;30#DIO - 2#DO-3;;1.000000;0.000000;;4
6837;4;22936;U16;;30#DIO - ;;1.000000;0.000000;;4
6838;4;22937;U16;;30#DIO - Reserve;;1.000000;0.000000;;0
6839;4;22938;U16;;30#DIO - Reserve;;1.000000;0.000000;;0
6840;4;22939;U16;;30#DIO - Reserve;;1.000000;0.000000;;0
6841;4;22940;U16;;30#DIO - Reserve;;1.000000;0.000000;;0
6842;4;22941;U16;;30#DIO - Reserve;;1.000000;0.000000;;0
6843;4;22942;U16;;30#DIO - Reserve;;1.000000;0.000000;;0
6844;4;22943;U16;;30#DIO - 50#DI-1;;1.000000;0.000000;;4
6845;4;23000;U16;;31#DIO - Reserve;;1.000000;0.000000;;0
6846;4;23001;U16;;31#DIO - Reserve;;1.000000;0.000000;;0
6847;4;23002;U16;;31#DIO - Reserve;;1.000000;0.000000;;0
6848;4;23003;U16;;31#DIO - Reserve;;1.000000;0.000000;;0
6849;4;23004;U16;;31#DIO - Reserve;;1.000000;0.000000;;0
6850;4;23005;U16;;31#DIO - Reserve;;1.000000;0.000000;;0
6851;4;23006;U16;;31#DIO - 1#DI-1（crash-stop）;;1.000000;0.000000;;9
6852;4;23007;U16;;31#DIO - 1#DI-2（Surge fault feedback）;;1.000000;0.000000;;9
6853;4;23008;U16;;31#DIO - 1#DI-3（PCS Discharge/Charge Status）;;1.000000;0.000000;;9
6854;4;23009;U16;;31#DIO - 1#DI-4（Water Cooling）;;1.000000;0.000000;;4
6855;4;23010;U16;;31#DIO - 1#DI-5（Aerosol spraying）;;1.000000;0.000000;;4
6856;4;23011;U16;;31#DIO - 1#DI-6（KA1-KA6 Contactor Monitoring）;;1.000000;0.000000;;4
6857;4;23012;U16;;31#DIO - 1#DI-7（Reserve）;;1.000000;0.000000;;0
6858;4;23013;U16;;31#DIO - 1#DI-8（Reserve）;;1.000000;0.000000;;0
6859;4;23014;U16;;31#DIO - 1#DI-9（Temperature feedback）;;1.000000;0.000000;;4
6860;4;23015;U16;;31#DIO - 1#DI-10（Smoke feedback）;;1.000000;0.000000;;4
6861;4;23016;U16;;31#DIO - 1#DI-11（AC side entrance guard）;;1.000000;0.000000;;4
6862;4;23017;U16;;31#DIO - 1#DI-12（DC side entrance guard）;;1.000000;0.000000;;4
6863;4;23018;U16;;31#DIO - 1#DI-13（Exhaust Fan Feedback）;;1.000000;0.000000;;4
6864;4;23019;U16;;31#DIO - 1#DO-1（Running Indicator）;;1.000000;0.000000;;4
6865;4;23020;U16;;31#DIO - 1#DO-2（Fault Indicator）;;1.000000;0.000000;;9
6866;4;23021;U16;;31#DIO - 1#DO-3（Intermediate relay）;;1.000000;0.000000;;4
6867;4;23022;U16;;31#DIO - Reserve;;1.000000;0.000000;;0
6868;4;23024;U16;;31#DIO - Reserve;;1.000000;0.000000;;0
6869;4;23025;U16;;31#DIO - Reserve;;1.000000;0.000000;;0
6870;4;23026;U16;;31#DIO - Reserve;;1.000000;0.000000;;0
6871;4;23027;U16;;31#DIO - Reserve;;1.000000;0.000000;;0
6872;4;23028;U16;;31#DIO - Reserve;;1.000000;0.000000;;0
6873;4;23029;U16;;31#DIO - 2#DI-1;;1.000000;0.000000;;4
6874;4;23030;U16;;31#DIO - 2#DI-2;;1.000000;0.000000;;4
6875;4;23031;U16;;31#DIO - 2#DI-3;;1.000000;0.000000;;4
6876;4;23032;U16;;31#DIO - ;;1.000000;0.000000;;4
6877;4;23033;U16;;31#DIO - 2#DO-1;;1.000000;0.000000;;4
6878;4;23034;U16;;31#DIO - 2#DO-2;;1.000000;0.000000;;4
6879;4;23035;U16;;31#DIO - 2#DO-3;;1.000000;0.000000;;4
6880;4;23036;U16;;31#DIO - ;;1.000000;0.000000;;4
6881;4;23037;U16;;31#DIO - Reserve;;1.000000;0.000000;;0
6882;4;23038;U16;;31#DIO - Reserve;;1.000000;0.000000;;0
6883;4;23039;U16;;31#DIO - Reserve;;1.000000;0.000000;;0
6884;4;23040;U16;;31#DIO - Reserve;;1.000000;0.000000;;0
6885;4;23041;U16;;31#DIO - Reserve;;1.000000;0.000000;;0
6886;4;23042;U16;;31#DIO - Reserve;;1.000000;0.000000;;0
6887;4;23043;U16;;31#DIO - 50#DI-1;;1.000000;0.000000;;4
6888;4;23100;U16;;32#DIO - Reserve;;1.000000;0.000000;;0
6889;4;23101;U16;;32#DIO - Reserve;;1.000000;0.000000;;0
6890;4;23102;U16;;32#DIO - Reserve;;1.000000;0.000000;;0
6891;4;23103;U16;;32#DIO - Reserve;;1.000000;0.000000;;0
6892;4;23104;U16;;32#DIO - Reserve;;1.000000;0.000000;;0
6893;4;23105;U16;;32#DIO - Reserve;;1.000000;0.000000;;0
6894;4;23106;U16;;32#DIO - 1#DI-1（crash-stop）;;1.000000;0.000000;;9
6895;4;23107;U16;;32#DIO - 1#DI-2（Surge fault feedback）;;1.000000;0.000000;;9
6896;4;23108;U16;;32#DIO - 1#DI-3（PCS Discharge/Charge Status）;;1.000000;0.000000;;9
6897;4;23109;U16;;32#DIO - 1#DI-4（Water Cooling）;;1.000000;0.000000;;4
6898;4;23110;U16;;32#DIO - 1#DI-5（Aerosol spraying）;;1.000000;0.000000;;4
6899;4;23111;U16;;32#DIO - 1#DI-6（KA1-KA6 Contactor Monitoring）;;1.000000;0.000000;;4
6900;4;23112;U16;;32#DIO - 1#DI-7（Reserve）;;1.000000;0.000000;;0
6901;4;23113;U16;;32#DIO - 1#DI-8（Reserve）;;1.000000;0.000000;;0
6902;4;23114;U16;;32#DIO - 1#DI-9（Temperature feedback）;;1.000000;0.000000;;4
6903;4;23115;U16;;32#DIO - 1#DI-10（Smoke feedback）;;1.000000;0.000000;;4
6904;4;23116;U16;;32#DIO - 1#DI-11（AC side entrance guard）;;1.000000;0.000000;;4
6905;4;23117;U16;;32#DIO - 1#DI-12（DC side entrance guard）;;1.000000;0.000000;;4
6906;4;23118;U16;;32#DIO - 1#DI-13（Exhaust Fan Feedback）;;1.000000;0.000000;;4
6907;4;23119;U16;;32#DIO - 1#DO-1（Running Indicator）;;1.000000;0.000000;;4
6908;4;23120;U16;;32#DIO - 1#DO-2（Fault Indicator）;;1.000000;0.000000;;9
6909;4;23121;U16;;32#DIO - 1#DO-3（Intermediate relay）;;1.000000;0.000000;;4
6910;4;23122;U16;;32#DIO - Reserve;;1.000000;0.000000;;0
6911;4;23124;U16;;32#DIO - Reserve;;1.000000;0.000000;;0
6912;4;23125;U16;;32#DIO - Reserve;;1.000000;0.000000;;0
6913;4;23126;U16;;32#DIO - Reserve;;1.000000;0.000000;;0
6914;4;23127;U16;;32#DIO - Reserve;;1.000000;0.000000;;0
6915;4;23128;U16;;32#DIO - Reserve;;1.000000;0.000000;;0
6916;4;23129;U16;;32#DIO - 2#DI-1;;1.000000;0.000000;;4
6917;4;23130;U16;;32#DIO - 2#DI-2;;1.000000;0.000000;;4
6918;4;23131;U16;;32#DIO - 2#DI-3;;1.000000;0.000000;;4
6919;4;23132;U16;;32#DIO - ;;1.000000;0.000000;;4
6920;4;23133;U16;;32#DIO - 2#DO-1;;1.000000;0.000000;;4
6921;4;23134;U16;;32#DIO - 2#DO-2;;1.000000;0.000000;;4
6922;4;23135;U16;;32#DIO - 2#DO-3;;1.000000;0.000000;;4
6923;4;23136;U16;;32#DIO - ;;1.000000;0.000000;;4
6924;4;23137;U16;;32#DIO - Reserve;;1.000000;0.000000;;0
6925;4;23138;U16;;32#DIO - Reserve;;1.000000;0.000000;;0
6926;4;23139;U16;;32#DIO - Reserve;;1.000000;0.000000;;0
6927;4;23140;U16;;32#DIO - Reserve;;1.000000;0.000000;;0
6928;4;23141;U16;;32#DIO - Reserve;;1.000000;0.000000;;0
6929;4;23142;U16;;32#DIO - Reserve;;1.000000;0.000000;;0
6930;4;23143;U16;;32#DIO - 50#DI-1;;1.000000;0.000000;;4
6931;4;23200;U16;;33#DIO - Reserve;;1.000000;0.000000;;0
6932;4;23201;U16;;33#DIO - Reserve;;1.000000;0.000000;;0
6933;4;23202;U16;;33#DIO - Reserve;;1.000000;0.000000;;0
6934;4;23203;U16;;33#DIO - Reserve;;1.000000;0.000000;;0
6935;4;23204;U16;;33#DIO - Reserve;;1.000000;0.000000;;0
6936;4;23205;U16;;33#DIO - Reserve;;1.000000;0.000000;;0
6937;4;23206;U16;;33#DIO - 1#DI-1（crash-stop）;;1.000000;0.000000;;9
6938;4;23207;U16;;33#DIO - 1#DI-2（Surge fault feedback）;;1.000000;0.000000;;9
6939;4;23208;U16;;33#DIO - 1#DI-3（PCS Discharge/Charge Status）;;1.000000;0.000000;;9
6940;4;23209;U16;;33#DIO - 1#DI-4（Water Cooling）;;1.000000;0.000000;;4
6941;4;23210;U16;;33#DIO - 1#DI-5（Aerosol spraying）;;1.000000;0.000000;;4
6942;4;23211;U16;;33#DIO - 1#DI-6（KA1-KA6 Contactor Monitoring）;;1.000000;0.000000;;4
6943;4;23212;U16;;33#DIO - 1#DI-7（Reserve）;;1.000000;0.000000;;0
6944;4;23213;U16;;33#DIO - 1#DI-8（Reserve）;;1.000000;0.000000;;0
6945;4;23214;U16;;33#DIO - 1#DI-9（Temperature feedback）;;1.000000;0.000000;;4
6946;4;23215;U16;;33#DIO - 1#DI-10（Smoke feedback）;;1.000000;0.000000;;4
6947;4;23216;U16;;33#DIO - 1#DI-11（AC side entrance guard）;;1.000000;0.000000;;4
6948;4;23217;U16;;33#DIO - 1#DI-12（DC side entrance guard）;;1.000000;0.000000;;4
6949;4;23218;U16;;33#DIO - 1#DI-13（Exhaust Fan Feedback）;;1.000000;0.000000;;4
6950;4;23219;U16;;33#DIO - 1#DO-1（Running Indicator）;;1.000000;0.000000;;4
6951;4;23220;U16;;33#DIO - 1#DO-2（Fault Indicator）;;1.000000;0.000000;;9
6952;4;23221;U16;;33#DIO - 1#DO-3（Intermediate relay）;;1.000000;0.000000;;4
6953;4;23222;U16;;33#DIO - Reserve;;1.000000;0.000000;;0
6954;4;23224;U16;;33#DIO - Reserve;;1.000000;0.000000;;0
6955;4;23225;U16;;33#DIO - Reserve;;1.000000;0.000000;;0
6956;4;23226;U16;;33#DIO - Reserve;;1.000000;0.000000;;0
6957;4;23227;U16;;33#DIO - Reserve;;1.000000;0.000000;;0
6958;4;23228;U16;;33#DIO - Reserve;;1.000000;0.000000;;0
6959;4;23229;U16;;33#DIO - 2#DI-1;;1.000000;0.000000;;4
6960;4;23230;U16;;33#DIO - 2#DI-2;;1.000000;0.000000;;4
6961;4;23231;U16;;33#DIO - 2#DI-3;;1.000000;0.000000;;4
6962;4;23232;U16;;33#DIO - ;;1.000000;0.000000;;4
6963;4;23233;U16;;33#DIO - 2#DO-1;;1.000000;0.000000;;4
6964;4;23234;U16;;33#DIO - 2#DO-2;;1.000000;0.000000;;4
6965;4;23235;U16;;33#DIO - 2#DO-3;;1.000000;0.000000;;4
6966;4;23236;U16;;33#DIO - ;;1.000000;0.000000;;4
6967;4;23237;U16;;33#DIO - Reserve;;1.000000;0.000000;;0
6968;4;23238;U16;;33#DIO - Reserve;;1.000000;0.000000;;0
6969;4;23239;U16;;33#DIO - Reserve;;1.000000;0.000000;;0
6970;4;23240;U16;;33#DIO - Reserve;;1.000000;0.000000;;0
6971;4;23241;U16;;33#DIO - Reserve;;1.000000;0.000000;;0
6972;4;23242;U16;;33#DIO - Reserve;;1.000000;0.000000;;0
6973;4;23243;U16;;33#DIO - 50#DI-1;;1.000000;0.000000;;4
6974;4;23300;U16;;34#DIO - Reserve;;1.000000;0.000000;;0
6975;4;23301;U16;;34#DIO - Reserve;;1.000000;0.000000;;0
6976;4;23302;U16;;34#DIO - Reserve;;1.000000;0.000000;;0
6977;4;23303;U16;;34#DIO - Reserve;;1.000000;0.000000;;0
6978;4;23304;U16;;34#DIO - Reserve;;1.000000;0.000000;;0
6979;4;23305;U16;;34#DIO - Reserve;;1.000000;0.000000;;0
6980;4;23306;U16;;34#DIO - 1#DI-1（crash-stop）;;1.000000;0.000000;;9
6981;4;23307;U16;;34#DIO - 1#DI-2（Surge fault feedback）;;1.000000;0.000000;;9
6982;4;23308;U16;;34#DIO - 1#DI-3（PCS Discharge/Charge Status）;;1.000000;0.000000;;9
6983;4;23309;U16;;34#DIO - 1#DI-4（Water Cooling）;;1.000000;0.000000;;4
6984;4;23310;U16;;34#DIO - 1#DI-5（Aerosol spraying）;;1.000000;0.000000;;4
6985;4;23311;U16;;34#DIO - 1#DI-6（KA1-KA6 Contactor Monitoring）;;1.000000;0.000000;;4
6986;4;23312;U16;;34#DIO - 1#DI-7（Reserve）;;1.000000;0.000000;;0
6987;4;23313;U16;;34#DIO - 1#DI-8（Reserve）;;1.000000;0.000000;;0
6988;4;23314;U16;;34#DIO - 1#DI-9（Temperature feedback）;;1.000000;0.000000;;4
6989;4;23315;U16;;34#DIO - 1#DI-10（Smoke feedback）;;1.000000;0.000000;;4
6990;4;23316;U16;;34#DIO - 1#DI-11（AC side entrance guard）;;1.000000;0.000000;;4
6991;4;23317;U16;;34#DIO - 1#DI-12（DC side entrance guard）;;1.000000;0.000000;;4
6992;4;23318;U16;;34#DIO - 1#DI-13（Exhaust Fan Feedback）;;1.000000;0.000000;;4
6993;4;23319;U16;;34#DIO - 1#DO-1（Running Indicator）;;1.000000;0.000000;;4
6994;4;23320;U16;;34#DIO - 1#DO-2（Fault Indicator）;;1.000000;0.000000;;9
6995;4;23321;U16;;34#DIO - 1#DO-3（Intermediate relay）;;1.000000;0.000000;;4
6996;4;23322;U16;;34#DIO - Reserve;;1.000000;0.000000;;0
6997;4;23324;U16;;34#DIO - Reserve;;1.000000;0.000000;;0
6998;4;23325;U16;;34#DIO - Reserve;;1.000000;0.000000;;0
6999;4;23326;U16;;34#DIO - Reserve;;1.000000;0.000000;;0
7000;4;23327;U16;;34#DIO - Reserve;;1.000000;0.000000;;0
7001;4;23328;U16;;34#DIO - Reserve;;1.000000;0.000000;;0
7002;4;23329;U16;;34#DIO - 2#DI-1;;1.000000;0.000000;;4
7003;4;23330;U16;;34#DIO - 2#DI-2;;1.000000;0.000000;;4
7004;4;23331;U16;;34#DIO - 2#DI-3;;1.000000;0.000000;;4
7005;4;23332;U16;;34#DIO - ;;1.000000;0.000000;;4
7006;4;23333;U16;;34#DIO - 2#DO-1;;1.000000;0.000000;;4
7007;4;23334;U16;;34#DIO - 2#DO-2;;1.000000;0.000000;;4
7008;4;23335;U16;;34#DIO - 2#DO-3;;1.000000;0.000000;;4
7009;4;23336;U16;;34#DIO - ;;1.000000;0.000000;;4
7010;4;23337;U16;;34#DIO - Reserve;;1.000000;0.000000;;0
7011;4;23338;U16;;34#DIO - Reserve;;1.000000;0.000000;;0
7012;4;23339;U16;;34#DIO - Reserve;;1.000000;0.000000;;0
7013;4;23340;U16;;34#DIO - Reserve;;1.000000;0.000000;;0
7014;4;23341;U16;;34#DIO - Reserve;;1.000000;0.000000;;0
7015;4;23342;U16;;34#DIO - Reserve;;1.000000;0.000000;;0
7016;4;23343;U16;;34#DIO - 50#DI-1;;1.000000;0.000000;;4
7017;4;23400;U16;;35#DIO - Reserve;;1.000000;0.000000;;0
7018;4;23401;U16;;35#DIO - Reserve;;1.000000;0.000000;;0
7019;4;23402;U16;;35#DIO - Reserve;;1.000000;0.000000;;0
7020;4;23403;U16;;35#DIO - Reserve;;1.000000;0.000000;;0
7021;4;23404;U16;;35#DIO - Reserve;;1.000000;0.000000;;0
7022;4;23405;U16;;35#DIO - Reserve;;1.000000;0.000000;;0
7023;4;23406;U16;;35#DIO - 1#DI-1（crash-stop）;;1.000000;0.000000;;9
7024;4;23407;U16;;35#DIO - 1#DI-2（Surge fault feedback）;;1.000000;0.000000;;9
7025;4;23408;U16;;35#DIO - 1#DI-3（PCS Discharge/Charge Status）;;1.000000;0.000000;;9
7026;4;23409;U16;;35#DIO - 1#DI-4（Water Cooling）;;1.000000;0.000000;;4
7027;4;23410;U16;;35#DIO - 1#DI-5（Aerosol spraying）;;1.000000;0.000000;;4
7028;4;23411;U16;;35#DIO - 1#DI-6（KA1-KA6 Contactor Monitoring）;;1.000000;0.000000;;4
7029;4;23412;U16;;35#DIO - 1#DI-7（Reserve）;;1.000000;0.000000;;0
7030;4;23413;U16;;35#DIO - 1#DI-8（Reserve）;;1.000000;0.000000;;0
7031;4;23414;U16;;35#DIO - 1#DI-9（Temperature feedback）;;1.000000;0.000000;;4
7032;4;23415;U16;;35#DIO - 1#DI-10（Smoke feedback）;;1.000000;0.000000;;4
7033;4;23416;U16;;35#DIO - 1#DI-11（AC side entrance guard）;;1.000000;0.000000;;4
7034;4;23417;U16;;35#DIO - 1#DI-12（DC side entrance guard）;;1.000000;0.000000;;4
7035;4;23418;U16;;35#DIO - 1#DI-13（Exhaust Fan Feedback）;;1.000000;0.000000;;4
7036;4;23419;U16;;35#DIO - 1#DO-1（Running Indicator）;;1.000000;0.000000;;4
7037;4;23420;U16;;35#DIO - 1#DO-2（Fault Indicator）;;1.000000;0.000000;;9
7038;4;23421;U16;;35#DIO - 1#DO-3（Intermediate relay）;;1.000000;0.000000;;4
7039;4;23422;U16;;35#DIO - Reserve;;1.000000;0.000000;;0
7040;4;23424;U16;;35#DIO - Reserve;;1.000000;0.000000;;0
7041;4;23425;U16;;35#DIO - Reserve;;1.000000;0.000000;;0
7042;4;23426;U16;;35#DIO - Reserve;;1.000000;0.000000;;0
7043;4;23427;U16;;35#DIO - Reserve;;1.000000;0.000000;;0
7044;4;23428;U16;;35#DIO - Reserve;;1.000000;0.000000;;0
7045;4;23429;U16;;35#DIO - 2#DI-1;;1.000000;0.000000;;4
7046;4;23430;U16;;35#DIO - 2#DI-2;;1.000000;0.000000;;4
7047;4;23431;U16;;35#DIO - 2#DI-3;;1.000000;0.000000;;4
7048;4;23432;U16;;35#DIO - ;;1.000000;0.000000;;4
7049;4;23433;U16;;35#DIO - 2#DO-1;;1.000000;0.000000;;4
7050;4;23434;U16;;35#DIO - 2#DO-2;;1.000000;0.000000;;4
7051;4;23435;U16;;35#DIO - 2#DO-3;;1.000000;0.000000;;4
7052;4;23436;U16;;35#DIO - ;;1.000000;0.000000;;4
7053;4;23437;U16;;35#DIO - Reserve;;1.000000;0.000000;;0
7054;4;23438;U16;;35#DIO - Reserve;;1.000000;0.000000;;0
7055;4;23439;U16;;35#DIO - Reserve;;1.000000;0.000000;;0
7056;4;23440;U16;;35#DIO - Reserve;;1.000000;0.000000;;0
7057;4;23441;U16;;35#DIO - Reserve;;1.000000;0.000000;;0
7058;4;23442;U16;;35#DIO - Reserve;;1.000000;0.000000;;0
7059;4;23443;U16;;35#DIO - 50#DI-1;;1.000000;0.000000;;4
7060;4;23500;U16;;36#DIO - Reserve;;1.000000;0.000000;;0
7061;4;23501;U16;;36#DIO - Reserve;;1.000000;0.000000;;0
7062;4;23502;U16;;36#DIO - Reserve;;1.000000;0.000000;;0
7063;4;23503;U16;;36#DIO - Reserve;;1.000000;0.000000;;0
7064;4;23504;U16;;36#DIO - Reserve;;1.000000;0.000000;;0
7065;4;23505;U16;;36#DIO - Reserve;;1.000000;0.000000;;0
7066;4;23506;U16;;36#DIO - 1#DI-1（crash-stop）;;1.000000;0.000000;;9
7067;4;23507;U16;;36#DIO - 1#DI-2（Surge fault feedback）;;1.000000;0.000000;;9
7068;4;23508;U16;;36#DIO - 1#DI-3（PCS Discharge/Charge Status）;;1.000000;0.000000;;9
7069;4;23509;U16;;36#DIO - 1#DI-4（Water Cooling）;;1.000000;0.000000;;4
7070;4;23510;U16;;36#DIO - 1#DI-5（Aerosol spraying）;;1.000000;0.000000;;4
7071;4;23511;U16;;36#DIO - 1#DI-6（KA1-KA6 Contactor Monitoring）;;1.000000;0.000000;;4
7072;4;23512;U16;;36#DIO - 1#DI-7（Reserve）;;1.000000;0.000000;;0
7073;4;23513;U16;;36#DIO - 1#DI-8（Reserve）;;1.000000;0.000000;;0
7074;4;23514;U16;;36#DIO - 1#DI-9（Temperature feedback）;;1.000000;0.000000;;4
7075;4;23515;U16;;36#DIO - 1#DI-10（Smoke feedback）;;1.000000;0.000000;;4
7076;4;23516;U16;;36#DIO - 1#DI-11（AC side entrance guard）;;1.000000;0.000000;;4
7077;4;23517;U16;;36#DIO - 1#DI-12（DC side entrance guard）;;1.000000;0.000000;;4
7078;4;23518;U16;;36#DIO - 1#DI-13（Exhaust Fan Feedback）;;1.000000;0.000000;;4
7079;4;23519;U16;;36#DIO - 1#DO-1（Running Indicator）;;1.000000;0.000000;;4
7080;4;23520;U16;;36#DIO - 1#DO-2（Fault Indicator）;;1.000000;0.000000;;9
7081;4;23521;U16;;36#DIO - 1#DO-3（Intermediate relay）;;1.000000;0.000000;;4
7082;4;23522;U16;;36#DIO - Reserve;;1.000000;0.000000;;0
7083;4;23524;U16;;36#DIO - Reserve;;1.000000;0.000000;;0
7084;4;23525;U16;;36#DIO - Reserve;;1.000000;0.000000;;0
7085;4;23526;U16;;36#DIO - Reserve;;1.000000;0.000000;;0
7086;4;23527;U16;;36#DIO - Reserve;;1.000000;0.000000;;0
7087;4;23528;U16;;36#DIO - Reserve;;1.000000;0.000000;;0
7088;4;23529;U16;;36#DIO - 2#DI-1;;1.000000;0.000000;;4
7089;4;23530;U16;;36#DIO - 2#DI-2;;1.000000;0.000000;;4
7090;4;23531;U16;;36#DIO - 2#DI-3;;1.000000;0.000000;;4
7091;4;23532;U16;;36#DIO - ;;1.000000;0.000000;;4
7092;4;23533;U16;;36#DIO - 2#DO-1;;1.000000;0.000000;;4
7093;4;23534;U16;;36#DIO - 2#DO-2;;1.000000;0.000000;;4
7094;4;23535;U16;;36#DIO - 2#DO-3;;1.000000;0.000000;;4
7095;4;23536;U16;;36#DIO - ;;1.000000;0.000000;;4
7096;4;23537;U16;;36#DIO - Reserve;;1.000000;0.000000;;0
7097;4;23538;U16;;36#DIO - Reserve;;1.000000;0.000000;;0
7098;4;23539;U16;;36#DIO - Reserve;;1.000000;0.000000;;0
7099;4;23540;U16;;36#DIO - Reserve;;1.000000;0.000000;;0
7100;4;23541;U16;;36#DIO - Reserve;;1.000000;0.000000;;0
7101;4;23542;U16;;36#DIO - Reserve;;1.000000;0.000000;;0
7102;4;23543;U16;;36#DIO - 50#DI-1;;1.000000;0.000000;;4
7103;4;23600;U16;;37#DIO - Reserve;;1.000000;0.000000;;0
7104;4;23601;U16;;37#DIO - Reserve;;1.000000;0.000000;;0
7105;4;23602;U16;;37#DIO - Reserve;;1.000000;0.000000;;0
7106;4;23603;U16;;37#DIO - Reserve;;1.000000;0.000000;;0
7107;4;23604;U16;;37#DIO - Reserve;;1.000000;0.000000;;0
7108;4;23605;U16;;37#DIO - Reserve;;1.000000;0.000000;;0
7109;4;23606;U16;;37#DIO - 1#DI-1（crash-stop）;;1.000000;0.000000;;9
7110;4;23607;U16;;37#DIO - 1#DI-2（Surge fault feedback）;;1.000000;0.000000;;9
7111;4;23608;U16;;37#DIO - 1#DI-3（PCS Discharge/Charge Status）;;1.000000;0.000000;;9
7112;4;23609;U16;;37#DIO - 1#DI-4（Water Cooling）;;1.000000;0.000000;;4
7113;4;23610;U16;;37#DIO - 1#DI-5（Aerosol spraying）;;1.000000;0.000000;;4
7114;4;23611;U16;;37#DIO - 1#DI-6（KA1-KA6 Contactor Monitoring）;;1.000000;0.000000;;4
7115;4;23612;U16;;37#DIO - 1#DI-7（Reserve）;;1.000000;0.000000;;0
7116;4;23613;U16;;37#DIO - 1#DI-8（Reserve）;;1.000000;0.000000;;0
7117;4;23614;U16;;37#DIO - 1#DI-9（Temperature feedback）;;1.000000;0.000000;;4
7118;4;23615;U16;;37#DIO - 1#DI-10（Smoke feedback）;;1.000000;0.000000;;4
7119;4;23616;U16;;37#DIO - 1#DI-11（AC side entrance guard）;;1.000000;0.000000;;4
7120;4;23617;U16;;37#DIO - 1#DI-12（DC side entrance guard）;;1.000000;0.000000;;4
7121;4;23618;U16;;37#DIO - 1#DI-13（Exhaust Fan Feedback）;;1.000000;0.000000;;4
7122;4;23619;U16;;37#DIO - 1#DO-1（Running Indicator）;;1.000000;0.000000;;4
7123;4;23620;U16;;37#DIO - 1#DO-2（Fault Indicator）;;1.000000;0.000000;;9
7124;4;23621;U16;;37#DIO - 1#DO-3（Intermediate relay）;;1.000000;0.000000;;4
7125;4;23622;U16;;37#DIO - Reserve;;1.000000;0.000000;;0
7126;4;23624;U16;;37#DIO - Reserve;;1.000000;0.000000;;0
7127;4;23625;U16;;37#DIO - Reserve;;1.000000;0.000000;;0
7128;4;23626;U16;;37#DIO - Reserve;;1.000000;0.000000;;0
7129;4;23627;U16;;37#DIO - Reserve;;1.000000;0.000000;;0
7130;4;23628;U16;;37#DIO - Reserve;;1.000000;0.000000;;0
7131;4;23629;U16;;37#DIO - 2#DI-1;;1.000000;0.000000;;4
7132;4;23630;U16;;37#DIO - 2#DI-2;;1.000000;0.000000;;4
7133;4;23631;U16;;37#DIO - 2#DI-3;;1.000000;0.000000;;4
7134;4;23632;U16;;37#DIO - ;;1.000000;0.000000;;4
7135;4;23633;U16;;37#DIO - 2#DO-1;;1.000000;0.000000;;4
7136;4;23634;U16;;37#DIO - 2#DO-2;;1.000000;0.000000;;4
7137;4;23635;U16;;37#DIO - 2#DO-3;;1.000000;0.000000;;4
7138;4;23636;U16;;37#DIO - ;;1.000000;0.000000;;4
7139;4;23637;U16;;37#DIO - Reserve;;1.000000;0.000000;;0
7140;4;23638;U16;;37#DIO - Reserve;;1.000000;0.000000;;0
7141;4;23639;U16;;37#DIO - Reserve;;1.000000;0.000000;;0
7142;4;23640;U16;;37#DIO - Reserve;;1.000000;0.000000;;0
7143;4;23641;U16;;37#DIO - Reserve;;1.000000;0.000000;;0
7144;4;23642;U16;;37#DIO - Reserve;;1.000000;0.000000;;0
7145;4;23643;U16;;37#DIO - 50#DI-1;;1.000000;0.000000;;4
7146;4;23700;U16;;38#DIO - Reserve;;1.000000;0.000000;;0
7147;4;23701;U16;;38#DIO - Reserve;;1.000000;0.000000;;0
7148;4;23702;U16;;38#DIO - Reserve;;1.000000;0.000000;;0
7149;4;23703;U16;;38#DIO - Reserve;;1.000000;0.000000;;0
7150;4;23704;U16;;38#DIO - Reserve;;1.000000;0.000000;;0
7151;4;23705;U16;;38#DIO - Reserve;;1.000000;0.000000;;0
7152;4;23706;U16;;38#DIO - 1#DI-1（crash-stop）;;1.000000;0.000000;;9
7153;4;23707;U16;;38#DIO - 1#DI-2（Surge fault feedback）;;1.000000;0.000000;;9
7154;4;23708;U16;;38#DIO - 1#DI-3（PCS Discharge/Charge Status）;;1.000000;0.000000;;9
7155;4;23709;U16;;38#DIO - 1#DI-4（Water Cooling）;;1.000000;0.000000;;4
7156;4;23710;U16;;38#DIO - 1#DI-5（Aerosol spraying）;;1.000000;0.000000;;4
7157;4;23711;U16;;38#DIO - 1#DI-6（KA1-KA6 Contactor Monitoring）;;1.000000;0.000000;;4
7158;4;23712;U16;;38#DIO - 1#DI-7（Reserve）;;1.000000;0.000000;;0
7159;4;23713;U16;;38#DIO - 1#DI-8（Reserve）;;1.000000;0.000000;;0
7160;4;23714;U16;;38#DIO - 1#DI-9（Temperature feedback）;;1.000000;0.000000;;4
7161;4;23715;U16;;38#DIO - 1#DI-10（Smoke feedback）;;1.000000;0.000000;;4
7162;4;23716;U16;;38#DIO - 1#DI-11（AC side entrance guard）;;1.000000;0.000000;;4
7163;4;23717;U16;;38#DIO - 1#DI-12（DC side entrance guard）;;1.000000;0.000000;;4
7164;4;23718;U16;;38#DIO - 1#DI-13（Exhaust Fan Feedback）;;1.000000;0.000000;;4
7165;4;23719;U16;;38#DIO - 1#DO-1（Running Indicator）;;1.000000;0.000000;;4
7166;4;23720;U16;;38#DIO - 1#DO-2（Fault Indicator）;;1.000000;0.000000;;9
7167;4;23721;U16;;38#DIO - 1#DO-3（Intermediate relay）;;1.000000;0.000000;;4
7168;4;23722;U16;;38#DIO - Reserve;;1.000000;0.000000;;0
7169;4;23724;U16;;38#DIO - Reserve;;1.000000;0.000000;;0
7170;4;23725;U16;;38#DIO - Reserve;;1.000000;0.000000;;0
7171;4;23726;U16;;38#DIO - Reserve;;1.000000;0.000000;;0
7172;4;23727;U16;;38#DIO - Reserve;;1.000000;0.000000;;0
7173;4;23728;U16;;38#DIO - Reserve;;1.000000;0.000000;;0
7174;4;23729;U16;;38#DIO - 2#DI-1;;1.000000;0.000000;;4
7175;4;23730;U16;;38#DIO - 2#DI-2;;1.000000;0.000000;;4
7176;4;23731;U16;;38#DIO - 2#DI-3;;1.000000;0.000000;;4
7177;4;23732;U16;;38#DIO - ;;1.000000;0.000000;;4
7178;4;23733;U16;;38#DIO - 2#DO-1;;1.000000;0.000000;;4
7179;4;23734;U16;;38#DIO - 2#DO-2;;1.000000;0.000000;;4
7180;4;23735;U16;;38#DIO - 2#DO-3;;1.000000;0.000000;;4
7181;4;23736;U16;;38#DIO - ;;1.000000;0.000000;;4
7182;4;23737;U16;;38#DIO - Reserve;;1.000000;0.000000;;0
7183;4;23738;U16;;38#DIO - Reserve;;1.000000;0.000000;;0
7184;4;23739;U16;;38#DIO - Reserve;;1.000000;0.000000;;0
7185;4;23740;U16;;38#DIO - Reserve;;1.000000;0.000000;;0
7186;4;23741;U16;;38#DIO - Reserve;;1.000000;0.000000;;0
7187;4;23742;U16;;38#DIO - Reserve;;1.000000;0.000000;;0
7188;4;23743;U16;;38#DIO - 50#DI-1;;1.000000;0.000000;;4
7189;4;23800;U16;;39#DIO - Reserve;;1.000000;0.000000;;0
7190;4;23801;U16;;39#DIO - Reserve;;1.000000;0.000000;;0
7191;4;23802;U16;;39#DIO - Reserve;;1.000000;0.000000;;0
7192;4;23803;U16;;39#DIO - Reserve;;1.000000;0.000000;;0
7193;4;23804;U16;;39#DIO - Reserve;;1.000000;0.000000;;0
7194;4;23805;U16;;39#DIO - Reserve;;1.000000;0.000000;;0
7195;4;23806;U16;;39#DIO - 1#DI-1（crash-stop）;;1.000000;0.000000;;9
7196;4;23807;U16;;39#DIO - 1#DI-2（Surge fault feedback）;;1.000000;0.000000;;9
7197;4;23808;U16;;39#DIO - 1#DI-3（PCS Discharge/Charge Status）;;1.000000;0.000000;;9
7198;4;23809;U16;;39#DIO - 1#DI-4（Water Cooling）;;1.000000;0.000000;;4
7199;4;23810;U16;;39#DIO - 1#DI-5（Aerosol spraying）;;1.000000;0.000000;;4
7200;4;23811;U16;;39#DIO - 1#DI-6（KA1-KA6 Contactor Monitoring）;;1.000000;0.000000;;4
7201;4;23812;U16;;39#DIO - 1#DI-7（Reserve）;;1.000000;0.000000;;0
7202;4;23813;U16;;39#DIO - 1#DI-8（Reserve）;;1.000000;0.000000;;0
7203;4;23814;U16;;39#DIO - 1#DI-9（Temperature feedback）;;1.000000;0.000000;;4
7204;4;23815;U16;;39#DIO - 1#DI-10（Smoke feedback）;;1.000000;0.000000;;4
7205;4;23816;U16;;39#DIO - 1#DI-11（AC side entrance guard）;;1.000000;0.000000;;4
7206;4;23817;U16;;39#DIO - 1#DI-12（DC side entrance guard）;;1.000000;0.000000;;4
7207;4;23818;U16;;39#DIO - 1#DI-13（Exhaust Fan Feedback）;;1.000000;0.000000;;4
7208;4;23819;U16;;39#DIO - 1#DO-1（Running Indicator）;;1.000000;0.000000;;4
7209;4;23820;U16;;39#DIO - 1#DO-2（Fault Indicator）;;1.000000;0.000000;;9
7210;4;23821;U16;;39#DIO - 1#DO-3（Intermediate relay）;;1.000000;0.000000;;4
7211;4;23822;U16;;39#DIO - Reserve;;1.000000;0.000000;;0
7212;4;23824;U16;;39#DIO - Reserve;;1.000000;0.000000;;0
7213;4;23825;U16;;39#DIO - Reserve;;1.000000;0.000000;;0
7214;4;23826;U16;;39#DIO - Reserve;;1.000000;0.000000;;0
7215;4;23827;U16;;39#DIO - Reserve;;1.000000;0.000000;;0
7216;4;23828;U16;;39#DIO - Reserve;;1.000000;0.000000;;0
7217;4;23829;U16;;39#DIO - 2#DI-1;;1.000000;0.000000;;4
7218;4;23830;U16;;39#DIO - 2#DI-2;;1.000000;0.000000;;4
7219;4;23831;U16;;39#DIO - 2#DI-3;;1.000000;0.000000;;4
7220;4;23832;U16;;39#DIO - ;;1.000000;0.000000;;4
7221;4;23833;U16;;39#DIO - 2#DO-1;;1.000000;0.000000;;4
7222;4;23834;U16;;39#DIO - 2#DO-2;;1.000000;0.000000;;4
7223;4;23835;U16;;39#DIO - 2#DO-3;;1.000000;0.000000;;4
7224;4;23836;U16;;39#DIO - ;;1.000000;0.000000;;4
7225;4;23837;U16;;39#DIO - Reserve;;1.000000;0.000000;;0
7226;4;23838;U16;;39#DIO - Reserve;;1.000000;0.000000;;0
7227;4;23839;U16;;39#DIO - Reserve;;1.000000;0.000000;;0
7228;4;23840;U16;;39#DIO - Reserve;;1.000000;0.000000;;0
7229;4;23841;U16;;39#DIO - Reserve;;1.000000;0.000000;;0
7230;4;23842;U16;;39#DIO - Reserve;;1.000000;0.000000;;0
7231;4;23843;U16;;39#DIO - 50#DI-1;;1.000000;0.000000;;4
7232;4;23900;U16;;40#DIO - Reserve;;1.000000;0.000000;;0
7233;4;23901;U16;;40#DIO - Reserve;;1.000000;0.000000;;0
7234;4;23902;U16;;40#DIO - Reserve;;1.000000;0.000000;;0
7235;4;23903;U16;;40#DIO - Reserve;;1.000000;0.000000;;0
7236;4;23904;U16;;40#DIO - Reserve;;1.000000;0.000000;;0
7237;4;23905;U16;;40#DIO - Reserve;;1.000000;0.000000;;0
7238;4;23906;U16;;40#DIO - 1#DI-1（crash-stop）;;1.000000;0.000000;;9
7239;4;23907;U16;;40#DIO - 1#DI-2（Surge fault feedback）;;1.000000;0.000000;;9
7240;4;23908;U16;;40#DIO - 1#DI-3（PCS Discharge/Charge Status）;;1.000000;0.000000;;9
7241;4;23909;U16;;40#DIO - 1#DI-4（Water Cooling）;;1.000000;0.000000;;4
7242;4;23910;U16;;40#DIO - 1#DI-5（Aerosol spraying）;;1.000000;0.000000;;4
7243;4;23911;U16;;40#DIO - 1#DI-6（KA1-KA6 Contactor Monitoring）;;1.000000;0.000000;;4
7244;4;23912;U16;;40#DIO - 1#DI-7（Reserve）;;1.000000;0.000000;;0
7245;4;23913;U16;;40#DIO - 1#DI-8（Reserve）;;1.000000;0.000000;;0
7246;4;23914;U16;;40#DIO - 1#DI-9（Temperature feedback）;;1.000000;0.000000;;4
7247;4;23915;U16;;40#DIO - 1#DI-10（Smoke feedback）;;1.000000;0.000000;;4
7248;4;23916;U16;;40#DIO - 1#DI-11（AC side entrance guard）;;1.000000;0.000000;;4
7249;4;23917;U16;;40#DIO - 1#DI-12（DC side entrance guard）;;1.000000;0.000000;;4
7250;4;23918;U16;;40#DIO - 1#DI-13（Exhaust Fan Feedback）;;1.000000;0.000000;;4
7251;4;23919;U16;;40#DIO - 1#DO-1（Running Indicator）;;1.000000;0.000000;;4
7252;4;23920;U16;;40#DIO - 1#DO-2（Fault Indicator）;;1.000000;0.000000;;9
7253;4;23921;U16;;40#DIO - 1#DO-3（Intermediate relay）;;1.000000;0.000000;;4
7254;4;23922;U16;;40#DIO - Reserve;;1.000000;0.000000;;0
7255;4;23924;U16;;40#DIO - Reserve;;1.000000;0.000000;;0
7256;4;23925;U16;;40#DIO - Reserve;;1.000000;0.000000;;0
7257;4;23926;U16;;40#DIO - Reserve;;1.000000;0.000000;;0
7258;4;23927;U16;;40#DIO - Reserve;;1.000000;0.000000;;0
7259;4;23928;U16;;40#DIO - Reserve;;1.000000;0.000000;;0
7260;4;23929;U16;;40#DIO - 2#DI-1;;1.000000;0.000000;;4
7261;4;23930;U16;;40#DIO - 2#DI-2;;1.000000;0.000000;;4
7262;4;23931;U16;;40#DIO - 2#DI-3;;1.000000;0.000000;;4
7263;4;23932;U16;;40#DIO - ;;1.000000;0.000000;;4
7264;4;23933;U16;;40#DIO - 2#DO-1;;1.000000;0.000000;;4
7265;4;23934;U16;;40#DIO - 2#DO-2;;1.000000;0.000000;;4
7266;4;23935;U16;;40#DIO - 2#DO-3;;1.000000;0.000000;;4
7267;4;23936;U16;;40#DIO - ;;1.000000;0.000000;;4
7268;4;23937;U16;;40#DIO - Reserve;;1.000000;0.000000;;0
7269;4;23938;U16;;40#DIO - Reserve;;1.000000;0.000000;;0
7270;4;23939;U16;;40#DIO - Reserve;;1.000000;0.000000;;0
7271;4;23940;U16;;40#DIO - Reserve;;1.000000;0.000000;;0
7272;4;23941;U16;;40#DIO - Reserve;;1.000000;0.000000;;0
7273;4;23942;U16;;40#DIO - Reserve;;1.000000;0.000000;;0
7274;4;23943;U16;;40#DIO - 50#DI-1;;1.000000;0.000000;;4
7275;4;24000;U16;;41#DIO - Reserve;;1.000000;0.000000;;0
7276;4;24001;U16;;41#DIO - Reserve;;1.000000;0.000000;;0
7277;4;24002;U16;;41#DIO - Reserve;;1.000000;0.000000;;0
7278;4;24003;U16;;41#DIO - Reserve;;1.000000;0.000000;;0
7279;4;24004;U16;;41#DIO - Reserve;;1.000000;0.000000;;0
7280;4;24005;U16;;41#DIO - Reserve;;1.000000;0.000000;;0
7281;4;24006;U16;;41#DIO - 1#DI-1（crash-stop）;;1.000000;0.000000;;9
7282;4;24007;U16;;41#DIO - 1#DI-2（Surge fault feedback）;;1.000000;0.000000;;9
7283;4;24008;U16;;41#DIO - 1#DI-3（PCS Discharge/Charge Status）;;1.000000;0.000000;;9
7284;4;24009;U16;;41#DIO - 1#DI-4（Water Cooling）;;1.000000;0.000000;;4
7285;4;24010;U16;;41#DIO - 1#DI-5（Aerosol spraying）;;1.000000;0.000000;;4
7286;4;24011;U16;;41#DIO - 1#DI-6（KA1-KA6 Contactor Monitoring）;;1.000000;0.000000;;4
7287;4;24012;U16;;41#DIO - 1#DI-7（Reserve）;;1.000000;0.000000;;0
7288;4;24013;U16;;41#DIO - 1#DI-8（Reserve）;;1.000000;0.000000;;0
7289;4;24014;U16;;41#DIO - 1#DI-9（Temperature feedback）;;1.000000;0.000000;;4
7290;4;24015;U16;;41#DIO - 1#DI-10（Smoke feedback）;;1.000000;0.000000;;4
7291;4;24016;U16;;41#DIO - 1#DI-11（AC side entrance guard）;;1.000000;0.000000;;4
7292;4;24017;U16;;41#DIO - 1#DI-12（DC side entrance guard）;;1.000000;0.000000;;4
7293;4;24018;U16;;41#DIO - 1#DI-13（Exhaust Fan Feedback）;;1.000000;0.000000;;4
7294;4;24019;U16;;41#DIO - 1#DO-1（Running Indicator）;;1.000000;0.000000;;4
7295;4;24020;U16;;41#DIO - 1#DO-2（Fault Indicator）;;1.000000;0.000000;;9
7296;4;24021;U16;;41#DIO - 1#DO-3（Intermediate relay）;;1.000000;0.000000;;4
7297;4;24022;U16;;41#DIO - Reserve;;1.000000;0.000000;;0
7298;4;24024;U16;;41#DIO - Reserve;;1.000000;0.000000;;0
7299;4;24025;U16;;41#DIO - Reserve;;1.000000;0.000000;;0
7300;4;24026;U16;;41#DIO - Reserve;;1.000000;0.000000;;0
7301;4;24027;U16;;41#DIO - Reserve;;1.000000;0.000000;;0
7302;4;24028;U16;;41#DIO - Reserve;;1.000000;0.000000;;0
7303;4;24029;U16;;41#DIO - 2#DI-1;;1.000000;0.000000;;4
7304;4;24030;U16;;41#DIO - 2#DI-2;;1.000000;0.000000;;4
7305;4;24031;U16;;41#DIO - 2#DI-3;;1.000000;0.000000;;4
7306;4;24032;U16;;41#DIO - ;;1.000000;0.000000;;4
7307;4;24033;U16;;41#DIO - 2#DO-1;;1.000000;0.000000;;4
7308;4;24034;U16;;41#DIO - 2#DO-2;;1.000000;0.000000;;4
7309;4;24035;U16;;41#DIO - 2#DO-3;;1.000000;0.000000;;4
7310;4;24036;U16;;41#DIO - ;;1.000000;0.000000;;4
7311;4;24037;U16;;41#DIO - Reserve;;1.000000;0.000000;;0
7312;4;24038;U16;;41#DIO - Reserve;;1.000000;0.000000;;0
7313;4;24039;U16;;41#DIO - Reserve;;1.000000;0.000000;;0
7314;4;24040;U16;;41#DIO - Reserve;;1.000000;0.000000;;0
7315;4;24041;U16;;41#DIO - Reserve;;1.000000;0.000000;;0
7316;4;24042;U16;;41#DIO - Reserve;;1.000000;0.000000;;0
7317;4;24043;U16;;41#DIO - 50#DI-1;;1.000000;0.000000;;4
7318;4;24100;U16;;42#DIO - Reserve;;1.000000;0.000000;;0
7319;4;24101;U16;;42#DIO - Reserve;;1.000000;0.000000;;0
7320;4;24102;U16;;42#DIO - Reserve;;1.000000;0.000000;;0
7321;4;24103;U16;;42#DIO - Reserve;;1.000000;0.000000;;0
7322;4;24104;U16;;42#DIO - Reserve;;1.000000;0.000000;;0
7323;4;24105;U16;;42#DIO - Reserve;;1.000000;0.000000;;0
7324;4;24106;U16;;42#DIO - 1#DI-1（crash-stop）;;1.000000;0.000000;;9
7325;4;24107;U16;;42#DIO - 1#DI-2（Surge fault feedback）;;1.000000;0.000000;;9
7326;4;24108;U16;;42#DIO - 1#DI-3（PCS Discharge/Charge Status）;;1.000000;0.000000;;9
7327;4;24109;U16;;42#DIO - 1#DI-4（Water Cooling）;;1.000000;0.000000;;4
7328;4;24110;U16;;42#DIO - 1#DI-5（Aerosol spraying）;;1.000000;0.000000;;4
7329;4;24111;U16;;42#DIO - 1#DI-6（KA1-KA6 Contactor Monitoring）;;1.000000;0.000000;;4
7330;4;24112;U16;;42#DIO - 1#DI-7（Reserve）;;1.000000;0.000000;;0
7331;4;24113;U16;;42#DIO - 1#DI-8（Reserve）;;1.000000;0.000000;;0
7332;4;24114;U16;;42#DIO - 1#DI-9（Temperature feedback）;;1.000000;0.000000;;4
7333;4;24115;U16;;42#DIO - 1#DI-10（Smoke feedback）;;1.000000;0.000000;;4
7334;4;24116;U16;;42#DIO - 1#DI-11（AC side entrance guard）;;1.000000;0.000000;;4
7335;4;24117;U16;;42#DIO - 1#DI-12（DC side entrance guard）;;1.000000;0.000000;;4
7336;4;24118;U16;;42#DIO - 1#DI-13（Exhaust Fan Feedback）;;1.000000;0.000000;;4
7337;4;24119;U16;;42#DIO - 1#DO-1（Running Indicator）;;1.000000;0.000000;;4
7338;4;24120;U16;;42#DIO - 1#DO-2（Fault Indicator）;;1.000000;0.000000;;9
7339;4;24121;U16;;42#DIO - 1#DO-3（Intermediate relay）;;1.000000;0.000000;;4
7340;4;24122;U16;;42#DIO - Reserve;;1.000000;0.000000;;0
7341;4;24124;U16;;42#DIO - Reserve;;1.000000;0.000000;;0
7342;4;24125;U16;;42#DIO - Reserve;;1.000000;0.000000;;0
7343;4;24126;U16;;42#DIO - Reserve;;1.000000;0.000000;;0
7344;4;24127;U16;;42#DIO - Reserve;;1.000000;0.000000;;0
7345;4;24128;U16;;42#DIO - Reserve;;1.000000;0.000000;;0
7346;4;24129;U16;;42#DIO - 2#DI-1;;1.000000;0.000000;;4
7347;4;24130;U16;;42#DIO - 2#DI-2;;1.000000;0.000000;;4
7348;4;24131;U16;;42#DIO - 2#DI-3;;1.000000;0.000000;;4
7349;4;24132;U16;;42#DIO - ;;1.000000;0.000000;;4
7350;4;24133;U16;;42#DIO - 2#DO-1;;1.000000;0.000000;;4
7351;4;24134;U16;;42#DIO - 2#DO-2;;1.000000;0.000000;;4
7352;4;24135;U16;;42#DIO - 2#DO-3;;1.000000;0.000000;;4
7353;4;24136;U16;;42#DIO - ;;1.000000;0.000000;;4
7354;4;24137;U16;;42#DIO - Reserve;;1.000000;0.000000;;0
7355;4;24138;U16;;42#DIO - Reserve;;1.000000;0.000000;;0
7356;4;24139;U16;;42#DIO - Reserve;;1.000000;0.000000;;0
7357;4;24140;U16;;42#DIO - Reserve;;1.000000;0.000000;;0
7358;4;24141;U16;;42#DIO - Reserve;;1.000000;0.000000;;0
7359;4;24142;U16;;42#DIO - Reserve;;1.000000;0.000000;;0
7360;4;24143;U16;;42#DIO - 50#DI-1;;1.000000;0.000000;;4
7361;4;24200;U16;;43#DIO - Reserve;;1.000000;0.000000;;0
7362;4;24201;U16;;43#DIO - Reserve;;1.000000;0.000000;;0
7363;4;24202;U16;;43#DIO - Reserve;;1.000000;0.000000;;0
7364;4;24203;U16;;43#DIO - Reserve;;1.000000;0.000000;;0
7365;4;24204;U16;;43#DIO - Reserve;;1.000000;0.000000;;0
7366;4;24205;U16;;43#DIO - Reserve;;1.000000;0.000000;;0
7367;4;24206;U16;;43#DIO - 1#DI-1（crash-stop）;;1.000000;0.000000;;9
7368;4;24207;U16;;43#DIO - 1#DI-2（Surge fault feedback）;;1.000000;0.000000;;9
7369;4;24208;U16;;43#DIO - 1#DI-3（PCS Discharge/Charge Status）;;1.000000;0.000000;;9
7370;4;24209;U16;;43#DIO - 1#DI-4（Water Cooling）;;1.000000;0.000000;;4
7371;4;24210;U16;;43#DIO - 1#DI-5（Aerosol spraying）;;1.000000;0.000000;;4
7372;4;24211;U16;;43#DIO - 1#DI-6（KA1-KA6 Contactor Monitoring）;;1.000000;0.000000;;4
7373;4;24212;U16;;43#DIO - 1#DI-7（Reserve）;;1.000000;0.000000;;0
7374;4;24213;U16;;43#DIO - 1#DI-8（Reserve）;;1.000000;0.000000;;0
7375;4;24214;U16;;43#DIO - 1#DI-9（Temperature feedback）;;1.000000;0.000000;;4
7376;4;24215;U16;;43#DIO - 1#DI-10（Smoke feedback）;;1.000000;0.000000;;4
7377;4;24216;U16;;43#DIO - 1#DI-11（AC side entrance guard）;;1.000000;0.000000;;4
7378;4;24217;U16;;43#DIO - 1#DI-12（DC side entrance guard）;;1.000000;0.000000;;4
7379;4;24218;U16;;43#DIO - 1#DI-13（Exhaust Fan Feedback）;;1.000000;0.000000;;4
7380;4;24219;U16;;43#DIO - 1#DO-1（Running Indicator）;;1.000000;0.000000;;4
7381;4;24220;U16;;43#DIO - 1#DO-2（Fault Indicator）;;1.000000;0.000000;;9
7382;4;24221;U16;;43#DIO - 1#DO-3（Intermediate relay）;;1.000000;0.000000;;4
7383;4;24222;U16;;43#DIO - Reserve;;1.000000;0.000000;;0
7384;4;24224;U16;;43#DIO - Reserve;;1.000000;0.000000;;0
7385;4;24225;U16;;43#DIO - Reserve;;1.000000;0.000000;;0
7386;4;24226;U16;;43#DIO - Reserve;;1.000000;0.000000;;0
7387;4;24227;U16;;43#DIO - Reserve;;1.000000;0.000000;;0
7388;4;24228;U16;;43#DIO - Reserve;;1.000000;0.000000;;0
7389;4;24229;U16;;43#DIO - 2#DI-1;;1.000000;0.000000;;4
7390;4;24230;U16;;43#DIO - 2#DI-2;;1.000000;0.000000;;4
7391;4;24231;U16;;43#DIO - 2#DI-3;;1.000000;0.000000;;4
7392;4;24232;U16;;43#DIO - ;;1.000000;0.000000;;4
7393;4;24233;U16;;43#DIO - 2#DO-1;;1.000000;0.000000;;4
7394;4;24234;U16;;43#DIO - 2#DO-2;;1.000000;0.000000;;4
7395;4;24235;U16;;43#DIO - 2#DO-3;;1.000000;0.000000;;4
7396;4;24236;U16;;43#DIO - ;;1.000000;0.000000;;4
7397;4;24237;U16;;43#DIO - Reserve;;1.000000;0.000000;;0
7398;4;24238;U16;;43#DIO - Reserve;;1.000000;0.000000;;0
7399;4;24239;U16;;43#DIO - Reserve;;1.000000;0.000000;;0
7400;4;24240;U16;;43#DIO - Reserve;;1.000000;0.000000;;0
7401;4;24241;U16;;43#DIO - Reserve;;1.000000;0.000000;;0
7402;4;24242;U16;;43#DIO - Reserve;;1.000000;0.000000;;0
7403;4;24243;U16;;43#DIO - 50#DI-1;;1.000000;0.000000;;4
7404;4;24300;U16;;44#DIO - Reserve;;1.000000;0.000000;;0
7405;4;24301;U16;;44#DIO - Reserve;;1.000000;0.000000;;0
7406;4;24302;U16;;44#DIO - Reserve;;1.000000;0.000000;;0
7407;4;24303;U16;;44#DIO - Reserve;;1.000000;0.000000;;0
7408;4;24304;U16;;44#DIO - Reserve;;1.000000;0.000000;;0
7409;4;24305;U16;;44#DIO - Reserve;;1.000000;0.000000;;0
7410;4;24306;U16;;44#DIO - 1#DI-1（crash-stop）;;1.000000;0.000000;;9
7411;4;24307;U16;;44#DIO - 1#DI-2（Surge fault feedback）;;1.000000;0.000000;;9
7412;4;24308;U16;;44#DIO - 1#DI-3（PCS Discharge/Charge Status）;;1.000000;0.000000;;9
7413;4;24309;U16;;44#DIO - 1#DI-4（Water Cooling）;;1.000000;0.000000;;4
7414;4;24310;U16;;44#DIO - 1#DI-5（Aerosol spraying）;;1.000000;0.000000;;4
7415;4;24311;U16;;44#DIO - 1#DI-6（KA1-KA6 Contactor Monitoring）;;1.000000;0.000000;;4
7416;4;24312;U16;;44#DIO - 1#DI-7（Reserve）;;1.000000;0.000000;;0
7417;4;24313;U16;;44#DIO - 1#DI-8（Reserve）;;1.000000;0.000000;;0
7418;4;24314;U16;;44#DIO - 1#DI-9（Temperature feedback）;;1.000000;0.000000;;4
7419;4;24315;U16;;44#DIO - 1#DI-10（Smoke feedback）;;1.000000;0.000000;;4
7420;4;24316;U16;;44#DIO - 1#DI-11（AC side entrance guard）;;1.000000;0.000000;;4
7421;4;24317;U16;;44#DIO - 1#DI-12（DC side entrance guard）;;1.000000;0.000000;;4
7422;4;24318;U16;;44#DIO - 1#DI-13（Exhaust Fan Feedback）;;1.000000;0.000000;;4
7423;4;24319;U16;;44#DIO - 1#DO-1（Running Indicator）;;1.000000;0.000000;;4
7424;4;24320;U16;;44#DIO - 1#DO-2（Fault Indicator）;;1.000000;0.000000;;9
7425;4;24321;U16;;44#DIO - 1#DO-3（Intermediate relay）;;1.000000;0.000000;;4
7426;4;24322;U16;;44#DIO - Reserve;;1.000000;0.000000;;0
7427;4;24324;U16;;44#DIO - Reserve;;1.000000;0.000000;;0
7428;4;24325;U16;;44#DIO - Reserve;;1.000000;0.000000;;0
7429;4;24326;U16;;44#DIO - Reserve;;1.000000;0.000000;;0
7430;4;24327;U16;;44#DIO - Reserve;;1.000000;0.000000;;0
7431;4;24328;U16;;44#DIO - Reserve;;1.000000;0.000000;;0
7432;4;24329;U16;;44#DIO - 2#DI-1;;1.000000;0.000000;;4
7433;4;24330;U16;;44#DIO - 2#DI-2;;1.000000;0.000000;;4
7434;4;24331;U16;;44#DIO - 2#DI-3;;1.000000;0.000000;;4
7435;4;24332;U16;;44#DIO - ;;1.000000;0.000000;;4
7436;4;24333;U16;;44#DIO - 2#DO-1;;1.000000;0.000000;;4
7437;4;24334;U16;;44#DIO - 2#DO-2;;1.000000;0.000000;;4
7438;4;24335;U16;;44#DIO - 2#DO-3;;1.000000;0.000000;;4
7439;4;24336;U16;;44#DIO - ;;1.000000;0.000000;;4
7440;4;24337;U16;;44#DIO - Reserve;;1.000000;0.000000;;0
7441;4;24338;U16;;44#DIO - Reserve;;1.000000;0.000000;;0
7442;4;24339;U16;;44#DIO - Reserve;;1.000000;0.000000;;0
7443;4;24340;U16;;44#DIO - Reserve;;1.000000;0.000000;;0
7444;4;24341;U16;;44#DIO - Reserve;;1.000000;0.000000;;0
7445;4;24342;U16;;44#DIO - Reserve;;1.000000;0.000000;;0
7446;4;24343;U16;;44#DIO - 50#DI-1;;1.000000;0.000000;;4
7447;4;24400;U16;;45#DIO - Reserve;;1.000000;0.000000;;0
7448;4;24401;U16;;45#DIO - Reserve;;1.000000;0.000000;;0
7449;4;24402;U16;;45#DIO - Reserve;;1.000000;0.000000;;0
7450;4;24403;U16;;45#DIO - Reserve;;1.000000;0.000000;;0
7451;4;24404;U16;;45#DIO - Reserve;;1.000000;0.000000;;0
7452;4;24405;U16;;45#DIO - Reserve;;1.000000;0.000000;;0
7453;4;24406;U16;;45#DIO - 1#DI-1（crash-stop）;;1.000000;0.000000;;9
7454;4;24407;U16;;45#DIO - 1#DI-2（Surge fault feedback）;;1.000000;0.000000;;9
7455;4;24408;U16;;45#DIO - 1#DI-3（PCS Discharge/Charge Status）;;1.000000;0.000000;;9
7456;4;24409;U16;;45#DIO - 1#DI-4（Water Cooling）;;1.000000;0.000000;;4
7457;4;24410;U16;;45#DIO - 1#DI-5（Aerosol spraying）;;1.000000;0.000000;;4
7458;4;24411;U16;;45#DIO - 1#DI-6（KA1-KA6 Contactor Monitoring）;;1.000000;0.000000;;4
7459;4;24412;U16;;45#DIO - 1#DI-7（Reserve）;;1.000000;0.000000;;0
7460;4;24413;U16;;45#DIO - 1#DI-8（Reserve）;;1.000000;0.000000;;0
7461;4;24414;U16;;45#DIO - 1#DI-9（Temperature feedback）;;1.000000;0.000000;;4
7462;4;24415;U16;;45#DIO - 1#DI-10（Smoke feedback）;;1.000000;0.000000;;4
7463;4;24416;U16;;45#DIO - 1#DI-11（AC side entrance guard）;;1.000000;0.000000;;4
7464;4;24417;U16;;45#DIO - 1#DI-12（DC side entrance guard）;;1.000000;0.000000;;4
7465;4;24418;U16;;45#DIO - 1#DI-13（Exhaust Fan Feedback）;;1.000000;0.000000;;4
7466;4;24419;U16;;45#DIO - 1#DO-1（Running Indicator）;;1.000000;0.000000;;4
7467;4;24420;U16;;45#DIO - 1#DO-2（Fault Indicator）;;1.000000;0.000000;;9
7468;4;24421;U16;;45#DIO - 1#DO-3（Intermediate relay）;;1.000000;0.000000;;4
7469;4;24422;U16;;45#DIO - Reserve;;1.000000;0.000000;;0
7470;4;24424;U16;;45#DIO - Reserve;;1.000000;0.000000;;0
7471;4;24425;U16;;45#DIO - Reserve;;1.000000;0.000000;;0
7472;4;24426;U16;;45#DIO - Reserve;;1.000000;0.000000;;0
7473;4;24427;U16;;45#DIO - Reserve;;1.000000;0.000000;;0
7474;4;24428;U16;;45#DIO - Reserve;;1.000000;0.000000;;0
7475;4;24429;U16;;45#DIO - 2#DI-1;;1.000000;0.000000;;4
7476;4;24430;U16;;45#DIO - 2#DI-2;;1.000000;0.000000;;4
7477;4;24431;U16;;45#DIO - 2#DI-3;;1.000000;0.000000;;4
7478;4;24432;U16;;45#DIO - ;;1.000000;0.000000;;4
7479;4;24433;U16;;45#DIO - 2#DO-1;;1.000000;0.000000;;4
7480;4;24434;U16;;45#DIO - 2#DO-2;;1.000000;0.000000;;4
7481;4;24435;U16;;45#DIO - 2#DO-3;;1.000000;0.000000;;4
7482;4;24436;U16;;45#DIO - ;;1.000000;0.000000;;4
7483;4;24437;U16;;45#DIO - Reserve;;1.000000;0.000000;;0
7484;4;24438;U16;;45#DIO - Reserve;;1.000000;0.000000;;0
7485;4;24439;U16;;45#DIO - Reserve;;1.000000;0.000000;;0
7486;4;24440;U16;;45#DIO - Reserve;;1.000000;0.000000;;0
7487;4;24441;U16;;45#DIO - Reserve;;1.000000;0.000000;;0
7488;4;24442;U16;;45#DIO - Reserve;;1.000000;0.000000;;0
7489;4;24443;U16;;45#DIO - 50#DI-1;;1.000000;0.000000;;4
7490;4;24500;U16;;46#DIO - Reserve;;1.000000;0.000000;;0
7491;4;24501;U16;;46#DIO - Reserve;;1.000000;0.000000;;0
7492;4;24502;U16;;46#DIO - Reserve;;1.000000;0.000000;;0
7493;4;24503;U16;;46#DIO - Reserve;;1.000000;0.000000;;0
7494;4;24504;U16;;46#DIO - Reserve;;1.000000;0.000000;;0
7495;4;24505;U16;;46#DIO - Reserve;;1.000000;0.000000;;0
7496;4;24506;U16;;46#DIO - 1#DI-1（crash-stop）;;1.000000;0.000000;;9
7497;4;24507;U16;;46#DIO - 1#DI-2（Surge fault feedback）;;1.000000;0.000000;;9
7498;4;24508;U16;;46#DIO - 1#DI-3（PCS Discharge/Charge Status）;;1.000000;0.000000;;9
7499;4;24509;U16;;46#DIO - 1#DI-4（Water Cooling）;;1.000000;0.000000;;4
7500;4;24510;U16;;46#DIO - 1#DI-5（Aerosol spraying）;;1.000000;0.000000;;4
7501;4;24511;U16;;46#DIO - 1#DI-6（KA1-KA6 Contactor Monitoring）;;1.000000;0.000000;;4
7502;4;24512;U16;;46#DIO - 1#DI-7（Reserve）;;1.000000;0.000000;;0
7503;4;24513;U16;;46#DIO - 1#DI-8（Reserve）;;1.000000;0.000000;;0
7504;4;24514;U16;;46#DIO - 1#DI-9（Temperature feedback）;;1.000000;0.000000;;4
7505;4;24515;U16;;46#DIO - 1#DI-10（Smoke feedback）;;1.000000;0.000000;;4
7506;4;24516;U16;;46#DIO - 1#DI-11（AC side entrance guard）;;1.000000;0.000000;;4
7507;4;24517;U16;;46#DIO - 1#DI-12（DC side entrance guard）;;1.000000;0.000000;;4
7508;4;24518;U16;;46#DIO - 1#DI-13（Exhaust Fan Feedback）;;1.000000;0.000000;;4
7509;4;24519;U16;;46#DIO - 1#DO-1（Running Indicator）;;1.000000;0.000000;;4
7510;4;24520;U16;;46#DIO - 1#DO-2（Fault Indicator）;;1.000000;0.000000;;9
7511;4;24521;U16;;46#DIO - 1#DO-3（Intermediate relay）;;1.000000;0.000000;;4
7512;4;24522;U16;;46#DIO - Reserve;;1.000000;0.000000;;0
7513;4;24524;U16;;46#DIO - Reserve;;1.000000;0.000000;;0
7514;4;24525;U16;;46#DIO - Reserve;;1.000000;0.000000;;0
7515;4;24526;U16;;46#DIO - Reserve;;1.000000;0.000000;;0
7516;4;24527;U16;;46#DIO - Reserve;;1.000000;0.000000;;0
7517;4;24528;U16;;46#DIO - Reserve;;1.000000;0.000000;;0
7518;4;24529;U16;;46#DIO - 2#DI-1;;1.000000;0.000000;;4
7519;4;24530;U16;;46#DIO - 2#DI-2;;1.000000;0.000000;;4
7520;4;24531;U16;;46#DIO - 2#DI-3;;1.000000;0.000000;;4
7521;4;24532;U16;;46#DIO - ;;1.000000;0.000000;;4
7522;4;24533;U16;;46#DIO - 2#DO-1;;1.000000;0.000000;;4
7523;4;24534;U16;;46#DIO - 2#DO-2;;1.000000;0.000000;;4
7524;4;24535;U16;;46#DIO - 2#DO-3;;1.000000;0.000000;;4
7525;4;24536;U16;;46#DIO - ;;1.000000;0.000000;;4
7526;4;24537;U16;;46#DIO - Reserve;;1.000000;0.000000;;0
7527;4;24538;U16;;46#DIO - Reserve;;1.000000;0.000000;;0
7528;4;24539;U16;;46#DIO - Reserve;;1.000000;0.000000;;0
7529;4;24540;U16;;46#DIO - Reserve;;1.000000;0.000000;;0
7530;4;24541;U16;;46#DIO - Reserve;;1.000000;0.000000;;0
7531;4;24542;U16;;46#DIO - Reserve;;1.000000;0.000000;;0
7532;4;24543;U16;;46#DIO - 50#DI-1;;1.000000;0.000000;;4
7533;4;24600;U16;;47#DIO - Reserve;;1.000000;0.000000;;0
7534;4;24601;U16;;47#DIO - Reserve;;1.000000;0.000000;;0
7535;4;24602;U16;;47#DIO - Reserve;;1.000000;0.000000;;0
7536;4;24603;U16;;47#DIO - Reserve;;1.000000;0.000000;;0
7537;4;24604;U16;;47#DIO - Reserve;;1.000000;0.000000;;0
7538;4;24605;U16;;47#DIO - Reserve;;1.000000;0.000000;;0
7539;4;24606;U16;;47#DIO - 1#DI-1（crash-stop）;;1.000000;0.000000;;9
7540;4;24607;U16;;47#DIO - 1#DI-2（Surge fault feedback）;;1.000000;0.000000;;9
7541;4;24608;U16;;47#DIO - 1#DI-3（PCS Discharge/Charge Status）;;1.000000;0.000000;;9
7542;4;24609;U16;;47#DIO - 1#DI-4（Water Cooling）;;1.000000;0.000000;;4
7543;4;24610;U16;;47#DIO - 1#DI-5（Aerosol spraying）;;1.000000;0.000000;;4
7544;4;24611;U16;;47#DIO - 1#DI-6（KA1-KA6 Contactor Monitoring）;;1.000000;0.000000;;4
7545;4;24612;U16;;47#DIO - 1#DI-7（Reserve）;;1.000000;0.000000;;0
7546;4;24613;U16;;47#DIO - 1#DI-8（Reserve）;;1.000000;0.000000;;0
7547;4;24614;U16;;47#DIO - 1#DI-9（Temperature feedback）;;1.000000;0.000000;;4
7548;4;24615;U16;;47#DIO - 1#DI-10（Smoke feedback）;;1.000000;0.000000;;4
7549;4;24616;U16;;47#DIO - 1#DI-11（AC side entrance guard）;;1.000000;0.000000;;4
7550;4;24617;U16;;47#DIO - 1#DI-12（DC side entrance guard）;;1.000000;0.000000;;4
7551;4;24618;U16;;47#DIO - 1#DI-13（Exhaust Fan Feedback）;;1.000000;0.000000;;4
7552;4;24619;U16;;47#DIO - 1#DO-1（Running Indicator）;;1.000000;0.000000;;4
7553;4;24620;U16;;47#DIO - 1#DO-2（Fault Indicator）;;1.000000;0.000000;;9
7554;4;24621;U16;;47#DIO - 1#DO-3（Intermediate relay）;;1.000000;0.000000;;4
7555;4;24622;U16;;47#DIO - Reserve;;1.000000;0.000000;;0
7556;4;24624;U16;;47#DIO - Reserve;;1.000000;0.000000;;0
7557;4;24625;U16;;47#DIO - Reserve;;1.000000;0.000000;;0
7558;4;24626;U16;;47#DIO - Reserve;;1.000000;0.000000;;0
7559;4;24627;U16;;47#DIO - Reserve;;1.000000;0.000000;;0
7560;4;24628;U16;;47#DIO - Reserve;;1.000000;0.000000;;0
7561;4;24629;U16;;47#DIO - 2#DI-1;;1.000000;0.000000;;4
7562;4;24630;U16;;47#DIO - 2#DI-2;;1.000000;0.000000;;4
7563;4;24631;U16;;47#DIO - 2#DI-3;;1.000000;0.000000;;4
7564;4;24632;U16;;47#DIO - ;;1.000000;0.000000;;4
7565;4;24633;U16;;47#DIO - 2#DO-1;;1.000000;0.000000;;4
7566;4;24634;U16;;47#DIO - 2#DO-2;;1.000000;0.000000;;4
7567;4;24635;U16;;47#DIO - 2#DO-3;;1.000000;0.000000;;4
7568;4;24636;U16;;47#DIO - ;;1.000000;0.000000;;4
7569;4;24637;U16;;47#DIO - Reserve;;1.000000;0.000000;;0
7570;4;24638;U16;;47#DIO - Reserve;;1.000000;0.000000;;0
7571;4;24639;U16;;47#DIO - Reserve;;1.000000;0.000000;;0
7572;4;24640;U16;;47#DIO - Reserve;;1.000000;0.000000;;0
7573;4;24641;U16;;47#DIO - Reserve;;1.000000;0.000000;;0
7574;4;24642;U16;;47#DIO - Reserve;;1.000000;0.000000;;0
7575;4;24643;U16;;47#DIO - 50#DI-1;;1.000000;0.000000;;4
7576;4;24700;U16;;48#DIO - Reserve;;1.000000;0.000000;;0
7577;4;24701;U16;;48#DIO - Reserve;;1.000000;0.000000;;0
7578;4;24702;U16;;48#DIO - Reserve;;1.000000;0.000000;;0
7579;4;24703;U16;;48#DIO - Reserve;;1.000000;0.000000;;0
7580;4;24704;U16;;48#DIO - Reserve;;1.000000;0.000000;;0
7581;4;24705;U16;;48#DIO - Reserve;;1.000000;0.000000;;0
7582;4;24706;U16;;48#DIO - 1#DI-1（crash-stop）;;1.000000;0.000000;;9
7583;4;24707;U16;;48#DIO - 1#DI-2（Surge fault feedback）;;1.000000;0.000000;;9
7584;4;24708;U16;;48#DIO - 1#DI-3（PCS Discharge/Charge Status）;;1.000000;0.000000;;9
7585;4;24709;U16;;48#DIO - 1#DI-4（Water Cooling）;;1.000000;0.000000;;4
7586;4;24710;U16;;48#DIO - 1#DI-5（Aerosol spraying）;;1.000000;0.000000;;4
7587;4;24711;U16;;48#DIO - 1#DI-6（KA1-KA6 Contactor Monitoring）;;1.000000;0.000000;;4
7588;4;24712;U16;;48#DIO - 1#DI-7（Reserve）;;1.000000;0.000000;;0
7589;4;24713;U16;;48#DIO - 1#DI-8（Reserve）;;1.000000;0.000000;;0
7590;4;24714;U16;;48#DIO - 1#DI-9（Temperature feedback）;;1.000000;0.000000;;4
7591;4;24715;U16;;48#DIO - 1#DI-10（Smoke feedback）;;1.000000;0.000000;;4
7592;4;24716;U16;;48#DIO - 1#DI-11（AC side entrance guard）;;1.000000;0.000000;;4
7593;4;24717;U16;;48#DIO - 1#DI-12（DC side entrance guard）;;1.000000;0.000000;;4
7594;4;24718;U16;;48#DIO - 1#DI-13（Exhaust Fan Feedback）;;1.000000;0.000000;;4
7595;4;24719;U16;;48#DIO - 1#DO-1（Running Indicator）;;1.000000;0.000000;;4
7596;4;24720;U16;;48#DIO - 1#DO-2（Fault Indicator）;;1.000000;0.000000;;9
7597;4;24721;U16;;48#DIO - 1#DO-3（Intermediate relay）;;1.000000;0.000000;;4
7598;4;24722;U16;;48#DIO - Reserve;;1.000000;0.000000;;0
7599;4;24724;U16;;48#DIO - Reserve;;1.000000;0.000000;;0
7600;4;24725;U16;;48#DIO - Reserve;;1.000000;0.000000;;0
7601;4;24726;U16;;48#DIO - Reserve;;1.000000;0.000000;;0
7602;4;24727;U16;;48#DIO - Reserve;;1.000000;0.000000;;0
7603;4;24728;U16;;48#DIO - Reserve;;1.000000;0.000000;;0
7604;4;24729;U16;;48#DIO - 2#DI-1;;1.000000;0.000000;;4
7605;4;24730;U16;;48#DIO - 2#DI-2;;1.000000;0.000000;;4
7606;4;24731;U16;;48#DIO - 2#DI-3;;1.000000;0.000000;;4
7607;4;24732;U16;;48#DIO - ;;1.000000;0.000000;;4
7608;4;24733;U16;;48#DIO - 2#DO-1;;1.000000;0.000000;;4
7609;4;24734;U16;;48#DIO - 2#DO-2;;1.000000;0.000000;;4
7610;4;24735;U16;;48#DIO - 2#DO-3;;1.000000;0.000000;;4
7611;4;24736;U16;;48#DIO - ;;1.000000;0.000000;;4
7612;4;24737;U16;;48#DIO - Reserve;;1.000000;0.000000;;0
7613;4;24738;U16;;48#DIO - Reserve;;1.000000;0.000000;;0
7614;4;24739;U16;;48#DIO - Reserve;;1.000000;0.000000;;0
7615;4;24740;U16;;48#DIO - Reserve;;1.000000;0.000000;;0
7616;4;24741;U16;;48#DIO - Reserve;;1.000000;0.000000;;0
7617;4;24742;U16;;48#DIO - Reserve;;1.000000;0.000000;;0
7618;4;24743;U16;;48#DIO - 50#DI-1;;1.000000;0.000000;;4
7619;4;24800;U16;;49#DIO - Reserve;;1.000000;0.000000;;0
7620;4;24801;U16;;49#DIO - Reserve;;1.000000;0.000000;;0
7621;4;24802;U16;;49#DIO - Reserve;;1.000000;0.000000;;0
7622;4;24803;U16;;49#DIO - Reserve;;1.000000;0.000000;;0
7623;4;24804;U16;;49#DIO - Reserve;;1.000000;0.000000;;0
7624;4;24805;U16;;49#DIO - Reserve;;1.000000;0.000000;;0
7625;4;24806;U16;;49#DIO - 1#DI-1（crash-stop）;;1.000000;0.000000;;9
7626;4;24807;U16;;49#DIO - 1#DI-2（Surge fault feedback）;;1.000000;0.000000;;9
7627;4;24808;U16;;49#DIO - 1#DI-3（PCS Discharge/Charge Status）;;1.000000;0.000000;;9
7628;4;24809;U16;;49#DIO - 1#DI-4（Water Cooling）;;1.000000;0.000000;;4
7629;4;24810;U16;;49#DIO - 1#DI-5（Aerosol spraying）;;1.000000;0.000000;;4
7630;4;24811;U16;;49#DIO - 1#DI-6（KA1-KA6 Contactor Monitoring）;;1.000000;0.000000;;4
7631;4;24812;U16;;49#DIO - 1#DI-7（Reserve）;;1.000000;0.000000;;0
7632;4;24813;U16;;49#DIO - 1#DI-8（Reserve）;;1.000000;0.000000;;0
7633;4;24814;U16;;49#DIO - 1#DI-9（Temperature feedback）;;1.000000;0.000000;;4
7634;4;24815;U16;;49#DIO - 1#DI-10（Smoke feedback）;;1.000000;0.000000;;4
7635;4;24816;U16;;49#DIO - 1#DI-11（AC side entrance guard）;;1.000000;0.000000;;4
7636;4;24817;U16;;49#DIO - 1#DI-12（DC side entrance guard）;;1.000000;0.000000;;4
7637;4;24818;U16;;49#DIO - 1#DI-13（Exhaust Fan Feedback）;;1.000000;0.000000;;4
7638;4;24819;U16;;49#DIO - 1#DO-1（Running Indicator）;;1.000000;0.000000;;4
7639;4;24820;U16;;49#DIO - 1#DO-2（Fault Indicator）;;1.000000;0.000000;;9
7640;4;24821;U16;;49#DIO - 1#DO-3（Intermediate relay）;;1.000000;0.000000;;4
7641;4;24822;U16;;49#DIO - Reserve;;1.000000;0.000000;;0
7642;4;24824;U16;;49#DIO - Reserve;;1.000000;0.000000;;0
7643;4;24825;U16;;49#DIO - Reserve;;1.000000;0.000000;;0
7644;4;24826;U16;;49#DIO - Reserve;;1.000000;0.000000;;0
7645;4;24827;U16;;49#DIO - Reserve;;1.000000;0.000000;;0
7646;4;24828;U16;;49#DIO - Reserve;;1.000000;0.000000;;0
7647;4;24829;U16;;49#DIO - 2#DI-1;;1.000000;0.000000;;4
7648;4;24830;U16;;49#DIO - 2#DI-2;;1.000000;0.000000;;4
7649;4;24831;U16;;49#DIO - 2#DI-3;;1.000000;0.000000;;4
7650;4;24832;U16;;49#DIO - ;;1.000000;0.000000;;4
7651;4;24833;U16;;49#DIO - 2#DO-1;;1.000000;0.000000;;4
7652;4;24834;U16;;49#DIO - 2#DO-2;;1.000000;0.000000;;4
7653;4;24835;U16;;49#DIO - 2#DO-3;;1.000000;0.000000;;4
7654;4;24836;U16;;49#DIO - ;;1.000000;0.000000;;4
7655;4;24837;U16;;49#DIO - Reserve;;1.000000;0.000000;;0
7656;4;24838;U16;;49#DIO - Reserve;;1.000000;0.000000;;0
7657;4;24839;U16;;49#DIO - Reserve;;1.000000;0.000000;;0
7658;4;24840;U16;;49#DIO - Reserve;;1.000000;0.000000;;0
7659;4;24841;U16;;49#DIO - Reserve;;1.000000;0.000000;;0
7660;4;24842;U16;;49#DIO - Reserve;;1.000000;0.000000;;0
7661;4;24843;U16;;49#DIO - 50#DI-1;;1.000000;0.000000;;4
7662;4;24900;U16;;50#DIO - Reserve;;1.000000;0.000000;;0
7663;4;24901;U16;;50#DIO - Reserve;;1.000000;0.000000;;0
7664;4;24902;U16;;50#DIO - Reserve;;1.000000;0.000000;;0
7665;4;24903;U16;;50#DIO - Reserve;;1.000000;0.000000;;0
7666;4;24904;U16;;50#DIO - Reserve;;1.000000;0.000000;;0
7667;4;24905;U16;;50#DIO - Reserve;;1.000000;0.000000;;0
7668;4;24906;U16;;50#DIO - 1#DI-1（crash-stop）;;1.000000;0.000000;;9
7669;4;24907;U16;;50#DIO - 1#DI-2（Surge fault feedback）;;1.000000;0.000000;;9
7670;4;24908;U16;;50#DIO - 1#DI-3（PCS Discharge/Charge Status）;;1.000000;0.000000;;9
7671;4;24909;U16;;50#DIO - 1#DI-4（Water Cooling）;;1.000000;0.000000;;4
7672;4;24910;U16;;50#DIO - 1#DI-5（Aerosol spraying）;;1.000000;0.000000;;4
7673;4;24911;U16;;50#DIO - 1#DI-6（KA1-KA6 Contactor Monitoring）;;1.000000;0.000000;;4
7674;4;24912;U16;;50#DIO - 1#DI-7（Reserve）;;1.000000;0.000000;;0
7675;4;24913;U16;;50#DIO - 1#DI-8（Reserve）;;1.000000;0.000000;;0
7676;4;24914;U16;;50#DIO - 1#DI-9（Temperature feedback）;;1.000000;0.000000;;4
7677;4;24915;U16;;50#DIO - 1#DI-10（Smoke feedback）;;1.000000;0.000000;;4
7678;4;24916;U16;;50#DIO - 1#DI-11（AC side entrance guard）;;1.000000;0.000000;;4
7679;4;24917;U16;;50#DIO - 1#DI-12（DC side entrance guard）;;1.000000;0.000000;;4
7680;4;24918;U16;;50#DIO - 1#DI-13（Exhaust Fan Feedback）;;1.000000;0.000000;;4
7681;4;24919;U16;;50#DIO - 1#DO-1（Running Indicator）;;1.000000;0.000000;;4
7682;4;24920;U16;;50#DIO - 1#DO-2（Fault Indicator）;;1.000000;0.000000;;9
7683;4;24921;U16;;50#DIO - 1#DO-3（Intermediate relay）;;1.000000;0.000000;;4
7684;4;24922;U16;;50#DIO - Reserve;;1.000000;0.000000;;0
7685;4;24924;U16;;50#DIO - Reserve;;1.000000;0.000000;;0
7686;4;24925;U16;;50#DIO - Reserve;;1.000000;0.000000;;0
7687;4;24926;U16;;50#DIO - Reserve;;1.000000;0.000000;;0
7688;4;24927;U16;;50#DIO - Reserve;;1.000000;0.000000;;0
7689;4;24928;U16;;50#DIO - Reserve;;1.000000;0.000000;;0
7690;4;24929;U16;;50#DIO - 2#DI-1;;1.000000;0.000000;;4
7691;4;24930;U16;;50#DIO - 2#DI-2;;1.000000;0.000000;;4
7692;4;24931;U16;;50#DIO - 2#DI-3;;1.000000;0.000000;;4
7693;4;24932;U16;;50#DIO - ;;1.000000;0.000000;;4
7694;4;24933;U16;;50#DIO - 2#DO-1;;1.000000;0.000000;;4
7695;4;24934;U16;;50#DIO - 2#DO-2;;1.000000;0.000000;;4
7696;4;24935;U16;;50#DIO - 2#DO-3;;1.000000;0.000000;;4
7697;4;24936;U16;;50#DIO - ;;1.000000;0.000000;;4
7698;4;24937;U16;;50#DIO - Reserve;;1.000000;0.000000;;0
7699;4;24938;U16;;50#DIO - Reserve;;1.000000;0.000000;;0
7700;4;24939;U16;;50#DIO - Reserve;;1.000000;0.000000;;0
7701;4;24940;U16;;50#DIO - Reserve;;1.000000;0.000000;;0
7702;4;24941;U16;;50#DIO - Reserve;;1.000000;0.000000;;0
7703;4;24942;U16;;50#DIO - Reserve;;1.000000;0.000000;;0
7704;4;24943;U16;;50#DIO - 50#DI-1;;1.000000;0.000000;;4
7705;4;25000;U16;;1#PV - Operating Status;;1.000000;0.000000;;9
7706;4;25001;U16;;1#PV - Reserve;;1.000000;0.000000;;0
7707;4;25002;F32;;1#PV - AC Phase A Voltage;;0.100000;0.000000;V;4
7708;4;25004;F32;;1#PV - AC Phase B Voltage;;0.100000;0.000000;V;4
7709;4;25006;F32;;1#PV - AC Phase C Voltage;;0.100000;0.000000;V;4
7710;4;25008;F32;;1#PV - AC Phase A Current;;0.100000;0.000000;A;4
7711;4;25010;F32;;1#PV - AC Phase B Current;;0.100000;0.000000;A;4
7712;4;25012;F32;;1#PV - AC Phase C Current;;0.100000;0.000000;A;4
7713;4;25014;F32;;1#PV - AC Frequency;;0.010000;0.000000;Hz;4
7714;4;25016;F32;;1#PV - Total AC Active Power;;0.100000;0.000000;kW;4
7715;4;25018;F32;;1#PV - Total AC Reactive Power;;0.100000;0.000000;kvar;4
7716;4;25020;F32;;1#PV - Total AC Apparent Power;;0.100000;0.000000;kvar;4
7717;4;25022;F32;;1#PV - Total AC Power Factor;;0.010000;0.000000;;4
7718;4;25024;F32;;1#PV - Phase A AC Active Power;;0.100000;0.000000;kW;4
7719;4;25026;F32;;1#PV - Phase B AC Active Power;;0.100000;0.000000;kW;4
7720;4;25028;F32;;1#PV - Phase C AC Active Power;;0.100000;0.000000;kW;4
7721;4;25030;F32;;1#PV - Phase A AC Reactive Power;;0.100000;0.000000;kvar;4
7722;4;25032;F32;;1#PV - Phase B AC Reactive Power;;0.100000;0.000000;kvar;4
7723;4;25034;F32;;1#PV - Phase C AC Reactive Power;;0.100000;0.000000;kvar;4
7724;4;25036;F32;;1#PV - Phase A AC Apparent Power;;0.100000;0.000000;kVA;4
7725;4;25038;F32;;1#PV - Phase B AC Apparent Power;;0.100000;0.000000;kVA;4
7726;4;25040;F32;;1#PV - Phase C AC Apparent Power;;0.100000;0.000000;kVA;4
7727;4;25042;F32;;1#PV - Phase A AC Power Factor;;0.010000;0.000000;;4
7728;4;25044;F32;;1#PV - Phase B AC Power Factor;;0.010000;0.000000;;4
7729;4;25046;F32;;1#PV - Phase C AC Power Factor;;0.010000;0.000000;;4
7730;4;25048;F32;;1#PV - IGBT Module Temperature;;0.100000;0.000000;°C;4
7731;4;25050;F32;;1#PV - Ambient Temperature;;0.100000;0.000000;°C;4
7732;4;25052;F32;;1#PV - Total  AC Charging Energy;;0.100000;0.000000;kWh;4
7733;4;25054;F32;;1#PV - Total AC Discharging Energy;;0.100000;0.000000;kWh;4
7734;4;25056;F32;;1#PV - Daily AC Charging Energy;;0.100000;0.000000;kWh;4
7735;4;25058;F32;;1#PV - Daily AC Discharging Energy;;0.100000;0.000000;kWh;4
7736;4;25060;U32;;1#PV - Number of branches;;1.000000;0.000000;;4
7737;4;25062;F32;;1#PV - Branch 1 DC Power;;0.100000;0.000000;kW;4
7738;4;25064;F32;;1#PV - Branch 1 DC Voltage;;0.100000;0.000000;V;4
7739;4;25066;F32;;1#PV - Branch 1 DC Current;;0.100000;0.000000;A;4
7740;4;25068;F32;;1#PV - Branch 2~n DC Power;;0.100000;0.000000;kW;4
7741;4;25070;F32;;1#PV - Branch 2~n DC Voltage;;0.100000;0.000000;V;4
7742;4;25072;F32;;1#PV - Branch 2~n DC Current;;0.100000;0.000000;A;4
7743;4;25100;U16;;2#PV - Operating Status;;1.000000;0.000000;;9
7744;4;25101;U16;;2#PV - Reserve;;1.000000;0.000000;;0
7745;4;25102;F32;;2#PV - AC Phase A Voltage;;0.100000;0.000000;V;4
7746;4;25104;F32;;2#PV - AC Phase B Voltage;;0.100000;0.000000;V;4
7747;4;25106;F32;;2#PV - AC Phase C Voltage;;0.100000;0.000000;V;4
7748;4;25108;F32;;2#PV - AC Phase A Current;;0.100000;0.000000;A;4
7749;4;25110;F32;;2#PV - AC Phase B Current;;0.100000;0.000000;A;4
7750;4;25112;F32;;2#PV - AC Phase C Current;;0.100000;0.000000;A;4
7751;4;25114;F32;;2#PV - AC Frequency;;0.010000;0.000000;Hz;4
7752;4;25116;F32;;2#PV - Total AC Active Power;;0.100000;0.000000;kW;4
7753;4;25118;F32;;2#PV - Total AC Reactive Power;;0.100000;0.000000;kvar;4
7754;4;25120;F32;;2#PV - Total AC Apparent Power;;0.100000;0.000000;kvar;4
7755;4;25122;F32;;2#PV - Total AC Power Factor;;0.010000;0.000000;;4
7756;4;25124;F32;;2#PV - Phase A AC Active Power;;0.100000;0.000000;kW;4
7757;4;25126;F32;;2#PV - Phase B AC Active Power;;0.100000;0.000000;kW;4
7758;4;25128;F32;;2#PV - Phase C AC Active Power;;0.100000;0.000000;kW;4
7759;4;25130;F32;;2#PV - Phase A AC Reactive Power;;0.100000;0.000000;kvar;4
7760;4;25132;F32;;2#PV - Phase B AC Reactive Power;;0.100000;0.000000;kvar;4
7761;4;25134;F32;;2#PV - Phase C AC Reactive Power;;0.100000;0.000000;kvar;4
7762;4;25136;F32;;2#PV - Phase A AC Apparent Power;;0.100000;0.000000;kVA;4
7763;4;25138;F32;;2#PV - Phase B AC Apparent Power;;0.100000;0.000000;kVA;4
7764;4;25140;F32;;2#PV - Phase C AC Apparent Power;;0.100000;0.000000;kVA;4
7765;4;25142;F32;;2#PV - Phase A AC Power Factor;;0.010000;0.000000;;4
7766;4;25144;F32;;2#PV - Phase B AC Power Factor;;0.010000;0.000000;;4
7767;4;25146;F32;;2#PV - Phase C AC Power Factor;;0.010000;0.000000;;4
7768;4;25148;F32;;2#PV - IGBT Module Temperature;;0.100000;0.000000;°C;4
7769;4;25150;F32;;2#PV - Ambient Temperature;;0.100000;0.000000;°C;4
7770;4;25152;F32;;2#PV - Total  AC Charging Energy;;0.100000;0.000000;kWh;4
7771;4;25154;F32;;2#PV - Total AC Discharging Energy;;0.100000;0.000000;kWh;4
7772;4;25156;F32;;2#PV - Daily AC Charging Energy;;0.100000;0.000000;kWh;4
7773;4;25158;F32;;2#PV - Daily AC Discharging Energy;;0.100000;0.000000;kWh;4
7774;4;25160;U32;;2#PV - Number of branches;;1.000000;0.000000;;4
7775;4;25162;F32;;2#PV - Branch 1 DC Power;;0.100000;0.000000;kW;4
7776;4;25164;F32;;2#PV - Branch 1 DC Voltage;;0.100000;0.000000;V;4
7777;4;25166;F32;;2#PV - Branch 1 DC Current;;0.100000;0.000000;A;4
7778;4;25168;F32;;2#PV - Branch 2~n DC Power;;0.100000;0.000000;kW;4
7779;4;25170;F32;;2#PV - Branch 2~n DC Voltage;;0.100000;0.000000;V;4
7780;4;25172;F32;;2#PV - Branch 2~n DC Current;;0.100000;0.000000;A;4
7781;4;25200;U16;;3#PV - Operating Status;;1.000000;0.000000;;9
7782;4;25201;U16;;3#PV - Reserve;;1.000000;0.000000;;0
7783;4;25202;F32;;3#PV - AC Phase A Voltage;;0.100000;0.000000;V;4
7784;4;25204;F32;;3#PV - AC Phase B Voltage;;0.100000;0.000000;V;4
7785;4;25206;F32;;3#PV - AC Phase C Voltage;;0.100000;0.000000;V;4
7786;4;25208;F32;;3#PV - AC Phase A Current;;0.100000;0.000000;A;4
7787;4;25210;F32;;3#PV - AC Phase B Current;;0.100000;0.000000;A;4
7788;4;25212;F32;;3#PV - AC Phase C Current;;0.100000;0.000000;A;4
7789;4;25214;F32;;3#PV - AC Frequency;;0.010000;0.000000;Hz;4
7790;4;25216;F32;;3#PV - Total AC Active Power;;0.100000;0.000000;kW;4
7791;4;25218;F32;;3#PV - Total AC Reactive Power;;0.100000;0.000000;kvar;4
7792;4;25220;F32;;3#PV - Total AC Apparent Power;;0.100000;0.000000;kvar;4
7793;4;25222;F32;;3#PV - Total AC Power Factor;;0.010000;0.000000;;4
7794;4;25224;F32;;3#PV - Phase A AC Active Power;;0.100000;0.000000;kW;4
7795;4;25226;F32;;3#PV - Phase B AC Active Power;;0.100000;0.000000;kW;4
7796;4;25228;F32;;3#PV - Phase C AC Active Power;;0.100000;0.000000;kW;4
7797;4;25230;F32;;3#PV - Phase A AC Reactive Power;;0.100000;0.000000;kvar;4
7798;4;25232;F32;;3#PV - Phase B AC Reactive Power;;0.100000;0.000000;kvar;4
7799;4;25234;F32;;3#PV - Phase C AC Reactive Power;;0.100000;0.000000;kvar;4
7800;4;25236;F32;;3#PV - Phase A AC Apparent Power;;0.100000;0.000000;kVA;4
7801;4;25238;F32;;3#PV - Phase B AC Apparent Power;;0.100000;0.000000;kVA;4
7802;4;25240;F32;;3#PV - Phase C AC Apparent Power;;0.100000;0.000000;kVA;4
7803;4;25242;F32;;3#PV - Phase A AC Power Factor;;0.010000;0.000000;;4
7804;4;25244;F32;;3#PV - Phase B AC Power Factor;;0.010000;0.000000;;4
7805;4;25246;F32;;3#PV - Phase C AC Power Factor;;0.010000;0.000000;;4
7806;4;25248;F32;;3#PV - IGBT Module Temperature;;0.100000;0.000000;°C;4
7807;4;25250;F32;;3#PV - Ambient Temperature;;0.100000;0.000000;°C;4
7808;4;25252;F32;;3#PV - Total  AC Charging Energy;;0.100000;0.000000;kWh;4
7809;4;25254;F32;;3#PV - Total AC Discharging Energy;;0.100000;0.000000;kWh;4
7810;4;25256;F32;;3#PV - Daily AC Charging Energy;;0.100000;0.000000;kWh;4
7811;4;25258;F32;;3#PV - Daily AC Discharging Energy;;0.100000;0.000000;kWh;4
7812;4;25260;U32;;3#PV - Number of branches;;1.000000;0.000000;;4
7813;4;25262;F32;;3#PV - Branch 1 DC Power;;0.100000;0.000000;kW;4
7814;4;25264;F32;;3#PV - Branch 1 DC Voltage;;0.100000;0.000000;V;4
7815;4;25266;F32;;3#PV - Branch 1 DC Current;;0.100000;0.000000;A;4
7816;4;25268;F32;;3#PV - Branch 2~n DC Power;;0.100000;0.000000;kW;4
7817;4;25270;F32;;3#PV - Branch 2~n DC Voltage;;0.100000;0.000000;V;4
7818;4;25272;F32;;3#PV - Branch 2~n DC Current;;0.100000;0.000000;A;4
7819;4;25300;U16;;4#PV - Operating Status;;1.000000;0.000000;;9
7820;4;25301;U16;;4#PV - Reserve;;1.000000;0.000000;;0
7821;4;25302;F32;;4#PV - AC Phase A Voltage;;0.100000;0.000000;V;4
7822;4;25304;F32;;4#PV - AC Phase B Voltage;;0.100000;0.000000;V;4
7823;4;25306;F32;;4#PV - AC Phase C Voltage;;0.100000;0.000000;V;4
7824;4;25308;F32;;4#PV - AC Phase A Current;;0.100000;0.000000;A;4
7825;4;25310;F32;;4#PV - AC Phase B Current;;0.100000;0.000000;A;4
7826;4;25312;F32;;4#PV - AC Phase C Current;;0.100000;0.000000;A;4
7827;4;25314;F32;;4#PV - AC Frequency;;0.010000;0.000000;Hz;4
7828;4;25316;F32;;4#PV - Total AC Active Power;;0.100000;0.000000;kW;4
7829;4;25318;F32;;4#PV - Total AC Reactive Power;;0.100000;0.000000;kvar;4
7830;4;25320;F32;;4#PV - Total AC Apparent Power;;0.100000;0.000000;kvar;4
7831;4;25322;F32;;4#PV - Total AC Power Factor;;0.010000;0.000000;;4
7832;4;25324;F32;;4#PV - Phase A AC Active Power;;0.100000;0.000000;kW;4
7833;4;25326;F32;;4#PV - Phase B AC Active Power;;0.100000;0.000000;kW;4
7834;4;25328;F32;;4#PV - Phase C AC Active Power;;0.100000;0.000000;kW;4
7835;4;25330;F32;;4#PV - Phase A AC Reactive Power;;0.100000;0.000000;kvar;4
7836;4;25332;F32;;4#PV - Phase B AC Reactive Power;;0.100000;0.000000;kvar;4
7837;4;25334;F32;;4#PV - Phase C AC Reactive Power;;0.100000;0.000000;kvar;4
7838;4;25336;F32;;4#PV - Phase A AC Apparent Power;;0.100000;0.000000;kVA;4
7839;4;25338;F32;;4#PV - Phase B AC Apparent Power;;0.100000;0.000000;kVA;4
7840;4;25340;F32;;4#PV - Phase C AC Apparent Power;;0.100000;0.000000;kVA;4
7841;4;25342;F32;;4#PV - Phase A AC Power Factor;;0.010000;0.000000;;4
7842;4;25344;F32;;4#PV - Phase B AC Power Factor;;0.010000;0.000000;;4
7843;4;25346;F32;;4#PV - Phase C AC Power Factor;;0.010000;0.000000;;4
7844;4;25348;F32;;4#PV - IGBT Module Temperature;;0.100000;0.000000;°C;4
7845;4;25350;F32;;4#PV - Ambient Temperature;;0.100000;0.000000;°C;4
7846;4;25352;F32;;4#PV - Total  AC Charging Energy;;0.100000;0.000000;kWh;4
7847;4;25354;F32;;4#PV - Total AC Discharging Energy;;0.100000;0.000000;kWh;4
7848;4;25356;F32;;4#PV - Daily AC Charging Energy;;0.100000;0.000000;kWh;4
7849;4;25358;F32;;4#PV - Daily AC Discharging Energy;;0.100000;0.000000;kWh;4
7850;4;25360;U32;;4#PV - Number of branches;;1.000000;0.000000;;4
7851;4;25362;F32;;4#PV - Branch 1 DC Power;;0.100000;0.000000;kW;4
7852;4;25364;F32;;4#PV - Branch 1 DC Voltage;;0.100000;0.000000;V;4
7853;4;25366;F32;;4#PV - Branch 1 DC Current;;0.100000;0.000000;A;4
7854;4;25368;F32;;4#PV - Branch 2~n DC Power;;0.100000;0.000000;kW;4
7855;4;25370;F32;;4#PV - Branch 2~n DC Voltage;;0.100000;0.000000;V;4
7856;4;25372;F32;;4#PV - Branch 2~n DC Current;;0.100000;0.000000;A;4
7857;4;25400;U16;;5#PV - Operating Status;;1.000000;0.000000;;9
7858;4;25401;U16;;5#PV - Reserve;;1.000000;0.000000;;0
7859;4;25402;F32;;5#PV - AC Phase A Voltage;;0.100000;0.000000;V;4
7860;4;25404;F32;;5#PV - AC Phase B Voltage;;0.100000;0.000000;V;4
7861;4;25406;F32;;5#PV - AC Phase C Voltage;;0.100000;0.000000;V;4
7862;4;25408;F32;;5#PV - AC Phase A Current;;0.100000;0.000000;A;4
7863;4;25410;F32;;5#PV - AC Phase B Current;;0.100000;0.000000;A;4
7864;4;25412;F32;;5#PV - AC Phase C Current;;0.100000;0.000000;A;4
7865;4;25414;F32;;5#PV - AC Frequency;;0.010000;0.000000;Hz;4
7866;4;25416;F32;;5#PV - Total AC Active Power;;0.100000;0.000000;kW;4
7867;4;25418;F32;;5#PV - Total AC Reactive Power;;0.100000;0.000000;kvar;4
7868;4;25420;F32;;5#PV - Total AC Apparent Power;;0.100000;0.000000;kvar;4
7869;4;25422;F32;;5#PV - Total AC Power Factor;;0.010000;0.000000;;4
7870;4;25424;F32;;5#PV - Phase A AC Active Power;;0.100000;0.000000;kW;4
7871;4;25426;F32;;5#PV - Phase B AC Active Power;;0.100000;0.000000;kW;4
7872;4;25428;F32;;5#PV - Phase C AC Active Power;;0.100000;0.000000;kW;4
7873;4;25430;F32;;5#PV - Phase A AC Reactive Power;;0.100000;0.000000;kvar;4
7874;4;25432;F32;;5#PV - Phase B AC Reactive Power;;0.100000;0.000000;kvar;4
7875;4;25434;F32;;5#PV - Phase C AC Reactive Power;;0.100000;0.000000;kvar;4
7876;4;25436;F32;;5#PV - Phase A AC Apparent Power;;0.100000;0.000000;kVA;4
7877;4;25438;F32;;5#PV - Phase B AC Apparent Power;;0.100000;0.000000;kVA;4
7878;4;25440;F32;;5#PV - Phase C AC Apparent Power;;0.100000;0.000000;kVA;4
7879;4;25442;F32;;5#PV - Phase A AC Power Factor;;0.010000;0.000000;;4
7880;4;25444;F32;;5#PV - Phase B AC Power Factor;;0.010000;0.000000;;4
7881;4;25446;F32;;5#PV - Phase C AC Power Factor;;0.010000;0.000000;;4
7882;4;25448;F32;;5#PV - IGBT Module Temperature;;0.100000;0.000000;°C;4
7883;4;25450;F32;;5#PV - Ambient Temperature;;0.100000;0.000000;°C;4
7884;4;25452;F32;;5#PV - Total  AC Charging Energy;;0.100000;0.000000;kWh;4
7885;4;25454;F32;;5#PV - Total AC Discharging Energy;;0.100000;0.000000;kWh;4
7886;4;25456;F32;;5#PV - Daily AC Charging Energy;;0.100000;0.000000;kWh;4
7887;4;25458;F32;;5#PV - Daily AC Discharging Energy;;0.100000;0.000000;kWh;4
7888;4;25460;U32;;5#PV - Number of branches;;1.000000;0.000000;;4
7889;4;25462;F32;;5#PV - Branch 1 DC Power;;0.100000;0.000000;kW;4
7890;4;25464;F32;;5#PV - Branch 1 DC Voltage;;0.100000;0.000000;V;4
7891;4;25466;F32;;5#PV - Branch 1 DC Current;;0.100000;0.000000;A;4
7892;4;25468;F32;;5#PV - Branch 2~n DC Power;;0.100000;0.000000;kW;4
7893;4;25470;F32;;5#PV - Branch 2~n DC Voltage;;0.100000;0.000000;V;4
7894;4;25472;F32;;5#PV - Branch 2~n DC Current;;0.100000;0.000000;A;4
7895;4;25500;U16;;6#PV - Operating Status;;1.000000;0.000000;;9
7896;4;25501;U16;;6#PV - Reserve;;1.000000;0.000000;;0
7897;4;25502;F32;;6#PV - AC Phase A Voltage;;0.100000;0.000000;V;4
7898;4;25504;F32;;6#PV - AC Phase B Voltage;;0.100000;0.000000;V;4
7899;4;25506;F32;;6#PV - AC Phase C Voltage;;0.100000;0.000000;V;4
7900;4;25508;F32;;6#PV - AC Phase A Current;;0.100000;0.000000;A;4
7901;4;25510;F32;;6#PV - AC Phase B Current;;0.100000;0.000000;A;4
7902;4;25512;F32;;6#PV - AC Phase C Current;;0.100000;0.000000;A;4
7903;4;25514;F32;;6#PV - AC Frequency;;0.010000;0.000000;Hz;4
7904;4;25516;F32;;6#PV - Total AC Active Power;;0.100000;0.000000;kW;4
7905;4;25518;F32;;6#PV - Total AC Reactive Power;;0.100000;0.000000;kvar;4
7906;4;25520;F32;;6#PV - Total AC Apparent Power;;0.100000;0.000000;kvar;4
7907;4;25522;F32;;6#PV - Total AC Power Factor;;0.010000;0.000000;;4
7908;4;25524;F32;;6#PV - Phase A AC Active Power;;0.100000;0.000000;kW;4
7909;4;25526;F32;;6#PV - Phase B AC Active Power;;0.100000;0.000000;kW;4
7910;4;25528;F32;;6#PV - Phase C AC Active Power;;0.100000;0.000000;kW;4
7911;4;25530;F32;;6#PV - Phase A AC Reactive Power;;0.100000;0.000000;kvar;4
7912;4;25532;F32;;6#PV - Phase B AC Reactive Power;;0.100000;0.000000;kvar;4
7913;4;25534;F32;;6#PV - Phase C AC Reactive Power;;0.100000;0.000000;kvar;4
7914;4;25536;F32;;6#PV - Phase A AC Apparent Power;;0.100000;0.000000;kVA;4
7915;4;25538;F32;;6#PV - Phase B AC Apparent Power;;0.100000;0.000000;kVA;4
7916;4;25540;F32;;6#PV - Phase C AC Apparent Power;;0.100000;0.000000;kVA;4
7917;4;25542;F32;;6#PV - Phase A AC Power Factor;;0.010000;0.000000;;4
7918;4;25544;F32;;6#PV - Phase B AC Power Factor;;0.010000;0.000000;;4
7919;4;25546;F32;;6#PV - Phase C AC Power Factor;;0.010000;0.000000;;4
7920;4;25548;F32;;6#PV - IGBT Module Temperature;;0.100000;0.000000;°C;4
7921;4;25550;F32;;6#PV - Ambient Temperature;;0.100000;0.000000;°C;4
7922;4;25552;F32;;6#PV - Total  AC Charging Energy;;0.100000;0.000000;kWh;4
7923;4;25554;F32;;6#PV - Total AC Discharging Energy;;0.100000;0.000000;kWh;4
7924;4;25556;F32;;6#PV - Daily AC Charging Energy;;0.100000;0.000000;kWh;4
7925;4;25558;F32;;6#PV - Daily AC Discharging Energy;;0.100000;0.000000;kWh;4
7926;4;25560;U32;;6#PV - Number of branches;;1.000000;0.000000;;4
7927;4;25562;F32;;6#PV - Branch 1 DC Power;;0.100000;0.000000;kW;4
7928;4;25564;F32;;6#PV - Branch 1 DC Voltage;;0.100000;0.000000;V;4
7929;4;25566;F32;;6#PV - Branch 1 DC Current;;0.100000;0.000000;A;4
7930;4;25568;F32;;6#PV - Branch 2~n DC Power;;0.100000;0.000000;kW;4
7931;4;25570;F32;;6#PV - Branch 2~n DC Voltage;;0.100000;0.000000;V;4
7932;4;25572;F32;;6#PV - Branch 2~n DC Current;;0.100000;0.000000;A;4
7933;4;25600;U16;;7#PV - Operating Status;;1.000000;0.000000;;9
7934;4;25601;U16;;7#PV - Reserve;;1.000000;0.000000;;0
7935;4;25602;F32;;7#PV - AC Phase A Voltage;;0.100000;0.000000;V;4
7936;4;25604;F32;;7#PV - AC Phase B Voltage;;0.100000;0.000000;V;4
7937;4;25606;F32;;7#PV - AC Phase C Voltage;;0.100000;0.000000;V;4
7938;4;25608;F32;;7#PV - AC Phase A Current;;0.100000;0.000000;A;4
7939;4;25610;F32;;7#PV - AC Phase B Current;;0.100000;0.000000;A;4
7940;4;25612;F32;;7#PV - AC Phase C Current;;0.100000;0.000000;A;4
7941;4;25614;F32;;7#PV - AC Frequency;;0.010000;0.000000;Hz;4
7942;4;25616;F32;;7#PV - Total AC Active Power;;0.100000;0.000000;kW;4
7943;4;25618;F32;;7#PV - Total AC Reactive Power;;0.100000;0.000000;kvar;4
7944;4;25620;F32;;7#PV - Total AC Apparent Power;;0.100000;0.000000;kvar;4
7945;4;25622;F32;;7#PV - Total AC Power Factor;;0.010000;0.000000;;4
7946;4;25624;F32;;7#PV - Phase A AC Active Power;;0.100000;0.000000;kW;4
7947;4;25626;F32;;7#PV - Phase B AC Active Power;;0.100000;0.000000;kW;4
7948;4;25628;F32;;7#PV - Phase C AC Active Power;;0.100000;0.000000;kW;4
7949;4;25630;F32;;7#PV - Phase A AC Reactive Power;;0.100000;0.000000;kvar;4
7950;4;25632;F32;;7#PV - Phase B AC Reactive Power;;0.100000;0.000000;kvar;4
7951;4;25634;F32;;7#PV - Phase C AC Reactive Power;;0.100000;0.000000;kvar;4
7952;4;25636;F32;;7#PV - Phase A AC Apparent Power;;0.100000;0.000000;kVA;4
7953;4;25638;F32;;7#PV - Phase B AC Apparent Power;;0.100000;0.000000;kVA;4
7954;4;25640;F32;;7#PV - Phase C AC Apparent Power;;0.100000;0.000000;kVA;4
7955;4;25642;F32;;7#PV - Phase A AC Power Factor;;0.010000;0.000000;;4
7956;4;25644;F32;;7#PV - Phase B AC Power Factor;;0.010000;0.000000;;4
7957;4;25646;F32;;7#PV - Phase C AC Power Factor;;0.010000;0.000000;;4
7958;4;25648;F32;;7#PV - IGBT Module Temperature;;0.100000;0.000000;°C;4
7959;4;25650;F32;;7#PV - Ambient Temperature;;0.100000;0.000000;°C;4
7960;4;25652;F32;;7#PV - Total  AC Charging Energy;;0.100000;0.000000;kWh;4
7961;4;25654;F32;;7#PV - Total AC Discharging Energy;;0.100000;0.000000;kWh;4
7962;4;25656;F32;;7#PV - Daily AC Charging Energy;;0.100000;0.000000;kWh;4
7963;4;25658;F32;;7#PV - Daily AC Discharging Energy;;0.100000;0.000000;kWh;4
7964;4;25660;U32;;7#PV - Number of branches;;1.000000;0.000000;;4
7965;4;25662;F32;;7#PV - Branch 1 DC Power;;0.100000;0.000000;kW;4
7966;4;25664;F32;;7#PV - Branch 1 DC Voltage;;0.100000;0.000000;V;4
7967;4;25666;F32;;7#PV - Branch 1 DC Current;;0.100000;0.000000;A;4
7968;4;25668;F32;;7#PV - Branch 2~n DC Power;;0.100000;0.000000;kW;4
7969;4;25670;F32;;7#PV - Branch 2~n DC Voltage;;0.100000;0.000000;V;4
7970;4;25672;F32;;7#PV - Branch 2~n DC Current;;0.100000;0.000000;A;4
7971;4;25700;U16;;8#PV - Operating Status;;1.000000;0.000000;;9
7972;4;25701;U16;;8#PV - Reserve;;1.000000;0.000000;;0
7973;4;25702;F32;;8#PV - AC Phase A Voltage;;0.100000;0.000000;V;4
7974;4;25704;F32;;8#PV - AC Phase B Voltage;;0.100000;0.000000;V;4
7975;4;25706;F32;;8#PV - AC Phase C Voltage;;0.100000;0.000000;V;4
7976;4;25708;F32;;8#PV - AC Phase A Current;;0.100000;0.000000;A;4
7977;4;25710;F32;;8#PV - AC Phase B Current;;0.100000;0.000000;A;4
7978;4;25712;F32;;8#PV - AC Phase C Current;;0.100000;0.000000;A;4
7979;4;25714;F32;;8#PV - AC Frequency;;0.010000;0.000000;Hz;4
7980;4;25716;F32;;8#PV - Total AC Active Power;;0.100000;0.000000;kW;4
7981;4;25718;F32;;8#PV - Total AC Reactive Power;;0.100000;0.000000;kvar;4
7982;4;25720;F32;;8#PV - Total AC Apparent Power;;0.100000;0.000000;kvar;4
7983;4;25722;F32;;8#PV - Total AC Power Factor;;0.010000;0.000000;;4
7984;4;25724;F32;;8#PV - Phase A AC Active Power;;0.100000;0.000000;kW;4
7985;4;25726;F32;;8#PV - Phase B AC Active Power;;0.100000;0.000000;kW;4
7986;4;25728;F32;;8#PV - Phase C AC Active Power;;0.100000;0.000000;kW;4
7987;4;25730;F32;;8#PV - Phase A AC Reactive Power;;0.100000;0.000000;kvar;4
7988;4;25732;F32;;8#PV - Phase B AC Reactive Power;;0.100000;0.000000;kvar;4
7989;4;25734;F32;;8#PV - Phase C AC Reactive Power;;0.100000;0.000000;kvar;4
7990;4;25736;F32;;8#PV - Phase A AC Apparent Power;;0.100000;0.000000;kVA;4
7991;4;25738;F32;;8#PV - Phase B AC Apparent Power;;0.100000;0.000000;kVA;4
7992;4;25740;F32;;8#PV - Phase C AC Apparent Power;;0.100000;0.000000;kVA;4
7993;4;25742;F32;;8#PV - Phase A AC Power Factor;;0.010000;0.000000;;4
7994;4;25744;F32;;8#PV - Phase B AC Power Factor;;0.010000;0.000000;;4
7995;4;25746;F32;;8#PV - Phase C AC Power Factor;;0.010000;0.000000;;4
7996;4;25748;F32;;8#PV - IGBT Module Temperature;;0.100000;0.000000;°C;4
7997;4;25750;F32;;8#PV - Ambient Temperature;;0.100000;0.000000;°C;4
7998;4;25752;F32;;8#PV - Total  AC Charging Energy;;0.100000;0.000000;kWh;4
7999;4;25754;F32;;8#PV - Total AC Discharging Energy;;0.100000;0.000000;kWh;4
8000;4;25756;F32;;8#PV - Daily AC Charging Energy;;0.100000;0.000000;kWh;4
8001;4;25758;F32;;8#PV - Daily AC Discharging Energy;;0.100000;0.000000;kWh;4
8002;4;25760;U32;;8#PV - Number of branches;;1.000000;0.000000;;4
8003;4;25762;F32;;8#PV - Branch 1 DC Power;;0.100000;0.000000;kW;4
8004;4;25764;F32;;8#PV - Branch 1 DC Voltage;;0.100000;0.000000;V;4
8005;4;25766;F32;;8#PV - Branch 1 DC Current;;0.100000;0.000000;A;4
8006;4;25768;F32;;8#PV - Branch 2~n DC Power;;0.100000;0.000000;kW;4
8007;4;25770;F32;;8#PV - Branch 2~n DC Voltage;;0.100000;0.000000;V;4
8008;4;25772;F32;;8#PV - Branch 2~n DC Current;;0.100000;0.000000;A;4
8009;4;25800;U16;;9#PV - Operating Status;;1.000000;0.000000;;9
8010;4;25801;U16;;9#PV - Reserve;;1.000000;0.000000;;0
8011;4;25802;F32;;9#PV - AC Phase A Voltage;;0.100000;0.000000;V;4
8012;4;25804;F32;;9#PV - AC Phase B Voltage;;0.100000;0.000000;V;4
8013;4;25806;F32;;9#PV - AC Phase C Voltage;;0.100000;0.000000;V;4
8014;4;25808;F32;;9#PV - AC Phase A Current;;0.100000;0.000000;A;4
8015;4;25810;F32;;9#PV - AC Phase B Current;;0.100000;0.000000;A;4
8016;4;25812;F32;;9#PV - AC Phase C Current;;0.100000;0.000000;A;4
8017;4;25814;F32;;9#PV - AC Frequency;;0.010000;0.000000;Hz;4
8018;4;25816;F32;;9#PV - Total AC Active Power;;0.100000;0.000000;kW;4
8019;4;25818;F32;;9#PV - Total AC Reactive Power;;0.100000;0.000000;kvar;4
8020;4;25820;F32;;9#PV - Total AC Apparent Power;;0.100000;0.000000;kvar;4
8021;4;25822;F32;;9#PV - Total AC Power Factor;;0.010000;0.000000;;4
8022;4;25824;F32;;9#PV - Phase A AC Active Power;;0.100000;0.000000;kW;4
8023;4;25826;F32;;9#PV - Phase B AC Active Power;;0.100000;0.000000;kW;4
8024;4;25828;F32;;9#PV - Phase C AC Active Power;;0.100000;0.000000;kW;4
8025;4;25830;F32;;9#PV - Phase A AC Reactive Power;;0.100000;0.000000;kvar;4
8026;4;25832;F32;;9#PV - Phase B AC Reactive Power;;0.100000;0.000000;kvar;4
8027;4;25834;F32;;9#PV - Phase C AC Reactive Power;;0.100000;0.000000;kvar;4
8028;4;25836;F32;;9#PV - Phase A AC Apparent Power;;0.100000;0.000000;kVA;4
8029;4;25838;F32;;9#PV - Phase B AC Apparent Power;;0.100000;0.000000;kVA;4
8030;4;25840;F32;;9#PV - Phase C AC Apparent Power;;0.100000;0.000000;kVA;4
8031;4;25842;F32;;9#PV - Phase A AC Power Factor;;0.010000;0.000000;;4
8032;4;25844;F32;;9#PV - Phase B AC Power Factor;;0.010000;0.000000;;4
8033;4;25846;F32;;9#PV - Phase C AC Power Factor;;0.010000;0.000000;;4
8034;4;25848;F32;;9#PV - IGBT Module Temperature;;0.100000;0.000000;°C;4
8035;4;25850;F32;;9#PV - Ambient Temperature;;0.100000;0.000000;°C;4
8036;4;25852;F32;;9#PV - Total  AC Charging Energy;;0.100000;0.000000;kWh;4
8037;4;25854;F32;;9#PV - Total AC Discharging Energy;;0.100000;0.000000;kWh;4
8038;4;25856;F32;;9#PV - Daily AC Charging Energy;;0.100000;0.000000;kWh;4
8039;4;25858;F32;;9#PV - Daily AC Discharging Energy;;0.100000;0.000000;kWh;4
8040;4;25860;U32;;9#PV - Number of branches;;1.000000;0.000000;;4
8041;4;25862;F32;;9#PV - Branch 1 DC Power;;0.100000;0.000000;kW;4
8042;4;25864;F32;;9#PV - Branch 1 DC Voltage;;0.100000;0.000000;V;4
8043;4;25866;F32;;9#PV - Branch 1 DC Current;;0.100000;0.000000;A;4
8044;4;25868;F32;;9#PV - Branch 2~n DC Power;;0.100000;0.000000;kW;4
8045;4;25870;F32;;9#PV - Branch 2~n DC Voltage;;0.100000;0.000000;V;4
8046;4;25872;F32;;9#PV - Branch 2~n DC Current;;0.100000;0.000000;A;4
8047;4;25900;U16;;10#PV - Operating Status;;1.000000;0.000000;;9
8048;4;25901;U16;;10#PV - Reserve;;1.000000;0.000000;;0
8049;4;25902;F32;;10#PV - AC Phase A Voltage;;0.100000;0.000000;V;4
8050;4;25904;F32;;10#PV - AC Phase B Voltage;;0.100000;0.000000;V;4
8051;4;25906;F32;;10#PV - AC Phase C Voltage;;0.100000;0.000000;V;4
8052;4;25908;F32;;10#PV - AC Phase A Current;;0.100000;0.000000;A;4
8053;4;25910;F32;;10#PV - AC Phase B Current;;0.100000;0.000000;A;4
8054;4;25912;F32;;10#PV - AC Phase C Current;;0.100000;0.000000;A;4
8055;4;25914;F32;;10#PV - AC Frequency;;0.010000;0.000000;Hz;4
8056;4;25916;F32;;10#PV - Total AC Active Power;;0.100000;0.000000;kW;4
8057;4;25918;F32;;10#PV - Total AC Reactive Power;;0.100000;0.000000;kvar;4
8058;4;25920;F32;;10#PV - Total AC Apparent Power;;0.100000;0.000000;kvar;4
8059;4;25922;F32;;10#PV - Total AC Power Factor;;0.010000;0.000000;;4
8060;4;25924;F32;;10#PV - Phase A AC Active Power;;0.100000;0.000000;kW;4
8061;4;25926;F32;;10#PV - Phase B AC Active Power;;0.100000;0.000000;kW;4
8062;4;25928;F32;;10#PV - Phase C AC Active Power;;0.100000;0.000000;kW;4
8063;4;25930;F32;;10#PV - Phase A AC Reactive Power;;0.100000;0.000000;kvar;4
8064;4;25932;F32;;10#PV - Phase B AC Reactive Power;;0.100000;0.000000;kvar;4
8065;4;25934;F32;;10#PV - Phase C AC Reactive Power;;0.100000;0.000000;kvar;4
8066;4;25936;F32;;10#PV - Phase A AC Apparent Power;;0.100000;0.000000;kVA;4
8067;4;25938;F32;;10#PV - Phase B AC Apparent Power;;0.100000;0.000000;kVA;4
8068;4;25940;F32;;10#PV - Phase C AC Apparent Power;;0.100000;0.000000;kVA;4
8069;4;25942;F32;;10#PV - Phase A AC Power Factor;;0.010000;0.000000;;4
8070;4;25944;F32;;10#PV - Phase B AC Power Factor;;0.010000;0.000000;;4
8071;4;25946;F32;;10#PV - Phase C AC Power Factor;;0.010000;0.000000;;4
8072;4;25948;F32;;10#PV - IGBT Module Temperature;;0.100000;0.000000;°C;4
8073;4;25950;F32;;10#PV - Ambient Temperature;;0.100000;0.000000;°C;4
8074;4;25952;F32;;10#PV - Total  AC Charging Energy;;0.100000;0.000000;kWh;4
8075;4;25954;F32;;10#PV - Total AC Discharging Energy;;0.100000;0.000000;kWh;4
8076;4;25956;F32;;10#PV - Daily AC Charging Energy;;0.100000;0.000000;kWh;4
8077;4;25958;F32;;10#PV - Daily AC Discharging Energy;;0.100000;0.000000;kWh;4
8078;4;25960;U32;;10#PV - Number of branches;;1.000000;0.000000;;4
8079;4;25962;F32;;10#PV - Branch 1 DC Power;;0.100000;0.000000;kW;4
8080;4;25964;F32;;10#PV - Branch 1 DC Voltage;;0.100000;0.000000;V;4
8081;4;25966;F32;;10#PV - Branch 1 DC Current;;0.100000;0.000000;A;4
8082;4;25968;F32;;10#PV - Branch 2~n DC Power;;0.100000;0.000000;kW;4
8083;4;25970;F32;;10#PV - Branch 2~n DC Voltage;;0.100000;0.000000;V;4
8084;4;25972;F32;;10#PV - Branch 2~n DC Current;;0.100000;0.000000;A;4
8085;4;26000;U16;;11#PV - Operating Status;;1.000000;0.000000;;9
8086;4;26001;U16;;11#PV - Reserve;;1.000000;0.000000;;0
8087;4;26002;F32;;11#PV - AC Phase A Voltage;;0.100000;0.000000;V;4
8088;4;26004;F32;;11#PV - AC Phase B Voltage;;0.100000;0.000000;V;4
8089;4;26006;F32;;11#PV - AC Phase C Voltage;;0.100000;0.000000;V;4
8090;4;26008;F32;;11#PV - AC Phase A Current;;0.100000;0.000000;A;4
8091;4;26010;F32;;11#PV - AC Phase B Current;;0.100000;0.000000;A;4
8092;4;26012;F32;;11#PV - AC Phase C Current;;0.100000;0.000000;A;4
8093;4;26014;F32;;11#PV - AC Frequency;;0.010000;0.000000;Hz;4
8094;4;26016;F32;;11#PV - Total AC Active Power;;0.100000;0.000000;kW;4
8095;4;26018;F32;;11#PV - Total AC Reactive Power;;0.100000;0.000000;kvar;4
8096;4;26020;F32;;11#PV - Total AC Apparent Power;;0.100000;0.000000;kvar;4
8097;4;26022;F32;;11#PV - Total AC Power Factor;;0.010000;0.000000;;4
8098;4;26024;F32;;11#PV - Phase A AC Active Power;;0.100000;0.000000;kW;4
8099;4;26026;F32;;11#PV - Phase B AC Active Power;;0.100000;0.000000;kW;4
8100;4;26028;F32;;11#PV - Phase C AC Active Power;;0.100000;0.000000;kW;4
8101;4;26030;F32;;11#PV - Phase A AC Reactive Power;;0.100000;0.000000;kvar;4
8102;4;26032;F32;;11#PV - Phase B AC Reactive Power;;0.100000;0.000000;kvar;4
8103;4;26034;F32;;11#PV - Phase C AC Reactive Power;;0.100000;0.000000;kvar;4
8104;4;26036;F32;;11#PV - Phase A AC Apparent Power;;0.100000;0.000000;kVA;4
8105;4;26038;F32;;11#PV - Phase B AC Apparent Power;;0.100000;0.000000;kVA;4
8106;4;26040;F32;;11#PV - Phase C AC Apparent Power;;0.100000;0.000000;kVA;4
8107;4;26042;F32;;11#PV - Phase A AC Power Factor;;0.010000;0.000000;;4
8108;4;26044;F32;;11#PV - Phase B AC Power Factor;;0.010000;0.000000;;4
8109;4;26046;F32;;11#PV - Phase C AC Power Factor;;0.010000;0.000000;;4
8110;4;26048;F32;;11#PV - IGBT Module Temperature;;0.100000;0.000000;°C;4
8111;4;26050;F32;;11#PV - Ambient Temperature;;0.100000;0.000000;°C;4
8112;4;26052;F32;;11#PV - Total  AC Charging Energy;;0.100000;0.000000;kWh;4
8113;4;26054;F32;;11#PV - Total AC Discharging Energy;;0.100000;0.000000;kWh;4
8114;4;26056;F32;;11#PV - Daily AC Charging Energy;;0.100000;0.000000;kWh;4
8115;4;26058;F32;;11#PV - Daily AC Discharging Energy;;0.100000;0.000000;kWh;4
8116;4;26060;U32;;11#PV - Number of branches;;1.000000;0.000000;;4
8117;4;26062;F32;;11#PV - Branch 1 DC Power;;0.100000;0.000000;kW;4
8118;4;26064;F32;;11#PV - Branch 1 DC Voltage;;0.100000;0.000000;V;4
8119;4;26066;F32;;11#PV - Branch 1 DC Current;;0.100000;0.000000;A;4
8120;4;26068;F32;;11#PV - Branch 2~n DC Power;;0.100000;0.000000;kW;4
8121;4;26070;F32;;11#PV - Branch 2~n DC Voltage;;0.100000;0.000000;V;4
8122;4;26072;F32;;11#PV - Branch 2~n DC Current;;0.100000;0.000000;A;4
8123;4;26100;U16;;12#PV - Operating Status;;1.000000;0.000000;;9
8124;4;26101;U16;;12#PV - Reserve;;1.000000;0.000000;;0
8125;4;26102;F32;;12#PV - AC Phase A Voltage;;0.100000;0.000000;V;4
8126;4;26104;F32;;12#PV - AC Phase B Voltage;;0.100000;0.000000;V;4
8127;4;26106;F32;;12#PV - AC Phase C Voltage;;0.100000;0.000000;V;4
8128;4;26108;F32;;12#PV - AC Phase A Current;;0.100000;0.000000;A;4
8129;4;26110;F32;;12#PV - AC Phase B Current;;0.100000;0.000000;A;4
8130;4;26112;F32;;12#PV - AC Phase C Current;;0.100000;0.000000;A;4
8131;4;26114;F32;;12#PV - AC Frequency;;0.010000;0.000000;Hz;4
8132;4;26116;F32;;12#PV - Total AC Active Power;;0.100000;0.000000;kW;4
8133;4;26118;F32;;12#PV - Total AC Reactive Power;;0.100000;0.000000;kvar;4
8134;4;26120;F32;;12#PV - Total AC Apparent Power;;0.100000;0.000000;kvar;4
8135;4;26122;F32;;12#PV - Total AC Power Factor;;0.010000;0.000000;;4
8136;4;26124;F32;;12#PV - Phase A AC Active Power;;0.100000;0.000000;kW;4
8137;4;26126;F32;;12#PV - Phase B AC Active Power;;0.100000;0.000000;kW;4
8138;4;26128;F32;;12#PV - Phase C AC Active Power;;0.100000;0.000000;kW;4
8139;4;26130;F32;;12#PV - Phase A AC Reactive Power;;0.100000;0.000000;kvar;4
8140;4;26132;F32;;12#PV - Phase B AC Reactive Power;;0.100000;0.000000;kvar;4
8141;4;26134;F32;;12#PV - Phase C AC Reactive Power;;0.100000;0.000000;kvar;4
8142;4;26136;F32;;12#PV - Phase A AC Apparent Power;;0.100000;0.000000;kVA;4
8143;4;26138;F32;;12#PV - Phase B AC Apparent Power;;0.100000;0.000000;kVA;4
8144;4;26140;F32;;12#PV - Phase C AC Apparent Power;;0.100000;0.000000;kVA;4
8145;4;26142;F32;;12#PV - Phase A AC Power Factor;;0.010000;0.000000;;4
8146;4;26144;F32;;12#PV - Phase B AC Power Factor;;0.010000;0.000000;;4
8147;4;26146;F32;;12#PV - Phase C AC Power Factor;;0.010000;0.000000;;4
8148;4;26148;F32;;12#PV - IGBT Module Temperature;;0.100000;0.000000;°C;4
8149;4;26150;F32;;12#PV - Ambient Temperature;;0.100000;0.000000;°C;4
8150;4;26152;F32;;12#PV - Total  AC Charging Energy;;0.100000;0.000000;kWh;4
8151;4;26154;F32;;12#PV - Total AC Discharging Energy;;0.100000;0.000000;kWh;4
8152;4;26156;F32;;12#PV - Daily AC Charging Energy;;0.100000;0.000000;kWh;4
8153;4;26158;F32;;12#PV - Daily AC Discharging Energy;;0.100000;0.000000;kWh;4
8154;4;26160;U32;;12#PV - Number of branches;;1.000000;0.000000;;4
8155;4;26162;F32;;12#PV - Branch 1 DC Power;;0.100000;0.000000;kW;4
8156;4;26164;F32;;12#PV - Branch 1 DC Voltage;;0.100000;0.000000;V;4
8157;4;26166;F32;;12#PV - Branch 1 DC Current;;0.100000;0.000000;A;4
8158;4;26168;F32;;12#PV - Branch 2~n DC Power;;0.100000;0.000000;kW;4
8159;4;26170;F32;;12#PV - Branch 2~n DC Voltage;;0.100000;0.000000;V;4
8160;4;26172;F32;;12#PV - Branch 2~n DC Current;;0.100000;0.000000;A;4
8161;4;26200;U16;;13#PV - Operating Status;;1.000000;0.000000;;9
8162;4;26201;U16;;13#PV - Reserve;;1.000000;0.000000;;0
8163;4;26202;F32;;13#PV - AC Phase A Voltage;;0.100000;0.000000;V;4
8164;4;26204;F32;;13#PV - AC Phase B Voltage;;0.100000;0.000000;V;4
8165;4;26206;F32;;13#PV - AC Phase C Voltage;;0.100000;0.000000;V;4
8166;4;26208;F32;;13#PV - AC Phase A Current;;0.100000;0.000000;A;4
8167;4;26210;F32;;13#PV - AC Phase B Current;;0.100000;0.000000;A;4
8168;4;26212;F32;;13#PV - AC Phase C Current;;0.100000;0.000000;A;4
8169;4;26214;F32;;13#PV - AC Frequency;;0.010000;0.000000;Hz;4
8170;4;26216;F32;;13#PV - Total AC Active Power;;0.100000;0.000000;kW;4
8171;4;26218;F32;;13#PV - Total AC Reactive Power;;0.100000;0.000000;kvar;4
8172;4;26220;F32;;13#PV - Total AC Apparent Power;;0.100000;0.000000;kvar;4
8173;4;26222;F32;;13#PV - Total AC Power Factor;;0.010000;0.000000;;4
8174;4;26224;F32;;13#PV - Phase A AC Active Power;;0.100000;0.000000;kW;4
8175;4;26226;F32;;13#PV - Phase B AC Active Power;;0.100000;0.000000;kW;4
8176;4;26228;F32;;13#PV - Phase C AC Active Power;;0.100000;0.000000;kW;4
8177;4;26230;F32;;13#PV - Phase A AC Reactive Power;;0.100000;0.000000;kvar;4
8178;4;26232;F32;;13#PV - Phase B AC Reactive Power;;0.100000;0.000000;kvar;4
8179;4;26234;F32;;13#PV - Phase C AC Reactive Power;;0.100000;0.000000;kvar;4
8180;4;26236;F32;;13#PV - Phase A AC Apparent Power;;0.100000;0.000000;kVA;4
8181;4;26238;F32;;13#PV - Phase B AC Apparent Power;;0.100000;0.000000;kVA;4
8182;4;26240;F32;;13#PV - Phase C AC Apparent Power;;0.100000;0.000000;kVA;4
8183;4;26242;F32;;13#PV - Phase A AC Power Factor;;0.010000;0.000000;;4
8184;4;26244;F32;;13#PV - Phase B AC Power Factor;;0.010000;0.000000;;4
8185;4;26246;F32;;13#PV - Phase C AC Power Factor;;0.010000;0.000000;;4
8186;4;26248;F32;;13#PV - IGBT Module Temperature;;0.100000;0.000000;°C;4
8187;4;26250;F32;;13#PV - Ambient Temperature;;0.100000;0.000000;°C;4
8188;4;26252;F32;;13#PV - Total  AC Charging Energy;;0.100000;0.000000;kWh;4
8189;4;26254;F32;;13#PV - Total AC Discharging Energy;;0.100000;0.000000;kWh;4
8190;4;26256;F32;;13#PV - Daily AC Charging Energy;;0.100000;0.000000;kWh;4
8191;4;26258;F32;;13#PV - Daily AC Discharging Energy;;0.100000;0.000000;kWh;4
8192;4;26260;U32;;13#PV - Number of branches;;1.000000;0.000000;;4
8193;4;26262;F32;;13#PV - Branch 1 DC Power;;0.100000;0.000000;kW;4
8194;4;26264;F32;;13#PV - Branch 1 DC Voltage;;0.100000;0.000000;V;4
8195;4;26266;F32;;13#PV - Branch 1 DC Current;;0.100000;0.000000;A;4
8196;4;26268;F32;;13#PV - Branch 2~n DC Power;;0.100000;0.000000;kW;4
8197;4;26270;F32;;13#PV - Branch 2~n DC Voltage;;0.100000;0.000000;V;4
8198;4;26272;F32;;13#PV - Branch 2~n DC Current;;0.100000;0.000000;A;4
8199;4;26300;U16;;14#PV - Operating Status;;1.000000;0.000000;;9
8200;4;26301;U16;;14#PV - Reserve;;1.000000;0.000000;;0
8201;4;26302;F32;;14#PV - AC Phase A Voltage;;0.100000;0.000000;V;4
8202;4;26304;F32;;14#PV - AC Phase B Voltage;;0.100000;0.000000;V;4
8203;4;26306;F32;;14#PV - AC Phase C Voltage;;0.100000;0.000000;V;4
8204;4;26308;F32;;14#PV - AC Phase A Current;;0.100000;0.000000;A;4
8205;4;26310;F32;;14#PV - AC Phase B Current;;0.100000;0.000000;A;4
8206;4;26312;F32;;14#PV - AC Phase C Current;;0.100000;0.000000;A;4
8207;4;26314;F32;;14#PV - AC Frequency;;0.010000;0.000000;Hz;4
8208;4;26316;F32;;14#PV - Total AC Active Power;;0.100000;0.000000;kW;4
8209;4;26318;F32;;14#PV - Total AC Reactive Power;;0.100000;0.000000;kvar;4
8210;4;26320;F32;;14#PV - Total AC Apparent Power;;0.100000;0.000000;kvar;4
8211;4;26322;F32;;14#PV - Total AC Power Factor;;0.010000;0.000000;;4
8212;4;26324;F32;;14#PV - Phase A AC Active Power;;0.100000;0.000000;kW;4
8213;4;26326;F32;;14#PV - Phase B AC Active Power;;0.100000;0.000000;kW;4
8214;4;26328;F32;;14#PV - Phase C AC Active Power;;0.100000;0.000000;kW;4
8215;4;26330;F32;;14#PV - Phase A AC Reactive Power;;0.100000;0.000000;kvar;4
8216;4;26332;F32;;14#PV - Phase B AC Reactive Power;;0.100000;0.000000;kvar;4
8217;4;26334;F32;;14#PV - Phase C AC Reactive Power;;0.100000;0.000000;kvar;4
8218;4;26336;F32;;14#PV - Phase A AC Apparent Power;;0.100000;0.000000;kVA;4
8219;4;26338;F32;;14#PV - Phase B AC Apparent Power;;0.100000;0.000000;kVA;4
8220;4;26340;F32;;14#PV - Phase C AC Apparent Power;;0.100000;0.000000;kVA;4
8221;4;26342;F32;;14#PV - Phase A AC Power Factor;;0.010000;0.000000;;4
8222;4;26344;F32;;14#PV - Phase B AC Power Factor;;0.010000;0.000000;;4
8223;4;26346;F32;;14#PV - Phase C AC Power Factor;;0.010000;0.000000;;4
8224;4;26348;F32;;14#PV - IGBT Module Temperature;;0.100000;0.000000;°C;4
8225;4;26350;F32;;14#PV - Ambient Temperature;;0.100000;0.000000;°C;4
8226;4;26352;F32;;14#PV - Total  AC Charging Energy;;0.100000;0.000000;kWh;4
8227;4;26354;F32;;14#PV - Total AC Discharging Energy;;0.100000;0.000000;kWh;4
8228;4;26356;F32;;14#PV - Daily AC Charging Energy;;0.100000;0.000000;kWh;4
8229;4;26358;F32;;14#PV - Daily AC Discharging Energy;;0.100000;0.000000;kWh;4
8230;4;26360;U32;;14#PV - Number of branches;;1.000000;0.000000;;4
8231;4;26362;F32;;14#PV - Branch 1 DC Power;;0.100000;0.000000;kW;4
8232;4;26364;F32;;14#PV - Branch 1 DC Voltage;;0.100000;0.000000;V;4
8233;4;26366;F32;;14#PV - Branch 1 DC Current;;0.100000;0.000000;A;4
8234;4;26368;F32;;14#PV - Branch 2~n DC Power;;0.100000;0.000000;kW;4
8235;4;26370;F32;;14#PV - Branch 2~n DC Voltage;;0.100000;0.000000;V;4
8236;4;26372;F32;;14#PV - Branch 2~n DC Current;;0.100000;0.000000;A;4
8237;4;26400;U16;;15#PV - Operating Status;;1.000000;0.000000;;9
8238;4;26401;U16;;15#PV - Reserve;;1.000000;0.000000;;0
8239;4;26402;F32;;15#PV - AC Phase A Voltage;;0.100000;0.000000;V;4
8240;4;26404;F32;;15#PV - AC Phase B Voltage;;0.100000;0.000000;V;4
8241;4;26406;F32;;15#PV - AC Phase C Voltage;;0.100000;0.000000;V;4
8242;4;26408;F32;;15#PV - AC Phase A Current;;0.100000;0.000000;A;4
8243;4;26410;F32;;15#PV - AC Phase B Current;;0.100000;0.000000;A;4
8244;4;26412;F32;;15#PV - AC Phase C Current;;0.100000;0.000000;A;4
8245;4;26414;F32;;15#PV - AC Frequency;;0.010000;0.000000;Hz;4
8246;4;26416;F32;;15#PV - Total AC Active Power;;0.100000;0.000000;kW;4
8247;4;26418;F32;;15#PV - Total AC Reactive Power;;0.100000;0.000000;kvar;4
8248;4;26420;F32;;15#PV - Total AC Apparent Power;;0.100000;0.000000;kvar;4
8249;4;26422;F32;;15#PV - Total AC Power Factor;;0.010000;0.000000;;4
8250;4;26424;F32;;15#PV - Phase A AC Active Power;;0.100000;0.000000;kW;4
8251;4;26426;F32;;15#PV - Phase B AC Active Power;;0.100000;0.000000;kW;4
8252;4;26428;F32;;15#PV - Phase C AC Active Power;;0.100000;0.000000;kW;4
8253;4;26430;F32;;15#PV - Phase A AC Reactive Power;;0.100000;0.000000;kvar;4
8254;4;26432;F32;;15#PV - Phase B AC Reactive Power;;0.100000;0.000000;kvar;4
8255;4;26434;F32;;15#PV - Phase C AC Reactive Power;;0.100000;0.000000;kvar;4
8256;4;26436;F32;;15#PV - Phase A AC Apparent Power;;0.100000;0.000000;kVA;4
8257;4;26438;F32;;15#PV - Phase B AC Apparent Power;;0.100000;0.000000;kVA;4
8258;4;26440;F32;;15#PV - Phase C AC Apparent Power;;0.100000;0.000000;kVA;4
8259;4;26442;F32;;15#PV - Phase A AC Power Factor;;0.010000;0.000000;;4
8260;4;26444;F32;;15#PV - Phase B AC Power Factor;;0.010000;0.000000;;4
8261;4;26446;F32;;15#PV - Phase C AC Power Factor;;0.010000;0.000000;;4
8262;4;26448;F32;;15#PV - IGBT Module Temperature;;0.100000;0.000000;°C;4
8263;4;26450;F32;;15#PV - Ambient Temperature;;0.100000;0.000000;°C;4
8264;4;26452;F32;;15#PV - Total  AC Charging Energy;;0.100000;0.000000;kWh;4
8265;4;26454;F32;;15#PV - Total AC Discharging Energy;;0.100000;0.000000;kWh;4
8266;4;26456;F32;;15#PV - Daily AC Charging Energy;;0.100000;0.000000;kWh;4
8267;4;26458;F32;;15#PV - Daily AC Discharging Energy;;0.100000;0.000000;kWh;4
8268;4;26460;U32;;15#PV - Number of branches;;1.000000;0.000000;;4
8269;4;26462;F32;;15#PV - Branch 1 DC Power;;0.100000;0.000000;kW;4
8270;4;26464;F32;;15#PV - Branch 1 DC Voltage;;0.100000;0.000000;V;4
8271;4;26466;F32;;15#PV - Branch 1 DC Current;;0.100000;0.000000;A;4
8272;4;26468;F32;;15#PV - Branch 2~n DC Power;;0.100000;0.000000;kW;4
8273;4;26470;F32;;15#PV - Branch 2~n DC Voltage;;0.100000;0.000000;V;4
8274;4;26472;F32;;15#PV - Branch 2~n DC Current;;0.100000;0.000000;A;4
8275;4;26500;U16;;16#PV - Operating Status;;1.000000;0.000000;;9
8276;4;26501;U16;;16#PV - Reserve;;1.000000;0.000000;;0
8277;4;26502;F32;;16#PV - AC Phase A Voltage;;0.100000;0.000000;V;4
8278;4;26504;F32;;16#PV - AC Phase B Voltage;;0.100000;0.000000;V;4
8279;4;26506;F32;;16#PV - AC Phase C Voltage;;0.100000;0.000000;V;4
8280;4;26508;F32;;16#PV - AC Phase A Current;;0.100000;0.000000;A;4
8281;4;26510;F32;;16#PV - AC Phase B Current;;0.100000;0.000000;A;4
8282;4;26512;F32;;16#PV - AC Phase C Current;;0.100000;0.000000;A;4
8283;4;26514;F32;;16#PV - AC Frequency;;0.010000;0.000000;Hz;4
8284;4;26516;F32;;16#PV - Total AC Active Power;;0.100000;0.000000;kW;4
8285;4;26518;F32;;16#PV - Total AC Reactive Power;;0.100000;0.000000;kvar;4
8286;4;26520;F32;;16#PV - Total AC Apparent Power;;0.100000;0.000000;kvar;4
8287;4;26522;F32;;16#PV - Total AC Power Factor;;0.010000;0.000000;;4
8288;4;26524;F32;;16#PV - Phase A AC Active Power;;0.100000;0.000000;kW;4
8289;4;26526;F32;;16#PV - Phase B AC Active Power;;0.100000;0.000000;kW;4
8290;4;26528;F32;;16#PV - Phase C AC Active Power;;0.100000;0.000000;kW;4
8291;4;26530;F32;;16#PV - Phase A AC Reactive Power;;0.100000;0.000000;kvar;4
8292;4;26532;F32;;16#PV - Phase B AC Reactive Power;;0.100000;0.000000;kvar;4
8293;4;26534;F32;;16#PV - Phase C AC Reactive Power;;0.100000;0.000000;kvar;4
8294;4;26536;F32;;16#PV - Phase A AC Apparent Power;;0.100000;0.000000;kVA;4
8295;4;26538;F32;;16#PV - Phase B AC Apparent Power;;0.100000;0.000000;kVA;4
8296;4;26540;F32;;16#PV - Phase C AC Apparent Power;;0.100000;0.000000;kVA;4
8297;4;26542;F32;;16#PV - Phase A AC Power Factor;;0.010000;0.000000;;4
8298;4;26544;F32;;16#PV - Phase B AC Power Factor;;0.010000;0.000000;;4
8299;4;26546;F32;;16#PV - Phase C AC Power Factor;;0.010000;0.000000;;4
8300;4;26548;F32;;16#PV - IGBT Module Temperature;;0.100000;0.000000;°C;4
8301;4;26550;F32;;16#PV - Ambient Temperature;;0.100000;0.000000;°C;4
8302;4;26552;F32;;16#PV - Total  AC Charging Energy;;0.100000;0.000000;kWh;4
8303;4;26554;F32;;16#PV - Total AC Discharging Energy;;0.100000;0.000000;kWh;4
8304;4;26556;F32;;16#PV - Daily AC Charging Energy;;0.100000;0.000000;kWh;4
8305;4;26558;F32;;16#PV - Daily AC Discharging Energy;;0.100000;0.000000;kWh;4
8306;4;26560;U32;;16#PV - Number of branches;;1.000000;0.000000;;4
8307;4;26562;F32;;16#PV - Branch 1 DC Power;;0.100000;0.000000;kW;4
8308;4;26564;F32;;16#PV - Branch 1 DC Voltage;;0.100000;0.000000;V;4
8309;4;26566;F32;;16#PV - Branch 1 DC Current;;0.100000;0.000000;A;4
8310;4;26568;F32;;16#PV - Branch 2~n DC Power;;0.100000;0.000000;kW;4
8311;4;26570;F32;;16#PV - Branch 2~n DC Voltage;;0.100000;0.000000;V;4
8312;4;26572;F32;;16#PV - Branch 2~n DC Current;;0.100000;0.000000;A;4
8313;4;26600;U16;;17#PV - Operating Status;;1.000000;0.000000;;9
8314;4;26601;U16;;17#PV - Reserve;;1.000000;0.000000;;0
8315;4;26602;F32;;17#PV - AC Phase A Voltage;;0.100000;0.000000;V;4
8316;4;26604;F32;;17#PV - AC Phase B Voltage;;0.100000;0.000000;V;4
8317;4;26606;F32;;17#PV - AC Phase C Voltage;;0.100000;0.000000;V;4
8318;4;26608;F32;;17#PV - AC Phase A Current;;0.100000;0.000000;A;4
8319;4;26610;F32;;17#PV - AC Phase B Current;;0.100000;0.000000;A;4
8320;4;26612;F32;;17#PV - AC Phase C Current;;0.100000;0.000000;A;4
8321;4;26614;F32;;17#PV - AC Frequency;;0.010000;0.000000;Hz;4
8322;4;26616;F32;;17#PV - Total AC Active Power;;0.100000;0.000000;kW;4
8323;4;26618;F32;;17#PV - Total AC Reactive Power;;0.100000;0.000000;kvar;4
8324;4;26620;F32;;17#PV - Total AC Apparent Power;;0.100000;0.000000;kvar;4
8325;4;26622;F32;;17#PV - Total AC Power Factor;;0.010000;0.000000;;4
8326;4;26624;F32;;17#PV - Phase A AC Active Power;;0.100000;0.000000;kW;4
8327;4;26626;F32;;17#PV - Phase B AC Active Power;;0.100000;0.000000;kW;4
8328;4;26628;F32;;17#PV - Phase C AC Active Power;;0.100000;0.000000;kW;4
8329;4;26630;F32;;17#PV - Phase A AC Reactive Power;;0.100000;0.000000;kvar;4
8330;4;26632;F32;;17#PV - Phase B AC Reactive Power;;0.100000;0.000000;kvar;4
8331;4;26634;F32;;17#PV - Phase C AC Reactive Power;;0.100000;0.000000;kvar;4
8332;4;26636;F32;;17#PV - Phase A AC Apparent Power;;0.100000;0.000000;kVA;4
8333;4;26638;F32;;17#PV - Phase B AC Apparent Power;;0.100000;0.000000;kVA;4
8334;4;26640;F32;;17#PV - Phase C AC Apparent Power;;0.100000;0.000000;kVA;4
8335;4;26642;F32;;17#PV - Phase A AC Power Factor;;0.010000;0.000000;;4
8336;4;26644;F32;;17#PV - Phase B AC Power Factor;;0.010000;0.000000;;4
8337;4;26646;F32;;17#PV - Phase C AC Power Factor;;0.010000;0.000000;;4
8338;4;26648;F32;;17#PV - IGBT Module Temperature;;0.100000;0.000000;°C;4
8339;4;26650;F32;;17#PV - Ambient Temperature;;0.100000;0.000000;°C;4
8340;4;26652;F32;;17#PV - Total  AC Charging Energy;;0.100000;0.000000;kWh;4
8341;4;26654;F32;;17#PV - Total AC Discharging Energy;;0.100000;0.000000;kWh;4
8342;4;26656;F32;;17#PV - Daily AC Charging Energy;;0.100000;0.000000;kWh;4
8343;4;26658;F32;;17#PV - Daily AC Discharging Energy;;0.100000;0.000000;kWh;4
8344;4;26660;U32;;17#PV - Number of branches;;1.000000;0.000000;;4
8345;4;26662;F32;;17#PV - Branch 1 DC Power;;0.100000;0.000000;kW;4
8346;4;26664;F32;;17#PV - Branch 1 DC Voltage;;0.100000;0.000000;V;4
8347;4;26666;F32;;17#PV - Branch 1 DC Current;;0.100000;0.000000;A;4
8348;4;26668;F32;;17#PV - Branch 2~n DC Power;;0.100000;0.000000;kW;4
8349;4;26670;F32;;17#PV - Branch 2~n DC Voltage;;0.100000;0.000000;V;4
8350;4;26672;F32;;17#PV - Branch 2~n DC Current;;0.100000;0.000000;A;4
8351;4;26700;U16;;18#PV - Operating Status;;1.000000;0.000000;;9
8352;4;26701;U16;;18#PV - Reserve;;1.000000;0.000000;;0
8353;4;26702;F32;;18#PV - AC Phase A Voltage;;0.100000;0.000000;V;4
8354;4;26704;F32;;18#PV - AC Phase B Voltage;;0.100000;0.000000;V;4
8355;4;26706;F32;;18#PV - AC Phase C Voltage;;0.100000;0.000000;V;4
8356;4;26708;F32;;18#PV - AC Phase A Current;;0.100000;0.000000;A;4
8357;4;26710;F32;;18#PV - AC Phase B Current;;0.100000;0.000000;A;4
8358;4;26712;F32;;18#PV - AC Phase C Current;;0.100000;0.000000;A;4
8359;4;26714;F32;;18#PV - AC Frequency;;0.010000;0.000000;Hz;4
8360;4;26716;F32;;18#PV - Total AC Active Power;;0.100000;0.000000;kW;4
8361;4;26718;F32;;18#PV - Total AC Reactive Power;;0.100000;0.000000;kvar;4
8362;4;26720;F32;;18#PV - Total AC Apparent Power;;0.100000;0.000000;kvar;4
8363;4;26722;F32;;18#PV - Total AC Power Factor;;0.010000;0.000000;;4
8364;4;26724;F32;;18#PV - Phase A AC Active Power;;0.100000;0.000000;kW;4
8365;4;26726;F32;;18#PV - Phase B AC Active Power;;0.100000;0.000000;kW;4
8366;4;26728;F32;;18#PV - Phase C AC Active Power;;0.100000;0.000000;kW;4
8367;4;26730;F32;;18#PV - Phase A AC Reactive Power;;0.100000;0.000000;kvar;4
8368;4;26732;F32;;18#PV - Phase B AC Reactive Power;;0.100000;0.000000;kvar;4
8369;4;26734;F32;;18#PV - Phase C AC Reactive Power;;0.100000;0.000000;kvar;4
8370;4;26736;F32;;18#PV - Phase A AC Apparent Power;;0.100000;0.000000;kVA;4
8371;4;26738;F32;;18#PV - Phase B AC Apparent Power;;0.100000;0.000000;kVA;4
8372;4;26740;F32;;18#PV - Phase C AC Apparent Power;;0.100000;0.000000;kVA;4
8373;4;26742;F32;;18#PV - Phase A AC Power Factor;;0.010000;0.000000;;4
8374;4;26744;F32;;18#PV - Phase B AC Power Factor;;0.010000;0.000000;;4
8375;4;26746;F32;;18#PV - Phase C AC Power Factor;;0.010000;0.000000;;4
8376;4;26748;F32;;18#PV - IGBT Module Temperature;;0.100000;0.000000;°C;4
8377;4;26750;F32;;18#PV - Ambient Temperature;;0.100000;0.000000;°C;4
8378;4;26752;F32;;18#PV - Total  AC Charging Energy;;0.100000;0.000000;kWh;4
8379;4;26754;F32;;18#PV - Total AC Discharging Energy;;0.100000;0.000000;kWh;4
8380;4;26756;F32;;18#PV - Daily AC Charging Energy;;0.100000;0.000000;kWh;4
8381;4;26758;F32;;18#PV - Daily AC Discharging Energy;;0.100000;0.000000;kWh;4
8382;4;26760;U32;;18#PV - Number of branches;;1.000000;0.000000;;4
8383;4;26762;F32;;18#PV - Branch 1 DC Power;;0.100000;0.000000;kW;4
8384;4;26764;F32;;18#PV - Branch 1 DC Voltage;;0.100000;0.000000;V;4
8385;4;26766;F32;;18#PV - Branch 1 DC Current;;0.100000;0.000000;A;4
8386;4;26768;F32;;18#PV - Branch 2~n DC Power;;0.100000;0.000000;kW;4
8387;4;26770;F32;;18#PV - Branch 2~n DC Voltage;;0.100000;0.000000;V;4
8388;4;26772;F32;;18#PV - Branch 2~n DC Current;;0.100000;0.000000;A;4
8389;4;26800;U16;;19#PV - Operating Status;;1.000000;0.000000;;9
8390;4;26801;U16;;19#PV - Reserve;;1.000000;0.000000;;0
8391;4;26802;F32;;19#PV - AC Phase A Voltage;;0.100000;0.000000;V;4
8392;4;26804;F32;;19#PV - AC Phase B Voltage;;0.100000;0.000000;V;4
8393;4;26806;F32;;19#PV - AC Phase C Voltage;;0.100000;0.000000;V;4
8394;4;26808;F32;;19#PV - AC Phase A Current;;0.100000;0.000000;A;4
8395;4;26810;F32;;19#PV - AC Phase B Current;;0.100000;0.000000;A;4
8396;4;26812;F32;;19#PV - AC Phase C Current;;0.100000;0.000000;A;4
8397;4;26814;F32;;19#PV - AC Frequency;;0.010000;0.000000;Hz;4
8398;4;26816;F32;;19#PV - Total AC Active Power;;0.100000;0.000000;kW;4
8399;4;26818;F32;;19#PV - Total AC Reactive Power;;0.100000;0.000000;kvar;4
8400;4;26820;F32;;19#PV - Total AC Apparent Power;;0.100000;0.000000;kvar;4
8401;4;26822;F32;;19#PV - Total AC Power Factor;;0.010000;0.000000;;4
8402;4;26824;F32;;19#PV - Phase A AC Active Power;;0.100000;0.000000;kW;4
8403;4;26826;F32;;19#PV - Phase B AC Active Power;;0.100000;0.000000;kW;4
8404;4;26828;F32;;19#PV - Phase C AC Active Power;;0.100000;0.000000;kW;4
8405;4;26830;F32;;19#PV - Phase A AC Reactive Power;;0.100000;0.000000;kvar;4
8406;4;26832;F32;;19#PV - Phase B AC Reactive Power;;0.100000;0.000000;kvar;4
8407;4;26834;F32;;19#PV - Phase C AC Reactive Power;;0.100000;0.000000;kvar;4
8408;4;26836;F32;;19#PV - Phase A AC Apparent Power;;0.100000;0.000000;kVA;4
8409;4;26838;F32;;19#PV - Phase B AC Apparent Power;;0.100000;0.000000;kVA;4
8410;4;26840;F32;;19#PV - Phase C AC Apparent Power;;0.100000;0.000000;kVA;4
8411;4;26842;F32;;19#PV - Phase A AC Power Factor;;0.010000;0.000000;;4
8412;4;26844;F32;;19#PV - Phase B AC Power Factor;;0.010000;0.000000;;4
8413;4;26846;F32;;19#PV - Phase C AC Power Factor;;0.010000;0.000000;;4
8414;4;26848;F32;;19#PV - IGBT Module Temperature;;0.100000;0.000000;°C;4
8415;4;26850;F32;;19#PV - Ambient Temperature;;0.100000;0.000000;°C;4
8416;4;26852;F32;;19#PV - Total  AC Charging Energy;;0.100000;0.000000;kWh;4
8417;4;26854;F32;;19#PV - Total AC Discharging Energy;;0.100000;0.000000;kWh;4
8418;4;26856;F32;;19#PV - Daily AC Charging Energy;;0.100000;0.000000;kWh;4
8419;4;26858;F32;;19#PV - Daily AC Discharging Energy;;0.100000;0.000000;kWh;4
8420;4;26860;U32;;19#PV - Number of branches;;1.000000;0.000000;;4
8421;4;26862;F32;;19#PV - Branch 1 DC Power;;0.100000;0.000000;kW;4
8422;4;26864;F32;;19#PV - Branch 1 DC Voltage;;0.100000;0.000000;V;4
8423;4;26866;F32;;19#PV - Branch 1 DC Current;;0.100000;0.000000;A;4
8424;4;26868;F32;;19#PV - Branch 2~n DC Power;;0.100000;0.000000;kW;4
8425;4;26870;F32;;19#PV - Branch 2~n DC Voltage;;0.100000;0.000000;V;4
8426;4;26872;F32;;19#PV - Branch 2~n DC Current;;0.100000;0.000000;A;4
8427;4;26900;U16;;20#PV - Operating Status;;1.000000;0.000000;;9
8428;4;26901;U16;;20#PV - Reserve;;1.000000;0.000000;;0
8429;4;26902;F32;;20#PV - AC Phase A Voltage;;0.100000;0.000000;V;4
8430;4;26904;F32;;20#PV - AC Phase B Voltage;;0.100000;0.000000;V;4
8431;4;26906;F32;;20#PV - AC Phase C Voltage;;0.100000;0.000000;V;4
8432;4;26908;F32;;20#PV - AC Phase A Current;;0.100000;0.000000;A;4
8433;4;26910;F32;;20#PV - AC Phase B Current;;0.100000;0.000000;A;4
8434;4;26912;F32;;20#PV - AC Phase C Current;;0.100000;0.000000;A;4
8435;4;26914;F32;;20#PV - AC Frequency;;0.010000;0.000000;Hz;4
8436;4;26916;F32;;20#PV - Total AC Active Power;;0.100000;0.000000;kW;4
8437;4;26918;F32;;20#PV - Total AC Reactive Power;;0.100000;0.000000;kvar;4
8438;4;26920;F32;;20#PV - Total AC Apparent Power;;0.100000;0.000000;kvar;4
8439;4;26922;F32;;20#PV - Total AC Power Factor;;0.010000;0.000000;;4
8440;4;26924;F32;;20#PV - Phase A AC Active Power;;0.100000;0.000000;kW;4
8441;4;26926;F32;;20#PV - Phase B AC Active Power;;0.100000;0.000000;kW;4
8442;4;26928;F32;;20#PV - Phase C AC Active Power;;0.100000;0.000000;kW;4
8443;4;26930;F32;;20#PV - Phase A AC Reactive Power;;0.100000;0.000000;kvar;4
8444;4;26932;F32;;20#PV - Phase B AC Reactive Power;;0.100000;0.000000;kvar;4
8445;4;26934;F32;;20#PV - Phase C AC Reactive Power;;0.100000;0.000000;kvar;4
8446;4;26936;F32;;20#PV - Phase A AC Apparent Power;;0.100000;0.000000;kVA;4
8447;4;26938;F32;;20#PV - Phase B AC Apparent Power;;0.100000;0.000000;kVA;4
8448;4;26940;F32;;20#PV - Phase C AC Apparent Power;;0.100000;0.000000;kVA;4
8449;4;26942;F32;;20#PV - Phase A AC Power Factor;;0.010000;0.000000;;4
8450;4;26944;F32;;20#PV - Phase B AC Power Factor;;0.010000;0.000000;;4
8451;4;26946;F32;;20#PV - Phase C AC Power Factor;;0.010000;0.000000;;4
8452;4;26948;F32;;20#PV - IGBT Module Temperature;;0.100000;0.000000;°C;4
8453;4;26950;F32;;20#PV - Ambient Temperature;;0.100000;0.000000;°C;4
8454;4;26952;F32;;20#PV - Total  AC Charging Energy;;0.100000;0.000000;kWh;4
8455;4;26954;F32;;20#PV - Total AC Discharging Energy;;0.100000;0.000000;kWh;4
8456;4;26956;F32;;20#PV - Daily AC Charging Energy;;0.100000;0.000000;kWh;4
8457;4;26958;F32;;20#PV - Daily AC Discharging Energy;;0.100000;0.000000;kWh;4
8458;4;26960;U32;;20#PV - Number of branches;;1.000000;0.000000;;4
8459;4;26962;F32;;20#PV - Branch 1 DC Power;;0.100000;0.000000;kW;4
8460;4;26964;F32;;20#PV - Branch 1 DC Voltage;;0.100000;0.000000;V;4
8461;4;26966;F32;;20#PV - Branch 1 DC Current;;0.100000;0.000000;A;4
8462;4;26968;F32;;20#PV - Branch 2~n DC Power;;0.100000;0.000000;kW;4
8463;4;26970;F32;;20#PV - Branch 2~n DC Voltage;;0.100000;0.000000;V;4
8464;4;26972;F32;;20#PV - Branch 2~n DC Current;;0.100000;0.000000;A;4
8465;4;27000;U16;;21#PV - Operating Status;;1.000000;0.000000;;9
8466;4;27001;U16;;21#PV - Reserve;;1.000000;0.000000;;0
8467;4;27002;F32;;21#PV - AC Phase A Voltage;;0.100000;0.000000;V;4
8468;4;27004;F32;;21#PV - AC Phase B Voltage;;0.100000;0.000000;V;4
8469;4;27006;F32;;21#PV - AC Phase C Voltage;;0.100000;0.000000;V;4
8470;4;27008;F32;;21#PV - AC Phase A Current;;0.100000;0.000000;A;4
8471;4;27010;F32;;21#PV - AC Phase B Current;;0.100000;0.000000;A;4
8472;4;27012;F32;;21#PV - AC Phase C Current;;0.100000;0.000000;A;4
8473;4;27014;F32;;21#PV - AC Frequency;;0.010000;0.000000;Hz;4
8474;4;27016;F32;;21#PV - Total AC Active Power;;0.100000;0.000000;kW;4
8475;4;27018;F32;;21#PV - Total AC Reactive Power;;0.100000;0.000000;kvar;4
8476;4;27020;F32;;21#PV - Total AC Apparent Power;;0.100000;0.000000;kvar;4
8477;4;27022;F32;;21#PV - Total AC Power Factor;;0.010000;0.000000;;4
8478;4;27024;F32;;21#PV - Phase A AC Active Power;;0.100000;0.000000;kW;4
8479;4;27026;F32;;21#PV - Phase B AC Active Power;;0.100000;0.000000;kW;4
8480;4;27028;F32;;21#PV - Phase C AC Active Power;;0.100000;0.000000;kW;4
8481;4;27030;F32;;21#PV - Phase A AC Reactive Power;;0.100000;0.000000;kvar;4
8482;4;27032;F32;;21#PV - Phase B AC Reactive Power;;0.100000;0.000000;kvar;4
8483;4;27034;F32;;21#PV - Phase C AC Reactive Power;;0.100000;0.000000;kvar;4
8484;4;27036;F32;;21#PV - Phase A AC Apparent Power;;0.100000;0.000000;kVA;4
8485;4;27038;F32;;21#PV - Phase B AC Apparent Power;;0.100000;0.000000;kVA;4
8486;4;27040;F32;;21#PV - Phase C AC Apparent Power;;0.100000;0.000000;kVA;4
8487;4;27042;F32;;21#PV - Phase A AC Power Factor;;0.010000;0.000000;;4
8488;4;27044;F32;;21#PV - Phase B AC Power Factor;;0.010000;0.000000;;4
8489;4;27046;F32;;21#PV - Phase C AC Power Factor;;0.010000;0.000000;;4
8490;4;27048;F32;;21#PV - IGBT Module Temperature;;0.100000;0.000000;°C;4
8491;4;27050;F32;;21#PV - Ambient Temperature;;0.100000;0.000000;°C;4
8492;4;27052;F32;;21#PV - Total  AC Charging Energy;;0.100000;0.000000;kWh;4
8493;4;27054;F32;;21#PV - Total AC Discharging Energy;;0.100000;0.000000;kWh;4
8494;4;27056;F32;;21#PV - Daily AC Charging Energy;;0.100000;0.000000;kWh;4
8495;4;27058;F32;;21#PV - Daily AC Discharging Energy;;0.100000;0.000000;kWh;4
8496;4;27060;U32;;21#PV - Number of branches;;1.000000;0.000000;;4
8497;4;27062;F32;;21#PV - Branch 1 DC Power;;0.100000;0.000000;kW;4
8498;4;27064;F32;;21#PV - Branch 1 DC Voltage;;0.100000;0.000000;V;4
8499;4;27066;F32;;21#PV - Branch 1 DC Current;;0.100000;0.000000;A;4
8500;4;27068;F32;;21#PV - Branch 2~n DC Power;;0.100000;0.000000;kW;4
8501;4;27070;F32;;21#PV - Branch 2~n DC Voltage;;0.100000;0.000000;V;4
8502;4;27072;F32;;21#PV - Branch 2~n DC Current;;0.100000;0.000000;A;4
8503;4;27100;U16;;22#PV - Operating Status;;1.000000;0.000000;;9
8504;4;27101;U16;;22#PV - Reserve;;1.000000;0.000000;;0
8505;4;27102;F32;;22#PV - AC Phase A Voltage;;0.100000;0.000000;V;4
8506;4;27104;F32;;22#PV - AC Phase B Voltage;;0.100000;0.000000;V;4
8507;4;27106;F32;;22#PV - AC Phase C Voltage;;0.100000;0.000000;V;4
8508;4;27108;F32;;22#PV - AC Phase A Current;;0.100000;0.000000;A;4
8509;4;27110;F32;;22#PV - AC Phase B Current;;0.100000;0.000000;A;4
8510;4;27112;F32;;22#PV - AC Phase C Current;;0.100000;0.000000;A;4
8511;4;27114;F32;;22#PV - AC Frequency;;0.010000;0.000000;Hz;4
8512;4;27116;F32;;22#PV - Total AC Active Power;;0.100000;0.000000;kW;4
8513;4;27118;F32;;22#PV - Total AC Reactive Power;;0.100000;0.000000;kvar;4
8514;4;27120;F32;;22#PV - Total AC Apparent Power;;0.100000;0.000000;kvar;4
8515;4;27122;F32;;22#PV - Total AC Power Factor;;0.010000;0.000000;;4
8516;4;27124;F32;;22#PV - Phase A AC Active Power;;0.100000;0.000000;kW;4
8517;4;27126;F32;;22#PV - Phase B AC Active Power;;0.100000;0.000000;kW;4
8518;4;27128;F32;;22#PV - Phase C AC Active Power;;0.100000;0.000000;kW;4
8519;4;27130;F32;;22#PV - Phase A AC Reactive Power;;0.100000;0.000000;kvar;4
8520;4;27132;F32;;22#PV - Phase B AC Reactive Power;;0.100000;0.000000;kvar;4
8521;4;27134;F32;;22#PV - Phase C AC Reactive Power;;0.100000;0.000000;kvar;4
8522;4;27136;F32;;22#PV - Phase A AC Apparent Power;;0.100000;0.000000;kVA;4
8523;4;27138;F32;;22#PV - Phase B AC Apparent Power;;0.100000;0.000000;kVA;4
8524;4;27140;F32;;22#PV - Phase C AC Apparent Power;;0.100000;0.000000;kVA;4
8525;4;27142;F32;;22#PV - Phase A AC Power Factor;;0.010000;0.000000;;4
8526;4;27144;F32;;22#PV - Phase B AC Power Factor;;0.010000;0.000000;;4
8527;4;27146;F32;;22#PV - Phase C AC Power Factor;;0.010000;0.000000;;4
8528;4;27148;F32;;22#PV - IGBT Module Temperature;;0.100000;0.000000;°C;4
8529;4;27150;F32;;22#PV - Ambient Temperature;;0.100000;0.000000;°C;4
8530;4;27152;F32;;22#PV - Total  AC Charging Energy;;0.100000;0.000000;kWh;4
8531;4;27154;F32;;22#PV - Total AC Discharging Energy;;0.100000;0.000000;kWh;4
8532;4;27156;F32;;22#PV - Daily AC Charging Energy;;0.100000;0.000000;kWh;4
8533;4;27158;F32;;22#PV - Daily AC Discharging Energy;;0.100000;0.000000;kWh;4
8534;4;27160;U32;;22#PV - Number of branches;;1.000000;0.000000;;4
8535;4;27162;F32;;22#PV - Branch 1 DC Power;;0.100000;0.000000;kW;4
8536;4;27164;F32;;22#PV - Branch 1 DC Voltage;;0.100000;0.000000;V;4
8537;4;27166;F32;;22#PV - Branch 1 DC Current;;0.100000;0.000000;A;4
8538;4;27168;F32;;22#PV - Branch 2~n DC Power;;0.100000;0.000000;kW;4
8539;4;27170;F32;;22#PV - Branch 2~n DC Voltage;;0.100000;0.000000;V;4
8540;4;27172;F32;;22#PV - Branch 2~n DC Current;;0.100000;0.000000;A;4
8541;4;27200;U16;;23#PV - Operating Status;;1.000000;0.000000;;9
8542;4;27201;U16;;23#PV - Reserve;;1.000000;0.000000;;0
8543;4;27202;F32;;23#PV - AC Phase A Voltage;;0.100000;0.000000;V;4
8544;4;27204;F32;;23#PV - AC Phase B Voltage;;0.100000;0.000000;V;4
8545;4;27206;F32;;23#PV - AC Phase C Voltage;;0.100000;0.000000;V;4
8546;4;27208;F32;;23#PV - AC Phase A Current;;0.100000;0.000000;A;4
8547;4;27210;F32;;23#PV - AC Phase B Current;;0.100000;0.000000;A;4
8548;4;27212;F32;;23#PV - AC Phase C Current;;0.100000;0.000000;A;4
8549;4;27214;F32;;23#PV - AC Frequency;;0.010000;0.000000;Hz;4
8550;4;27216;F32;;23#PV - Total AC Active Power;;0.100000;0.000000;kW;4
8551;4;27218;F32;;23#PV - Total AC Reactive Power;;0.100000;0.000000;kvar;4
8552;4;27220;F32;;23#PV - Total AC Apparent Power;;0.100000;0.000000;kvar;4
8553;4;27222;F32;;23#PV - Total AC Power Factor;;0.010000;0.000000;;4
8554;4;27224;F32;;23#PV - Phase A AC Active Power;;0.100000;0.000000;kW;4
8555;4;27226;F32;;23#PV - Phase B AC Active Power;;0.100000;0.000000;kW;4
8556;4;27228;F32;;23#PV - Phase C AC Active Power;;0.100000;0.000000;kW;4
8557;4;27230;F32;;23#PV - Phase A AC Reactive Power;;0.100000;0.000000;kvar;4
8558;4;27232;F32;;23#PV - Phase B AC Reactive Power;;0.100000;0.000000;kvar;4
8559;4;27234;F32;;23#PV - Phase C AC Reactive Power;;0.100000;0.000000;kvar;4
8560;4;27236;F32;;23#PV - Phase A AC Apparent Power;;0.100000;0.000000;kVA;4
8561;4;27238;F32;;23#PV - Phase B AC Apparent Power;;0.100000;0.000000;kVA;4
8562;4;27240;F32;;23#PV - Phase C AC Apparent Power;;0.100000;0.000000;kVA;4
8563;4;27242;F32;;23#PV - Phase A AC Power Factor;;0.010000;0.000000;;4
8564;4;27244;F32;;23#PV - Phase B AC Power Factor;;0.010000;0.000000;;4
8565;4;27246;F32;;23#PV - Phase C AC Power Factor;;0.010000;0.000000;;4
8566;4;27248;F32;;23#PV - IGBT Module Temperature;;0.100000;0.000000;°C;4
8567;4;27250;F32;;23#PV - Ambient Temperature;;0.100000;0.000000;°C;4
8568;4;27252;F32;;23#PV - Total  AC Charging Energy;;0.100000;0.000000;kWh;4
8569;4;27254;F32;;23#PV - Total AC Discharging Energy;;0.100000;0.000000;kWh;4
8570;4;27256;F32;;23#PV - Daily AC Charging Energy;;0.100000;0.000000;kWh;4
8571;4;27258;F32;;23#PV - Daily AC Discharging Energy;;0.100000;0.000000;kWh;4
8572;4;27260;U32;;23#PV - Number of branches;;1.000000;0.000000;;4
8573;4;27262;F32;;23#PV - Branch 1 DC Power;;0.100000;0.000000;kW;4
8574;4;27264;F32;;23#PV - Branch 1 DC Voltage;;0.100000;0.000000;V;4
8575;4;27266;F32;;23#PV - Branch 1 DC Current;;0.100000;0.000000;A;4
8576;4;27268;F32;;23#PV - Branch 2~n DC Power;;0.100000;0.000000;kW;4
8577;4;27270;F32;;23#PV - Branch 2~n DC Voltage;;0.100000;0.000000;V;4
8578;4;27272;F32;;23#PV - Branch 2~n DC Current;;0.100000;0.000000;A;4
8579;4;27300;U16;;24#PV - Operating Status;;1.000000;0.000000;;9
8580;4;27301;U16;;24#PV - Reserve;;1.000000;0.000000;;0
8581;4;27302;F32;;24#PV - AC Phase A Voltage;;0.100000;0.000000;V;4
8582;4;27304;F32;;24#PV - AC Phase B Voltage;;0.100000;0.000000;V;4
8583;4;27306;F32;;24#PV - AC Phase C Voltage;;0.100000;0.000000;V;4
8584;4;27308;F32;;24#PV - AC Phase A Current;;0.100000;0.000000;A;4
8585;4;27310;F32;;24#PV - AC Phase B Current;;0.100000;0.000000;A;4
8586;4;27312;F32;;24#PV - AC Phase C Current;;0.100000;0.000000;A;4
8587;4;27314;F32;;24#PV - AC Frequency;;0.010000;0.000000;Hz;4
8588;4;27316;F32;;24#PV - Total AC Active Power;;0.100000;0.000000;kW;4
8589;4;27318;F32;;24#PV - Total AC Reactive Power;;0.100000;0.000000;kvar;4
8590;4;27320;F32;;24#PV - Total AC Apparent Power;;0.100000;0.000000;kvar;4
8591;4;27322;F32;;24#PV - Total AC Power Factor;;0.010000;0.000000;;4
8592;4;27324;F32;;24#PV - Phase A AC Active Power;;0.100000;0.000000;kW;4
8593;4;27326;F32;;24#PV - Phase B AC Active Power;;0.100000;0.000000;kW;4
8594;4;27328;F32;;24#PV - Phase C AC Active Power;;0.100000;0.000000;kW;4
8595;4;27330;F32;;24#PV - Phase A AC Reactive Power;;0.100000;0.000000;kvar;4
8596;4;27332;F32;;24#PV - Phase B AC Reactive Power;;0.100000;0.000000;kvar;4
8597;4;27334;F32;;24#PV - Phase C AC Reactive Power;;0.100000;0.000000;kvar;4
8598;4;27336;F32;;24#PV - Phase A AC Apparent Power;;0.100000;0.000000;kVA;4
8599;4;27338;F32;;24#PV - Phase B AC Apparent Power;;0.100000;0.000000;kVA;4
8600;4;27340;F32;;24#PV - Phase C AC Apparent Power;;0.100000;0.000000;kVA;4
8601;4;27342;F32;;24#PV - Phase A AC Power Factor;;0.010000;0.000000;;4
8602;4;27344;F32;;24#PV - Phase B AC Power Factor;;0.010000;0.000000;;4
8603;4;27346;F32;;24#PV - Phase C AC Power Factor;;0.010000;0.000000;;4
8604;4;27348;F32;;24#PV - IGBT Module Temperature;;0.100000;0.000000;°C;4
8605;4;27350;F32;;24#PV - Ambient Temperature;;0.100000;0.000000;°C;4
8606;4;27352;F32;;24#PV - Total  AC Charging Energy;;0.100000;0.000000;kWh;4
8607;4;27354;F32;;24#PV - Total AC Discharging Energy;;0.100000;0.000000;kWh;4
8608;4;27356;F32;;24#PV - Daily AC Charging Energy;;0.100000;0.000000;kWh;4
8609;4;27358;F32;;24#PV - Daily AC Discharging Energy;;0.100000;0.000000;kWh;4
8610;4;27360;U32;;24#PV - Number of branches;;1.000000;0.000000;;4
8611;4;27362;F32;;24#PV - Branch 1 DC Power;;0.100000;0.000000;kW;4
8612;4;27364;F32;;24#PV - Branch 1 DC Voltage;;0.100000;0.000000;V;4
8613;4;27366;F32;;24#PV - Branch 1 DC Current;;0.100000;0.000000;A;4
8614;4;27368;F32;;24#PV - Branch 2~n DC Power;;0.100000;0.000000;kW;4
8615;4;27370;F32;;24#PV - Branch 2~n DC Voltage;;0.100000;0.000000;V;4
8616;4;27372;F32;;24#PV - Branch 2~n DC Current;;0.100000;0.000000;A;4
8617;4;27400;U16;;25#PV - Operating Status;;1.000000;0.000000;;9
8618;4;27401;U16;;25#PV - Reserve;;1.000000;0.000000;;0
8619;4;27402;F32;;25#PV - AC Phase A Voltage;;0.100000;0.000000;V;4
8620;4;27404;F32;;25#PV - AC Phase B Voltage;;0.100000;0.000000;V;4
8621;4;27406;F32;;25#PV - AC Phase C Voltage;;0.100000;0.000000;V;4
8622;4;27408;F32;;25#PV - AC Phase A Current;;0.100000;0.000000;A;4
8623;4;27410;F32;;25#PV - AC Phase B Current;;0.100000;0.000000;A;4
8624;4;27412;F32;;25#PV - AC Phase C Current;;0.100000;0.000000;A;4
8625;4;27414;F32;;25#PV - AC Frequency;;0.010000;0.000000;Hz;4
8626;4;27416;F32;;25#PV - Total AC Active Power;;0.100000;0.000000;kW;4
8627;4;27418;F32;;25#PV - Total AC Reactive Power;;0.100000;0.000000;kvar;4
8628;4;27420;F32;;25#PV - Total AC Apparent Power;;0.100000;0.000000;kvar;4
8629;4;27422;F32;;25#PV - Total AC Power Factor;;0.010000;0.000000;;4
8630;4;27424;F32;;25#PV - Phase A AC Active Power;;0.100000;0.000000;kW;4
8631;4;27426;F32;;25#PV - Phase B AC Active Power;;0.100000;0.000000;kW;4
8632;4;27428;F32;;25#PV - Phase C AC Active Power;;0.100000;0.000000;kW;4
8633;4;27430;F32;;25#PV - Phase A AC Reactive Power;;0.100000;0.000000;kvar;4
8634;4;27432;F32;;25#PV - Phase B AC Reactive Power;;0.100000;0.000000;kvar;4
8635;4;27434;F32;;25#PV - Phase C AC Reactive Power;;0.100000;0.000000;kvar;4
8636;4;27436;F32;;25#PV - Phase A AC Apparent Power;;0.100000;0.000000;kVA;4
8637;4;27438;F32;;25#PV - Phase B AC Apparent Power;;0.100000;0.000000;kVA;4
8638;4;27440;F32;;25#PV - Phase C AC Apparent Power;;0.100000;0.000000;kVA;4
8639;4;27442;F32;;25#PV - Phase A AC Power Factor;;0.010000;0.000000;;4
8640;4;27444;F32;;25#PV - Phase B AC Power Factor;;0.010000;0.000000;;4
8641;4;27446;F32;;25#PV - Phase C AC Power Factor;;0.010000;0.000000;;4
8642;4;27448;F32;;25#PV - IGBT Module Temperature;;0.100000;0.000000;°C;4
8643;4;27450;F32;;25#PV - Ambient Temperature;;0.100000;0.000000;°C;4
8644;4;27452;F32;;25#PV - Total  AC Charging Energy;;0.100000;0.000000;kWh;4
8645;4;27454;F32;;25#PV - Total AC Discharging Energy;;0.100000;0.000000;kWh;4
8646;4;27456;F32;;25#PV - Daily AC Charging Energy;;0.100000;0.000000;kWh;4
8647;4;27458;F32;;25#PV - Daily AC Discharging Energy;;0.100000;0.000000;kWh;4
8648;4;27460;U32;;25#PV - Number of branches;;1.000000;0.000000;;4
8649;4;27462;F32;;25#PV - Branch 1 DC Power;;0.100000;0.000000;kW;4
8650;4;27464;F32;;25#PV - Branch 1 DC Voltage;;0.100000;0.000000;V;4
8651;4;27466;F32;;25#PV - Branch 1 DC Current;;0.100000;0.000000;A;4
8652;4;27468;F32;;25#PV - Branch 2~n DC Power;;0.100000;0.000000;kW;4
8653;4;27470;F32;;25#PV - Branch 2~n DC Voltage;;0.100000;0.000000;V;4
8654;4;27472;F32;;25#PV - Branch 2~n DC Current;;0.100000;0.000000;A;4
8655;4;27500;U16;;26#PV - Operating Status;;1.000000;0.000000;;9
8656;4;27501;U16;;26#PV - Reserve;;1.000000;0.000000;;0
8657;4;27502;F32;;26#PV - AC Phase A Voltage;;0.100000;0.000000;V;4
8658;4;27504;F32;;26#PV - AC Phase B Voltage;;0.100000;0.000000;V;4
8659;4;27506;F32;;26#PV - AC Phase C Voltage;;0.100000;0.000000;V;4
8660;4;27508;F32;;26#PV - AC Phase A Current;;0.100000;0.000000;A;4
8661;4;27510;F32;;26#PV - AC Phase B Current;;0.100000;0.000000;A;4
8662;4;27512;F32;;26#PV - AC Phase C Current;;0.100000;0.000000;A;4
8663;4;27514;F32;;26#PV - AC Frequency;;0.010000;0.000000;Hz;4
8664;4;27516;F32;;26#PV - Total AC Active Power;;0.100000;0.000000;kW;4
8665;4;27518;F32;;26#PV - Total AC Reactive Power;;0.100000;0.000000;kvar;4
8666;4;27520;F32;;26#PV - Total AC Apparent Power;;0.100000;0.000000;kvar;4
8667;4;27522;F32;;26#PV - Total AC Power Factor;;0.010000;0.000000;;4
8668;4;27524;F32;;26#PV - Phase A AC Active Power;;0.100000;0.000000;kW;4
8669;4;27526;F32;;26#PV - Phase B AC Active Power;;0.100000;0.000000;kW;4
8670;4;27528;F32;;26#PV - Phase C AC Active Power;;0.100000;0.000000;kW;4
8671;4;27530;F32;;26#PV - Phase A AC Reactive Power;;0.100000;0.000000;kvar;4
8672;4;27532;F32;;26#PV - Phase B AC Reactive Power;;0.100000;0.000000;kvar;4
8673;4;27534;F32;;26#PV - Phase C AC Reactive Power;;0.100000;0.000000;kvar;4
8674;4;27536;F32;;26#PV - Phase A AC Apparent Power;;0.100000;0.000000;kVA;4
8675;4;27538;F32;;26#PV - Phase B AC Apparent Power;;0.100000;0.000000;kVA;4
8676;4;27540;F32;;26#PV - Phase C AC Apparent Power;;0.100000;0.000000;kVA;4
8677;4;27542;F32;;26#PV - Phase A AC Power Factor;;0.010000;0.000000;;4
8678;4;27544;F32;;26#PV - Phase B AC Power Factor;;0.010000;0.000000;;4
8679;4;27546;F32;;26#PV - Phase C AC Power Factor;;0.010000;0.000000;;4
8680;4;27548;F32;;26#PV - IGBT Module Temperature;;0.100000;0.000000;°C;4
8681;4;27550;F32;;26#PV - Ambient Temperature;;0.100000;0.000000;°C;4
8682;4;27552;F32;;26#PV - Total  AC Charging Energy;;0.100000;0.000000;kWh;4
8683;4;27554;F32;;26#PV - Total AC Discharging Energy;;0.100000;0.000000;kWh;4
8684;4;27556;F32;;26#PV - Daily AC Charging Energy;;0.100000;0.000000;kWh;4
8685;4;27558;F32;;26#PV - Daily AC Discharging Energy;;0.100000;0.000000;kWh;4
8686;4;27560;U32;;26#PV - Number of branches;;1.000000;0.000000;;4
8687;4;27562;F32;;26#PV - Branch 1 DC Power;;0.100000;0.000000;kW;4
8688;4;27564;F32;;26#PV - Branch 1 DC Voltage;;0.100000;0.000000;V;4
8689;4;27566;F32;;26#PV - Branch 1 DC Current;;0.100000;0.000000;A;4
8690;4;27568;F32;;26#PV - Branch 2~n DC Power;;0.100000;0.000000;kW;4
8691;4;27570;F32;;26#PV - Branch 2~n DC Voltage;;0.100000;0.000000;V;4
8692;4;27572;F32;;26#PV - Branch 2~n DC Current;;0.100000;0.000000;A;4
8693;4;27600;U16;;27#PV - Operating Status;;1.000000;0.000000;;9
8694;4;27601;U16;;27#PV - Reserve;;1.000000;0.000000;;0
8695;4;27602;F32;;27#PV - AC Phase A Voltage;;0.100000;0.000000;V;4
8696;4;27604;F32;;27#PV - AC Phase B Voltage;;0.100000;0.000000;V;4
8697;4;27606;F32;;27#PV - AC Phase C Voltage;;0.100000;0.000000;V;4
8698;4;27608;F32;;27#PV - AC Phase A Current;;0.100000;0.000000;A;4
8699;4;27610;F32;;27#PV - AC Phase B Current;;0.100000;0.000000;A;4
8700;4;27612;F32;;27#PV - AC Phase C Current;;0.100000;0.000000;A;4
8701;4;27614;F32;;27#PV - AC Frequency;;0.010000;0.000000;Hz;4
8702;4;27616;F32;;27#PV - Total AC Active Power;;0.100000;0.000000;kW;4
8703;4;27618;F32;;27#PV - Total AC Reactive Power;;0.100000;0.000000;kvar;4
8704;4;27620;F32;;27#PV - Total AC Apparent Power;;0.100000;0.000000;kvar;4
8705;4;27622;F32;;27#PV - Total AC Power Factor;;0.010000;0.000000;;4
8706;4;27624;F32;;27#PV - Phase A AC Active Power;;0.100000;0.000000;kW;4
8707;4;27626;F32;;27#PV - Phase B AC Active Power;;0.100000;0.000000;kW;4
8708;4;27628;F32;;27#PV - Phase C AC Active Power;;0.100000;0.000000;kW;4
8709;4;27630;F32;;27#PV - Phase A AC Reactive Power;;0.100000;0.000000;kvar;4
8710;4;27632;F32;;27#PV - Phase B AC Reactive Power;;0.100000;0.000000;kvar;4
8711;4;27634;F32;;27#PV - Phase C AC Reactive Power;;0.100000;0.000000;kvar;4
8712;4;27636;F32;;27#PV - Phase A AC Apparent Power;;0.100000;0.000000;kVA;4
8713;4;27638;F32;;27#PV - Phase B AC Apparent Power;;0.100000;0.000000;kVA;4
8714;4;27640;F32;;27#PV - Phase C AC Apparent Power;;0.100000;0.000000;kVA;4
8715;4;27642;F32;;27#PV - Phase A AC Power Factor;;0.010000;0.000000;;4
8716;4;27644;F32;;27#PV - Phase B AC Power Factor;;0.010000;0.000000;;4
8717;4;27646;F32;;27#PV - Phase C AC Power Factor;;0.010000;0.000000;;4
8718;4;27648;F32;;27#PV - IGBT Module Temperature;;0.100000;0.000000;°C;4
8719;4;27650;F32;;27#PV - Ambient Temperature;;0.100000;0.000000;°C;4
8720;4;27652;F32;;27#PV - Total  AC Charging Energy;;0.100000;0.000000;kWh;4
8721;4;27654;F32;;27#PV - Total AC Discharging Energy;;0.100000;0.000000;kWh;4
8722;4;27656;F32;;27#PV - Daily AC Charging Energy;;0.100000;0.000000;kWh;4
8723;4;27658;F32;;27#PV - Daily AC Discharging Energy;;0.100000;0.000000;kWh;4
8724;4;27660;U32;;27#PV - Number of branches;;1.000000;0.000000;;4
8725;4;27662;F32;;27#PV - Branch 1 DC Power;;0.100000;0.000000;kW;4
8726;4;27664;F32;;27#PV - Branch 1 DC Voltage;;0.100000;0.000000;V;4
8727;4;27666;F32;;27#PV - Branch 1 DC Current;;0.100000;0.000000;A;4
8728;4;27668;F32;;27#PV - Branch 2~n DC Power;;0.100000;0.000000;kW;4
8729;4;27670;F32;;27#PV - Branch 2~n DC Voltage;;0.100000;0.000000;V;4
8730;4;27672;F32;;27#PV - Branch 2~n DC Current;;0.100000;0.000000;A;4
8731;4;27700;U16;;28#PV - Operating Status;;1.000000;0.000000;;9
8732;4;27701;U16;;28#PV - Reserve;;1.000000;0.000000;;0
8733;4;27702;F32;;28#PV - AC Phase A Voltage;;0.100000;0.000000;V;4
8734;4;27704;F32;;28#PV - AC Phase B Voltage;;0.100000;0.000000;V;4
8735;4;27706;F32;;28#PV - AC Phase C Voltage;;0.100000;0.000000;V;4
8736;4;27708;F32;;28#PV - AC Phase A Current;;0.100000;0.000000;A;4
8737;4;27710;F32;;28#PV - AC Phase B Current;;0.100000;0.000000;A;4
8738;4;27712;F32;;28#PV - AC Phase C Current;;0.100000;0.000000;A;4
8739;4;27714;F32;;28#PV - AC Frequency;;0.010000;0.000000;Hz;4
8740;4;27716;F32;;28#PV - Total AC Active Power;;0.100000;0.000000;kW;4
8741;4;27718;F32;;28#PV - Total AC Reactive Power;;0.100000;0.000000;kvar;4
8742;4;27720;F32;;28#PV - Total AC Apparent Power;;0.100000;0.000000;kvar;4
8743;4;27722;F32;;28#PV - Total AC Power Factor;;0.010000;0.000000;;4
8744;4;27724;F32;;28#PV - Phase A AC Active Power;;0.100000;0.000000;kW;4
8745;4;27726;F32;;28#PV - Phase B AC Active Power;;0.100000;0.000000;kW;4
8746;4;27728;F32;;28#PV - Phase C AC Active Power;;0.100000;0.000000;kW;4
8747;4;27730;F32;;28#PV - Phase A AC Reactive Power;;0.100000;0.000000;kvar;4
8748;4;27732;F32;;28#PV - Phase B AC Reactive Power;;0.100000;0.000000;kvar;4
8749;4;27734;F32;;28#PV - Phase C AC Reactive Power;;0.100000;0.000000;kvar;4
8750;4;27736;F32;;28#PV - Phase A AC Apparent Power;;0.100000;0.000000;kVA;4
8751;4;27738;F32;;28#PV - Phase B AC Apparent Power;;0.100000;0.000000;kVA;4
8752;4;27740;F32;;28#PV - Phase C AC Apparent Power;;0.100000;0.000000;kVA;4
8753;4;27742;F32;;28#PV - Phase A AC Power Factor;;0.010000;0.000000;;4
8754;4;27744;F32;;28#PV - Phase B AC Power Factor;;0.010000;0.000000;;4
8755;4;27746;F32;;28#PV - Phase C AC Power Factor;;0.010000;0.000000;;4
8756;4;27748;F32;;28#PV - IGBT Module Temperature;;0.100000;0.000000;°C;4
8757;4;27750;F32;;28#PV - Ambient Temperature;;0.100000;0.000000;°C;4
8758;4;27752;F32;;28#PV - Total  AC Charging Energy;;0.100000;0.000000;kWh;4
8759;4;27754;F32;;28#PV - Total AC Discharging Energy;;0.100000;0.000000;kWh;4
8760;4;27756;F32;;28#PV - Daily AC Charging Energy;;0.100000;0.000000;kWh;4
8761;4;27758;F32;;28#PV - Daily AC Discharging Energy;;0.100000;0.000000;kWh;4
8762;4;27760;U32;;28#PV - Number of branches;;1.000000;0.000000;;4
8763;4;27762;F32;;28#PV - Branch 1 DC Power;;0.100000;0.000000;kW;4
8764;4;27764;F32;;28#PV - Branch 1 DC Voltage;;0.100000;0.000000;V;4
8765;4;27766;F32;;28#PV - Branch 1 DC Current;;0.100000;0.000000;A;4
8766;4;27768;F32;;28#PV - Branch 2~n DC Power;;0.100000;0.000000;kW;4
8767;4;27770;F32;;28#PV - Branch 2~n DC Voltage;;0.100000;0.000000;V;4
8768;4;27772;F32;;28#PV - Branch 2~n DC Current;;0.100000;0.000000;A;4
8769;4;27800;U16;;29#PV - Operating Status;;1.000000;0.000000;;9
8770;4;27801;U16;;29#PV - Reserve;;1.000000;0.000000;;0
8771;4;27802;F32;;29#PV - AC Phase A Voltage;;0.100000;0.000000;V;4
8772;4;27804;F32;;29#PV - AC Phase B Voltage;;0.100000;0.000000;V;4
8773;4;27806;F32;;29#PV - AC Phase C Voltage;;0.100000;0.000000;V;4
8774;4;27808;F32;;29#PV - AC Phase A Current;;0.100000;0.000000;A;4
8775;4;27810;F32;;29#PV - AC Phase B Current;;0.100000;0.000000;A;4
8776;4;27812;F32;;29#PV - AC Phase C Current;;0.100000;0.000000;A;4
8777;4;27814;F32;;29#PV - AC Frequency;;0.010000;0.000000;Hz;4
8778;4;27816;F32;;29#PV - Total AC Active Power;;0.100000;0.000000;kW;4
8779;4;27818;F32;;29#PV - Total AC Reactive Power;;0.100000;0.000000;kvar;4
8780;4;27820;F32;;29#PV - Total AC Apparent Power;;0.100000;0.000000;kvar;4
8781;4;27822;F32;;29#PV - Total AC Power Factor;;0.010000;0.000000;;4
8782;4;27824;F32;;29#PV - Phase A AC Active Power;;0.100000;0.000000;kW;4
8783;4;27826;F32;;29#PV - Phase B AC Active Power;;0.100000;0.000000;kW;4
8784;4;27828;F32;;29#PV - Phase C AC Active Power;;0.100000;0.000000;kW;4
8785;4;27830;F32;;29#PV - Phase A AC Reactive Power;;0.100000;0.000000;kvar;4
8786;4;27832;F32;;29#PV - Phase B AC Reactive Power;;0.100000;0.000000;kvar;4
8787;4;27834;F32;;29#PV - Phase C AC Reactive Power;;0.100000;0.000000;kvar;4
8788;4;27836;F32;;29#PV - Phase A AC Apparent Power;;0.100000;0.000000;kVA;4
8789;4;27838;F32;;29#PV - Phase B AC Apparent Power;;0.100000;0.000000;kVA;4
8790;4;27840;F32;;29#PV - Phase C AC Apparent Power;;0.100000;0.000000;kVA;4
8791;4;27842;F32;;29#PV - Phase A AC Power Factor;;0.010000;0.000000;;4
8792;4;27844;F32;;29#PV - Phase B AC Power Factor;;0.010000;0.000000;;4
8793;4;27846;F32;;29#PV - Phase C AC Power Factor;;0.010000;0.000000;;4
8794;4;27848;F32;;29#PV - IGBT Module Temperature;;0.100000;0.000000;°C;4
8795;4;27850;F32;;29#PV - Ambient Temperature;;0.100000;0.000000;°C;4
8796;4;27852;F32;;29#PV - Total  AC Charging Energy;;0.100000;0.000000;kWh;4
8797;4;27854;F32;;29#PV - Total AC Discharging Energy;;0.100000;0.000000;kWh;4
8798;4;27856;F32;;29#PV - Daily AC Charging Energy;;0.100000;0.000000;kWh;4
8799;4;27858;F32;;29#PV - Daily AC Discharging Energy;;0.100000;0.000000;kWh;4
8800;4;27860;U32;;29#PV - Number of branches;;1.000000;0.000000;;4
8801;4;27862;F32;;29#PV - Branch 1 DC Power;;0.100000;0.000000;kW;4
8802;4;27864;F32;;29#PV - Branch 1 DC Voltage;;0.100000;0.000000;V;4
8803;4;27866;F32;;29#PV - Branch 1 DC Current;;0.100000;0.000000;A;4
8804;4;27868;F32;;29#PV - Branch 2~n DC Power;;0.100000;0.000000;kW;4
8805;4;27870;F32;;29#PV - Branch 2~n DC Voltage;;0.100000;0.000000;V;4
8806;4;27872;F32;;29#PV - Branch 2~n DC Current;;0.100000;0.000000;A;4
8807;4;27900;U16;;30#PV - Operating Status;;1.000000;0.000000;;9
8808;4;27901;U16;;30#PV - Reserve;;1.000000;0.000000;;0
8809;4;27902;F32;;30#PV - AC Phase A Voltage;;0.100000;0.000000;V;4
8810;4;27904;F32;;30#PV - AC Phase B Voltage;;0.100000;0.000000;V;4
8811;4;27906;F32;;30#PV - AC Phase C Voltage;;0.100000;0.000000;V;4
8812;4;27908;F32;;30#PV - AC Phase A Current;;0.100000;0.000000;A;4
8813;4;27910;F32;;30#PV - AC Phase B Current;;0.100000;0.000000;A;4
8814;4;27912;F32;;30#PV - AC Phase C Current;;0.100000;0.000000;A;4
8815;4;27914;F32;;30#PV - AC Frequency;;0.010000;0.000000;Hz;4
8816;4;27916;F32;;30#PV - Total AC Active Power;;0.100000;0.000000;kW;4
8817;4;27918;F32;;30#PV - Total AC Reactive Power;;0.100000;0.000000;kvar;4
8818;4;27920;F32;;30#PV - Total AC Apparent Power;;0.100000;0.000000;kvar;4
8819;4;27922;F32;;30#PV - Total AC Power Factor;;0.010000;0.000000;;4
8820;4;27924;F32;;30#PV - Phase A AC Active Power;;0.100000;0.000000;kW;4
8821;4;27926;F32;;30#PV - Phase B AC Active Power;;0.100000;0.000000;kW;4
8822;4;27928;F32;;30#PV - Phase C AC Active Power;;0.100000;0.000000;kW;4
8823;4;27930;F32;;30#PV - Phase A AC Reactive Power;;0.100000;0.000000;kvar;4
8824;4;27932;F32;;30#PV - Phase B AC Reactive Power;;0.100000;0.000000;kvar;4
8825;4;27934;F32;;30#PV - Phase C AC Reactive Power;;0.100000;0.000000;kvar;4
8826;4;27936;F32;;30#PV - Phase A AC Apparent Power;;0.100000;0.000000;kVA;4
8827;4;27938;F32;;30#PV - Phase B AC Apparent Power;;0.100000;0.000000;kVA;4
8828;4;27940;F32;;30#PV - Phase C AC Apparent Power;;0.100000;0.000000;kVA;4
8829;4;27942;F32;;30#PV - Phase A AC Power Factor;;0.010000;0.000000;;4
8830;4;27944;F32;;30#PV - Phase B AC Power Factor;;0.010000;0.000000;;4
8831;4;27946;F32;;30#PV - Phase C AC Power Factor;;0.010000;0.000000;;4
8832;4;27948;F32;;30#PV - IGBT Module Temperature;;0.100000;0.000000;°C;4
8833;4;27950;F32;;30#PV - Ambient Temperature;;0.100000;0.000000;°C;4
8834;4;27952;F32;;30#PV - Total  AC Charging Energy;;0.100000;0.000000;kWh;4
8835;4;27954;F32;;30#PV - Total AC Discharging Energy;;0.100000;0.000000;kWh;4
8836;4;27956;F32;;30#PV - Daily AC Charging Energy;;0.100000;0.000000;kWh;4
8837;4;27958;F32;;30#PV - Daily AC Discharging Energy;;0.100000;0.000000;kWh;4
8838;4;27960;U32;;30#PV - Number of branches;;1.000000;0.000000;;4
8839;4;27962;F32;;30#PV - Branch 1 DC Power;;0.100000;0.000000;kW;4
8840;4;27964;F32;;30#PV - Branch 1 DC Voltage;;0.100000;0.000000;V;4
8841;4;27966;F32;;30#PV - Branch 1 DC Current;;0.100000;0.000000;A;4
8842;4;27968;F32;;30#PV - Branch 2~n DC Power;;0.100000;0.000000;kW;4
8843;4;27970;F32;;30#PV - Branch 2~n DC Voltage;;0.100000;0.000000;V;4
8844;4;27972;F32;;30#PV - Branch 2~n DC Current;;0.100000;0.000000;A;4
8845;4;28000;U16;;31#PV - Operating Status;;1.000000;0.000000;;9
8846;4;28001;U16;;31#PV - Reserve;;1.000000;0.000000;;0
8847;4;28002;F32;;31#PV - AC Phase A Voltage;;0.100000;0.000000;V;4
8848;4;28004;F32;;31#PV - AC Phase B Voltage;;0.100000;0.000000;V;4
8849;4;28006;F32;;31#PV - AC Phase C Voltage;;0.100000;0.000000;V;4
8850;4;28008;F32;;31#PV - AC Phase A Current;;0.100000;0.000000;A;4
8851;4;28010;F32;;31#PV - AC Phase B Current;;0.100000;0.000000;A;4
8852;4;28012;F32;;31#PV - AC Phase C Current;;0.100000;0.000000;A;4
8853;4;28014;F32;;31#PV - AC Frequency;;0.010000;0.000000;Hz;4
8854;4;28016;F32;;31#PV - Total AC Active Power;;0.100000;0.000000;kW;4
8855;4;28018;F32;;31#PV - Total AC Reactive Power;;0.100000;0.000000;kvar;4
8856;4;28020;F32;;31#PV - Total AC Apparent Power;;0.100000;0.000000;kvar;4
8857;4;28022;F32;;31#PV - Total AC Power Factor;;0.010000;0.000000;;4
8858;4;28024;F32;;31#PV - Phase A AC Active Power;;0.100000;0.000000;kW;4
8859;4;28026;F32;;31#PV - Phase B AC Active Power;;0.100000;0.000000;kW;4
8860;4;28028;F32;;31#PV - Phase C AC Active Power;;0.100000;0.000000;kW;4
8861;4;28030;F32;;31#PV - Phase A AC Reactive Power;;0.100000;0.000000;kvar;4
8862;4;28032;F32;;31#PV - Phase B AC Reactive Power;;0.100000;0.000000;kvar;4
8863;4;28034;F32;;31#PV - Phase C AC Reactive Power;;0.100000;0.000000;kvar;4
8864;4;28036;F32;;31#PV - Phase A AC Apparent Power;;0.100000;0.000000;kVA;4
8865;4;28038;F32;;31#PV - Phase B AC Apparent Power;;0.100000;0.000000;kVA;4
8866;4;28040;F32;;31#PV - Phase C AC Apparent Power;;0.100000;0.000000;kVA;4
8867;4;28042;F32;;31#PV - Phase A AC Power Factor;;0.010000;0.000000;;4
8868;4;28044;F32;;31#PV - Phase B AC Power Factor;;0.010000;0.000000;;4
8869;4;28046;F32;;31#PV - Phase C AC Power Factor;;0.010000;0.000000;;4
8870;4;28048;F32;;31#PV - IGBT Module Temperature;;0.100000;0.000000;°C;4
8871;4;28050;F32;;31#PV - Ambient Temperature;;0.100000;0.000000;°C;4
8872;4;28052;F32;;31#PV - Total  AC Charging Energy;;0.100000;0.000000;kWh;4
8873;4;28054;F32;;31#PV - Total AC Discharging Energy;;0.100000;0.000000;kWh;4
8874;4;28056;F32;;31#PV - Daily AC Charging Energy;;0.100000;0.000000;kWh;4
8875;4;28058;F32;;31#PV - Daily AC Discharging Energy;;0.100000;0.000000;kWh;4
8876;4;28060;U32;;31#PV - Number of branches;;1.000000;0.000000;;4
8877;4;28062;F32;;31#PV - Branch 1 DC Power;;0.100000;0.000000;kW;4
8878;4;28064;F32;;31#PV - Branch 1 DC Voltage;;0.100000;0.000000;V;4
8879;4;28066;F32;;31#PV - Branch 1 DC Current;;0.100000;0.000000;A;4
8880;4;28068;F32;;31#PV - Branch 2~n DC Power;;0.100000;0.000000;kW;4
8881;4;28070;F32;;31#PV - Branch 2~n DC Voltage;;0.100000;0.000000;V;4
8882;4;28072;F32;;31#PV - Branch 2~n DC Current;;0.100000;0.000000;A;4
8883;4;28100;U16;;32#PV - Operating Status;;1.000000;0.000000;;9
8884;4;28101;U16;;32#PV - Reserve;;1.000000;0.000000;;0
8885;4;28102;F32;;32#PV - AC Phase A Voltage;;0.100000;0.000000;V;4
8886;4;28104;F32;;32#PV - AC Phase B Voltage;;0.100000;0.000000;V;4
8887;4;28106;F32;;32#PV - AC Phase C Voltage;;0.100000;0.000000;V;4
8888;4;28108;F32;;32#PV - AC Phase A Current;;0.100000;0.000000;A;4
8889;4;28110;F32;;32#PV - AC Phase B Current;;0.100000;0.000000;A;4
8890;4;28112;F32;;32#PV - AC Phase C Current;;0.100000;0.000000;A;4
8891;4;28114;F32;;32#PV - AC Frequency;;0.010000;0.000000;Hz;4
8892;4;28116;F32;;32#PV - Total AC Active Power;;0.100000;0.000000;kW;4
8893;4;28118;F32;;32#PV - Total AC Reactive Power;;0.100000;0.000000;kvar;4
8894;4;28120;F32;;32#PV - Total AC Apparent Power;;0.100000;0.000000;kvar;4
8895;4;28122;F32;;32#PV - Total AC Power Factor;;0.010000;0.000000;;4
8896;4;28124;F32;;32#PV - Phase A AC Active Power;;0.100000;0.000000;kW;4
8897;4;28126;F32;;32#PV - Phase B AC Active Power;;0.100000;0.000000;kW;4
8898;4;28128;F32;;32#PV - Phase C AC Active Power;;0.100000;0.000000;kW;4
8899;4;28130;F32;;32#PV - Phase A AC Reactive Power;;0.100000;0.000000;kvar;4
8900;4;28132;F32;;32#PV - Phase B AC Reactive Power;;0.100000;0.000000;kvar;4
8901;4;28134;F32;;32#PV - Phase C AC Reactive Power;;0.100000;0.000000;kvar;4
8902;4;28136;F32;;32#PV - Phase A AC Apparent Power;;0.100000;0.000000;kVA;4
8903;4;28138;F32;;32#PV - Phase B AC Apparent Power;;0.100000;0.000000;kVA;4
8904;4;28140;F32;;32#PV - Phase C AC Apparent Power;;0.100000;0.000000;kVA;4
8905;4;28142;F32;;32#PV - Phase A AC Power Factor;;0.010000;0.000000;;4
8906;4;28144;F32;;32#PV - Phase B AC Power Factor;;0.010000;0.000000;;4
8907;4;28146;F32;;32#PV - Phase C AC Power Factor;;0.010000;0.000000;;4
8908;4;28148;F32;;32#PV - IGBT Module Temperature;;0.100000;0.000000;°C;4
8909;4;28150;F32;;32#PV - Ambient Temperature;;0.100000;0.000000;°C;4
8910;4;28152;F32;;32#PV - Total  AC Charging Energy;;0.100000;0.000000;kWh;4
8911;4;28154;F32;;32#PV - Total AC Discharging Energy;;0.100000;0.000000;kWh;4
8912;4;28156;F32;;32#PV - Daily AC Charging Energy;;0.100000;0.000000;kWh;4
8913;4;28158;F32;;32#PV - Daily AC Discharging Energy;;0.100000;0.000000;kWh;4
8914;4;28160;U32;;32#PV - Number of branches;;1.000000;0.000000;;4
8915;4;28162;F32;;32#PV - Branch 1 DC Power;;0.100000;0.000000;kW;4
8916;4;28164;F32;;32#PV - Branch 1 DC Voltage;;0.100000;0.000000;V;4
8917;4;28166;F32;;32#PV - Branch 1 DC Current;;0.100000;0.000000;A;4
8918;4;28168;F32;;32#PV - Branch 2~n DC Power;;0.100000;0.000000;kW;4
8919;4;28170;F32;;32#PV - Branch 2~n DC Voltage;;0.100000;0.000000;V;4
8920;4;28172;F32;;32#PV - Branch 2~n DC Current;;0.100000;0.000000;A;4
8921;4;28200;U16;;33#PV - Operating Status;;1.000000;0.000000;;9
8922;4;28201;U16;;33#PV - Reserve;;1.000000;0.000000;;0
8923;4;28202;F32;;33#PV - AC Phase A Voltage;;0.100000;0.000000;V;4
8924;4;28204;F32;;33#PV - AC Phase B Voltage;;0.100000;0.000000;V;4
8925;4;28206;F32;;33#PV - AC Phase C Voltage;;0.100000;0.000000;V;4
8926;4;28208;F32;;33#PV - AC Phase A Current;;0.100000;0.000000;A;4
8927;4;28210;F32;;33#PV - AC Phase B Current;;0.100000;0.000000;A;4
8928;4;28212;F32;;33#PV - AC Phase C Current;;0.100000;0.000000;A;4
8929;4;28214;F32;;33#PV - AC Frequency;;0.010000;0.000000;Hz;4
8930;4;28216;F32;;33#PV - Total AC Active Power;;0.100000;0.000000;kW;4
8931;4;28218;F32;;33#PV - Total AC Reactive Power;;0.100000;0.000000;kvar;4
8932;4;28220;F32;;33#PV - Total AC Apparent Power;;0.100000;0.000000;kvar;4
8933;4;28222;F32;;33#PV - Total AC Power Factor;;0.010000;0.000000;;4
8934;4;28224;F32;;33#PV - Phase A AC Active Power;;0.100000;0.000000;kW;4
8935;4;28226;F32;;33#PV - Phase B AC Active Power;;0.100000;0.000000;kW;4
8936;4;28228;F32;;33#PV - Phase C AC Active Power;;0.100000;0.000000;kW;4
8937;4;28230;F32;;33#PV - Phase A AC Reactive Power;;0.100000;0.000000;kvar;4
8938;4;28232;F32;;33#PV - Phase B AC Reactive Power;;0.100000;0.000000;kvar;4
8939;4;28234;F32;;33#PV - Phase C AC Reactive Power;;0.100000;0.000000;kvar;4
8940;4;28236;F32;;33#PV - Phase A AC Apparent Power;;0.100000;0.000000;kVA;4
8941;4;28238;F32;;33#PV - Phase B AC Apparent Power;;0.100000;0.000000;kVA;4
8942;4;28240;F32;;33#PV - Phase C AC Apparent Power;;0.100000;0.000000;kVA;4
8943;4;28242;F32;;33#PV - Phase A AC Power Factor;;0.010000;0.000000;;4
8944;4;28244;F32;;33#PV - Phase B AC Power Factor;;0.010000;0.000000;;4
8945;4;28246;F32;;33#PV - Phase C AC Power Factor;;0.010000;0.000000;;4
8946;4;28248;F32;;33#PV - IGBT Module Temperature;;0.100000;0.000000;°C;4
8947;4;28250;F32;;33#PV - Ambient Temperature;;0.100000;0.000000;°C;4
8948;4;28252;F32;;33#PV - Total  AC Charging Energy;;0.100000;0.000000;kWh;4
8949;4;28254;F32;;33#PV - Total AC Discharging Energy;;0.100000;0.000000;kWh;4
8950;4;28256;F32;;33#PV - Daily AC Charging Energy;;0.100000;0.000000;kWh;4
8951;4;28258;F32;;33#PV - Daily AC Discharging Energy;;0.100000;0.000000;kWh;4
8952;4;28260;U32;;33#PV - Number of branches;;1.000000;0.000000;;4
8953;4;28262;F32;;33#PV - Branch 1 DC Power;;0.100000;0.000000;kW;4
8954;4;28264;F32;;33#PV - Branch 1 DC Voltage;;0.100000;0.000000;V;4
8955;4;28266;F32;;33#PV - Branch 1 DC Current;;0.100000;0.000000;A;4
8956;4;28268;F32;;33#PV - Branch 2~n DC Power;;0.100000;0.000000;kW;4
8957;4;28270;F32;;33#PV - Branch 2~n DC Voltage;;0.100000;0.000000;V;4
8958;4;28272;F32;;33#PV - Branch 2~n DC Current;;0.100000;0.000000;A;4
8959;4;28300;U16;;34#PV - Operating Status;;1.000000;0.000000;;9
8960;4;28301;U16;;34#PV - Reserve;;1.000000;0.000000;;0
8961;4;28302;F32;;34#PV - AC Phase A Voltage;;0.100000;0.000000;V;4
8962;4;28304;F32;;34#PV - AC Phase B Voltage;;0.100000;0.000000;V;4
8963;4;28306;F32;;34#PV - AC Phase C Voltage;;0.100000;0.000000;V;4
8964;4;28308;F32;;34#PV - AC Phase A Current;;0.100000;0.000000;A;4
8965;4;28310;F32;;34#PV - AC Phase B Current;;0.100000;0.000000;A;4
8966;4;28312;F32;;34#PV - AC Phase C Current;;0.100000;0.000000;A;4
8967;4;28314;F32;;34#PV - AC Frequency;;0.010000;0.000000;Hz;4
8968;4;28316;F32;;34#PV - Total AC Active Power;;0.100000;0.000000;kW;4
8969;4;28318;F32;;34#PV - Total AC Reactive Power;;0.100000;0.000000;kvar;4
8970;4;28320;F32;;34#PV - Total AC Apparent Power;;0.100000;0.000000;kvar;4
8971;4;28322;F32;;34#PV - Total AC Power Factor;;0.010000;0.000000;;4
8972;4;28324;F32;;34#PV - Phase A AC Active Power;;0.100000;0.000000;kW;4
8973;4;28326;F32;;34#PV - Phase B AC Active Power;;0.100000;0.000000;kW;4
8974;4;28328;F32;;34#PV - Phase C AC Active Power;;0.100000;0.000000;kW;4
8975;4;28330;F32;;34#PV - Phase A AC Reactive Power;;0.100000;0.000000;kvar;4
8976;4;28332;F32;;34#PV - Phase B AC Reactive Power;;0.100000;0.000000;kvar;4
8977;4;28334;F32;;34#PV - Phase C AC Reactive Power;;0.100000;0.000000;kvar;4
8978;4;28336;F32;;34#PV - Phase A AC Apparent Power;;0.100000;0.000000;kVA;4
8979;4;28338;F32;;34#PV - Phase B AC Apparent Power;;0.100000;0.000000;kVA;4
8980;4;28340;F32;;34#PV - Phase C AC Apparent Power;;0.100000;0.000000;kVA;4
8981;4;28342;F32;;34#PV - Phase A AC Power Factor;;0.010000;0.000000;;4
8982;4;28344;F32;;34#PV - Phase B AC Power Factor;;0.010000;0.000000;;4
8983;4;28346;F32;;34#PV - Phase C AC Power Factor;;0.010000;0.000000;;4
8984;4;28348;F32;;34#PV - IGBT Module Temperature;;0.100000;0.000000;°C;4
8985;4;28350;F32;;34#PV - Ambient Temperature;;0.100000;0.000000;°C;4
8986;4;28352;F32;;34#PV - Total  AC Charging Energy;;0.100000;0.000000;kWh;4
8987;4;28354;F32;;34#PV - Total AC Discharging Energy;;0.100000;0.000000;kWh;4
8988;4;28356;F32;;34#PV - Daily AC Charging Energy;;0.100000;0.000000;kWh;4
8989;4;28358;F32;;34#PV - Daily AC Discharging Energy;;0.100000;0.000000;kWh;4
8990;4;28360;U32;;34#PV - Number of branches;;1.000000;0.000000;;4
8991;4;28362;F32;;34#PV - Branch 1 DC Power;;0.100000;0.000000;kW;4
8992;4;28364;F32;;34#PV - Branch 1 DC Voltage;;0.100000;0.000000;V;4
8993;4;28366;F32;;34#PV - Branch 1 DC Current;;0.100000;0.000000;A;4
8994;4;28368;F32;;34#PV - Branch 2~n DC Power;;0.100000;0.000000;kW;4
8995;4;28370;F32;;34#PV - Branch 2~n DC Voltage;;0.100000;0.000000;V;4
8996;4;28372;F32;;34#PV - Branch 2~n DC Current;;0.100000;0.000000;A;4
8997;4;28400;U16;;35#PV - Operating Status;;1.000000;0.000000;;9
8998;4;28401;U16;;35#PV - Reserve;;1.000000;0.000000;;0
8999;4;28402;F32;;35#PV - AC Phase A Voltage;;0.100000;0.000000;V;4
9000;4;28404;F32;;35#PV - AC Phase B Voltage;;0.100000;0.000000;V;4
9001;4;28406;F32;;35#PV - AC Phase C Voltage;;0.100000;0.000000;V;4
9002;4;28408;F32;;35#PV - AC Phase A Current;;0.100000;0.000000;A;4
9003;4;28410;F32;;35#PV - AC Phase B Current;;0.100000;0.000000;A;4
9004;4;28412;F32;;35#PV - AC Phase C Current;;0.100000;0.000000;A;4
9005;4;28414;F32;;35#PV - AC Frequency;;0.010000;0.000000;Hz;4
9006;4;28416;F32;;35#PV - Total AC Active Power;;0.100000;0.000000;kW;4
9007;4;28418;F32;;35#PV - Total AC Reactive Power;;0.100000;0.000000;kvar;4
9008;4;28420;F32;;35#PV - Total AC Apparent Power;;0.100000;0.000000;kvar;4
9009;4;28422;F32;;35#PV - Total AC Power Factor;;0.010000;0.000000;;4
9010;4;28424;F32;;35#PV - Phase A AC Active Power;;0.100000;0.000000;kW;4
9011;4;28426;F32;;35#PV - Phase B AC Active Power;;0.100000;0.000000;kW;4
9012;4;28428;F32;;35#PV - Phase C AC Active Power;;0.100000;0.000000;kW;4
9013;4;28430;F32;;35#PV - Phase A AC Reactive Power;;0.100000;0.000000;kvar;4
9014;4;28432;F32;;35#PV - Phase B AC Reactive Power;;0.100000;0.000000;kvar;4
9015;4;28434;F32;;35#PV - Phase C AC Reactive Power;;0.100000;0.000000;kvar;4
9016;4;28436;F32;;35#PV - Phase A AC Apparent Power;;0.100000;0.000000;kVA;4
9017;4;28438;F32;;35#PV - Phase B AC Apparent Power;;0.100000;0.000000;kVA;4
9018;4;28440;F32;;35#PV - Phase C AC Apparent Power;;0.100000;0.000000;kVA;4
9019;4;28442;F32;;35#PV - Phase A AC Power Factor;;0.010000;0.000000;;4
9020;4;28444;F32;;35#PV - Phase B AC Power Factor;;0.010000;0.000000;;4
9021;4;28446;F32;;35#PV - Phase C AC Power Factor;;0.010000;0.000000;;4
9022;4;28448;F32;;35#PV - IGBT Module Temperature;;0.100000;0.000000;°C;4
9023;4;28450;F32;;35#PV - Ambient Temperature;;0.100000;0.000000;°C;4
9024;4;28452;F32;;35#PV - Total  AC Charging Energy;;0.100000;0.000000;kWh;4
9025;4;28454;F32;;35#PV - Total AC Discharging Energy;;0.100000;0.000000;kWh;4
9026;4;28456;F32;;35#PV - Daily AC Charging Energy;;0.100000;0.000000;kWh;4
9027;4;28458;F32;;35#PV - Daily AC Discharging Energy;;0.100000;0.000000;kWh;4
9028;4;28460;U32;;35#PV - Number of branches;;1.000000;0.000000;;4
9029;4;28462;F32;;35#PV - Branch 1 DC Power;;0.100000;0.000000;kW;4
9030;4;28464;F32;;35#PV - Branch 1 DC Voltage;;0.100000;0.000000;V;4
9031;4;28466;F32;;35#PV - Branch 1 DC Current;;0.100000;0.000000;A;4
9032;4;28468;F32;;35#PV - Branch 2~n DC Power;;0.100000;0.000000;kW;4
9033;4;28470;F32;;35#PV - Branch 2~n DC Voltage;;0.100000;0.000000;V;4
9034;4;28472;F32;;35#PV - Branch 2~n DC Current;;0.100000;0.000000;A;4
9035;4;28500;U16;;36#PV - Operating Status;;1.000000;0.000000;;9
9036;4;28501;U16;;36#PV - Reserve;;1.000000;0.000000;;0
9037;4;28502;F32;;36#PV - AC Phase A Voltage;;0.100000;0.000000;V;4
9038;4;28504;F32;;36#PV - AC Phase B Voltage;;0.100000;0.000000;V;4
9039;4;28506;F32;;36#PV - AC Phase C Voltage;;0.100000;0.000000;V;4
9040;4;28508;F32;;36#PV - AC Phase A Current;;0.100000;0.000000;A;4
9041;4;28510;F32;;36#PV - AC Phase B Current;;0.100000;0.000000;A;4
9042;4;28512;F32;;36#PV - AC Phase C Current;;0.100000;0.000000;A;4
9043;4;28514;F32;;36#PV - AC Frequency;;0.010000;0.000000;Hz;4
9044;4;28516;F32;;36#PV - Total AC Active Power;;0.100000;0.000000;kW;4
9045;4;28518;F32;;36#PV - Total AC Reactive Power;;0.100000;0.000000;kvar;4
9046;4;28520;F32;;36#PV - Total AC Apparent Power;;0.100000;0.000000;kvar;4
9047;4;28522;F32;;36#PV - Total AC Power Factor;;0.010000;0.000000;;4
9048;4;28524;F32;;36#PV - Phase A AC Active Power;;0.100000;0.000000;kW;4
9049;4;28526;F32;;36#PV - Phase B AC Active Power;;0.100000;0.000000;kW;4
9050;4;28528;F32;;36#PV - Phase C AC Active Power;;0.100000;0.000000;kW;4
9051;4;28530;F32;;36#PV - Phase A AC Reactive Power;;0.100000;0.000000;kvar;4
9052;4;28532;F32;;36#PV - Phase B AC Reactive Power;;0.100000;0.000000;kvar;4
9053;4;28534;F32;;36#PV - Phase C AC Reactive Power;;0.100000;0.000000;kvar;4
9054;4;28536;F32;;36#PV - Phase A AC Apparent Power;;0.100000;0.000000;kVA;4
9055;4;28538;F32;;36#PV - Phase B AC Apparent Power;;0.100000;0.000000;kVA;4
9056;4;28540;F32;;36#PV - Phase C AC Apparent Power;;0.100000;0.000000;kVA;4
9057;4;28542;F32;;36#PV - Phase A AC Power Factor;;0.010000;0.000000;;4
9058;4;28544;F32;;36#PV - Phase B AC Power Factor;;0.010000;0.000000;;4
9059;4;28546;F32;;36#PV - Phase C AC Power Factor;;0.010000;0.000000;;4
9060;4;28548;F32;;36#PV - IGBT Module Temperature;;0.100000;0.000000;°C;4
9061;4;28550;F32;;36#PV - Ambient Temperature;;0.100000;0.000000;°C;4
9062;4;28552;F32;;36#PV - Total  AC Charging Energy;;0.100000;0.000000;kWh;4
9063;4;28554;F32;;36#PV - Total AC Discharging Energy;;0.100000;0.000000;kWh;4
9064;4;28556;F32;;36#PV - Daily AC Charging Energy;;0.100000;0.000000;kWh;4
9065;4;28558;F32;;36#PV - Daily AC Discharging Energy;;0.100000;0.000000;kWh;4
9066;4;28560;U32;;36#PV - Number of branches;;1.000000;0.000000;;4
9067;4;28562;F32;;36#PV - Branch 1 DC Power;;0.100000;0.000000;kW;4
9068;4;28564;F32;;36#PV - Branch 1 DC Voltage;;0.100000;0.000000;V;4
9069;4;28566;F32;;36#PV - Branch 1 DC Current;;0.100000;0.000000;A;4
9070;4;28568;F32;;36#PV - Branch 2~n DC Power;;0.100000;0.000000;kW;4
9071;4;28570;F32;;36#PV - Branch 2~n DC Voltage;;0.100000;0.000000;V;4
9072;4;28572;F32;;36#PV - Branch 2~n DC Current;;0.100000;0.000000;A;4
9073;4;28600;U16;;37#PV - Operating Status;;1.000000;0.000000;;9
9074;4;28601;U16;;37#PV - Reserve;;1.000000;0.000000;;0
9075;4;28602;F32;;37#PV - AC Phase A Voltage;;0.100000;0.000000;V;4
9076;4;28604;F32;;37#PV - AC Phase B Voltage;;0.100000;0.000000;V;4
9077;4;28606;F32;;37#PV - AC Phase C Voltage;;0.100000;0.000000;V;4
9078;4;28608;F32;;37#PV - AC Phase A Current;;0.100000;0.000000;A;4
9079;4;28610;F32;;37#PV - AC Phase B Current;;0.100000;0.000000;A;4
9080;4;28612;F32;;37#PV - AC Phase C Current;;0.100000;0.000000;A;4
9081;4;28614;F32;;37#PV - AC Frequency;;0.010000;0.000000;Hz;4
9082;4;28616;F32;;37#PV - Total AC Active Power;;0.100000;0.000000;kW;4
9083;4;28618;F32;;37#PV - Total AC Reactive Power;;0.100000;0.000000;kvar;4
9084;4;28620;F32;;37#PV - Total AC Apparent Power;;0.100000;0.000000;kvar;4
9085;4;28622;F32;;37#PV - Total AC Power Factor;;0.010000;0.000000;;4
9086;4;28624;F32;;37#PV - Phase A AC Active Power;;0.100000;0.000000;kW;4
9087;4;28626;F32;;37#PV - Phase B AC Active Power;;0.100000;0.000000;kW;4
9088;4;28628;F32;;37#PV - Phase C AC Active Power;;0.100000;0.000000;kW;4
9089;4;28630;F32;;37#PV - Phase A AC Reactive Power;;0.100000;0.000000;kvar;4
9090;4;28632;F32;;37#PV - Phase B AC Reactive Power;;0.100000;0.000000;kvar;4
9091;4;28634;F32;;37#PV - Phase C AC Reactive Power;;0.100000;0.000000;kvar;4
9092;4;28636;F32;;37#PV - Phase A AC Apparent Power;;0.100000;0.000000;kVA;4
9093;4;28638;F32;;37#PV - Phase B AC Apparent Power;;0.100000;0.000000;kVA;4
9094;4;28640;F32;;37#PV - Phase C AC Apparent Power;;0.100000;0.000000;kVA;4
9095;4;28642;F32;;37#PV - Phase A AC Power Factor;;0.010000;0.000000;;4
9096;4;28644;F32;;37#PV - Phase B AC Power Factor;;0.010000;0.000000;;4
9097;4;28646;F32;;37#PV - Phase C AC Power Factor;;0.010000;0.000000;;4
9098;4;28648;F32;;37#PV - IGBT Module Temperature;;0.100000;0.000000;°C;4
9099;4;28650;F32;;37#PV - Ambient Temperature;;0.100000;0.000000;°C;4
9100;4;28652;F32;;37#PV - Total  AC Charging Energy;;0.100000;0.000000;kWh;4
9101;4;28654;F32;;37#PV - Total AC Discharging Energy;;0.100000;0.000000;kWh;4
9102;4;28656;F32;;37#PV - Daily AC Charging Energy;;0.100000;0.000000;kWh;4
9103;4;28658;F32;;37#PV - Daily AC Discharging Energy;;0.100000;0.000000;kWh;4
9104;4;28660;U32;;37#PV - Number of branches;;1.000000;0.000000;;4
9105;4;28662;F32;;37#PV - Branch 1 DC Power;;0.100000;0.000000;kW;4
9106;4;28664;F32;;37#PV - Branch 1 DC Voltage;;0.100000;0.000000;V;4
9107;4;28666;F32;;37#PV - Branch 1 DC Current;;0.100000;0.000000;A;4
9108;4;28668;F32;;37#PV - Branch 2~n DC Power;;0.100000;0.000000;kW;4
9109;4;28670;F32;;37#PV - Branch 2~n DC Voltage;;0.100000;0.000000;V;4
9110;4;28672;F32;;37#PV - Branch 2~n DC Current;;0.100000;0.000000;A;4
9111;4;28700;U16;;38#PV - Operating Status;;1.000000;0.000000;;9
9112;4;28701;U16;;38#PV - Reserve;;1.000000;0.000000;;0
9113;4;28702;F32;;38#PV - AC Phase A Voltage;;0.100000;0.000000;V;4
9114;4;28704;F32;;38#PV - AC Phase B Voltage;;0.100000;0.000000;V;4
9115;4;28706;F32;;38#PV - AC Phase C Voltage;;0.100000;0.000000;V;4
9116;4;28708;F32;;38#PV - AC Phase A Current;;0.100000;0.000000;A;4
9117;4;28710;F32;;38#PV - AC Phase B Current;;0.100000;0.000000;A;4
9118;4;28712;F32;;38#PV - AC Phase C Current;;0.100000;0.000000;A;4
9119;4;28714;F32;;38#PV - AC Frequency;;0.010000;0.000000;Hz;4
9120;4;28716;F32;;38#PV - Total AC Active Power;;0.100000;0.000000;kW;4
9121;4;28718;F32;;38#PV - Total AC Reactive Power;;0.100000;0.000000;kvar;4
9122;4;28720;F32;;38#PV - Total AC Apparent Power;;0.100000;0.000000;kvar;4
9123;4;28722;F32;;38#PV - Total AC Power Factor;;0.010000;0.000000;;4
9124;4;28724;F32;;38#PV - Phase A AC Active Power;;0.100000;0.000000;kW;4
9125;4;28726;F32;;38#PV - Phase B AC Active Power;;0.100000;0.000000;kW;4
9126;4;28728;F32;;38#PV - Phase C AC Active Power;;0.100000;0.000000;kW;4
9127;4;28730;F32;;38#PV - Phase A AC Reactive Power;;0.100000;0.000000;kvar;4
9128;4;28732;F32;;38#PV - Phase B AC Reactive Power;;0.100000;0.000000;kvar;4
9129;4;28734;F32;;38#PV - Phase C AC Reactive Power;;0.100000;0.000000;kvar;4
9130;4;28736;F32;;38#PV - Phase A AC Apparent Power;;0.100000;0.000000;kVA;4
9131;4;28738;F32;;38#PV - Phase B AC Apparent Power;;0.100000;0.000000;kVA;4
9132;4;28740;F32;;38#PV - Phase C AC Apparent Power;;0.100000;0.000000;kVA;4
9133;4;28742;F32;;38#PV - Phase A AC Power Factor;;0.010000;0.000000;;4
9134;4;28744;F32;;38#PV - Phase B AC Power Factor;;0.010000;0.000000;;4
9135;4;28746;F32;;38#PV - Phase C AC Power Factor;;0.010000;0.000000;;4
9136;4;28748;F32;;38#PV - IGBT Module Temperature;;0.100000;0.000000;°C;4
9137;4;28750;F32;;38#PV - Ambient Temperature;;0.100000;0.000000;°C;4
9138;4;28752;F32;;38#PV - Total  AC Charging Energy;;0.100000;0.000000;kWh;4
9139;4;28754;F32;;38#PV - Total AC Discharging Energy;;0.100000;0.000000;kWh;4
9140;4;28756;F32;;38#PV - Daily AC Charging Energy;;0.100000;0.000000;kWh;4
9141;4;28758;F32;;38#PV - Daily AC Discharging Energy;;0.100000;0.000000;kWh;4
9142;4;28760;U32;;38#PV - Number of branches;;1.000000;0.000000;;4
9143;4;28762;F32;;38#PV - Branch 1 DC Power;;0.100000;0.000000;kW;4
9144;4;28764;F32;;38#PV - Branch 1 DC Voltage;;0.100000;0.000000;V;4
9145;4;28766;F32;;38#PV - Branch 1 DC Current;;0.100000;0.000000;A;4
9146;4;28768;F32;;38#PV - Branch 2~n DC Power;;0.100000;0.000000;kW;4
9147;4;28770;F32;;38#PV - Branch 2~n DC Voltage;;0.100000;0.000000;V;4
9148;4;28772;F32;;38#PV - Branch 2~n DC Current;;0.100000;0.000000;A;4
9149;4;28800;U16;;39#PV - Operating Status;;1.000000;0.000000;;9
9150;4;28801;U16;;39#PV - Reserve;;1.000000;0.000000;;0
9151;4;28802;F32;;39#PV - AC Phase A Voltage;;0.100000;0.000000;V;4
9152;4;28804;F32;;39#PV - AC Phase B Voltage;;0.100000;0.000000;V;4
9153;4;28806;F32;;39#PV - AC Phase C Voltage;;0.100000;0.000000;V;4
9154;4;28808;F32;;39#PV - AC Phase A Current;;0.100000;0.000000;A;4
9155;4;28810;F32;;39#PV - AC Phase B Current;;0.100000;0.000000;A;4
9156;4;28812;F32;;39#PV - AC Phase C Current;;0.100000;0.000000;A;4
9157;4;28814;F32;;39#PV - AC Frequency;;0.010000;0.000000;Hz;4
9158;4;28816;F32;;39#PV - Total AC Active Power;;0.100000;0.000000;kW;4
9159;4;28818;F32;;39#PV - Total AC Reactive Power;;0.100000;0.000000;kvar;4
9160;4;28820;F32;;39#PV - Total AC Apparent Power;;0.100000;0.000000;kvar;4
9161;4;28822;F32;;39#PV - Total AC Power Factor;;0.010000;0.000000;;4
9162;4;28824;F32;;39#PV - Phase A AC Active Power;;0.100000;0.000000;kW;4
9163;4;28826;F32;;39#PV - Phase B AC Active Power;;0.100000;0.000000;kW;4
9164;4;28828;F32;;39#PV - Phase C AC Active Power;;0.100000;0.000000;kW;4
9165;4;28830;F32;;39#PV - Phase A AC Reactive Power;;0.100000;0.000000;kvar;4
9166;4;28832;F32;;39#PV - Phase B AC Reactive Power;;0.100000;0.000000;kvar;4
9167;4;28834;F32;;39#PV - Phase C AC Reactive Power;;0.100000;0.000000;kvar;4
9168;4;28836;F32;;39#PV - Phase A AC Apparent Power;;0.100000;0.000000;kVA;4
9169;4;28838;F32;;39#PV - Phase B AC Apparent Power;;0.100000;0.000000;kVA;4
9170;4;28840;F32;;39#PV - Phase C AC Apparent Power;;0.100000;0.000000;kVA;4
9171;4;28842;F32;;39#PV - Phase A AC Power Factor;;0.010000;0.000000;;4
9172;4;28844;F32;;39#PV - Phase B AC Power Factor;;0.010000;0.000000;;4
9173;4;28846;F32;;39#PV - Phase C AC Power Factor;;0.010000;0.000000;;4
9174;4;28848;F32;;39#PV - IGBT Module Temperature;;0.100000;0.000000;°C;4
9175;4;28850;F32;;39#PV - Ambient Temperature;;0.100000;0.000000;°C;4
9176;4;28852;F32;;39#PV - Total  AC Charging Energy;;0.100000;0.000000;kWh;4
9177;4;28854;F32;;39#PV - Total AC Discharging Energy;;0.100000;0.000000;kWh;4
9178;4;28856;F32;;39#PV - Daily AC Charging Energy;;0.100000;0.000000;kWh;4
9179;4;28858;F32;;39#PV - Daily AC Discharging Energy;;0.100000;0.000000;kWh;4
9180;4;28860;U32;;39#PV - Number of branches;;1.000000;0.000000;;4
9181;4;28862;F32;;39#PV - Branch 1 DC Power;;0.100000;0.000000;kW;4
9182;4;28864;F32;;39#PV - Branch 1 DC Voltage;;0.100000;0.000000;V;4
9183;4;28866;F32;;39#PV - Branch 1 DC Current;;0.100000;0.000000;A;4
9184;4;28868;F32;;39#PV - Branch 2~n DC Power;;0.100000;0.000000;kW;4
9185;4;28870;F32;;39#PV - Branch 2~n DC Voltage;;0.100000;0.000000;V;4
9186;4;28872;F32;;39#PV - Branch 2~n DC Current;;0.100000;0.000000;A;4
9187;4;28900;U16;;40#PV - Operating Status;;1.000000;0.000000;;9
9188;4;28901;U16;;40#PV - Reserve;;1.000000;0.000000;;0
9189;4;28902;F32;;40#PV - AC Phase A Voltage;;0.100000;0.000000;V;4
9190;4;28904;F32;;40#PV - AC Phase B Voltage;;0.100000;0.000000;V;4
9191;4;28906;F32;;40#PV - AC Phase C Voltage;;0.100000;0.000000;V;4
9192;4;28908;F32;;40#PV - AC Phase A Current;;0.100000;0.000000;A;4
9193;4;28910;F32;;40#PV - AC Phase B Current;;0.100000;0.000000;A;4
9194;4;28912;F32;;40#PV - AC Phase C Current;;0.100000;0.000000;A;4
9195;4;28914;F32;;40#PV - AC Frequency;;0.010000;0.000000;Hz;4
9196;4;28916;F32;;40#PV - Total AC Active Power;;0.100000;0.000000;kW;4
9197;4;28918;F32;;40#PV - Total AC Reactive Power;;0.100000;0.000000;kvar;4
9198;4;28920;F32;;40#PV - Total AC Apparent Power;;0.100000;0.000000;kvar;4
9199;4;28922;F32;;40#PV - Total AC Power Factor;;0.010000;0.000000;;4
9200;4;28924;F32;;40#PV - Phase A AC Active Power;;0.100000;0.000000;kW;4
9201;4;28926;F32;;40#PV - Phase B AC Active Power;;0.100000;0.000000;kW;4
9202;4;28928;F32;;40#PV - Phase C AC Active Power;;0.100000;0.000000;kW;4
9203;4;28930;F32;;40#PV - Phase A AC Reactive Power;;0.100000;0.000000;kvar;4
9204;4;28932;F32;;40#PV - Phase B AC Reactive Power;;0.100000;0.000000;kvar;4
9205;4;28934;F32;;40#PV - Phase C AC Reactive Power;;0.100000;0.000000;kvar;4
9206;4;28936;F32;;40#PV - Phase A AC Apparent Power;;0.100000;0.000000;kVA;4
9207;4;28938;F32;;40#PV - Phase B AC Apparent Power;;0.100000;0.000000;kVA;4
9208;4;28940;F32;;40#PV - Phase C AC Apparent Power;;0.100000;0.000000;kVA;4
9209;4;28942;F32;;40#PV - Phase A AC Power Factor;;0.010000;0.000000;;4
9210;4;28944;F32;;40#PV - Phase B AC Power Factor;;0.010000;0.000000;;4
9211;4;28946;F32;;40#PV - Phase C AC Power Factor;;0.010000;0.000000;;4
9212;4;28948;F32;;40#PV - IGBT Module Temperature;;0.100000;0.000000;°C;4
9213;4;28950;F32;;40#PV - Ambient Temperature;;0.100000;0.000000;°C;4
9214;4;28952;F32;;40#PV - Total  AC Charging Energy;;0.100000;0.000000;kWh;4
9215;4;28954;F32;;40#PV - Total AC Discharging Energy;;0.100000;0.000000;kWh;4
9216;4;28956;F32;;40#PV - Daily AC Charging Energy;;0.100000;0.000000;kWh;4
9217;4;28958;F32;;40#PV - Daily AC Discharging Energy;;0.100000;0.000000;kWh;4
9218;4;28960;U32;;40#PV - Number of branches;;1.000000;0.000000;;4
9219;4;28962;F32;;40#PV - Branch 1 DC Power;;0.100000;0.000000;kW;4
9220;4;28964;F32;;40#PV - Branch 1 DC Voltage;;0.100000;0.000000;V;4
9221;4;28966;F32;;40#PV - Branch 1 DC Current;;0.100000;0.000000;A;4
9222;4;28968;F32;;40#PV - Branch 2~n DC Power;;0.100000;0.000000;kW;4
9223;4;28970;F32;;40#PV - Branch 2~n DC Voltage;;0.100000;0.000000;V;4
9224;4;28972;F32;;40#PV - Branch 2~n DC Current;;0.100000;0.000000;A;4
9225;4;29000;U16;;41#PV - Operating Status;;1.000000;0.000000;;9
9226;4;29001;U16;;41#PV - Reserve;;1.000000;0.000000;;0
9227;4;29002;F32;;41#PV - AC Phase A Voltage;;0.100000;0.000000;V;4
9228;4;29004;F32;;41#PV - AC Phase B Voltage;;0.100000;0.000000;V;4
9229;4;29006;F32;;41#PV - AC Phase C Voltage;;0.100000;0.000000;V;4
9230;4;29008;F32;;41#PV - AC Phase A Current;;0.100000;0.000000;A;4
9231;4;29010;F32;;41#PV - AC Phase B Current;;0.100000;0.000000;A;4
9232;4;29012;F32;;41#PV - AC Phase C Current;;0.100000;0.000000;A;4
9233;4;29014;F32;;41#PV - AC Frequency;;0.010000;0.000000;Hz;4
9234;4;29016;F32;;41#PV - Total AC Active Power;;0.100000;0.000000;kW;4
9235;4;29018;F32;;41#PV - Total AC Reactive Power;;0.100000;0.000000;kvar;4
9236;4;29020;F32;;41#PV - Total AC Apparent Power;;0.100000;0.000000;kvar;4
9237;4;29022;F32;;41#PV - Total AC Power Factor;;0.010000;0.000000;;4
9238;4;29024;F32;;41#PV - Phase A AC Active Power;;0.100000;0.000000;kW;4
9239;4;29026;F32;;41#PV - Phase B AC Active Power;;0.100000;0.000000;kW;4
9240;4;29028;F32;;41#PV - Phase C AC Active Power;;0.100000;0.000000;kW;4
9241;4;29030;F32;;41#PV - Phase A AC Reactive Power;;0.100000;0.000000;kvar;4
9242;4;29032;F32;;41#PV - Phase B AC Reactive Power;;0.100000;0.000000;kvar;4
9243;4;29034;F32;;41#PV - Phase C AC Reactive Power;;0.100000;0.000000;kvar;4
9244;4;29036;F32;;41#PV - Phase A AC Apparent Power;;0.100000;0.000000;kVA;4
9245;4;29038;F32;;41#PV - Phase B AC Apparent Power;;0.100000;0.000000;kVA;4
9246;4;29040;F32;;41#PV - Phase C AC Apparent Power;;0.100000;0.000000;kVA;4
9247;4;29042;F32;;41#PV - Phase A AC Power Factor;;0.010000;0.000000;;4
9248;4;29044;F32;;41#PV - Phase B AC Power Factor;;0.010000;0.000000;;4
9249;4;29046;F32;;41#PV - Phase C AC Power Factor;;0.010000;0.000000;;4
9250;4;29048;F32;;41#PV - IGBT Module Temperature;;0.100000;0.000000;°C;4
9251;4;29050;F32;;41#PV - Ambient Temperature;;0.100000;0.000000;°C;4
9252;4;29052;F32;;41#PV - Total  AC Charging Energy;;0.100000;0.000000;kWh;4
9253;4;29054;F32;;41#PV - Total AC Discharging Energy;;0.100000;0.000000;kWh;4
9254;4;29056;F32;;41#PV - Daily AC Charging Energy;;0.100000;0.000000;kWh;4
9255;4;29058;F32;;41#PV - Daily AC Discharging Energy;;0.100000;0.000000;kWh;4
9256;4;29060;U32;;41#PV - Number of branches;;1.000000;0.000000;;4
9257;4;29062;F32;;41#PV - Branch 1 DC Power;;0.100000;0.000000;kW;4
9258;4;29064;F32;;41#PV - Branch 1 DC Voltage;;0.100000;0.000000;V;4
9259;4;29066;F32;;41#PV - Branch 1 DC Current;;0.100000;0.000000;A;4
9260;4;29068;F32;;41#PV - Branch 2~n DC Power;;0.100000;0.000000;kW;4
9261;4;29070;F32;;41#PV - Branch 2~n DC Voltage;;0.100000;0.000000;V;4
9262;4;29072;F32;;41#PV - Branch 2~n DC Current;;0.100000;0.000000;A;4
9263;4;29100;U16;;42#PV - Operating Status;;1.000000;0.000000;;9
9264;4;29101;U16;;42#PV - Reserve;;1.000000;0.000000;;0
9265;4;29102;F32;;42#PV - AC Phase A Voltage;;0.100000;0.000000;V;4
9266;4;29104;F32;;42#PV - AC Phase B Voltage;;0.100000;0.000000;V;4
9267;4;29106;F32;;42#PV - AC Phase C Voltage;;0.100000;0.000000;V;4
9268;4;29108;F32;;42#PV - AC Phase A Current;;0.100000;0.000000;A;4
9269;4;29110;F32;;42#PV - AC Phase B Current;;0.100000;0.000000;A;4
9270;4;29112;F32;;42#PV - AC Phase C Current;;0.100000;0.000000;A;4
9271;4;29114;F32;;42#PV - AC Frequency;;0.010000;0.000000;Hz;4
9272;4;29116;F32;;42#PV - Total AC Active Power;;0.100000;0.000000;kW;4
9273;4;29118;F32;;42#PV - Total AC Reactive Power;;0.100000;0.000000;kvar;4
9274;4;29120;F32;;42#PV - Total AC Apparent Power;;0.100000;0.000000;kvar;4
9275;4;29122;F32;;42#PV - Total AC Power Factor;;0.010000;0.000000;;4
9276;4;29124;F32;;42#PV - Phase A AC Active Power;;0.100000;0.000000;kW;4
9277;4;29126;F32;;42#PV - Phase B AC Active Power;;0.100000;0.000000;kW;4
9278;4;29128;F32;;42#PV - Phase C AC Active Power;;0.100000;0.000000;kW;4
9279;4;29130;F32;;42#PV - Phase A AC Reactive Power;;0.100000;0.000000;kvar;4
9280;4;29132;F32;;42#PV - Phase B AC Reactive Power;;0.100000;0.000000;kvar;4
9281;4;29134;F32;;42#PV - Phase C AC Reactive Power;;0.100000;0.000000;kvar;4
9282;4;29136;F32;;42#PV - Phase A AC Apparent Power;;0.100000;0.000000;kVA;4
9283;4;29138;F32;;42#PV - Phase B AC Apparent Power;;0.100000;0.000000;kVA;4
9284;4;29140;F32;;42#PV - Phase C AC Apparent Power;;0.100000;0.000000;kVA;4
9285;4;29142;F32;;42#PV - Phase A AC Power Factor;;0.010000;0.000000;;4
9286;4;29144;F32;;42#PV - Phase B AC Power Factor;;0.010000;0.000000;;4
9287;4;29146;F32;;42#PV - Phase C AC Power Factor;;0.010000;0.000000;;4
9288;4;29148;F32;;42#PV - IGBT Module Temperature;;0.100000;0.000000;°C;4
9289;4;29150;F32;;42#PV - Ambient Temperature;;0.100000;0.000000;°C;4
9290;4;29152;F32;;42#PV - Total  AC Charging Energy;;0.100000;0.000000;kWh;4
9291;4;29154;F32;;42#PV - Total AC Discharging Energy;;0.100000;0.000000;kWh;4
9292;4;29156;F32;;42#PV - Daily AC Charging Energy;;0.100000;0.000000;kWh;4
9293;4;29158;F32;;42#PV - Daily AC Discharging Energy;;0.100000;0.000000;kWh;4
9294;4;29160;U32;;42#PV - Number of branches;;1.000000;0.000000;;4
9295;4;29162;F32;;42#PV - Branch 1 DC Power;;0.100000;0.000000;kW;4
9296;4;29164;F32;;42#PV - Branch 1 DC Voltage;;0.100000;0.000000;V;4
9297;4;29166;F32;;42#PV - Branch 1 DC Current;;0.100000;0.000000;A;4
9298;4;29168;F32;;42#PV - Branch 2~n DC Power;;0.100000;0.000000;kW;4
9299;4;29170;F32;;42#PV - Branch 2~n DC Voltage;;0.100000;0.000000;V;4
9300;4;29172;F32;;42#PV - Branch 2~n DC Current;;0.100000;0.000000;A;4
9301;4;29200;U16;;43#PV - Operating Status;;1.000000;0.000000;;9
9302;4;29201;U16;;43#PV - Reserve;;1.000000;0.000000;;0
9303;4;29202;F32;;43#PV - AC Phase A Voltage;;0.100000;0.000000;V;4
9304;4;29204;F32;;43#PV - AC Phase B Voltage;;0.100000;0.000000;V;4
9305;4;29206;F32;;43#PV - AC Phase C Voltage;;0.100000;0.000000;V;4
9306;4;29208;F32;;43#PV - AC Phase A Current;;0.100000;0.000000;A;4
9307;4;29210;F32;;43#PV - AC Phase B Current;;0.100000;0.000000;A;4
9308;4;29212;F32;;43#PV - AC Phase C Current;;0.100000;0.000000;A;4
9309;4;29214;F32;;43#PV - AC Frequency;;0.010000;0.000000;Hz;4
9310;4;29216;F32;;43#PV - Total AC Active Power;;0.100000;0.000000;kW;4
9311;4;29218;F32;;43#PV - Total AC Reactive Power;;0.100000;0.000000;kvar;4
9312;4;29220;F32;;43#PV - Total AC Apparent Power;;0.100000;0.000000;kvar;4
9313;4;29222;F32;;43#PV - Total AC Power Factor;;0.010000;0.000000;;4
9314;4;29224;F32;;43#PV - Phase A AC Active Power;;0.100000;0.000000;kW;4
9315;4;29226;F32;;43#PV - Phase B AC Active Power;;0.100000;0.000000;kW;4
9316;4;29228;F32;;43#PV - Phase C AC Active Power;;0.100000;0.000000;kW;4
9317;4;29230;F32;;43#PV - Phase A AC Reactive Power;;0.100000;0.000000;kvar;4
9318;4;29232;F32;;43#PV - Phase B AC Reactive Power;;0.100000;0.000000;kvar;4
9319;4;29234;F32;;43#PV - Phase C AC Reactive Power;;0.100000;0.000000;kvar;4
9320;4;29236;F32;;43#PV - Phase A AC Apparent Power;;0.100000;0.000000;kVA;4
9321;4;29238;F32;;43#PV - Phase B AC Apparent Power;;0.100000;0.000000;kVA;4
9322;4;29240;F32;;43#PV - Phase C AC Apparent Power;;0.100000;0.000000;kVA;4
9323;4;29242;F32;;43#PV - Phase A AC Power Factor;;0.010000;0.000000;;4
9324;4;29244;F32;;43#PV - Phase B AC Power Factor;;0.010000;0.000000;;4
9325;4;29246;F32;;43#PV - Phase C AC Power Factor;;0.010000;0.000000;;4
9326;4;29248;F32;;43#PV - IGBT Module Temperature;;0.100000;0.000000;°C;4
9327;4;29250;F32;;43#PV - Ambient Temperature;;0.100000;0.000000;°C;4
9328;4;29252;F32;;43#PV - Total  AC Charging Energy;;0.100000;0.000000;kWh;4
9329;4;29254;F32;;43#PV - Total AC Discharging Energy;;0.100000;0.000000;kWh;4
9330;4;29256;F32;;43#PV - Daily AC Charging Energy;;0.100000;0.000000;kWh;4
9331;4;29258;F32;;43#PV - Daily AC Discharging Energy;;0.100000;0.000000;kWh;4
9332;4;29260;U32;;43#PV - Number of branches;;1.000000;0.000000;;4
9333;4;29262;F32;;43#PV - Branch 1 DC Power;;0.100000;0.000000;kW;4
9334;4;29264;F32;;43#PV - Branch 1 DC Voltage;;0.100000;0.000000;V;4
9335;4;29266;F32;;43#PV - Branch 1 DC Current;;0.100000;0.000000;A;4
9336;4;29268;F32;;43#PV - Branch 2~n DC Power;;0.100000;0.000000;kW;4
9337;4;29270;F32;;43#PV - Branch 2~n DC Voltage;;0.100000;0.000000;V;4
9338;4;29272;F32;;43#PV - Branch 2~n DC Current;;0.100000;0.000000;A;4
9339;4;29300;U16;;44#PV - Operating Status;;1.000000;0.000000;;9
9340;4;29301;U16;;44#PV - Reserve;;1.000000;0.000000;;0
9341;4;29302;F32;;44#PV - AC Phase A Voltage;;0.100000;0.000000;V;4
9342;4;29304;F32;;44#PV - AC Phase B Voltage;;0.100000;0.000000;V;4
9343;4;29306;F32;;44#PV - AC Phase C Voltage;;0.100000;0.000000;V;4
9344;4;29308;F32;;44#PV - AC Phase A Current;;0.100000;0.000000;A;4
9345;4;29310;F32;;44#PV - AC Phase B Current;;0.100000;0.000000;A;4
9346;4;29312;F32;;44#PV - AC Phase C Current;;0.100000;0.000000;A;4
9347;4;29314;F32;;44#PV - AC Frequency;;0.010000;0.000000;Hz;4
9348;4;29316;F32;;44#PV - Total AC Active Power;;0.100000;0.000000;kW;4
9349;4;29318;F32;;44#PV - Total AC Reactive Power;;0.100000;0.000000;kvar;4
9350;4;29320;F32;;44#PV - Total AC Apparent Power;;0.100000;0.000000;kvar;4
9351;4;29322;F32;;44#PV - Total AC Power Factor;;0.010000;0.000000;;4
9352;4;29324;F32;;44#PV - Phase A AC Active Power;;0.100000;0.000000;kW;4
9353;4;29326;F32;;44#PV - Phase B AC Active Power;;0.100000;0.000000;kW;4
9354;4;29328;F32;;44#PV - Phase C AC Active Power;;0.100000;0.000000;kW;4
9355;4;29330;F32;;44#PV - Phase A AC Reactive Power;;0.100000;0.000000;kvar;4
9356;4;29332;F32;;44#PV - Phase B AC Reactive Power;;0.100000;0.000000;kvar;4
9357;4;29334;F32;;44#PV - Phase C AC Reactive Power;;0.100000;0.000000;kvar;4
9358;4;29336;F32;;44#PV - Phase A AC Apparent Power;;0.100000;0.000000;kVA;4
9359;4;29338;F32;;44#PV - Phase B AC Apparent Power;;0.100000;0.000000;kVA;4
9360;4;29340;F32;;44#PV - Phase C AC Apparent Power;;0.100000;0.000000;kVA;4
9361;4;29342;F32;;44#PV - Phase A AC Power Factor;;0.010000;0.000000;;4
9362;4;29344;F32;;44#PV - Phase B AC Power Factor;;0.010000;0.000000;;4
9363;4;29346;F32;;44#PV - Phase C AC Power Factor;;0.010000;0.000000;;4
9364;4;29348;F32;;44#PV - IGBT Module Temperature;;0.100000;0.000000;°C;4
9365;4;29350;F32;;44#PV - Ambient Temperature;;0.100000;0.000000;°C;4
9366;4;29352;F32;;44#PV - Total  AC Charging Energy;;0.100000;0.000000;kWh;4
9367;4;29354;F32;;44#PV - Total AC Discharging Energy;;0.100000;0.000000;kWh;4
9368;4;29356;F32;;44#PV - Daily AC Charging Energy;;0.100000;0.000000;kWh;4
9369;4;29358;F32;;44#PV - Daily AC Discharging Energy;;0.100000;0.000000;kWh;4
9370;4;29360;U32;;44#PV - Number of branches;;1.000000;0.000000;;4
9371;4;29362;F32;;44#PV - Branch 1 DC Power;;0.100000;0.000000;kW;4
9372;4;29364;F32;;44#PV - Branch 1 DC Voltage;;0.100000;0.000000;V;4
9373;4;29366;F32;;44#PV - Branch 1 DC Current;;0.100000;0.000000;A;4
9374;4;29368;F32;;44#PV - Branch 2~n DC Power;;0.100000;0.000000;kW;4
9375;4;29370;F32;;44#PV - Branch 2~n DC Voltage;;0.100000;0.000000;V;4
9376;4;29372;F32;;44#PV - Branch 2~n DC Current;;0.100000;0.000000;A;4
9377;4;29400;U16;;45#PV - Operating Status;;1.000000;0.000000;;9
9378;4;29401;U16;;45#PV - Reserve;;1.000000;0.000000;;0
9379;4;29402;F32;;45#PV - AC Phase A Voltage;;0.100000;0.000000;V;4
9380;4;29404;F32;;45#PV - AC Phase B Voltage;;0.100000;0.000000;V;4
9381;4;29406;F32;;45#PV - AC Phase C Voltage;;0.100000;0.000000;V;4
9382;4;29408;F32;;45#PV - AC Phase A Current;;0.100000;0.000000;A;4
9383;4;29410;F32;;45#PV - AC Phase B Current;;0.100000;0.000000;A;4
9384;4;29412;F32;;45#PV - AC Phase C Current;;0.100000;0.000000;A;4
9385;4;29414;F32;;45#PV - AC Frequency;;0.010000;0.000000;Hz;4
9386;4;29416;F32;;45#PV - Total AC Active Power;;0.100000;0.000000;kW;4
9387;4;29418;F32;;45#PV - Total AC Reactive Power;;0.100000;0.000000;kvar;4
9388;4;29420;F32;;45#PV - Total AC Apparent Power;;0.100000;0.000000;kvar;4
9389;4;29422;F32;;45#PV - Total AC Power Factor;;0.010000;0.000000;;4
9390;4;29424;F32;;45#PV - Phase A AC Active Power;;0.100000;0.000000;kW;4
9391;4;29426;F32;;45#PV - Phase B AC Active Power;;0.100000;0.000000;kW;4
9392;4;29428;F32;;45#PV - Phase C AC Active Power;;0.100000;0.000000;kW;4
9393;4;29430;F32;;45#PV - Phase A AC Reactive Power;;0.100000;0.000000;kvar;4
9394;4;29432;F32;;45#PV - Phase B AC Reactive Power;;0.100000;0.000000;kvar;4
9395;4;29434;F32;;45#PV - Phase C AC Reactive Power;;0.100000;0.000000;kvar;4
9396;4;29436;F32;;45#PV - Phase A AC Apparent Power;;0.100000;0.000000;kVA;4
9397;4;29438;F32;;45#PV - Phase B AC Apparent Power;;0.100000;0.000000;kVA;4
9398;4;29440;F32;;45#PV - Phase C AC Apparent Power;;0.100000;0.000000;kVA;4
9399;4;29442;F32;;45#PV - Phase A AC Power Factor;;0.010000;0.000000;;4
9400;4;29444;F32;;45#PV - Phase B AC Power Factor;;0.010000;0.000000;;4
9401;4;29446;F32;;45#PV - Phase C AC Power Factor;;0.010000;0.000000;;4
9402;4;29448;F32;;45#PV - IGBT Module Temperature;;0.100000;0.000000;°C;4
9403;4;29450;F32;;45#PV - Ambient Temperature;;0.100000;0.000000;°C;4
9404;4;29452;F32;;45#PV - Total  AC Charging Energy;;0.100000;0.000000;kWh;4
9405;4;29454;F32;;45#PV - Total AC Discharging Energy;;0.100000;0.000000;kWh;4
9406;4;29456;F32;;45#PV - Daily AC Charging Energy;;0.100000;0.000000;kWh;4
9407;4;29458;F32;;45#PV - Daily AC Discharging Energy;;0.100000;0.000000;kWh;4
9408;4;29460;U32;;45#PV - Number of branches;;1.000000;0.000000;;4
9409;4;29462;F32;;45#PV - Branch 1 DC Power;;0.100000;0.000000;kW;4
9410;4;29464;F32;;45#PV - Branch 1 DC Voltage;;0.100000;0.000000;V;4
9411;4;29466;F32;;45#PV - Branch 1 DC Current;;0.100000;0.000000;A;4
9412;4;29468;F32;;45#PV - Branch 2~n DC Power;;0.100000;0.000000;kW;4
9413;4;29470;F32;;45#PV - Branch 2~n DC Voltage;;0.100000;0.000000;V;4
9414;4;29472;F32;;45#PV - Branch 2~n DC Current;;0.100000;0.000000;A;4
9415;4;29500;U16;;46#PV - Operating Status;;1.000000;0.000000;;9
9416;4;29501;U16;;46#PV - Reserve;;1.000000;0.000000;;0
9417;4;29502;F32;;46#PV - AC Phase A Voltage;;0.100000;0.000000;V;4
9418;4;29504;F32;;46#PV - AC Phase B Voltage;;0.100000;0.000000;V;4
9419;4;29506;F32;;46#PV - AC Phase C Voltage;;0.100000;0.000000;V;4
9420;4;29508;F32;;46#PV - AC Phase A Current;;0.100000;0.000000;A;4
9421;4;29510;F32;;46#PV - AC Phase B Current;;0.100000;0.000000;A;4
9422;4;29512;F32;;46#PV - AC Phase C Current;;0.100000;0.000000;A;4
9423;4;29514;F32;;46#PV - AC Frequency;;0.010000;0.000000;Hz;4
9424;4;29516;F32;;46#PV - Total AC Active Power;;0.100000;0.000000;kW;4
9425;4;29518;F32;;46#PV - Total AC Reactive Power;;0.100000;0.000000;kvar;4
9426;4;29520;F32;;46#PV - Total AC Apparent Power;;0.100000;0.000000;kvar;4
9427;4;29522;F32;;46#PV - Total AC Power Factor;;0.010000;0.000000;;4
9428;4;29524;F32;;46#PV - Phase A AC Active Power;;0.100000;0.000000;kW;4
9429;4;29526;F32;;46#PV - Phase B AC Active Power;;0.100000;0.000000;kW;4
9430;4;29528;F32;;46#PV - Phase C AC Active Power;;0.100000;0.000000;kW;4
9431;4;29530;F32;;46#PV - Phase A AC Reactive Power;;0.100000;0.000000;kvar;4
9432;4;29532;F32;;46#PV - Phase B AC Reactive Power;;0.100000;0.000000;kvar;4
9433;4;29534;F32;;46#PV - Phase C AC Reactive Power;;0.100000;0.000000;kvar;4
9434;4;29536;F32;;46#PV - Phase A AC Apparent Power;;0.100000;0.000000;kVA;4
9435;4;29538;F32;;46#PV - Phase B AC Apparent Power;;0.100000;0.000000;kVA;4
9436;4;29540;F32;;46#PV - Phase C AC Apparent Power;;0.100000;0.000000;kVA;4
9437;4;29542;F32;;46#PV - Phase A AC Power Factor;;0.010000;0.000000;;4
9438;4;29544;F32;;46#PV - Phase B AC Power Factor;;0.010000;0.000000;;4
9439;4;29546;F32;;46#PV - Phase C AC Power Factor;;0.010000;0.000000;;4
9440;4;29548;F32;;46#PV - IGBT Module Temperature;;0.100000;0.000000;°C;4
9441;4;29550;F32;;46#PV - Ambient Temperature;;0.100000;0.000000;°C;4
9442;4;29552;F32;;46#PV - Total  AC Charging Energy;;0.100000;0.000000;kWh;4
9443;4;29554;F32;;46#PV - Total AC Discharging Energy;;0.100000;0.000000;kWh;4
9444;4;29556;F32;;46#PV - Daily AC Charging Energy;;0.100000;0.000000;kWh;4
9445;4;29558;F32;;46#PV - Daily AC Discharging Energy;;0.100000;0.000000;kWh;4
9446;4;29560;U32;;46#PV - Number of branches;;1.000000;0.000000;;4
9447;4;29562;F32;;46#PV - Branch 1 DC Power;;0.100000;0.000000;kW;4
9448;4;29564;F32;;46#PV - Branch 1 DC Voltage;;0.100000;0.000000;V;4
9449;4;29566;F32;;46#PV - Branch 1 DC Current;;0.100000;0.000000;A;4
9450;4;29568;F32;;46#PV - Branch 2~n DC Power;;0.100000;0.000000;kW;4
9451;4;29570;F32;;46#PV - Branch 2~n DC Voltage;;0.100000;0.000000;V;4
9452;4;29572;F32;;46#PV - Branch 2~n DC Current;;0.100000;0.000000;A;4
9453;4;29600;U16;;47#PV - Operating Status;;1.000000;0.000000;;9
9454;4;29601;U16;;47#PV - Reserve;;1.000000;0.000000;;0
9455;4;29602;F32;;47#PV - AC Phase A Voltage;;0.100000;0.000000;V;4
9456;4;29604;F32;;47#PV - AC Phase B Voltage;;0.100000;0.000000;V;4
9457;4;29606;F32;;47#PV - AC Phase C Voltage;;0.100000;0.000000;V;4
9458;4;29608;F32;;47#PV - AC Phase A Current;;0.100000;0.000000;A;4
9459;4;29610;F32;;47#PV - AC Phase B Current;;0.100000;0.000000;A;4
9460;4;29612;F32;;47#PV - AC Phase C Current;;0.100000;0.000000;A;4
9461;4;29614;F32;;47#PV - AC Frequency;;0.010000;0.000000;Hz;4
9462;4;29616;F32;;47#PV - Total AC Active Power;;0.100000;0.000000;kW;4
9463;4;29618;F32;;47#PV - Total AC Reactive Power;;0.100000;0.000000;kvar;4
9464;4;29620;F32;;47#PV - Total AC Apparent Power;;0.100000;0.000000;kvar;4
9465;4;29622;F32;;47#PV - Total AC Power Factor;;0.010000;0.000000;;4
9466;4;29624;F32;;47#PV - Phase A AC Active Power;;0.100000;0.000000;kW;4
9467;4;29626;F32;;47#PV - Phase B AC Active Power;;0.100000;0.000000;kW;4
9468;4;29628;F32;;47#PV - Phase C AC Active Power;;0.100000;0.000000;kW;4
9469;4;29630;F32;;47#PV - Phase A AC Reactive Power;;0.100000;0.000000;kvar;4
9470;4;29632;F32;;47#PV - Phase B AC Reactive Power;;0.100000;0.000000;kvar;4
9471;4;29634;F32;;47#PV - Phase C AC Reactive Power;;0.100000;0.000000;kvar;4
9472;4;29636;F32;;47#PV - Phase A AC Apparent Power;;0.100000;0.000000;kVA;4
9473;4;29638;F32;;47#PV - Phase B AC Apparent Power;;0.100000;0.000000;kVA;4
9474;4;29640;F32;;47#PV - Phase C AC Apparent Power;;0.100000;0.000000;kVA;4
9475;4;29642;F32;;47#PV - Phase A AC Power Factor;;0.010000;0.000000;;4
9476;4;29644;F32;;47#PV - Phase B AC Power Factor;;0.010000;0.000000;;4
9477;4;29646;F32;;47#PV - Phase C AC Power Factor;;0.010000;0.000000;;4
9478;4;29648;F32;;47#PV - IGBT Module Temperature;;0.100000;0.000000;°C;4
9479;4;29650;F32;;47#PV - Ambient Temperature;;0.100000;0.000000;°C;4
9480;4;29652;F32;;47#PV - Total  AC Charging Energy;;0.100000;0.000000;kWh;4
9481;4;29654;F32;;47#PV - Total AC Discharging Energy;;0.100000;0.000000;kWh;4
9482;4;29656;F32;;47#PV - Daily AC Charging Energy;;0.100000;0.000000;kWh;4
9483;4;29658;F32;;47#PV - Daily AC Discharging Energy;;0.100000;0.000000;kWh;4
9484;4;29660;U32;;47#PV - Number of branches;;1.000000;0.000000;;4
9485;4;29662;F32;;47#PV - Branch 1 DC Power;;0.100000;0.000000;kW;4
9486;4;29664;F32;;47#PV - Branch 1 DC Voltage;;0.100000;0.000000;V;4
9487;4;29666;F32;;47#PV - Branch 1 DC Current;;0.100000;0.000000;A;4
9488;4;29668;F32;;47#PV - Branch 2~n DC Power;;0.100000;0.000000;kW;4
9489;4;29670;F32;;47#PV - Branch 2~n DC Voltage;;0.100000;0.000000;V;4
9490;4;29672;F32;;47#PV - Branch 2~n DC Current;;0.100000;0.000000;A;4
9491;4;29700;U16;;48#PV - Operating Status;;1.000000;0.000000;;9
9492;4;29701;U16;;48#PV - Reserve;;1.000000;0.000000;;0
9493;4;29702;F32;;48#PV - AC Phase A Voltage;;0.100000;0.000000;V;4
9494;4;29704;F32;;48#PV - AC Phase B Voltage;;0.100000;0.000000;V;4
9495;4;29706;F32;;48#PV - AC Phase C Voltage;;0.100000;0.000000;V;4
9496;4;29708;F32;;48#PV - AC Phase A Current;;0.100000;0.000000;A;4
9497;4;29710;F32;;48#PV - AC Phase B Current;;0.100000;0.000000;A;4
9498;4;29712;F32;;48#PV - AC Phase C Current;;0.100000;0.000000;A;4
9499;4;29714;F32;;48#PV - AC Frequency;;0.010000;0.000000;Hz;4
9500;4;29716;F32;;48#PV - Total AC Active Power;;0.100000;0.000000;kW;4
9501;4;29718;F32;;48#PV - Total AC Reactive Power;;0.100000;0.000000;kvar;4
9502;4;29720;F32;;48#PV - Total AC Apparent Power;;0.100000;0.000000;kvar;4
9503;4;29722;F32;;48#PV - Total AC Power Factor;;0.010000;0.000000;;4
9504;4;29724;F32;;48#PV - Phase A AC Active Power;;0.100000;0.000000;kW;4
9505;4;29726;F32;;48#PV - Phase B AC Active Power;;0.100000;0.000000;kW;4
9506;4;29728;F32;;48#PV - Phase C AC Active Power;;0.100000;0.000000;kW;4
9507;4;29730;F32;;48#PV - Phase A AC Reactive Power;;0.100000;0.000000;kvar;4
9508;4;29732;F32;;48#PV - Phase B AC Reactive Power;;0.100000;0.000000;kvar;4
9509;4;29734;F32;;48#PV - Phase C AC Reactive Power;;0.100000;0.000000;kvar;4
9510;4;29736;F32;;48#PV - Phase A AC Apparent Power;;0.100000;0.000000;kVA;4
9511;4;29738;F32;;48#PV - Phase B AC Apparent Power;;0.100000;0.000000;kVA;4
9512;4;29740;F32;;48#PV - Phase C AC Apparent Power;;0.100000;0.000000;kVA;4
9513;4;29742;F32;;48#PV - Phase A AC Power Factor;;0.010000;0.000000;;4
9514;4;29744;F32;;48#PV - Phase B AC Power Factor;;0.010000;0.000000;;4
9515;4;29746;F32;;48#PV - Phase C AC Power Factor;;0.010000;0.000000;;4
9516;4;29748;F32;;48#PV - IGBT Module Temperature;;0.100000;0.000000;°C;4
9517;4;29750;F32;;48#PV - Ambient Temperature;;0.100000;0.000000;°C;4
9518;4;29752;F32;;48#PV - Total  AC Charging Energy;;0.100000;0.000000;kWh;4
9519;4;29754;F32;;48#PV - Total AC Discharging Energy;;0.100000;0.000000;kWh;4
9520;4;29756;F32;;48#PV - Daily AC Charging Energy;;0.100000;0.000000;kWh;4
9521;4;29758;F32;;48#PV - Daily AC Discharging Energy;;0.100000;0.000000;kWh;4
9522;4;29760;U32;;48#PV - Number of branches;;1.000000;0.000000;;4
9523;4;29762;F32;;48#PV - Branch 1 DC Power;;0.100000;0.000000;kW;4
9524;4;29764;F32;;48#PV - Branch 1 DC Voltage;;0.100000;0.000000;V;4
9525;4;29766;F32;;48#PV - Branch 1 DC Current;;0.100000;0.000000;A;4
9526;4;29768;F32;;48#PV - Branch 2~n DC Power;;0.100000;0.000000;kW;4
9527;4;29770;F32;;48#PV - Branch 2~n DC Voltage;;0.100000;0.000000;V;4
9528;4;29772;F32;;48#PV - Branch 2~n DC Current;;0.100000;0.000000;A;4
9529;4;29800;U16;;49#PV - Operating Status;;1.000000;0.000000;;9
9530;4;29801;U16;;49#PV - Reserve;;1.000000;0.000000;;0
9531;4;29802;F32;;49#PV - AC Phase A Voltage;;0.100000;0.000000;V;4
9532;4;29804;F32;;49#PV - AC Phase B Voltage;;0.100000;0.000000;V;4
9533;4;29806;F32;;49#PV - AC Phase C Voltage;;0.100000;0.000000;V;4
9534;4;29808;F32;;49#PV - AC Phase A Current;;0.100000;0.000000;A;4
9535;4;29810;F32;;49#PV - AC Phase B Current;;0.100000;0.000000;A;4
9536;4;29812;F32;;49#PV - AC Phase C Current;;0.100000;0.000000;A;4
9537;4;29814;F32;;49#PV - AC Frequency;;0.010000;0.000000;Hz;4
9538;4;29816;F32;;49#PV - Total AC Active Power;;0.100000;0.000000;kW;4
9539;4;29818;F32;;49#PV - Total AC Reactive Power;;0.100000;0.000000;kvar;4
9540;4;29820;F32;;49#PV - Total AC Apparent Power;;0.100000;0.000000;kvar;4
9541;4;29822;F32;;49#PV - Total AC Power Factor;;0.010000;0.000000;;4
9542;4;29824;F32;;49#PV - Phase A AC Active Power;;0.100000;0.000000;kW;4
9543;4;29826;F32;;49#PV - Phase B AC Active Power;;0.100000;0.000000;kW;4
9544;4;29828;F32;;49#PV - Phase C AC Active Power;;0.100000;0.000000;kW;4
9545;4;29830;F32;;49#PV - Phase A AC Reactive Power;;0.100000;0.000000;kvar;4
9546;4;29832;F32;;49#PV - Phase B AC Reactive Power;;0.100000;0.000000;kvar;4
9547;4;29834;F32;;49#PV - Phase C AC Reactive Power;;0.100000;0.000000;kvar;4
9548;4;29836;F32;;49#PV - Phase A AC Apparent Power;;0.100000;0.000000;kVA;4
9549;4;29838;F32;;49#PV - Phase B AC Apparent Power;;0.100000;0.000000;kVA;4
9550;4;29840;F32;;49#PV - Phase C AC Apparent Power;;0.100000;0.000000;kVA;4
9551;4;29842;F32;;49#PV - Phase A AC Power Factor;;0.010000;0.000000;;4
9552;4;29844;F32;;49#PV - Phase B AC Power Factor;;0.010000;0.000000;;4
9553;4;29846;F32;;49#PV - Phase C AC Power Factor;;0.010000;0.000000;;4
9554;4;29848;F32;;49#PV - IGBT Module Temperature;;0.100000;0.000000;°C;4
9555;4;29850;F32;;49#PV - Ambient Temperature;;0.100000;0.000000;°C;4
9556;4;29852;F32;;49#PV - Total  AC Charging Energy;;0.100000;0.000000;kWh;4
9557;4;29854;F32;;49#PV - Total AC Discharging Energy;;0.100000;0.000000;kWh;4
9558;4;29856;F32;;49#PV - Daily AC Charging Energy;;0.100000;0.000000;kWh;4
9559;4;29858;F32;;49#PV - Daily AC Discharging Energy;;0.100000;0.000000;kWh;4
9560;4;29860;U32;;49#PV - Number of branches;;1.000000;0.000000;;4
9561;4;29862;F32;;49#PV - Branch 1 DC Power;;0.100000;0.000000;kW;4
9562;4;29864;F32;;49#PV - Branch 1 DC Voltage;;0.100000;0.000000;V;4
9563;4;29866;F32;;49#PV - Branch 1 DC Current;;0.100000;0.000000;A;4
9564;4;29868;F32;;49#PV - Branch 2~n DC Power;;0.100000;0.000000;kW;4
9565;4;29870;F32;;49#PV - Branch 2~n DC Voltage;;0.100000;0.000000;V;4
9566;4;29872;F32;;49#PV - Branch 2~n DC Current;;0.100000;0.000000;A;4
9567;4;29900;U16;;50#PV - Operating Status;;1.000000;0.000000;;9
9568;4;29901;U16;;50#PV - Reserve;;1.000000;0.000000;;0
9569;4;29902;F32;;50#PV - AC Phase A Voltage;;0.100000;0.000000;V;4
9570;4;29904;F32;;50#PV - AC Phase B Voltage;;0.100000;0.000000;V;4
9571;4;29906;F32;;50#PV - AC Phase C Voltage;;0.100000;0.000000;V;4
9572;4;29908;F32;;50#PV - AC Phase A Current;;0.100000;0.000000;A;4
9573;4;29910;F32;;50#PV - AC Phase B Current;;0.100000;0.000000;A;4
9574;4;29912;F32;;50#PV - AC Phase C Current;;0.100000;0.000000;A;4
9575;4;29914;F32;;50#PV - AC Frequency;;0.010000;0.000000;Hz;4
9576;4;29916;F32;;50#PV - Total AC Active Power;;0.100000;0.000000;kW;4
9577;4;29918;F32;;50#PV - Total AC Reactive Power;;0.100000;0.000000;kvar;4
9578;4;29920;F32;;50#PV - Total AC Apparent Power;;0.100000;0.000000;kvar;4
9579;4;29922;F32;;50#PV - Total AC Power Factor;;0.010000;0.000000;;4
9580;4;29924;F32;;50#PV - Phase A AC Active Power;;0.100000;0.000000;kW;4
9581;4;29926;F32;;50#PV - Phase B AC Active Power;;0.100000;0.000000;kW;4
9582;4;29928;F32;;50#PV - Phase C AC Active Power;;0.100000;0.000000;kW;4
9583;4;29930;F32;;50#PV - Phase A AC Reactive Power;;0.100000;0.000000;kvar;4
9584;4;29932;F32;;50#PV - Phase B AC Reactive Power;;0.100000;0.000000;kvar;4
9585;4;29934;F32;;50#PV - Phase C AC Reactive Power;;0.100000;0.000000;kvar;4
9586;4;29936;F32;;50#PV - Phase A AC Apparent Power;;0.100000;0.000000;kVA;4
9587;4;29938;F32;;50#PV - Phase B AC Apparent Power;;0.100000;0.000000;kVA;4
9588;4;29940;F32;;50#PV - Phase C AC Apparent Power;;0.100000;0.000000;kVA;4
9589;4;29942;F32;;50#PV - Phase A AC Power Factor;;0.010000;0.000000;;4
9590;4;29944;F32;;50#PV - Phase B AC Power Factor;;0.010000;0.000000;;4
9591;4;29946;F32;;50#PV - Phase C AC Power Factor;;0.010000;0.000000;;4
9592;4;29948;F32;;50#PV - IGBT Module Temperature;;0.100000;0.000000;°C;4
9593;4;29950;F32;;50#PV - Ambient Temperature;;0.100000;0.000000;°C;4
9594;4;29952;F32;;50#PV - Total  AC Charging Energy;;0.100000;0.000000;kWh;4
9595;4;29954;F32;;50#PV - Total AC Discharging Energy;;0.100000;0.000000;kWh;4
9596;4;29956;F32;;50#PV - Daily AC Charging Energy;;0.100000;0.000000;kWh;4
9597;4;29958;F32;;50#PV - Daily AC Discharging Energy;;0.100000;0.000000;kWh;4
9598;4;29960;U32;;50#PV - Number of branches;;1.000000;0.000000;;4
9599;4;29962;F32;;50#PV - Branch 1 DC Power;;0.100000;0.000000;kW;4
9600;4;29964;F32;;50#PV - Branch 1 DC Voltage;;0.100000;0.000000;V;4
9601;4;29966;F32;;50#PV - Branch 1 DC Current;;0.100000;0.000000;A;4
9602;4;29968;F32;;50#PV - Branch 2~n DC Power;;0.100000;0.000000;kW;4
9603;4;29970;F32;;50#PV - Branch 2~n DC Voltage;;0.100000;0.000000;V;4
9604;4;29972;F32;;50#PV - Branch 2~n DC Current;;0.100000;0.000000;A;4
9605;4;30000;U16;;1#Liquid Cooling - Operating Status;;1.000000;0.000000;;9
9606;4;30001;U16;;1#Liquid Cooling - Reserve;;1.000000;0.000000;;0
9607;4;30002;U16;;1#Liquid Cooling - Reserve;;1.000000;0.000000;;0
9608;4;30003;U16;;1#Liquid Cooling - Reserve;;1.000000;0.000000;;0
9609;4;30004;U16;;1#Liquid Cooling - Operating Mode;;1.000000;0.000000;;4
9610;4;30006;F32;;1#Liquid Cooling - Ambient Temperature;;0.100000;0.000000;°C;4
9611;4;30008;F32;;1#Liquid Cooling - Supply Water Temperature;;0.100000;0.000000;°C;4
9612;4;30010;F32;;1#Liquid Cooling - Inlet Water Temperature;;0.100000;0.000000;°C;4
9613;4;30012;F32;;1#Liquid Cooling - Supply Water Pressure;;1.000000;0.000000;;4
9614;4;30014;F32;;1#Liquid Cooling - Return Water Pressure;;1.000000;0.000000;;4
9615;4;30016;U16;;1#Liquid Cooling - Fan Operating Status;;1.000000;0.000000;;9
9616;4;30017;U16;;1#Liquid Cooling - Water Pump Operating Status;;1.000000;0.000000;;9
9617;4;30018;U16;;1#Liquid Cooling - Electric Heating Operating Status;;1.000000;0.000000;;9
9618;4;30019;U16;;1#Liquid Cooling - Refrigerant Operating Status;;1.000000;0.000000;;9
9619;4;30020;F32;;1#Liquid Cooling - Fan Output;;1.000000;0.000000;;4
9620;4;30022;F32;;1#Liquid Cooling - Water Pump Output;;1.000000;0.000000;;4
9621;4;30024;F32;;1#Liquid Cooling - Target Cooling Start Point;;0.100000;0.000000;°C;4
9622;4;30026;F32;;1#Liquid Cooling - Target Cooling Stop Point;;0.100000;0.000000;°C;4
9623;4;30028;F32;;1#Liquid Cooling - Target Heating Start Point;;0.100000;0.000000;°C;4
9624;4;30030;F32;;1#Liquid Cooling - Target Heating Stop Point;;0.100000;0.000000;°C;4
9625;4;30032;U16;;1#Liquid Cooling - EMS Control Mode Status;;1.000000;0.000000;;9
9626;4;30050;U16;;2#Liquid Cooling - Operating Status;;1.000000;0.000000;;9
9627;4;30051;U16;;2#Liquid Cooling - Reserve;;1.000000;0.000000;;0
9628;4;30052;U16;;2#Liquid Cooling - Reserve;;1.000000;0.000000;;0
9629;4;30053;U16;;2#Liquid Cooling - Reserve;;1.000000;0.000000;;0
9630;4;30054;U16;;2#Liquid Cooling - Operating Mode;;1.000000;0.000000;;4
9631;4;30056;F32;;2#Liquid Cooling - Ambient Temperature;;0.100000;0.000000;°C;4
9632;4;30058;F32;;2#Liquid Cooling - Supply Water Temperature;;0.100000;0.000000;°C;4
9633;4;30060;F32;;2#Liquid Cooling - Inlet Water Temperature;;0.100000;0.000000;°C;4
9634;4;30062;F32;;2#Liquid Cooling - Supply Water Pressure;;1.000000;0.000000;;4
9635;4;30064;F32;;2#Liquid Cooling - Return Water Pressure;;1.000000;0.000000;;4
9636;4;30066;U16;;2#Liquid Cooling - Fan Operating Status;;1.000000;0.000000;;9
9637;4;30067;U16;;2#Liquid Cooling - Water Pump Operating Status;;1.000000;0.000000;;9
9638;4;30068;U16;;2#Liquid Cooling - Electric Heating Operating Status;;1.000000;0.000000;;9
9639;4;30069;U16;;2#Liquid Cooling - Refrigerant Operating Status;;1.000000;0.000000;;9
9640;4;30070;F32;;2#Liquid Cooling - Fan Output;;1.000000;0.000000;;4
9641;4;30072;F32;;2#Liquid Cooling - Water Pump Output;;1.000000;0.000000;;4
9642;4;30074;F32;;2#Liquid Cooling - Target Cooling Start Point;;0.100000;0.000000;°C;4
9643;4;30076;F32;;2#Liquid Cooling - Target Cooling Stop Point;;0.100000;0.000000;°C;4
9644;4;30078;F32;;2#Liquid Cooling - Target Heating Start Point;;0.100000;0.000000;°C;4
9645;4;30080;F32;;2#Liquid Cooling - Target Heating Stop Point;;0.100000;0.000000;°C;4
9646;4;30082;U16;;2#Liquid Cooling - EMS Control Mode Status;;1.000000;0.000000;;9
9647;4;30100;U16;;3#Liquid Cooling - Operating Status;;1.000000;0.000000;;9
9648;4;30101;U16;;3#Liquid Cooling - Reserve;;1.000000;0.000000;;0
9649;4;30102;U16;;3#Liquid Cooling - Reserve;;1.000000;0.000000;;0
9650;4;30103;U16;;3#Liquid Cooling - Reserve;;1.000000;0.000000;;0
9651;4;30104;U16;;3#Liquid Cooling - Operating Mode;;1.000000;0.000000;;4
9652;4;30106;F32;;3#Liquid Cooling - Ambient Temperature;;0.100000;0.000000;°C;4
9653;4;30108;F32;;3#Liquid Cooling - Supply Water Temperature;;0.100000;0.000000;°C;4
9654;4;30110;F32;;3#Liquid Cooling - Inlet Water Temperature;;0.100000;0.000000;°C;4
9655;4;30112;F32;;3#Liquid Cooling - Supply Water Pressure;;1.000000;0.000000;;4
9656;4;30114;F32;;3#Liquid Cooling - Return Water Pressure;;1.000000;0.000000;;4
9657;4;30116;U16;;3#Liquid Cooling - Fan Operating Status;;1.000000;0.000000;;9
9658;4;30117;U16;;3#Liquid Cooling - Water Pump Operating Status;;1.000000;0.000000;;9
9659;4;30118;U16;;3#Liquid Cooling - Electric Heating Operating Status;;1.000000;0.000000;;9
9660;4;30119;U16;;3#Liquid Cooling - Refrigerant Operating Status;;1.000000;0.000000;;9
9661;4;30120;F32;;3#Liquid Cooling - Fan Output;;1.000000;0.000000;;4
9662;4;30122;F32;;3#Liquid Cooling - Water Pump Output;;1.000000;0.000000;;4
9663;4;30124;F32;;3#Liquid Cooling - Target Cooling Start Point;;0.100000;0.000000;°C;4
9664;4;30126;F32;;3#Liquid Cooling - Target Cooling Stop Point;;0.100000;0.000000;°C;4
9665;4;30128;F32;;3#Liquid Cooling - Target Heating Start Point;;0.100000;0.000000;°C;4
9666;4;30130;F32;;3#Liquid Cooling - Target Heating Stop Point;;0.100000;0.000000;°C;4
9667;4;30132;U16;;3#Liquid Cooling - EMS Control Mode Status;;1.000000;0.000000;;9
9668;4;30150;U16;;4#Liquid Cooling - Operating Status;;1.000000;0.000000;;9
9669;4;30151;U16;;4#Liquid Cooling - Reserve;;1.000000;0.000000;;0
9670;4;30152;U16;;4#Liquid Cooling - Reserve;;1.000000;0.000000;;0
9671;4;30153;U16;;4#Liquid Cooling - Reserve;;1.000000;0.000000;;0
9672;4;30154;U16;;4#Liquid Cooling - Operating Mode;;1.000000;0.000000;;4
9673;4;30156;F32;;4#Liquid Cooling - Ambient Temperature;;0.100000;0.000000;°C;4
9674;4;30158;F32;;4#Liquid Cooling - Supply Water Temperature;;0.100000;0.000000;°C;4
9675;4;30160;F32;;4#Liquid Cooling - Inlet Water Temperature;;0.100000;0.000000;°C;4
9676;4;30162;F32;;4#Liquid Cooling - Supply Water Pressure;;1.000000;0.000000;;4
9677;4;30164;F32;;4#Liquid Cooling - Return Water Pressure;;1.000000;0.000000;;4
9678;4;30166;U16;;4#Liquid Cooling - Fan Operating Status;;1.000000;0.000000;;9
9679;4;30167;U16;;4#Liquid Cooling - Water Pump Operating Status;;1.000000;0.000000;;9
9680;4;30168;U16;;4#Liquid Cooling - Electric Heating Operating Status;;1.000000;0.000000;;9
9681;4;30169;U16;;4#Liquid Cooling - Refrigerant Operating Status;;1.000000;0.000000;;9
9682;4;30170;F32;;4#Liquid Cooling - Fan Output;;1.000000;0.000000;;4
9683;4;30172;F32;;4#Liquid Cooling - Water Pump Output;;1.000000;0.000000;;4
9684;4;30174;F32;;4#Liquid Cooling - Target Cooling Start Point;;0.100000;0.000000;°C;4
9685;4;30176;F32;;4#Liquid Cooling - Target Cooling Stop Point;;0.100000;0.000000;°C;4
9686;4;30178;F32;;4#Liquid Cooling - Target Heating Start Point;;0.100000;0.000000;°C;4
9687;4;30180;F32;;4#Liquid Cooling - Target Heating Stop Point;;0.100000;0.000000;°C;4
9688;4;30182;U16;;4#Liquid Cooling - EMS Control Mode Status;;1.000000;0.000000;;9
9689;4;30200;U16;;5#Liquid Cooling - Operating Status;;1.000000;0.000000;;9
9690;4;30201;U16;;5#Liquid Cooling - Reserve;;1.000000;0.000000;;0
9691;4;30202;U16;;5#Liquid Cooling - Reserve;;1.000000;0.000000;;0
9692;4;30203;U16;;5#Liquid Cooling - Reserve;;1.000000;0.000000;;0
9693;4;30204;U16;;5#Liquid Cooling - Operating Mode;;1.000000;0.000000;;4
9694;4;30206;F32;;5#Liquid Cooling - Ambient Temperature;;0.100000;0.000000;°C;4
9695;4;30208;F32;;5#Liquid Cooling - Supply Water Temperature;;0.100000;0.000000;°C;4
9696;4;30210;F32;;5#Liquid Cooling - Inlet Water Temperature;;0.100000;0.000000;°C;4
9697;4;30212;F32;;5#Liquid Cooling - Supply Water Pressure;;1.000000;0.000000;;4
9698;4;30214;F32;;5#Liquid Cooling - Return Water Pressure;;1.000000;0.000000;;4
9699;4;30216;U16;;5#Liquid Cooling - Fan Operating Status;;1.000000;0.000000;;9
9700;4;30217;U16;;5#Liquid Cooling - Water Pump Operating Status;;1.000000;0.000000;;9
9701;4;30218;U16;;5#Liquid Cooling - Electric Heating Operating Status;;1.000000;0.000000;;9
9702;4;30219;U16;;5#Liquid Cooling - Refrigerant Operating Status;;1.000000;0.000000;;9
9703;4;30220;F32;;5#Liquid Cooling - Fan Output;;1.000000;0.000000;;4
9704;4;30222;F32;;5#Liquid Cooling - Water Pump Output;;1.000000;0.000000;;4
9705;4;30224;F32;;5#Liquid Cooling - Target Cooling Start Point;;0.100000;0.000000;°C;4
9706;4;30226;F32;;5#Liquid Cooling - Target Cooling Stop Point;;0.100000;0.000000;°C;4
9707;4;30228;F32;;5#Liquid Cooling - Target Heating Start Point;;0.100000;0.000000;°C;4
9708;4;30230;F32;;5#Liquid Cooling - Target Heating Stop Point;;0.100000;0.000000;°C;4
9709;4;30232;U16;;5#Liquid Cooling - EMS Control Mode Status;;1.000000;0.000000;;9
9710;4;30250;U16;;6#Liquid Cooling - Operating Status;;1.000000;0.000000;;9
9711;4;30251;U16;;6#Liquid Cooling - Reserve;;1.000000;0.000000;;0
9712;4;30252;U16;;6#Liquid Cooling - Reserve;;1.000000;0.000000;;0
9713;4;30253;U16;;6#Liquid Cooling - Reserve;;1.000000;0.000000;;0
9714;4;30254;U16;;6#Liquid Cooling - Operating Mode;;1.000000;0.000000;;4
9715;4;30256;F32;;6#Liquid Cooling - Ambient Temperature;;0.100000;0.000000;°C;4
9716;4;30258;F32;;6#Liquid Cooling - Supply Water Temperature;;0.100000;0.000000;°C;4
9717;4;30260;F32;;6#Liquid Cooling - Inlet Water Temperature;;0.100000;0.000000;°C;4
9718;4;30262;F32;;6#Liquid Cooling - Supply Water Pressure;;1.000000;0.000000;;4
9719;4;30264;F32;;6#Liquid Cooling - Return Water Pressure;;1.000000;0.000000;;4
9720;4;30266;U16;;6#Liquid Cooling - Fan Operating Status;;1.000000;0.000000;;9
9721;4;30267;U16;;6#Liquid Cooling - Water Pump Operating Status;;1.000000;0.000000;;9
9722;4;30268;U16;;6#Liquid Cooling - Electric Heating Operating Status;;1.000000;0.000000;;9
9723;4;30269;U16;;6#Liquid Cooling - Refrigerant Operating Status;;1.000000;0.000000;;9
9724;4;30270;F32;;6#Liquid Cooling - Fan Output;;1.000000;0.000000;;4
9725;4;30272;F32;;6#Liquid Cooling - Water Pump Output;;1.000000;0.000000;;4
9726;4;30274;F32;;6#Liquid Cooling - Target Cooling Start Point;;0.100000;0.000000;°C;4
9727;4;30276;F32;;6#Liquid Cooling - Target Cooling Stop Point;;0.100000;0.000000;°C;4
9728;4;30278;F32;;6#Liquid Cooling - Target Heating Start Point;;0.100000;0.000000;°C;4
9729;4;30280;F32;;6#Liquid Cooling - Target Heating Stop Point;;0.100000;0.000000;°C;4
9730;4;30282;U16;;6#Liquid Cooling - EMS Control Mode Status;;1.000000;0.000000;;9
9731;4;30300;U16;;7#Liquid Cooling - Operating Status;;1.000000;0.000000;;9
9732;4;30301;U16;;7#Liquid Cooling - Reserve;;1.000000;0.000000;;0
9733;4;30302;U16;;7#Liquid Cooling - Reserve;;1.000000;0.000000;;0
9734;4;30303;U16;;7#Liquid Cooling - Reserve;;1.000000;0.000000;;0
9735;4;30304;U16;;7#Liquid Cooling - Operating Mode;;1.000000;0.000000;;4
9736;4;30306;F32;;7#Liquid Cooling - Ambient Temperature;;0.100000;0.000000;°C;4
9737;4;30308;F32;;7#Liquid Cooling - Supply Water Temperature;;0.100000;0.000000;°C;4
9738;4;30310;F32;;7#Liquid Cooling - Inlet Water Temperature;;0.100000;0.000000;°C;4
9739;4;30312;F32;;7#Liquid Cooling - Supply Water Pressure;;1.000000;0.000000;;4
9740;4;30314;F32;;7#Liquid Cooling - Return Water Pressure;;1.000000;0.000000;;4
9741;4;30316;U16;;7#Liquid Cooling - Fan Operating Status;;1.000000;0.000000;;9
9742;4;30317;U16;;7#Liquid Cooling - Water Pump Operating Status;;1.000000;0.000000;;9
9743;4;30318;U16;;7#Liquid Cooling - Electric Heating Operating Status;;1.000000;0.000000;;9
9744;4;30319;U16;;7#Liquid Cooling - Refrigerant Operating Status;;1.000000;0.000000;;9
9745;4;30320;F32;;7#Liquid Cooling - Fan Output;;1.000000;0.000000;;4
9746;4;30322;F32;;7#Liquid Cooling - Water Pump Output;;1.000000;0.000000;;4
9747;4;30324;F32;;7#Liquid Cooling - Target Cooling Start Point;;0.100000;0.000000;°C;4
9748;4;30326;F32;;7#Liquid Cooling - Target Cooling Stop Point;;0.100000;0.000000;°C;4
9749;4;30328;F32;;7#Liquid Cooling - Target Heating Start Point;;0.100000;0.000000;°C;4
9750;4;30330;F32;;7#Liquid Cooling - Target Heating Stop Point;;0.100000;0.000000;°C;4
9751;4;30332;U16;;7#Liquid Cooling - EMS Control Mode Status;;1.000000;0.000000;;9
9752;4;30350;U16;;8#Liquid Cooling - Operating Status;;1.000000;0.000000;;9
9753;4;30351;U16;;8#Liquid Cooling - Reserve;;1.000000;0.000000;;0
9754;4;30352;U16;;8#Liquid Cooling - Reserve;;1.000000;0.000000;;0
9755;4;30353;U16;;8#Liquid Cooling - Reserve;;1.000000;0.000000;;0
9756;4;30354;U16;;8#Liquid Cooling - Operating Mode;;1.000000;0.000000;;4
9757;4;30356;F32;;8#Liquid Cooling - Ambient Temperature;;0.100000;0.000000;°C;4
9758;4;30358;F32;;8#Liquid Cooling - Supply Water Temperature;;0.100000;0.000000;°C;4
9759;4;30360;F32;;8#Liquid Cooling - Inlet Water Temperature;;0.100000;0.000000;°C;4
9760;4;30362;F32;;8#Liquid Cooling - Supply Water Pressure;;1.000000;0.000000;;4
9761;4;30364;F32;;8#Liquid Cooling - Return Water Pressure;;1.000000;0.000000;;4
9762;4;30366;U16;;8#Liquid Cooling - Fan Operating Status;;1.000000;0.000000;;9
9763;4;30367;U16;;8#Liquid Cooling - Water Pump Operating Status;;1.000000;0.000000;;9
9764;4;30368;U16;;8#Liquid Cooling - Electric Heating Operating Status;;1.000000;0.000000;;9
9765;4;30369;U16;;8#Liquid Cooling - Refrigerant Operating Status;;1.000000;0.000000;;9
9766;4;30370;F32;;8#Liquid Cooling - Fan Output;;1.000000;0.000000;;4
9767;4;30372;F32;;8#Liquid Cooling - Water Pump Output;;1.000000;0.000000;;4
9768;4;30374;F32;;8#Liquid Cooling - Target Cooling Start Point;;0.100000;0.000000;°C;4
9769;4;30376;F32;;8#Liquid Cooling - Target Cooling Stop Point;;0.100000;0.000000;°C;4
9770;4;30378;F32;;8#Liquid Cooling - Target Heating Start Point;;0.100000;0.000000;°C;4
9771;4;30380;F32;;8#Liquid Cooling - Target Heating Stop Point;;0.100000;0.000000;°C;4
9772;4;30382;U16;;8#Liquid Cooling - EMS Control Mode Status;;1.000000;0.000000;;9
9773;4;30400;U16;;9#Liquid Cooling - Operating Status;;1.000000;0.000000;;9
9774;4;30401;U16;;9#Liquid Cooling - Reserve;;1.000000;0.000000;;0
9775;4;30402;U16;;9#Liquid Cooling - Reserve;;1.000000;0.000000;;0
9776;4;30403;U16;;9#Liquid Cooling - Reserve;;1.000000;0.000000;;0
9777;4;30404;U16;;9#Liquid Cooling - Operating Mode;;1.000000;0.000000;;4
9778;4;30406;F32;;9#Liquid Cooling - Ambient Temperature;;0.100000;0.000000;°C;4
9779;4;30408;F32;;9#Liquid Cooling - Supply Water Temperature;;0.100000;0.000000;°C;4
9780;4;30410;F32;;9#Liquid Cooling - Inlet Water Temperature;;0.100000;0.000000;°C;4
9781;4;30412;F32;;9#Liquid Cooling - Supply Water Pressure;;1.000000;0.000000;;4
9782;4;30414;F32;;9#Liquid Cooling - Return Water Pressure;;1.000000;0.000000;;4
9783;4;30416;U16;;9#Liquid Cooling - Fan Operating Status;;1.000000;0.000000;;9
9784;4;30417;U16;;9#Liquid Cooling - Water Pump Operating Status;;1.000000;0.000000;;9
9785;4;30418;U16;;9#Liquid Cooling - Electric Heating Operating Status;;1.000000;0.000000;;9
9786;4;30419;U16;;9#Liquid Cooling - Refrigerant Operating Status;;1.000000;0.000000;;9
9787;4;30420;F32;;9#Liquid Cooling - Fan Output;;1.000000;0.000000;;4
9788;4;30422;F32;;9#Liquid Cooling - Water Pump Output;;1.000000;0.000000;;4
9789;4;30424;F32;;9#Liquid Cooling - Target Cooling Start Point;;0.100000;0.000000;°C;4
9790;4;30426;F32;;9#Liquid Cooling - Target Cooling Stop Point;;0.100000;0.000000;°C;4
9791;4;30428;F32;;9#Liquid Cooling - Target Heating Start Point;;0.100000;0.000000;°C;4
9792;4;30430;F32;;9#Liquid Cooling - Target Heating Stop Point;;0.100000;0.000000;°C;4
9793;4;30432;U16;;9#Liquid Cooling - EMS Control Mode Status;;1.000000;0.000000;;9
9794;4;30450;U16;;10#Liquid Cooling - Operating Status;;1.000000;0.000000;;9
9795;4;30451;U16;;10#Liquid Cooling - Reserve;;1.000000;0.000000;;0
9796;4;30452;U16;;10#Liquid Cooling - Reserve;;1.000000;0.000000;;0
9797;4;30453;U16;;10#Liquid Cooling - Reserve;;1.000000;0.000000;;0
9798;4;30454;U16;;10#Liquid Cooling - Operating Mode;;1.000000;0.000000;;4
9799;4;30456;F32;;10#Liquid Cooling - Ambient Temperature;;0.100000;0.000000;°C;4
9800;4;30458;F32;;10#Liquid Cooling - Supply Water Temperature;;0.100000;0.000000;°C;4
9801;4;30460;F32;;10#Liquid Cooling - Inlet Water Temperature;;0.100000;0.000000;°C;4
9802;4;30462;F32;;10#Liquid Cooling - Supply Water Pressure;;1.000000;0.000000;;4
9803;4;30464;F32;;10#Liquid Cooling - Return Water Pressure;;1.000000;0.000000;;4
9804;4;30466;U16;;10#Liquid Cooling - Fan Operating Status;;1.000000;0.000000;;9
9805;4;30467;U16;;10#Liquid Cooling - Water Pump Operating Status;;1.000000;0.000000;;9
9806;4;30468;U16;;10#Liquid Cooling - Electric Heating Operating Status;;1.000000;0.000000;;9
9807;4;30469;U16;;10#Liquid Cooling - Refrigerant Operating Status;;1.000000;0.000000;;9
9808;4;30470;F32;;10#Liquid Cooling - Fan Output;;1.000000;0.000000;;4
9809;4;30472;F32;;10#Liquid Cooling - Water Pump Output;;1.000000;0.000000;;4
9810;4;30474;F32;;10#Liquid Cooling - Target Cooling Start Point;;0.100000;0.000000;°C;4
9811;4;30476;F32;;10#Liquid Cooling - Target Cooling Stop Point;;0.100000;0.000000;°C;4
9812;4;30478;F32;;10#Liquid Cooling - Target Heating Start Point;;0.100000;0.000000;°C;4
9813;4;30480;F32;;10#Liquid Cooling - Target Heating Stop Point;;0.100000;0.000000;°C;4
9814;4;30482;U16;;10#Liquid Cooling - EMS Control Mode Status;;1.000000;0.000000;;9
9815;4;30500;U16;;11#Liquid Cooling - Operating Status;;1.000000;0.000000;;9
9816;4;30501;U16;;11#Liquid Cooling - Reserve;;1.000000;0.000000;;0
9817;4;30502;U16;;11#Liquid Cooling - Reserve;;1.000000;0.000000;;0
9818;4;30503;U16;;11#Liquid Cooling - Reserve;;1.000000;0.000000;;0
9819;4;30504;U16;;11#Liquid Cooling - Operating Mode;;1.000000;0.000000;;4
9820;4;30506;F32;;11#Liquid Cooling - Ambient Temperature;;0.100000;0.000000;°C;4
9821;4;30508;F32;;11#Liquid Cooling - Supply Water Temperature;;0.100000;0.000000;°C;4
9822;4;30510;F32;;11#Liquid Cooling - Inlet Water Temperature;;0.100000;0.000000;°C;4
9823;4;30512;F32;;11#Liquid Cooling - Supply Water Pressure;;1.000000;0.000000;;4
9824;4;30514;F32;;11#Liquid Cooling - Return Water Pressure;;1.000000;0.000000;;4
9825;4;30516;U16;;11#Liquid Cooling - Fan Operating Status;;1.000000;0.000000;;9
9826;4;30517;U16;;11#Liquid Cooling - Water Pump Operating Status;;1.000000;0.000000;;9
9827;4;30518;U16;;11#Liquid Cooling - Electric Heating Operating Status;;1.000000;0.000000;;9
9828;4;30519;U16;;11#Liquid Cooling - Refrigerant Operating Status;;1.000000;0.000000;;9
9829;4;30520;F32;;11#Liquid Cooling - Fan Output;;1.000000;0.000000;;4
9830;4;30522;F32;;11#Liquid Cooling - Water Pump Output;;1.000000;0.000000;;4
9831;4;30524;F32;;11#Liquid Cooling - Target Cooling Start Point;;0.100000;0.000000;°C;4
9832;4;30526;F32;;11#Liquid Cooling - Target Cooling Stop Point;;0.100000;0.000000;°C;4
9833;4;30528;F32;;11#Liquid Cooling - Target Heating Start Point;;0.100000;0.000000;°C;4
9834;4;30530;F32;;11#Liquid Cooling - Target Heating Stop Point;;0.100000;0.000000;°C;4
9835;4;30532;U16;;11#Liquid Cooling - EMS Control Mode Status;;1.000000;0.000000;;9
9836;4;30550;U16;;12#Liquid Cooling - Operating Status;;1.000000;0.000000;;9
9837;4;30551;U16;;12#Liquid Cooling - Reserve;;1.000000;0.000000;;0
9838;4;30552;U16;;12#Liquid Cooling - Reserve;;1.000000;0.000000;;0
9839;4;30553;U16;;12#Liquid Cooling - Reserve;;1.000000;0.000000;;0
9840;4;30554;U16;;12#Liquid Cooling - Operating Mode;;1.000000;0.000000;;4
9841;4;30556;F32;;12#Liquid Cooling - Ambient Temperature;;0.100000;0.000000;°C;4
9842;4;30558;F32;;12#Liquid Cooling - Supply Water Temperature;;0.100000;0.000000;°C;4
9843;4;30560;F32;;12#Liquid Cooling - Inlet Water Temperature;;0.100000;0.000000;°C;4
9844;4;30562;F32;;12#Liquid Cooling - Supply Water Pressure;;1.000000;0.000000;;4
9845;4;30564;F32;;12#Liquid Cooling - Return Water Pressure;;1.000000;0.000000;;4
9846;4;30566;U16;;12#Liquid Cooling - Fan Operating Status;;1.000000;0.000000;;9
9847;4;30567;U16;;12#Liquid Cooling - Water Pump Operating Status;;1.000000;0.000000;;9
9848;4;30568;U16;;12#Liquid Cooling - Electric Heating Operating Status;;1.000000;0.000000;;9
9849;4;30569;U16;;12#Liquid Cooling - Refrigerant Operating Status;;1.000000;0.000000;;9
9850;4;30570;F32;;12#Liquid Cooling - Fan Output;;1.000000;0.000000;;4
9851;4;30572;F32;;12#Liquid Cooling - Water Pump Output;;1.000000;0.000000;;4
9852;4;30574;F32;;12#Liquid Cooling - Target Cooling Start Point;;0.100000;0.000000;°C;4
9853;4;30576;F32;;12#Liquid Cooling - Target Cooling Stop Point;;0.100000;0.000000;°C;4
9854;4;30578;F32;;12#Liquid Cooling - Target Heating Start Point;;0.100000;0.000000;°C;4
9855;4;30580;F32;;12#Liquid Cooling - Target Heating Stop Point;;0.100000;0.000000;°C;4
9856;4;30582;U16;;12#Liquid Cooling - EMS Control Mode Status;;1.000000;0.000000;;9
9857;4;30600;U16;;13#Liquid Cooling - Operating Status;;1.000000;0.000000;;9
9858;4;30601;U16;;13#Liquid Cooling - Reserve;;1.000000;0.000000;;0
9859;4;30602;U16;;13#Liquid Cooling - Reserve;;1.000000;0.000000;;0
9860;4;30603;U16;;13#Liquid Cooling - Reserve;;1.000000;0.000000;;0
9861;4;30604;U16;;13#Liquid Cooling - Operating Mode;;1.000000;0.000000;;4
9862;4;30606;F32;;13#Liquid Cooling - Ambient Temperature;;0.100000;0.000000;°C;4
9863;4;30608;F32;;13#Liquid Cooling - Supply Water Temperature;;0.100000;0.000000;°C;4
9864;4;30610;F32;;13#Liquid Cooling - Inlet Water Temperature;;0.100000;0.000000;°C;4
9865;4;30612;F32;;13#Liquid Cooling - Supply Water Pressure;;1.000000;0.000000;;4
9866;4;30614;F32;;13#Liquid Cooling - Return Water Pressure;;1.000000;0.000000;;4
9867;4;30616;U16;;13#Liquid Cooling - Fan Operating Status;;1.000000;0.000000;;9
9868;4;30617;U16;;13#Liquid Cooling - Water Pump Operating Status;;1.000000;0.000000;;9
9869;4;30618;U16;;13#Liquid Cooling - Electric Heating Operating Status;;1.000000;0.000000;;9
9870;4;30619;U16;;13#Liquid Cooling - Refrigerant Operating Status;;1.000000;0.000000;;9
9871;4;30620;F32;;13#Liquid Cooling - Fan Output;;1.000000;0.000000;;4
9872;4;30622;F32;;13#Liquid Cooling - Water Pump Output;;1.000000;0.000000;;4
9873;4;30624;F32;;13#Liquid Cooling - Target Cooling Start Point;;0.100000;0.000000;°C;4
9874;4;30626;F32;;13#Liquid Cooling - Target Cooling Stop Point;;0.100000;0.000000;°C;4
9875;4;30628;F32;;13#Liquid Cooling - Target Heating Start Point;;0.100000;0.000000;°C;4
9876;4;30630;F32;;13#Liquid Cooling - Target Heating Stop Point;;0.100000;0.000000;°C;4
9877;4;30632;U16;;13#Liquid Cooling - EMS Control Mode Status;;1.000000;0.000000;;9
9878;4;30650;U16;;14#Liquid Cooling - Operating Status;;1.000000;0.000000;;9
9879;4;30651;U16;;14#Liquid Cooling - Reserve;;1.000000;0.000000;;0
9880;4;30652;U16;;14#Liquid Cooling - Reserve;;1.000000;0.000000;;0
9881;4;30653;U16;;14#Liquid Cooling - Reserve;;1.000000;0.000000;;0
9882;4;30654;U16;;14#Liquid Cooling - Operating Mode;;1.000000;0.000000;;4
9883;4;30656;F32;;14#Liquid Cooling - Ambient Temperature;;0.100000;0.000000;°C;4
9884;4;30658;F32;;14#Liquid Cooling - Supply Water Temperature;;0.100000;0.000000;°C;4
9885;4;30660;F32;;14#Liquid Cooling - Inlet Water Temperature;;0.100000;0.000000;°C;4
9886;4;30662;F32;;14#Liquid Cooling - Supply Water Pressure;;1.000000;0.000000;;4
9887;4;30664;F32;;14#Liquid Cooling - Return Water Pressure;;1.000000;0.000000;;4
9888;4;30666;U16;;14#Liquid Cooling - Fan Operating Status;;1.000000;0.000000;;9
9889;4;30667;U16;;14#Liquid Cooling - Water Pump Operating Status;;1.000000;0.000000;;9
9890;4;30668;U16;;14#Liquid Cooling - Electric Heating Operating Status;;1.000000;0.000000;;9
9891;4;30669;U16;;14#Liquid Cooling - Refrigerant Operating Status;;1.000000;0.000000;;9
9892;4;30670;F32;;14#Liquid Cooling - Fan Output;;1.000000;0.000000;;4
9893;4;30672;F32;;14#Liquid Cooling - Water Pump Output;;1.000000;0.000000;;4
9894;4;30674;F32;;14#Liquid Cooling - Target Cooling Start Point;;0.100000;0.000000;°C;4
9895;4;30676;F32;;14#Liquid Cooling - Target Cooling Stop Point;;0.100000;0.000000;°C;4
9896;4;30678;F32;;14#Liquid Cooling - Target Heating Start Point;;0.100000;0.000000;°C;4
9897;4;30680;F32;;14#Liquid Cooling - Target Heating Stop Point;;0.100000;0.000000;°C;4
9898;4;30682;U16;;14#Liquid Cooling - EMS Control Mode Status;;1.000000;0.000000;;9
9899;4;30700;U16;;15#Liquid Cooling - Operating Status;;1.000000;0.000000;;9
9900;4;30701;U16;;15#Liquid Cooling - Reserve;;1.000000;0.000000;;0
9901;4;30702;U16;;15#Liquid Cooling - Reserve;;1.000000;0.000000;;0
9902;4;30703;U16;;15#Liquid Cooling - Reserve;;1.000000;0.000000;;0
9903;4;30704;U16;;15#Liquid Cooling - Operating Mode;;1.000000;0.000000;;4
9904;4;30706;F32;;15#Liquid Cooling - Ambient Temperature;;0.100000;0.000000;°C;4
9905;4;30708;F32;;15#Liquid Cooling - Supply Water Temperature;;0.100000;0.000000;°C;4
9906;4;30710;F32;;15#Liquid Cooling - Inlet Water Temperature;;0.100000;0.000000;°C;4
9907;4;30712;F32;;15#Liquid Cooling - Supply Water Pressure;;1.000000;0.000000;;4
9908;4;30714;F32;;15#Liquid Cooling - Return Water Pressure;;1.000000;0.000000;;4
9909;4;30716;U16;;15#Liquid Cooling - Fan Operating Status;;1.000000;0.000000;;9
9910;4;30717;U16;;15#Liquid Cooling - Water Pump Operating Status;;1.000000;0.000000;;9
9911;4;30718;U16;;15#Liquid Cooling - Electric Heating Operating Status;;1.000000;0.000000;;9
9912;4;30719;U16;;15#Liquid Cooling - Refrigerant Operating Status;;1.000000;0.000000;;9
9913;4;30720;F32;;15#Liquid Cooling - Fan Output;;1.000000;0.000000;;4
9914;4;30722;F32;;15#Liquid Cooling - Water Pump Output;;1.000000;0.000000;;4
9915;4;30724;F32;;15#Liquid Cooling - Target Cooling Start Point;;0.100000;0.000000;°C;4
9916;4;30726;F32;;15#Liquid Cooling - Target Cooling Stop Point;;0.100000;0.000000;°C;4
9917;4;30728;F32;;15#Liquid Cooling - Target Heating Start Point;;0.100000;0.000000;°C;4
9918;4;30730;F32;;15#Liquid Cooling - Target Heating Stop Point;;0.100000;0.000000;°C;4
9919;4;30732;U16;;15#Liquid Cooling - EMS Control Mode Status;;1.000000;0.000000;;9
9920;4;30750;U16;;16#Liquid Cooling - Operating Status;;1.000000;0.000000;;9
9921;4;30751;U16;;16#Liquid Cooling - Reserve;;1.000000;0.000000;;0
9922;4;30752;U16;;16#Liquid Cooling - Reserve;;1.000000;0.000000;;0
9923;4;30753;U16;;16#Liquid Cooling - Reserve;;1.000000;0.000000;;0
9924;4;30754;U16;;16#Liquid Cooling - Operating Mode;;1.000000;0.000000;;4
9925;4;30756;F32;;16#Liquid Cooling - Ambient Temperature;;0.100000;0.000000;°C;4
9926;4;30758;F32;;16#Liquid Cooling - Supply Water Temperature;;0.100000;0.000000;°C;4
9927;4;30760;F32;;16#Liquid Cooling - Inlet Water Temperature;;0.100000;0.000000;°C;4
9928;4;30762;F32;;16#Liquid Cooling - Supply Water Pressure;;1.000000;0.000000;;4
9929;4;30764;F32;;16#Liquid Cooling - Return Water Pressure;;1.000000;0.000000;;4
9930;4;30766;U16;;16#Liquid Cooling - Fan Operating Status;;1.000000;0.000000;;9
9931;4;30767;U16;;16#Liquid Cooling - Water Pump Operating Status;;1.000000;0.000000;;9
9932;4;30768;U16;;16#Liquid Cooling - Electric Heating Operating Status;;1.000000;0.000000;;9
9933;4;30769;U16;;16#Liquid Cooling - Refrigerant Operating Status;;1.000000;0.000000;;9
9934;4;30770;F32;;16#Liquid Cooling - Fan Output;;1.000000;0.000000;;4
9935;4;30772;F32;;16#Liquid Cooling - Water Pump Output;;1.000000;0.000000;;4
9936;4;30774;F32;;16#Liquid Cooling - Target Cooling Start Point;;0.100000;0.000000;°C;4
9937;4;30776;F32;;16#Liquid Cooling - Target Cooling Stop Point;;0.100000;0.000000;°C;4
9938;4;30778;F32;;16#Liquid Cooling - Target Heating Start Point;;0.100000;0.000000;°C;4
9939;4;30780;F32;;16#Liquid Cooling - Target Heating Stop Point;;0.100000;0.000000;°C;4
9940;4;30782;U16;;16#Liquid Cooling - EMS Control Mode Status;;1.000000;0.000000;;9
9941;4;30800;U16;;17#Liquid Cooling - Operating Status;;1.000000;0.000000;;9
9942;4;30801;U16;;17#Liquid Cooling - Reserve;;1.000000;0.000000;;0
9943;4;30802;U16;;17#Liquid Cooling - Reserve;;1.000000;0.000000;;0
9944;4;30803;U16;;17#Liquid Cooling - Reserve;;1.000000;0.000000;;0
9945;4;30804;U16;;17#Liquid Cooling - Operating Mode;;1.000000;0.000000;;4
9946;4;30806;F32;;17#Liquid Cooling - Ambient Temperature;;0.100000;0.000000;°C;4
9947;4;30808;F32;;17#Liquid Cooling - Supply Water Temperature;;0.100000;0.000000;°C;4
9948;4;30810;F32;;17#Liquid Cooling - Inlet Water Temperature;;0.100000;0.000000;°C;4
9949;4;30812;F32;;17#Liquid Cooling - Supply Water Pressure;;1.000000;0.000000;;4
9950;4;30814;F32;;17#Liquid Cooling - Return Water Pressure;;1.000000;0.000000;;4
9951;4;30816;U16;;17#Liquid Cooling - Fan Operating Status;;1.000000;0.000000;;9
9952;4;30817;U16;;17#Liquid Cooling - Water Pump Operating Status;;1.000000;0.000000;;9
9953;4;30818;U16;;17#Liquid Cooling - Electric Heating Operating Status;;1.000000;0.000000;;9
9954;4;30819;U16;;17#Liquid Cooling - Refrigerant Operating Status;;1.000000;0.000000;;9
9955;4;30820;F32;;17#Liquid Cooling - Fan Output;;1.000000;0.000000;;4
9956;4;30822;F32;;17#Liquid Cooling - Water Pump Output;;1.000000;0.000000;;4
9957;4;30824;F32;;17#Liquid Cooling - Target Cooling Start Point;;0.100000;0.000000;°C;4
9958;4;30826;F32;;17#Liquid Cooling - Target Cooling Stop Point;;0.100000;0.000000;°C;4
9959;4;30828;F32;;17#Liquid Cooling - Target Heating Start Point;;0.100000;0.000000;°C;4
9960;4;30830;F32;;17#Liquid Cooling - Target Heating Stop Point;;0.100000;0.000000;°C;4
9961;4;30832;U16;;17#Liquid Cooling - EMS Control Mode Status;;1.000000;0.000000;;9
9962;4;30850;U16;;18#Liquid Cooling - Operating Status;;1.000000;0.000000;;9
9963;4;30851;U16;;18#Liquid Cooling - Reserve;;1.000000;0.000000;;0
9964;4;30852;U16;;18#Liquid Cooling - Reserve;;1.000000;0.000000;;0
9965;4;30853;U16;;18#Liquid Cooling - Reserve;;1.000000;0.000000;;0
9966;4;30854;U16;;18#Liquid Cooling - Operating Mode;;1.000000;0.000000;;4
9967;4;30856;F32;;18#Liquid Cooling - Ambient Temperature;;0.100000;0.000000;°C;4
9968;4;30858;F32;;18#Liquid Cooling - Supply Water Temperature;;0.100000;0.000000;°C;4
9969;4;30860;F32;;18#Liquid Cooling - Inlet Water Temperature;;0.100000;0.000000;°C;4
9970;4;30862;F32;;18#Liquid Cooling - Supply Water Pressure;;1.000000;0.000000;;4
9971;4;30864;F32;;18#Liquid Cooling - Return Water Pressure;;1.000000;0.000000;;4
9972;4;30866;U16;;18#Liquid Cooling - Fan Operating Status;;1.000000;0.000000;;9
9973;4;30867;U16;;18#Liquid Cooling - Water Pump Operating Status;;1.000000;0.000000;;9
9974;4;30868;U16;;18#Liquid Cooling - Electric Heating Operating Status;;1.000000;0.000000;;9
9975;4;30869;U16;;18#Liquid Cooling - Refrigerant Operating Status;;1.000000;0.000000;;9
9976;4;30870;F32;;18#Liquid Cooling - Fan Output;;1.000000;0.000000;;4
9977;4;30872;F32;;18#Liquid Cooling - Water Pump Output;;1.000000;0.000000;;4
9978;4;30874;F32;;18#Liquid Cooling - Target Cooling Start Point;;0.100000;0.000000;°C;4
9979;4;30876;F32;;18#Liquid Cooling - Target Cooling Stop Point;;0.100000;0.000000;°C;4
9980;4;30878;F32;;18#Liquid Cooling - Target Heating Start Point;;0.100000;0.000000;°C;4
9981;4;30880;F32;;18#Liquid Cooling - Target Heating Stop Point;;0.100000;0.000000;°C;4
9982;4;30882;U16;;18#Liquid Cooling - EMS Control Mode Status;;1.000000;0.000000;;9
9983;4;30900;U16;;19#Liquid Cooling - Operating Status;;1.000000;0.000000;;9
9984;4;30901;U16;;19#Liquid Cooling - Reserve;;1.000000;0.000000;;0
9985;4;30902;U16;;19#Liquid Cooling - Reserve;;1.000000;0.000000;;0
9986;4;30903;U16;;19#Liquid Cooling - Reserve;;1.000000;0.000000;;0
9987;4;30904;U16;;19#Liquid Cooling - Operating Mode;;1.000000;0.000000;;4
9988;4;30906;F32;;19#Liquid Cooling - Ambient Temperature;;0.100000;0.000000;°C;4
9989;4;30908;F32;;19#Liquid Cooling - Supply Water Temperature;;0.100000;0.000000;°C;4
9990;4;30910;F32;;19#Liquid Cooling - Inlet Water Temperature;;0.100000;0.000000;°C;4
9991;4;30912;F32;;19#Liquid Cooling - Supply Water Pressure;;1.000000;0.000000;;4
9992;4;30914;F32;;19#Liquid Cooling - Return Water Pressure;;1.000000;0.000000;;4
9993;4;30916;U16;;19#Liquid Cooling - Fan Operating Status;;1.000000;0.000000;;9
9994;4;30917;U16;;19#Liquid Cooling - Water Pump Operating Status;;1.000000;0.000000;;9
9995;4;30918;U16;;19#Liquid Cooling - Electric Heating Operating Status;;1.000000;0.000000;;9
9996;4;30919;U16;;19#Liquid Cooling - Refrigerant Operating Status;;1.000000;0.000000;;9
9997;4;30920;F32;;19#Liquid Cooling - Fan Output;;1.000000;0.000000;;4
9998;4;30922;F32;;19#Liquid Cooling - Water Pump Output;;1.000000;0.000000;;4
9999;4;30924;F32;;19#Liquid Cooling - Target Cooling Start Point;;0.100000;0.000000;°C;4
10000;4;30926;F32;;19#Liquid Cooling - Target Cooling Stop Point;;0.100000;0.000000;°C;4
10001;4;30928;F32;;19#Liquid Cooling - Target Heating Start Point;;0.100000;0.000000;°C;4
10002;4;30930;F32;;19#Liquid Cooling - Target Heating Stop Point;;0.100000;0.000000;°C;4
10003;4;30932;U16;;19#Liquid Cooling - EMS Control Mode Status;;1.000000;0.000000;;9
10004;4;30950;U16;;20#Liquid Cooling - Operating Status;;1.000000;0.000000;;9
10005;4;30951;U16;;20#Liquid Cooling - Reserve;;1.000000;0.000000;;0
10006;4;30952;U16;;20#Liquid Cooling - Reserve;;1.000000;0.000000;;0
10007;4;30953;U16;;20#Liquid Cooling - Reserve;;1.000000;0.000000;;0
10008;4;30954;U16;;20#Liquid Cooling - Operating Mode;;1.000000;0.000000;;4
10009;4;30956;F32;;20#Liquid Cooling - Ambient Temperature;;0.100000;0.000000;°C;4
10010;4;30958;F32;;20#Liquid Cooling - Supply Water Temperature;;0.100000;0.000000;°C;4
10011;4;30960;F32;;20#Liquid Cooling - Inlet Water Temperature;;0.100000;0.000000;°C;4
10012;4;30962;F32;;20#Liquid Cooling - Supply Water Pressure;;1.000000;0.000000;;4
10013;4;30964;F32;;20#Liquid Cooling - Return Water Pressure;;1.000000;0.000000;;4
10014;4;30966;U16;;20#Liquid Cooling - Fan Operating Status;;1.000000;0.000000;;9
10015;4;30967;U16;;20#Liquid Cooling - Water Pump Operating Status;;1.000000;0.000000;;9
10016;4;30968;U16;;20#Liquid Cooling - Electric Heating Operating Status;;1.000000;0.000000;;9
10017;4;30969;U16;;20#Liquid Cooling - Refrigerant Operating Status;;1.000000;0.000000;;9
10018;4;30970;F32;;20#Liquid Cooling - Fan Output;;1.000000;0.000000;;4
10019;4;30972;F32;;20#Liquid Cooling - Water Pump Output;;1.000000;0.000000;;4
10020;4;30974;F32;;20#Liquid Cooling - Target Cooling Start Point;;0.100000;0.000000;°C;4
10021;4;30976;F32;;20#Liquid Cooling - Target Cooling Stop Point;;0.100000;0.000000;°C;4
10022;4;30978;F32;;20#Liquid Cooling - Target Heating Start Point;;0.100000;0.000000;°C;4
10023;4;30980;F32;;20#Liquid Cooling - Target Heating Stop Point;;0.100000;0.000000;°C;4
10024;4;30982;U16;;20#Liquid Cooling - EMS Control Mode Status;;1.000000;0.000000;;9
10025;4;31000;U16;;21#Liquid Cooling - Operating Status;;1.000000;0.000000;;9
10026;4;31001;U16;;21#Liquid Cooling - Reserve;;1.000000;0.000000;;0
10027;4;31002;U16;;21#Liquid Cooling - Reserve;;1.000000;0.000000;;0
10028;4;31003;U16;;21#Liquid Cooling - Reserve;;1.000000;0.000000;;0
10029;4;31004;U16;;21#Liquid Cooling - Operating Mode;;1.000000;0.000000;;4
10030;4;31006;F32;;21#Liquid Cooling - Ambient Temperature;;0.100000;0.000000;°C;4
10031;4;31008;F32;;21#Liquid Cooling - Supply Water Temperature;;0.100000;0.000000;°C;4
10032;4;31010;F32;;21#Liquid Cooling - Inlet Water Temperature;;0.100000;0.000000;°C;4
10033;4;31012;F32;;21#Liquid Cooling - Supply Water Pressure;;1.000000;0.000000;;4
10034;4;31014;F32;;21#Liquid Cooling - Return Water Pressure;;1.000000;0.000000;;4
10035;4;31016;U16;;21#Liquid Cooling - Fan Operating Status;;1.000000;0.000000;;9
10036;4;31017;U16;;21#Liquid Cooling - Water Pump Operating Status;;1.000000;0.000000;;9
10037;4;31018;U16;;21#Liquid Cooling - Electric Heating Operating Status;;1.000000;0.000000;;9
10038;4;31019;U16;;21#Liquid Cooling - Refrigerant Operating Status;;1.000000;0.000000;;9
10039;4;31020;F32;;21#Liquid Cooling - Fan Output;;1.000000;0.000000;;4
10040;4;31022;F32;;21#Liquid Cooling - Water Pump Output;;1.000000;0.000000;;4
10041;4;31024;F32;;21#Liquid Cooling - Target Cooling Start Point;;0.100000;0.000000;°C;4
10042;4;31026;F32;;21#Liquid Cooling - Target Cooling Stop Point;;0.100000;0.000000;°C;4
10043;4;31028;F32;;21#Liquid Cooling - Target Heating Start Point;;0.100000;0.000000;°C;4
10044;4;31030;F32;;21#Liquid Cooling - Target Heating Stop Point;;0.100000;0.000000;°C;4
10045;4;31032;U16;;21#Liquid Cooling - EMS Control Mode Status;;1.000000;0.000000;;9
10046;4;31050;U16;;22#Liquid Cooling - Operating Status;;1.000000;0.000000;;9
10047;4;31051;U16;;22#Liquid Cooling - Reserve;;1.000000;0.000000;;0
10048;4;31052;U16;;22#Liquid Cooling - Reserve;;1.000000;0.000000;;0
10049;4;31053;U16;;22#Liquid Cooling - Reserve;;1.000000;0.000000;;0
10050;4;31054;U16;;22#Liquid Cooling - Operating Mode;;1.000000;0.000000;;4
10051;4;31056;F32;;22#Liquid Cooling - Ambient Temperature;;0.100000;0.000000;°C;4
10052;4;31058;F32;;22#Liquid Cooling - Supply Water Temperature;;0.100000;0.000000;°C;4
10053;4;31060;F32;;22#Liquid Cooling - Inlet Water Temperature;;0.100000;0.000000;°C;4
10054;4;31062;F32;;22#Liquid Cooling - Supply Water Pressure;;1.000000;0.000000;;4
10055;4;31064;F32;;22#Liquid Cooling - Return Water Pressure;;1.000000;0.000000;;4
10056;4;31066;U16;;22#Liquid Cooling - Fan Operating Status;;1.000000;0.000000;;9
10057;4;31067;U16;;22#Liquid Cooling - Water Pump Operating Status;;1.000000;0.000000;;9
10058;4;31068;U16;;22#Liquid Cooling - Electric Heating Operating Status;;1.000000;0.000000;;9
10059;4;31069;U16;;22#Liquid Cooling - Refrigerant Operating Status;;1.000000;0.000000;;9
10060;4;31070;F32;;22#Liquid Cooling - Fan Output;;1.000000;0.000000;;4
10061;4;31072;F32;;22#Liquid Cooling - Water Pump Output;;1.000000;0.000000;;4
10062;4;31074;F32;;22#Liquid Cooling - Target Cooling Start Point;;0.100000;0.000000;°C;4
10063;4;31076;F32;;22#Liquid Cooling - Target Cooling Stop Point;;0.100000;0.000000;°C;4
10064;4;31078;F32;;22#Liquid Cooling - Target Heating Start Point;;0.100000;0.000000;°C;4
10065;4;31080;F32;;22#Liquid Cooling - Target Heating Stop Point;;0.100000;0.000000;°C;4
10066;4;31082;U16;;22#Liquid Cooling - EMS Control Mode Status;;1.000000;0.000000;;9
10067;4;31100;U16;;23#Liquid Cooling - Operating Status;;1.000000;0.000000;;9
10068;4;31101;U16;;23#Liquid Cooling - Reserve;;1.000000;0.000000;;0
10069;4;31102;U16;;23#Liquid Cooling - Reserve;;1.000000;0.000000;;0
10070;4;31103;U16;;23#Liquid Cooling - Reserve;;1.000000;0.000000;;0
10071;4;31104;U16;;23#Liquid Cooling - Operating Mode;;1.000000;0.000000;;4
10072;4;31106;F32;;23#Liquid Cooling - Ambient Temperature;;0.100000;0.000000;°C;4
10073;4;31108;F32;;23#Liquid Cooling - Supply Water Temperature;;0.100000;0.000000;°C;4
10074;4;31110;F32;;23#Liquid Cooling - Inlet Water Temperature;;0.100000;0.000000;°C;4
10075;4;31112;F32;;23#Liquid Cooling - Supply Water Pressure;;1.000000;0.000000;;4
10076;4;31114;F32;;23#Liquid Cooling - Return Water Pressure;;1.000000;0.000000;;4
10077;4;31116;U16;;23#Liquid Cooling - Fan Operating Status;;1.000000;0.000000;;9
10078;4;31117;U16;;23#Liquid Cooling - Water Pump Operating Status;;1.000000;0.000000;;9
10079;4;31118;U16;;23#Liquid Cooling - Electric Heating Operating Status;;1.000000;0.000000;;9
10080;4;31119;U16;;23#Liquid Cooling - Refrigerant Operating Status;;1.000000;0.000000;;9
10081;4;31120;F32;;23#Liquid Cooling - Fan Output;;1.000000;0.000000;;4
10082;4;31122;F32;;23#Liquid Cooling - Water Pump Output;;1.000000;0.000000;;4
10083;4;31124;F32;;23#Liquid Cooling - Target Cooling Start Point;;0.100000;0.000000;°C;4
10084;4;31126;F32;;23#Liquid Cooling - Target Cooling Stop Point;;0.100000;0.000000;°C;4
10085;4;31128;F32;;23#Liquid Cooling - Target Heating Start Point;;0.100000;0.000000;°C;4
10086;4;31130;F32;;23#Liquid Cooling - Target Heating Stop Point;;0.100000;0.000000;°C;4
10087;4;31132;U16;;23#Liquid Cooling - EMS Control Mode Status;;1.000000;0.000000;;9
10088;4;31150;U16;;24#Liquid Cooling - Operating Status;;1.000000;0.000000;;9
10089;4;31151;U16;;24#Liquid Cooling - Reserve;;1.000000;0.000000;;0
10090;4;31152;U16;;24#Liquid Cooling - Reserve;;1.000000;0.000000;;0
10091;4;31153;U16;;24#Liquid Cooling - Reserve;;1.000000;0.000000;;0
10092;4;31154;U16;;24#Liquid Cooling - Operating Mode;;1.000000;0.000000;;4
10093;4;31156;F32;;24#Liquid Cooling - Ambient Temperature;;0.100000;0.000000;°C;4
10094;4;31158;F32;;24#Liquid Cooling - Supply Water Temperature;;0.100000;0.000000;°C;4
10095;4;31160;F32;;24#Liquid Cooling - Inlet Water Temperature;;0.100000;0.000000;°C;4
10096;4;31162;F32;;24#Liquid Cooling - Supply Water Pressure;;1.000000;0.000000;;4
10097;4;31164;F32;;24#Liquid Cooling - Return Water Pressure;;1.000000;0.000000;;4
10098;4;31166;U16;;24#Liquid Cooling - Fan Operating Status;;1.000000;0.000000;;9
10099;4;31167;U16;;24#Liquid Cooling - Water Pump Operating Status;;1.000000;0.000000;;9
10100;4;31168;U16;;24#Liquid Cooling - Electric Heating Operating Status;;1.000000;0.000000;;9
10101;4;31169;U16;;24#Liquid Cooling - Refrigerant Operating Status;;1.000000;0.000000;;9
10102;4;31170;F32;;24#Liquid Cooling - Fan Output;;1.000000;0.000000;;4
10103;4;31172;F32;;24#Liquid Cooling - Water Pump Output;;1.000000;0.000000;;4
10104;4;31174;F32;;24#Liquid Cooling - Target Cooling Start Point;;0.100000;0.000000;°C;4
10105;4;31176;F32;;24#Liquid Cooling - Target Cooling Stop Point;;0.100000;0.000000;°C;4
10106;4;31178;F32;;24#Liquid Cooling - Target Heating Start Point;;0.100000;0.000000;°C;4
10107;4;31180;F32;;24#Liquid Cooling - Target Heating Stop Point;;0.100000;0.000000;°C;4
10108;4;31182;U16;;24#Liquid Cooling - EMS Control Mode Status;;1.000000;0.000000;;9
10109;4;31200;U16;;25#Liquid Cooling - Operating Status;;1.000000;0.000000;;9
10110;4;31201;U16;;25#Liquid Cooling - Reserve;;1.000000;0.000000;;0
10111;4;31202;U16;;25#Liquid Cooling - Reserve;;1.000000;0.000000;;0
10112;4;31203;U16;;25#Liquid Cooling - Reserve;;1.000000;0.000000;;0
10113;4;31204;U16;;25#Liquid Cooling - Operating Mode;;1.000000;0.000000;;4
10114;4;31206;F32;;25#Liquid Cooling - Ambient Temperature;;0.100000;0.000000;°C;4
10115;4;31208;F32;;25#Liquid Cooling - Supply Water Temperature;;0.100000;0.000000;°C;4
10116;4;31210;F32;;25#Liquid Cooling - Inlet Water Temperature;;0.100000;0.000000;°C;4
10117;4;31212;F32;;25#Liquid Cooling - Supply Water Pressure;;1.000000;0.000000;;4
10118;4;31214;F32;;25#Liquid Cooling - Return Water Pressure;;1.000000;0.000000;;4
10119;4;31216;U16;;25#Liquid Cooling - Fan Operating Status;;1.000000;0.000000;;9
10120;4;31217;U16;;25#Liquid Cooling - Water Pump Operating Status;;1.000000;0.000000;;9
10121;4;31218;U16;;25#Liquid Cooling - Electric Heating Operating Status;;1.000000;0.000000;;9
10122;4;31219;U16;;25#Liquid Cooling - Refrigerant Operating Status;;1.000000;0.000000;;9
10123;4;31220;F32;;25#Liquid Cooling - Fan Output;;1.000000;0.000000;;4
10124;4;31222;F32;;25#Liquid Cooling - Water Pump Output;;1.000000;0.000000;;4
10125;4;31224;F32;;25#Liquid Cooling - Target Cooling Start Point;;0.100000;0.000000;°C;4
10126;4;31226;F32;;25#Liquid Cooling - Target Cooling Stop Point;;0.100000;0.000000;°C;4
10127;4;31228;F32;;25#Liquid Cooling - Target Heating Start Point;;0.100000;0.000000;°C;4
10128;4;31230;F32;;25#Liquid Cooling - Target Heating Stop Point;;0.100000;0.000000;°C;4
10129;4;31232;U16;;25#Liquid Cooling - EMS Control Mode Status;;1.000000;0.000000;;9
10130;4;31250;U16;;26#Liquid Cooling - Operating Status;;1.000000;0.000000;;9
10131;4;31251;U16;;26#Liquid Cooling - Reserve;;1.000000;0.000000;;0
10132;4;31252;U16;;26#Liquid Cooling - Reserve;;1.000000;0.000000;;0
10133;4;31253;U16;;26#Liquid Cooling - Reserve;;1.000000;0.000000;;0
10134;4;31254;U16;;26#Liquid Cooling - Operating Mode;;1.000000;0.000000;;4
10135;4;31256;F32;;26#Liquid Cooling - Ambient Temperature;;0.100000;0.000000;°C;4
10136;4;31258;F32;;26#Liquid Cooling - Supply Water Temperature;;0.100000;0.000000;°C;4
10137;4;31260;F32;;26#Liquid Cooling - Inlet Water Temperature;;0.100000;0.000000;°C;4
10138;4;31262;F32;;26#Liquid Cooling - Supply Water Pressure;;1.000000;0.000000;;4
10139;4;31264;F32;;26#Liquid Cooling - Return Water Pressure;;1.000000;0.000000;;4
10140;4;31266;U16;;26#Liquid Cooling - Fan Operating Status;;1.000000;0.000000;;9
10141;4;31267;U16;;26#Liquid Cooling - Water Pump Operating Status;;1.000000;0.000000;;9
10142;4;31268;U16;;26#Liquid Cooling - Electric Heating Operating Status;;1.000000;0.000000;;9
10143;4;31269;U16;;26#Liquid Cooling - Refrigerant Operating Status;;1.000000;0.000000;;9
10144;4;31270;F32;;26#Liquid Cooling - Fan Output;;1.000000;0.000000;;4
10145;4;31272;F32;;26#Liquid Cooling - Water Pump Output;;1.000000;0.000000;;4
10146;4;31274;F32;;26#Liquid Cooling - Target Cooling Start Point;;0.100000;0.000000;°C;4
10147;4;31276;F32;;26#Liquid Cooling - Target Cooling Stop Point;;0.100000;0.000000;°C;4
10148;4;31278;F32;;26#Liquid Cooling - Target Heating Start Point;;0.100000;0.000000;°C;4
10149;4;31280;F32;;26#Liquid Cooling - Target Heating Stop Point;;0.100000;0.000000;°C;4
10150;4;31282;U16;;26#Liquid Cooling - EMS Control Mode Status;;1.000000;0.000000;;9
10151;4;31300;U16;;27#Liquid Cooling - Operating Status;;1.000000;0.000000;;9
10152;4;31301;U16;;27#Liquid Cooling - Reserve;;1.000000;0.000000;;0
10153;4;31302;U16;;27#Liquid Cooling - Reserve;;1.000000;0.000000;;0
10154;4;31303;U16;;27#Liquid Cooling - Reserve;;1.000000;0.000000;;0
10155;4;31304;U16;;27#Liquid Cooling - Operating Mode;;1.000000;0.000000;;4
10156;4;31306;F32;;27#Liquid Cooling - Ambient Temperature;;0.100000;0.000000;°C;4
10157;4;31308;F32;;27#Liquid Cooling - Supply Water Temperature;;0.100000;0.000000;°C;4
10158;4;31310;F32;;27#Liquid Cooling - Inlet Water Temperature;;0.100000;0.000000;°C;4
10159;4;31312;F32;;27#Liquid Cooling - Supply Water Pressure;;1.000000;0.000000;;4
10160;4;31314;F32;;27#Liquid Cooling - Return Water Pressure;;1.000000;0.000000;;4
10161;4;31316;U16;;27#Liquid Cooling - Fan Operating Status;;1.000000;0.000000;;9
10162;4;31317;U16;;27#Liquid Cooling - Water Pump Operating Status;;1.000000;0.000000;;9
10163;4;31318;U16;;27#Liquid Cooling - Electric Heating Operating Status;;1.000000;0.000000;;9
10164;4;31319;U16;;27#Liquid Cooling - Refrigerant Operating Status;;1.000000;0.000000;;9
10165;4;31320;F32;;27#Liquid Cooling - Fan Output;;1.000000;0.000000;;4
10166;4;31322;F32;;27#Liquid Cooling - Water Pump Output;;1.000000;0.000000;;4
10167;4;31324;F32;;27#Liquid Cooling - Target Cooling Start Point;;0.100000;0.000000;°C;4
10168;4;31326;F32;;27#Liquid Cooling - Target Cooling Stop Point;;0.100000;0.000000;°C;4
10169;4;31328;F32;;27#Liquid Cooling - Target Heating Start Point;;0.100000;0.000000;°C;4
10170;4;31330;F32;;27#Liquid Cooling - Target Heating Stop Point;;0.100000;0.000000;°C;4
10171;4;31332;U16;;27#Liquid Cooling - EMS Control Mode Status;;1.000000;0.000000;;9
10172;4;31350;U16;;28#Liquid Cooling - Operating Status;;1.000000;0.000000;;9
10173;4;31351;U16;;28#Liquid Cooling - Reserve;;1.000000;0.000000;;0
10174;4;31352;U16;;28#Liquid Cooling - Reserve;;1.000000;0.000000;;0
10175;4;31353;U16;;28#Liquid Cooling - Reserve;;1.000000;0.000000;;0
10176;4;31354;U16;;28#Liquid Cooling - Operating Mode;;1.000000;0.000000;;4
10177;4;31356;F32;;28#Liquid Cooling - Ambient Temperature;;0.100000;0.000000;°C;4
10178;4;31358;F32;;28#Liquid Cooling - Supply Water Temperature;;0.100000;0.000000;°C;4
10179;4;31360;F32;;28#Liquid Cooling - Inlet Water Temperature;;0.100000;0.000000;°C;4
10180;4;31362;F32;;28#Liquid Cooling - Supply Water Pressure;;1.000000;0.000000;;4
10181;4;31364;F32;;28#Liquid Cooling - Return Water Pressure;;1.000000;0.000000;;4
10182;4;31366;U16;;28#Liquid Cooling - Fan Operating Status;;1.000000;0.000000;;9
10183;4;31367;U16;;28#Liquid Cooling - Water Pump Operating Status;;1.000000;0.000000;;9
10184;4;31368;U16;;28#Liquid Cooling - Electric Heating Operating Status;;1.000000;0.000000;;9
10185;4;31369;U16;;28#Liquid Cooling - Refrigerant Operating Status;;1.000000;0.000000;;9
10186;4;31370;F32;;28#Liquid Cooling - Fan Output;;1.000000;0.000000;;4
10187;4;31372;F32;;28#Liquid Cooling - Water Pump Output;;1.000000;0.000000;;4
10188;4;31374;F32;;28#Liquid Cooling - Target Cooling Start Point;;0.100000;0.000000;°C;4
10189;4;31376;F32;;28#Liquid Cooling - Target Cooling Stop Point;;0.100000;0.000000;°C;4
10190;4;31378;F32;;28#Liquid Cooling - Target Heating Start Point;;0.100000;0.000000;°C;4
10191;4;31380;F32;;28#Liquid Cooling - Target Heating Stop Point;;0.100000;0.000000;°C;4
10192;4;31382;U16;;28#Liquid Cooling - EMS Control Mode Status;;1.000000;0.000000;;9
10193;4;31400;U16;;29#Liquid Cooling - Operating Status;;1.000000;0.000000;;9
10194;4;31401;U16;;29#Liquid Cooling - Reserve;;1.000000;0.000000;;0
10195;4;31402;U16;;29#Liquid Cooling - Reserve;;1.000000;0.000000;;0
10196;4;31403;U16;;29#Liquid Cooling - Reserve;;1.000000;0.000000;;0
10197;4;31404;U16;;29#Liquid Cooling - Operating Mode;;1.000000;0.000000;;4
10198;4;31406;F32;;29#Liquid Cooling - Ambient Temperature;;0.100000;0.000000;°C;4
10199;4;31408;F32;;29#Liquid Cooling - Supply Water Temperature;;0.100000;0.000000;°C;4
10200;4;31410;F32;;29#Liquid Cooling - Inlet Water Temperature;;0.100000;0.000000;°C;4
10201;4;31412;F32;;29#Liquid Cooling - Supply Water Pressure;;1.000000;0.000000;;4
10202;4;31414;F32;;29#Liquid Cooling - Return Water Pressure;;1.000000;0.000000;;4
10203;4;31416;U16;;29#Liquid Cooling - Fan Operating Status;;1.000000;0.000000;;9
10204;4;31417;U16;;29#Liquid Cooling - Water Pump Operating Status;;1.000000;0.000000;;9
10205;4;31418;U16;;29#Liquid Cooling - Electric Heating Operating Status;;1.000000;0.000000;;9
10206;4;31419;U16;;29#Liquid Cooling - Refrigerant Operating Status;;1.000000;0.000000;;9
10207;4;31420;F32;;29#Liquid Cooling - Fan Output;;1.000000;0.000000;;4
10208;4;31422;F32;;29#Liquid Cooling - Water Pump Output;;1.000000;0.000000;;4
10209;4;31424;F32;;29#Liquid Cooling - Target Cooling Start Point;;0.100000;0.000000;°C;4
10210;4;31426;F32;;29#Liquid Cooling - Target Cooling Stop Point;;0.100000;0.000000;°C;4
10211;4;31428;F32;;29#Liquid Cooling - Target Heating Start Point;;0.100000;0.000000;°C;4
10212;4;31430;F32;;29#Liquid Cooling - Target Heating Stop Point;;0.100000;0.000000;°C;4
10213;4;31432;U16;;29#Liquid Cooling - EMS Control Mode Status;;1.000000;0.000000;;9
10214;4;31450;U16;;30#Liquid Cooling - Operating Status;;1.000000;0.000000;;9
10215;4;31451;U16;;30#Liquid Cooling - Reserve;;1.000000;0.000000;;0
10216;4;31452;U16;;30#Liquid Cooling - Reserve;;1.000000;0.000000;;0
10217;4;31453;U16;;30#Liquid Cooling - Reserve;;1.000000;0.000000;;0
10218;4;31454;U16;;30#Liquid Cooling - Operating Mode;;1.000000;0.000000;;4
10219;4;31456;F32;;30#Liquid Cooling - Ambient Temperature;;0.100000;0.000000;°C;4
10220;4;31458;F32;;30#Liquid Cooling - Supply Water Temperature;;0.100000;0.000000;°C;4
10221;4;31460;F32;;30#Liquid Cooling - Inlet Water Temperature;;0.100000;0.000000;°C;4
10222;4;31462;F32;;30#Liquid Cooling - Supply Water Pressure;;1.000000;0.000000;;4
10223;4;31464;F32;;30#Liquid Cooling - Return Water Pressure;;1.000000;0.000000;;4
10224;4;31466;U16;;30#Liquid Cooling - Fan Operating Status;;1.000000;0.000000;;9
10225;4;31467;U16;;30#Liquid Cooling - Water Pump Operating Status;;1.000000;0.000000;;9
10226;4;31468;U16;;30#Liquid Cooling - Electric Heating Operating Status;;1.000000;0.000000;;9
10227;4;31469;U16;;30#Liquid Cooling - Refrigerant Operating Status;;1.000000;0.000000;;9
10228;4;31470;F32;;30#Liquid Cooling - Fan Output;;1.000000;0.000000;;4
10229;4;31472;F32;;30#Liquid Cooling - Water Pump Output;;1.000000;0.000000;;4
10230;4;31474;F32;;30#Liquid Cooling - Target Cooling Start Point;;0.100000;0.000000;°C;4
10231;4;31476;F32;;30#Liquid Cooling - Target Cooling Stop Point;;0.100000;0.000000;°C;4
10232;4;31478;F32;;30#Liquid Cooling - Target Heating Start Point;;0.100000;0.000000;°C;4
10233;4;31480;F32;;30#Liquid Cooling - Target Heating Stop Point;;0.100000;0.000000;°C;4
10234;4;31482;U16;;30#Liquid Cooling - EMS Control Mode Status;;1.000000;0.000000;;9
10235;4;31500;U16;;31#Liquid Cooling - Operating Status;;1.000000;0.000000;;9
10236;4;31501;U16;;31#Liquid Cooling - Reserve;;1.000000;0.000000;;0
10237;4;31502;U16;;31#Liquid Cooling - Reserve;;1.000000;0.000000;;0
10238;4;31503;U16;;31#Liquid Cooling - Reserve;;1.000000;0.000000;;0
10239;4;31504;U16;;31#Liquid Cooling - Operating Mode;;1.000000;0.000000;;4
10240;4;31506;F32;;31#Liquid Cooling - Ambient Temperature;;0.100000;0.000000;°C;4
10241;4;31508;F32;;31#Liquid Cooling - Supply Water Temperature;;0.100000;0.000000;°C;4
10242;4;31510;F32;;31#Liquid Cooling - Inlet Water Temperature;;0.100000;0.000000;°C;4
10243;4;31512;F32;;31#Liquid Cooling - Supply Water Pressure;;1.000000;0.000000;;4
10244;4;31514;F32;;31#Liquid Cooling - Return Water Pressure;;1.000000;0.000000;;4
10245;4;31516;U16;;31#Liquid Cooling - Fan Operating Status;;1.000000;0.000000;;9
10246;4;31517;U16;;31#Liquid Cooling - Water Pump Operating Status;;1.000000;0.000000;;9
10247;4;31518;U16;;31#Liquid Cooling - Electric Heating Operating Status;;1.000000;0.000000;;9
10248;4;31519;U16;;31#Liquid Cooling - Refrigerant Operating Status;;1.000000;0.000000;;9
10249;4;31520;F32;;31#Liquid Cooling - Fan Output;;1.000000;0.000000;;4
10250;4;31522;F32;;31#Liquid Cooling - Water Pump Output;;1.000000;0.000000;;4
10251;4;31524;F32;;31#Liquid Cooling - Target Cooling Start Point;;0.100000;0.000000;°C;4
10252;4;31526;F32;;31#Liquid Cooling - Target Cooling Stop Point;;0.100000;0.000000;°C;4
10253;4;31528;F32;;31#Liquid Cooling - Target Heating Start Point;;0.100000;0.000000;°C;4
10254;4;31530;F32;;31#Liquid Cooling - Target Heating Stop Point;;0.100000;0.000000;°C;4
10255;4;31532;U16;;31#Liquid Cooling - EMS Control Mode Status;;1.000000;0.000000;;9
10256;4;31550;U16;;32#Liquid Cooling - Operating Status;;1.000000;0.000000;;9
10257;4;31551;U16;;32#Liquid Cooling - Reserve;;1.000000;0.000000;;0
10258;4;31552;U16;;32#Liquid Cooling - Reserve;;1.000000;0.000000;;0
10259;4;31553;U16;;32#Liquid Cooling - Reserve;;1.000000;0.000000;;0
10260;4;31554;U16;;32#Liquid Cooling - Operating Mode;;1.000000;0.000000;;4
10261;4;31556;F32;;32#Liquid Cooling - Ambient Temperature;;0.100000;0.000000;°C;4
10262;4;31558;F32;;32#Liquid Cooling - Supply Water Temperature;;0.100000;0.000000;°C;4
10263;4;31560;F32;;32#Liquid Cooling - Inlet Water Temperature;;0.100000;0.000000;°C;4
10264;4;31562;F32;;32#Liquid Cooling - Supply Water Pressure;;1.000000;0.000000;;4
10265;4;31564;F32;;32#Liquid Cooling - Return Water Pressure;;1.000000;0.000000;;4
10266;4;31566;U16;;32#Liquid Cooling - Fan Operating Status;;1.000000;0.000000;;9
10267;4;31567;U16;;32#Liquid Cooling - Water Pump Operating Status;;1.000000;0.000000;;9
10268;4;31568;U16;;32#Liquid Cooling - Electric Heating Operating Status;;1.000000;0.000000;;9
10269;4;31569;U16;;32#Liquid Cooling - Refrigerant Operating Status;;1.000000;0.000000;;9
10270;4;31570;F32;;32#Liquid Cooling - Fan Output;;1.000000;0.000000;;4
10271;4;31572;F32;;32#Liquid Cooling - Water Pump Output;;1.000000;0.000000;;4
10272;4;31574;F32;;32#Liquid Cooling - Target Cooling Start Point;;0.100000;0.000000;°C;4
10273;4;31576;F32;;32#Liquid Cooling - Target Cooling Stop Point;;0.100000;0.000000;°C;4
10274;4;31578;F32;;32#Liquid Cooling - Target Heating Start Point;;0.100000;0.000000;°C;4
10275;4;31580;F32;;32#Liquid Cooling - Target Heating Stop Point;;0.100000;0.000000;°C;4
10276;4;31582;U16;;32#Liquid Cooling - EMS Control Mode Status;;1.000000;0.000000;;9
10277;4;31600;U16;;33#Liquid Cooling - Operating Status;;1.000000;0.000000;;9
10278;4;31601;U16;;33#Liquid Cooling - Reserve;;1.000000;0.000000;;0
10279;4;31602;U16;;33#Liquid Cooling - Reserve;;1.000000;0.000000;;0
10280;4;31603;U16;;33#Liquid Cooling - Reserve;;1.000000;0.000000;;0
10281;4;31604;U16;;33#Liquid Cooling - Operating Mode;;1.000000;0.000000;;4
10282;4;31606;F32;;33#Liquid Cooling - Ambient Temperature;;0.100000;0.000000;°C;4
10283;4;31608;F32;;33#Liquid Cooling - Supply Water Temperature;;0.100000;0.000000;°C;4
10284;4;31610;F32;;33#Liquid Cooling - Inlet Water Temperature;;0.100000;0.000000;°C;4
10285;4;31612;F32;;33#Liquid Cooling - Supply Water Pressure;;1.000000;0.000000;;4
10286;4;31614;F32;;33#Liquid Cooling - Return Water Pressure;;1.000000;0.000000;;4
10287;4;31616;U16;;33#Liquid Cooling - Fan Operating Status;;1.000000;0.000000;;9
10288;4;31617;U16;;33#Liquid Cooling - Water Pump Operating Status;;1.000000;0.000000;;9
10289;4;31618;U16;;33#Liquid Cooling - Electric Heating Operating Status;;1.000000;0.000000;;9
10290;4;31619;U16;;33#Liquid Cooling - Refrigerant Operating Status;;1.000000;0.000000;;9
10291;4;31620;F32;;33#Liquid Cooling - Fan Output;;1.000000;0.000000;;4
10292;4;31622;F32;;33#Liquid Cooling - Water Pump Output;;1.000000;0.000000;;4
10293;4;31624;F32;;33#Liquid Cooling - Target Cooling Start Point;;0.100000;0.000000;°C;4
10294;4;31626;F32;;33#Liquid Cooling - Target Cooling Stop Point;;0.100000;0.000000;°C;4
10295;4;31628;F32;;33#Liquid Cooling - Target Heating Start Point;;0.100000;0.000000;°C;4
10296;4;31630;F32;;33#Liquid Cooling - Target Heating Stop Point;;0.100000;0.000000;°C;4
10297;4;31632;U16;;33#Liquid Cooling - EMS Control Mode Status;;1.000000;0.000000;;9
10298;4;31650;U16;;34#Liquid Cooling - Operating Status;;1.000000;0.000000;;9
10299;4;31651;U16;;34#Liquid Cooling - Reserve;;1.000000;0.000000;;0
10300;4;31652;U16;;34#Liquid Cooling - Reserve;;1.000000;0.000000;;0
10301;4;31653;U16;;34#Liquid Cooling - Reserve;;1.000000;0.000000;;0
10302;4;31654;U16;;34#Liquid Cooling - Operating Mode;;1.000000;0.000000;;4
10303;4;31656;F32;;34#Liquid Cooling - Ambient Temperature;;0.100000;0.000000;°C;4
10304;4;31658;F32;;34#Liquid Cooling - Supply Water Temperature;;0.100000;0.000000;°C;4
10305;4;31660;F32;;34#Liquid Cooling - Inlet Water Temperature;;0.100000;0.000000;°C;4
10306;4;31662;F32;;34#Liquid Cooling - Supply Water Pressure;;1.000000;0.000000;;4
10307;4;31664;F32;;34#Liquid Cooling - Return Water Pressure;;1.000000;0.000000;;4
10308;4;31666;U16;;34#Liquid Cooling - Fan Operating Status;;1.000000;0.000000;;9
10309;4;31667;U16;;34#Liquid Cooling - Water Pump Operating Status;;1.000000;0.000000;;9
10310;4;31668;U16;;34#Liquid Cooling - Electric Heating Operating Status;;1.000000;0.000000;;9
10311;4;31669;U16;;34#Liquid Cooling - Refrigerant Operating Status;;1.000000;0.000000;;9
10312;4;31670;F32;;34#Liquid Cooling - Fan Output;;1.000000;0.000000;;4
10313;4;31672;F32;;34#Liquid Cooling - Water Pump Output;;1.000000;0.000000;;4
10314;4;31674;F32;;34#Liquid Cooling - Target Cooling Start Point;;0.100000;0.000000;°C;4
10315;4;31676;F32;;34#Liquid Cooling - Target Cooling Stop Point;;0.100000;0.000000;°C;4
10316;4;31678;F32;;34#Liquid Cooling - Target Heating Start Point;;0.100000;0.000000;°C;4
10317;4;31680;F32;;34#Liquid Cooling - Target Heating Stop Point;;0.100000;0.000000;°C;4
10318;4;31682;U16;;34#Liquid Cooling - EMS Control Mode Status;;1.000000;0.000000;;9
10319;4;31700;U16;;35#Liquid Cooling - Operating Status;;1.000000;0.000000;;9
10320;4;31701;U16;;35#Liquid Cooling - Reserve;;1.000000;0.000000;;0
10321;4;31702;U16;;35#Liquid Cooling - Reserve;;1.000000;0.000000;;0
10322;4;31703;U16;;35#Liquid Cooling - Reserve;;1.000000;0.000000;;0
10323;4;31704;U16;;35#Liquid Cooling - Operating Mode;;1.000000;0.000000;;4
10324;4;31706;F32;;35#Liquid Cooling - Ambient Temperature;;0.100000;0.000000;°C;4
10325;4;31708;F32;;35#Liquid Cooling - Supply Water Temperature;;0.100000;0.000000;°C;4
10326;4;31710;F32;;35#Liquid Cooling - Inlet Water Temperature;;0.100000;0.000000;°C;4
10327;4;31712;F32;;35#Liquid Cooling - Supply Water Pressure;;1.000000;0.000000;;4
10328;4;31714;F32;;35#Liquid Cooling - Return Water Pressure;;1.000000;0.000000;;4
10329;4;31716;U16;;35#Liquid Cooling - Fan Operating Status;;1.000000;0.000000;;9
10330;4;31717;U16;;35#Liquid Cooling - Water Pump Operating Status;;1.000000;0.000000;;9
10331;4;31718;U16;;35#Liquid Cooling - Electric Heating Operating Status;;1.000000;0.000000;;9
10332;4;31719;U16;;35#Liquid Cooling - Refrigerant Operating Status;;1.000000;0.000000;;9
10333;4;31720;F32;;35#Liquid Cooling - Fan Output;;1.000000;0.000000;;4
10334;4;31722;F32;;35#Liquid Cooling - Water Pump Output;;1.000000;0.000000;;4
10335;4;31724;F32;;35#Liquid Cooling - Target Cooling Start Point;;0.100000;0.000000;°C;4
10336;4;31726;F32;;35#Liquid Cooling - Target Cooling Stop Point;;0.100000;0.000000;°C;4
10337;4;31728;F32;;35#Liquid Cooling - Target Heating Start Point;;0.100000;0.000000;°C;4
10338;4;31730;F32;;35#Liquid Cooling - Target Heating Stop Point;;0.100000;0.000000;°C;4
10339;4;31732;U16;;35#Liquid Cooling - EMS Control Mode Status;;1.000000;0.000000;;9
10340;4;31750;U16;;36#Liquid Cooling - Operating Status;;1.000000;0.000000;;9
10341;4;31751;U16;;36#Liquid Cooling - Reserve;;1.000000;0.000000;;0
10342;4;31752;U16;;36#Liquid Cooling - Reserve;;1.000000;0.000000;;0
10343;4;31753;U16;;36#Liquid Cooling - Reserve;;1.000000;0.000000;;0
10344;4;31754;U16;;36#Liquid Cooling - Operating Mode;;1.000000;0.000000;;4
10345;4;31756;F32;;36#Liquid Cooling - Ambient Temperature;;0.100000;0.000000;°C;4
10346;4;31758;F32;;36#Liquid Cooling - Supply Water Temperature;;0.100000;0.000000;°C;4
10347;4;31760;F32;;36#Liquid Cooling - Inlet Water Temperature;;0.100000;0.000000;°C;4
10348;4;31762;F32;;36#Liquid Cooling - Supply Water Pressure;;1.000000;0.000000;;4
10349;4;31764;F32;;36#Liquid Cooling - Return Water Pressure;;1.000000;0.000000;;4
10350;4;31766;U16;;36#Liquid Cooling - Fan Operating Status;;1.000000;0.000000;;9
10351;4;31767;U16;;36#Liquid Cooling - Water Pump Operating Status;;1.000000;0.000000;;9
10352;4;31768;U16;;36#Liquid Cooling - Electric Heating Operating Status;;1.000000;0.000000;;9
10353;4;31769;U16;;36#Liquid Cooling - Refrigerant Operating Status;;1.000000;0.000000;;9
10354;4;31770;F32;;36#Liquid Cooling - Fan Output;;1.000000;0.000000;;4
10355;4;31772;F32;;36#Liquid Cooling - Water Pump Output;;1.000000;0.000000;;4
10356;4;31774;F32;;36#Liquid Cooling - Target Cooling Start Point;;0.100000;0.000000;°C;4
10357;4;31776;F32;;36#Liquid Cooling - Target Cooling Stop Point;;0.100000;0.000000;°C;4
10358;4;31778;F32;;36#Liquid Cooling - Target Heating Start Point;;0.100000;0.000000;°C;4
10359;4;31780;F32;;36#Liquid Cooling - Target Heating Stop Point;;0.100000;0.000000;°C;4
10360;4;31782;U16;;36#Liquid Cooling - EMS Control Mode Status;;1.000000;0.000000;;9
10361;4;31800;U16;;37#Liquid Cooling - Operating Status;;1.000000;0.000000;;9
10362;4;31801;U16;;37#Liquid Cooling - Reserve;;1.000000;0.000000;;0
10363;4;31802;U16;;37#Liquid Cooling - Reserve;;1.000000;0.000000;;0
10364;4;31803;U16;;37#Liquid Cooling - Reserve;;1.000000;0.000000;;0
10365;4;31804;U16;;37#Liquid Cooling - Operating Mode;;1.000000;0.000000;;4
10366;4;31806;F32;;37#Liquid Cooling - Ambient Temperature;;0.100000;0.000000;°C;4
10367;4;31808;F32;;37#Liquid Cooling - Supply Water Temperature;;0.100000;0.000000;°C;4
10368;4;31810;F32;;37#Liquid Cooling - Inlet Water Temperature;;0.100000;0.000000;°C;4
10369;4;31812;F32;;37#Liquid Cooling - Supply Water Pressure;;1.000000;0.000000;;4
10370;4;31814;F32;;37#Liquid Cooling - Return Water Pressure;;1.000000;0.000000;;4
10371;4;31816;U16;;37#Liquid Cooling - Fan Operating Status;;1.000000;0.000000;;9
10372;4;31817;U16;;37#Liquid Cooling - Water Pump Operating Status;;1.000000;0.000000;;9
10373;4;31818;U16;;37#Liquid Cooling - Electric Heating Operating Status;;1.000000;0.000000;;9
10374;4;31819;U16;;37#Liquid Cooling - Refrigerant Operating Status;;1.000000;0.000000;;9
10375;4;31820;F32;;37#Liquid Cooling - Fan Output;;1.000000;0.000000;;4
10376;4;31822;F32;;37#Liquid Cooling - Water Pump Output;;1.000000;0.000000;;4
10377;4;31824;F32;;37#Liquid Cooling - Target Cooling Start Point;;0.100000;0.000000;°C;4
10378;4;31826;F32;;37#Liquid Cooling - Target Cooling Stop Point;;0.100000;0.000000;°C;4
10379;4;31828;F32;;37#Liquid Cooling - Target Heating Start Point;;0.100000;0.000000;°C;4
10380;4;31830;F32;;37#Liquid Cooling - Target Heating Stop Point;;0.100000;0.000000;°C;4
10381;4;31832;U16;;37#Liquid Cooling - EMS Control Mode Status;;1.000000;0.000000;;9
10382;4;31850;U16;;38#Liquid Cooling - Operating Status;;1.000000;0.000000;;9
10383;4;31851;U16;;38#Liquid Cooling - Reserve;;1.000000;0.000000;;0
10384;4;31852;U16;;38#Liquid Cooling - Reserve;;1.000000;0.000000;;0
10385;4;31853;U16;;38#Liquid Cooling - Reserve;;1.000000;0.000000;;0
10386;4;31854;U16;;38#Liquid Cooling - Operating Mode;;1.000000;0.000000;;4
10387;4;31856;F32;;38#Liquid Cooling - Ambient Temperature;;0.100000;0.000000;°C;4
10388;4;31858;F32;;38#Liquid Cooling - Supply Water Temperature;;0.100000;0.000000;°C;4
10389;4;31860;F32;;38#Liquid Cooling - Inlet Water Temperature;;0.100000;0.000000;°C;4
10390;4;31862;F32;;38#Liquid Cooling - Supply Water Pressure;;1.000000;0.000000;;4
10391;4;31864;F32;;38#Liquid Cooling - Return Water Pressure;;1.000000;0.000000;;4
10392;4;31866;U16;;38#Liquid Cooling - Fan Operating Status;;1.000000;0.000000;;9
10393;4;31867;U16;;38#Liquid Cooling - Water Pump Operating Status;;1.000000;0.000000;;9
10394;4;31868;U16;;38#Liquid Cooling - Electric Heating Operating Status;;1.000000;0.000000;;9
10395;4;31869;U16;;38#Liquid Cooling - Refrigerant Operating Status;;1.000000;0.000000;;9
10396;4;31870;F32;;38#Liquid Cooling - Fan Output;;1.000000;0.000000;;4
10397;4;31872;F32;;38#Liquid Cooling - Water Pump Output;;1.000000;0.000000;;4
10398;4;31874;F32;;38#Liquid Cooling - Target Cooling Start Point;;0.100000;0.000000;°C;4
10399;4;31876;F32;;38#Liquid Cooling - Target Cooling Stop Point;;0.100000;0.000000;°C;4
10400;4;31878;F32;;38#Liquid Cooling - Target Heating Start Point;;0.100000;0.000000;°C;4
10401;4;31880;F32;;38#Liquid Cooling - Target Heating Stop Point;;0.100000;0.000000;°C;4
10402;4;31882;U16;;38#Liquid Cooling - EMS Control Mode Status;;1.000000;0.000000;;9
10403;4;31900;U16;;39#Liquid Cooling - Operating Status;;1.000000;0.000000;;9
10404;4;31901;U16;;39#Liquid Cooling - Reserve;;1.000000;0.000000;;0
10405;4;31902;U16;;39#Liquid Cooling - Reserve;;1.000000;0.000000;;0
10406;4;31903;U16;;39#Liquid Cooling - Reserve;;1.000000;0.000000;;0
10407;4;31904;U16;;39#Liquid Cooling - Operating Mode;;1.000000;0.000000;;4
10408;4;31906;F32;;39#Liquid Cooling - Ambient Temperature;;0.100000;0.000000;°C;4
10409;4;31908;F32;;39#Liquid Cooling - Supply Water Temperature;;0.100000;0.000000;°C;4
10410;4;31910;F32;;39#Liquid Cooling - Inlet Water Temperature;;0.100000;0.000000;°C;4
10411;4;31912;F32;;39#Liquid Cooling - Supply Water Pressure;;1.000000;0.000000;;4
10412;4;31914;F32;;39#Liquid Cooling - Return Water Pressure;;1.000000;0.000000;;4
10413;4;31916;U16;;39#Liquid Cooling - Fan Operating Status;;1.000000;0.000000;;9
10414;4;31917;U16;;39#Liquid Cooling - Water Pump Operating Status;;1.000000;0.000000;;9
10415;4;31918;U16;;39#Liquid Cooling - Electric Heating Operating Status;;1.000000;0.000000;;9
10416;4;31919;U16;;39#Liquid Cooling - Refrigerant Operating Status;;1.000000;0.000000;;9
10417;4;31920;F32;;39#Liquid Cooling - Fan Output;;1.000000;0.000000;;4
10418;4;31922;F32;;39#Liquid Cooling - Water Pump Output;;1.000000;0.000000;;4
10419;4;31924;F32;;39#Liquid Cooling - Target Cooling Start Point;;0.100000;0.000000;°C;4
10420;4;31926;F32;;39#Liquid Cooling - Target Cooling Stop Point;;0.100000;0.000000;°C;4
10421;4;31928;F32;;39#Liquid Cooling - Target Heating Start Point;;0.100000;0.000000;°C;4
10422;4;31930;F32;;39#Liquid Cooling - Target Heating Stop Point;;0.100000;0.000000;°C;4
10423;4;31932;U16;;39#Liquid Cooling - EMS Control Mode Status;;1.000000;0.000000;;9
10424;4;31950;U16;;40#Liquid Cooling - Operating Status;;1.000000;0.000000;;9
10425;4;31951;U16;;40#Liquid Cooling - Reserve;;1.000000;0.000000;;0
10426;4;31952;U16;;40#Liquid Cooling - Reserve;;1.000000;0.000000;;0
10427;4;31953;U16;;40#Liquid Cooling - Reserve;;1.000000;0.000000;;0
10428;4;31954;U16;;40#Liquid Cooling - Operating Mode;;1.000000;0.000000;;4
10429;4;31956;F32;;40#Liquid Cooling - Ambient Temperature;;0.100000;0.000000;°C;4
10430;4;31958;F32;;40#Liquid Cooling - Supply Water Temperature;;0.100000;0.000000;°C;4
10431;4;31960;F32;;40#Liquid Cooling - Inlet Water Temperature;;0.100000;0.000000;°C;4
10432;4;31962;F32;;40#Liquid Cooling - Supply Water Pressure;;1.000000;0.000000;;4
10433;4;31964;F32;;40#Liquid Cooling - Return Water Pressure;;1.000000;0.000000;;4
10434;4;31966;U16;;40#Liquid Cooling - Fan Operating Status;;1.000000;0.000000;;9
10435;4;31967;U16;;40#Liquid Cooling - Water Pump Operating Status;;1.000000;0.000000;;9
10436;4;31968;U16;;40#Liquid Cooling - Electric Heating Operating Status;;1.000000;0.000000;;9
10437;4;31969;U16;;40#Liquid Cooling - Refrigerant Operating Status;;1.000000;0.000000;;9
10438;4;31970;F32;;40#Liquid Cooling - Fan Output;;1.000000;0.000000;;4
10439;4;31972;F32;;40#Liquid Cooling - Water Pump Output;;1.000000;0.000000;;4
10440;4;31974;F32;;40#Liquid Cooling - Target Cooling Start Point;;0.100000;0.000000;°C;4
10441;4;31976;F32;;40#Liquid Cooling - Target Cooling Stop Point;;0.100000;0.000000;°C;4
10442;4;31978;F32;;40#Liquid Cooling - Target Heating Start Point;;0.100000;0.000000;°C;4
10443;4;31980;F32;;40#Liquid Cooling - Target Heating Stop Point;;0.100000;0.000000;°C;4
10444;4;31982;U16;;40#Liquid Cooling - EMS Control Mode Status;;1.000000;0.000000;;9
10445;4;32000;U16;;41#Liquid Cooling - Operating Status;;1.000000;0.000000;;9
10446;4;32001;U16;;41#Liquid Cooling - Reserve;;1.000000;0.000000;;0
10447;4;32002;U16;;41#Liquid Cooling - Reserve;;1.000000;0.000000;;0
10448;4;32003;U16;;41#Liquid Cooling - Reserve;;1.000000;0.000000;;0
10449;4;32004;U16;;41#Liquid Cooling - Operating Mode;;1.000000;0.000000;;4
10450;4;32006;F32;;41#Liquid Cooling - Ambient Temperature;;0.100000;0.000000;°C;4
10451;4;32008;F32;;41#Liquid Cooling - Supply Water Temperature;;0.100000;0.000000;°C;4
10452;4;32010;F32;;41#Liquid Cooling - Inlet Water Temperature;;0.100000;0.000000;°C;4
10453;4;32012;F32;;41#Liquid Cooling - Supply Water Pressure;;1.000000;0.000000;;4
10454;4;32014;F32;;41#Liquid Cooling - Return Water Pressure;;1.000000;0.000000;;4
10455;4;32016;U16;;41#Liquid Cooling - Fan Operating Status;;1.000000;0.000000;;9
10456;4;32017;U16;;41#Liquid Cooling - Water Pump Operating Status;;1.000000;0.000000;;9
10457;4;32018;U16;;41#Liquid Cooling - Electric Heating Operating Status;;1.000000;0.000000;;9
10458;4;32019;U16;;41#Liquid Cooling - Refrigerant Operating Status;;1.000000;0.000000;;9
10459;4;32020;F32;;41#Liquid Cooling - Fan Output;;1.000000;0.000000;;4
10460;4;32022;F32;;41#Liquid Cooling - Water Pump Output;;1.000000;0.000000;;4
10461;4;32024;F32;;41#Liquid Cooling - Target Cooling Start Point;;0.100000;0.000000;°C;4
10462;4;32026;F32;;41#Liquid Cooling - Target Cooling Stop Point;;0.100000;0.000000;°C;4
10463;4;32028;F32;;41#Liquid Cooling - Target Heating Start Point;;0.100000;0.000000;°C;4
10464;4;32030;F32;;41#Liquid Cooling - Target Heating Stop Point;;0.100000;0.000000;°C;4
10465;4;32032;U16;;41#Liquid Cooling - EMS Control Mode Status;;1.000000;0.000000;;9
10466;4;32050;U16;;42#Liquid Cooling - Operating Status;;1.000000;0.000000;;9
10467;4;32051;U16;;42#Liquid Cooling - Reserve;;1.000000;0.000000;;0
10468;4;32052;U16;;42#Liquid Cooling - Reserve;;1.000000;0.000000;;0
10469;4;32053;U16;;42#Liquid Cooling - Reserve;;1.000000;0.000000;;0
10470;4;32054;U16;;42#Liquid Cooling - Operating Mode;;1.000000;0.000000;;4
10471;4;32056;F32;;42#Liquid Cooling - Ambient Temperature;;0.100000;0.000000;°C;4
10472;4;32058;F32;;42#Liquid Cooling - Supply Water Temperature;;0.100000;0.000000;°C;4
10473;4;32060;F32;;42#Liquid Cooling - Inlet Water Temperature;;0.100000;0.000000;°C;4
10474;4;32062;F32;;42#Liquid Cooling - Supply Water Pressure;;1.000000;0.000000;;4
10475;4;32064;F32;;42#Liquid Cooling - Return Water Pressure;;1.000000;0.000000;;4
10476;4;32066;U16;;42#Liquid Cooling - Fan Operating Status;;1.000000;0.000000;;9
10477;4;32067;U16;;42#Liquid Cooling - Water Pump Operating Status;;1.000000;0.000000;;9
10478;4;32068;U16;;42#Liquid Cooling - Electric Heating Operating Status;;1.000000;0.000000;;9
10479;4;32069;U16;;42#Liquid Cooling - Refrigerant Operating Status;;1.000000;0.000000;;9
10480;4;32070;F32;;42#Liquid Cooling - Fan Output;;1.000000;0.000000;;4
10481;4;32072;F32;;42#Liquid Cooling - Water Pump Output;;1.000000;0.000000;;4
10482;4;32074;F32;;42#Liquid Cooling - Target Cooling Start Point;;0.100000;0.000000;°C;4
10483;4;32076;F32;;42#Liquid Cooling - Target Cooling Stop Point;;0.100000;0.000000;°C;4
10484;4;32078;F32;;42#Liquid Cooling - Target Heating Start Point;;0.100000;0.000000;°C;4
10485;4;32080;F32;;42#Liquid Cooling - Target Heating Stop Point;;0.100000;0.000000;°C;4
10486;4;32082;U16;;42#Liquid Cooling - EMS Control Mode Status;;1.000000;0.000000;;9
10487;4;32100;U16;;43#Liquid Cooling - Operating Status;;1.000000;0.000000;;9
10488;4;32101;U16;;43#Liquid Cooling - Reserve;;1.000000;0.000000;;0
10489;4;32102;U16;;43#Liquid Cooling - Reserve;;1.000000;0.000000;;0
10490;4;32103;U16;;43#Liquid Cooling - Reserve;;1.000000;0.000000;;0
10491;4;32104;U16;;43#Liquid Cooling - Operating Mode;;1.000000;0.000000;;4
10492;4;32106;F32;;43#Liquid Cooling - Ambient Temperature;;0.100000;0.000000;°C;4
10493;4;32108;F32;;43#Liquid Cooling - Supply Water Temperature;;0.100000;0.000000;°C;4
10494;4;32110;F32;;43#Liquid Cooling - Inlet Water Temperature;;0.100000;0.000000;°C;4
10495;4;32112;F32;;43#Liquid Cooling - Supply Water Pressure;;1.000000;0.000000;;4
10496;4;32114;F32;;43#Liquid Cooling - Return Water Pressure;;1.000000;0.000000;;4
10497;4;32116;U16;;43#Liquid Cooling - Fan Operating Status;;1.000000;0.000000;;9
10498;4;32117;U16;;43#Liquid Cooling - Water Pump Operating Status;;1.000000;0.000000;;9
10499;4;32118;U16;;43#Liquid Cooling - Electric Heating Operating Status;;1.000000;0.000000;;9
10500;4;32119;U16;;43#Liquid Cooling - Refrigerant Operating Status;;1.000000;0.000000;;9
10501;4;32120;F32;;43#Liquid Cooling - Fan Output;;1.000000;0.000000;;4
10502;4;32122;F32;;43#Liquid Cooling - Water Pump Output;;1.000000;0.000000;;4
10503;4;32124;F32;;43#Liquid Cooling - Target Cooling Start Point;;0.100000;0.000000;°C;4
10504;4;32126;F32;;43#Liquid Cooling - Target Cooling Stop Point;;0.100000;0.000000;°C;4
10505;4;32128;F32;;43#Liquid Cooling - Target Heating Start Point;;0.100000;0.000000;°C;4
10506;4;32130;F32;;43#Liquid Cooling - Target Heating Stop Point;;0.100000;0.000000;°C;4
10507;4;32132;U16;;43#Liquid Cooling - EMS Control Mode Status;;1.000000;0.000000;;9
10508;4;32150;U16;;44#Liquid Cooling - Operating Status;;1.000000;0.000000;;9
10509;4;32151;U16;;44#Liquid Cooling - Reserve;;1.000000;0.000000;;0
10510;4;32152;U16;;44#Liquid Cooling - Reserve;;1.000000;0.000000;;0
10511;4;32153;U16;;44#Liquid Cooling - Reserve;;1.000000;0.000000;;0
10512;4;32154;U16;;44#Liquid Cooling - Operating Mode;;1.000000;0.000000;;4
10513;4;32156;F32;;44#Liquid Cooling - Ambient Temperature;;0.100000;0.000000;°C;4
10514;4;32158;F32;;44#Liquid Cooling - Supply Water Temperature;;0.100000;0.000000;°C;4
10515;4;32160;F32;;44#Liquid Cooling - Inlet Water Temperature;;0.100000;0.000000;°C;4
10516;4;32162;F32;;44#Liquid Cooling - Supply Water Pressure;;1.000000;0.000000;;4
10517;4;32164;F32;;44#Liquid Cooling - Return Water Pressure;;1.000000;0.000000;;4
10518;4;32166;U16;;44#Liquid Cooling - Fan Operating Status;;1.000000;0.000000;;9
10519;4;32167;U16;;44#Liquid Cooling - Water Pump Operating Status;;1.000000;0.000000;;9
10520;4;32168;U16;;44#Liquid Cooling - Electric Heating Operating Status;;1.000000;0.000000;;9
10521;4;32169;U16;;44#Liquid Cooling - Refrigerant Operating Status;;1.000000;0.000000;;9
10522;4;32170;F32;;44#Liquid Cooling - Fan Output;;1.000000;0.000000;;4
10523;4;32172;F32;;44#Liquid Cooling - Water Pump Output;;1.000000;0.000000;;4
10524;4;32174;F32;;44#Liquid Cooling - Target Cooling Start Point;;0.100000;0.000000;°C;4
10525;4;32176;F32;;44#Liquid Cooling - Target Cooling Stop Point;;0.100000;0.000000;°C;4
10526;4;32178;F32;;44#Liquid Cooling - Target Heating Start Point;;0.100000;0.000000;°C;4
10527;4;32180;F32;;44#Liquid Cooling - Target Heating Stop Point;;0.100000;0.000000;°C;4
10528;4;32182;U16;;44#Liquid Cooling - EMS Control Mode Status;;1.000000;0.000000;;9
10529;4;32200;U16;;45#Liquid Cooling - Operating Status;;1.000000;0.000000;;9
10530;4;32201;U16;;45#Liquid Cooling - Reserve;;1.000000;0.000000;;0
10531;4;32202;U16;;45#Liquid Cooling - Reserve;;1.000000;0.000000;;0
10532;4;32203;U16;;45#Liquid Cooling - Reserve;;1.000000;0.000000;;0
10533;4;32204;U16;;45#Liquid Cooling - Operating Mode;;1.000000;0.000000;;4
10534;4;32206;F32;;45#Liquid Cooling - Ambient Temperature;;0.100000;0.000000;°C;4
10535;4;32208;F32;;45#Liquid Cooling - Supply Water Temperature;;0.100000;0.000000;°C;4
10536;4;32210;F32;;45#Liquid Cooling - Inlet Water Temperature;;0.100000;0.000000;°C;4
10537;4;32212;F32;;45#Liquid Cooling - Supply Water Pressure;;1.000000;0.000000;;4
10538;4;32214;F32;;45#Liquid Cooling - Return Water Pressure;;1.000000;0.000000;;4
10539;4;32216;U16;;45#Liquid Cooling - Fan Operating Status;;1.000000;0.000000;;9
10540;4;32217;U16;;45#Liquid Cooling - Water Pump Operating Status;;1.000000;0.000000;;9
10541;4;32218;U16;;45#Liquid Cooling - Electric Heating Operating Status;;1.000000;0.000000;;9
10542;4;32219;U16;;45#Liquid Cooling - Refrigerant Operating Status;;1.000000;0.000000;;9
10543;4;32220;F32;;45#Liquid Cooling - Fan Output;;1.000000;0.000000;;4
10544;4;32222;F32;;45#Liquid Cooling - Water Pump Output;;1.000000;0.000000;;4
10545;4;32224;F32;;45#Liquid Cooling - Target Cooling Start Point;;0.100000;0.000000;°C;4
10546;4;32226;F32;;45#Liquid Cooling - Target Cooling Stop Point;;0.100000;0.000000;°C;4
10547;4;32228;F32;;45#Liquid Cooling - Target Heating Start Point;;0.100000;0.000000;°C;4
10548;4;32230;F32;;45#Liquid Cooling - Target Heating Stop Point;;0.100000;0.000000;°C;4
10549;4;32232;U16;;45#Liquid Cooling - EMS Control Mode Status;;1.000000;0.000000;;9
10550;4;32250;U16;;46#Liquid Cooling - Operating Status;;1.000000;0.000000;;9
10551;4;32251;U16;;46#Liquid Cooling - Reserve;;1.000000;0.000000;;0
10552;4;32252;U16;;46#Liquid Cooling - Reserve;;1.000000;0.000000;;0
10553;4;32253;U16;;46#Liquid Cooling - Reserve;;1.000000;0.000000;;0
10554;4;32254;U16;;46#Liquid Cooling - Operating Mode;;1.000000;0.000000;;4
10555;4;32256;F32;;46#Liquid Cooling - Ambient Temperature;;0.100000;0.000000;°C;4
10556;4;32258;F32;;46#Liquid Cooling - Supply Water Temperature;;0.100000;0.000000;°C;4
10557;4;32260;F32;;46#Liquid Cooling - Inlet Water Temperature;;0.100000;0.000000;°C;4
10558;4;32262;F32;;46#Liquid Cooling - Supply Water Pressure;;1.000000;0.000000;;4
10559;4;32264;F32;;46#Liquid Cooling - Return Water Pressure;;1.000000;0.000000;;4
10560;4;32266;U16;;46#Liquid Cooling - Fan Operating Status;;1.000000;0.000000;;9
10561;4;32267;U16;;46#Liquid Cooling - Water Pump Operating Status;;1.000000;0.000000;;9
10562;4;32268;U16;;46#Liquid Cooling - Electric Heating Operating Status;;1.000000;0.000000;;9
10563;4;32269;U16;;46#Liquid Cooling - Refrigerant Operating Status;;1.000000;0.000000;;9
10564;4;32270;F32;;46#Liquid Cooling - Fan Output;;1.000000;0.000000;;4
10565;4;32272;F32;;46#Liquid Cooling - Water Pump Output;;1.000000;0.000000;;4
10566;4;32274;F32;;46#Liquid Cooling - Target Cooling Start Point;;0.100000;0.000000;°C;4
10567;4;32276;F32;;46#Liquid Cooling - Target Cooling Stop Point;;0.100000;0.000000;°C;4
10568;4;32278;F32;;46#Liquid Cooling - Target Heating Start Point;;0.100000;0.000000;°C;4
10569;4;32280;F32;;46#Liquid Cooling - Target Heating Stop Point;;0.100000;0.000000;°C;4
10570;4;32282;U16;;46#Liquid Cooling - EMS Control Mode Status;;1.000000;0.000000;;9
10571;4;32300;U16;;47#Liquid Cooling - Operating Status;;1.000000;0.000000;;9
10572;4;32301;U16;;47#Liquid Cooling - Reserve;;1.000000;0.000000;;0
10573;4;32302;U16;;47#Liquid Cooling - Reserve;;1.000000;0.000000;;0
10574;4;32303;U16;;47#Liquid Cooling - Reserve;;1.000000;0.000000;;0
10575;4;32304;U16;;47#Liquid Cooling - Operating Mode;;1.000000;0.000000;;4
10576;4;32306;F32;;47#Liquid Cooling - Ambient Temperature;;0.100000;0.000000;°C;4
10577;4;32308;F32;;47#Liquid Cooling - Supply Water Temperature;;0.100000;0.000000;°C;4
10578;4;32310;F32;;47#Liquid Cooling - Inlet Water Temperature;;0.100000;0.000000;°C;4
10579;4;32312;F32;;47#Liquid Cooling - Supply Water Pressure;;1.000000;0.000000;;4
10580;4;32314;F32;;47#Liquid Cooling - Return Water Pressure;;1.000000;0.000000;;4
10581;4;32316;U16;;47#Liquid Cooling - Fan Operating Status;;1.000000;0.000000;;9
10582;4;32317;U16;;47#Liquid Cooling - Water Pump Operating Status;;1.000000;0.000000;;9
10583;4;32318;U16;;47#Liquid Cooling - Electric Heating Operating Status;;1.000000;0.000000;;9
10584;4;32319;U16;;47#Liquid Cooling - Refrigerant Operating Status;;1.000000;0.000000;;9
10585;4;32320;F32;;47#Liquid Cooling - Fan Output;;1.000000;0.000000;;4
10586;4;32322;F32;;47#Liquid Cooling - Water Pump Output;;1.000000;0.000000;;4
10587;4;32324;F32;;47#Liquid Cooling - Target Cooling Start Point;;0.100000;0.000000;°C;4
10588;4;32326;F32;;47#Liquid Cooling - Target Cooling Stop Point;;0.100000;0.000000;°C;4
10589;4;32328;F32;;47#Liquid Cooling - Target Heating Start Point;;0.100000;0.000000;°C;4
10590;4;32330;F32;;47#Liquid Cooling - Target Heating Stop Point;;0.100000;0.000000;°C;4
10591;4;32332;U16;;47#Liquid Cooling - EMS Control Mode Status;;1.000000;0.000000;;9
10592;4;32350;U16;;48#Liquid Cooling - Operating Status;;1.000000;0.000000;;9
10593;4;32351;U16;;48#Liquid Cooling - Reserve;;1.000000;0.000000;;0
10594;4;32352;U16;;48#Liquid Cooling - Reserve;;1.000000;0.000000;;0
10595;4;32353;U16;;48#Liquid Cooling - Reserve;;1.000000;0.000000;;0
10596;4;32354;U16;;48#Liquid Cooling - Operating Mode;;1.000000;0.000000;;4
10597;4;32356;F32;;48#Liquid Cooling - Ambient Temperature;;0.100000;0.000000;°C;4
10598;4;32358;F32;;48#Liquid Cooling - Supply Water Temperature;;0.100000;0.000000;°C;4
10599;4;32360;F32;;48#Liquid Cooling - Inlet Water Temperature;;0.100000;0.000000;°C;4
10600;4;32362;F32;;48#Liquid Cooling - Supply Water Pressure;;1.000000;0.000000;;4
10601;4;32364;F32;;48#Liquid Cooling - Return Water Pressure;;1.000000;0.000000;;4
10602;4;32366;U16;;48#Liquid Cooling - Fan Operating Status;;1.000000;0.000000;;9
10603;4;32367;U16;;48#Liquid Cooling - Water Pump Operating Status;;1.000000;0.000000;;9
10604;4;32368;U16;;48#Liquid Cooling - Electric Heating Operating Status;;1.000000;0.000000;;9
10605;4;32369;U16;;48#Liquid Cooling - Refrigerant Operating Status;;1.000000;0.000000;;9
10606;4;32370;F32;;48#Liquid Cooling - Fan Output;;1.000000;0.000000;;4
10607;4;32372;F32;;48#Liquid Cooling - Water Pump Output;;1.000000;0.000000;;4
10608;4;32374;F32;;48#Liquid Cooling - Target Cooling Start Point;;0.100000;0.000000;°C;4
10609;4;32376;F32;;48#Liquid Cooling - Target Cooling Stop Point;;0.100000;0.000000;°C;4
10610;4;32378;F32;;48#Liquid Cooling - Target Heating Start Point;;0.100000;0.000000;°C;4
10611;4;32380;F32;;48#Liquid Cooling - Target Heating Stop Point;;0.100000;0.000000;°C;4
10612;4;32382;U16;;48#Liquid Cooling - EMS Control Mode Status;;1.000000;0.000000;;9
10613;4;32400;U16;;49#Liquid Cooling - Operating Status;;1.000000;0.000000;;9
10614;4;32401;U16;;49#Liquid Cooling - Reserve;;1.000000;0.000000;;0
10615;4;32402;U16;;49#Liquid Cooling - Reserve;;1.000000;0.000000;;0
10616;4;32403;U16;;49#Liquid Cooling - Reserve;;1.000000;0.000000;;0
10617;4;32404;U16;;49#Liquid Cooling - Operating Mode;;1.000000;0.000000;;4
10618;4;32406;F32;;49#Liquid Cooling - Ambient Temperature;;0.100000;0.000000;°C;4
10619;4;32408;F32;;49#Liquid Cooling - Supply Water Temperature;;0.100000;0.000000;°C;4
10620;4;32410;F32;;49#Liquid Cooling - Inlet Water Temperature;;0.100000;0.000000;°C;4
10621;4;32412;F32;;49#Liquid Cooling - Supply Water Pressure;;1.000000;0.000000;;4
10622;4;32414;F32;;49#Liquid Cooling - Return Water Pressure;;1.000000;0.000000;;4
10623;4;32416;U16;;49#Liquid Cooling - Fan Operating Status;;1.000000;0.000000;;9
10624;4;32417;U16;;49#Liquid Cooling - Water Pump Operating Status;;1.000000;0.000000;;9
10625;4;32418;U16;;49#Liquid Cooling - Electric Heating Operating Status;;1.000000;0.000000;;9
10626;4;32419;U16;;49#Liquid Cooling - Refrigerant Operating Status;;1.000000;0.000000;;9
10627;4;32420;F32;;49#Liquid Cooling - Fan Output;;1.000000;0.000000;;4
10628;4;32422;F32;;49#Liquid Cooling - Water Pump Output;;1.000000;0.000000;;4
10629;4;32424;F32;;49#Liquid Cooling - Target Cooling Start Point;;0.100000;0.000000;°C;4
10630;4;32426;F32;;49#Liquid Cooling - Target Cooling Stop Point;;0.100000;0.000000;°C;4
10631;4;32428;F32;;49#Liquid Cooling - Target Heating Start Point;;0.100000;0.000000;°C;4
10632;4;32430;F32;;49#Liquid Cooling - Target Heating Stop Point;;0.100000;0.000000;°C;4
10633;4;32432;U16;;49#Liquid Cooling - EMS Control Mode Status;;1.000000;0.000000;;9
10634;4;32450;U16;;50#Liquid Cooling - Operating Status;;1.000000;0.000000;;9
10635;4;32451;U16;;50#Liquid Cooling - Reserve;;1.000000;0.000000;;0
10636;4;32452;U16;;50#Liquid Cooling - Reserve;;1.000000;0.000000;;0
10637;4;32453;U16;;50#Liquid Cooling - Reserve;;1.000000;0.000000;;0
10638;4;32454;U16;;50#Liquid Cooling - Operating Mode;;1.000000;0.000000;;4
10639;4;32456;F32;;50#Liquid Cooling - Ambient Temperature;;0.100000;0.000000;°C;4
10640;4;32458;F32;;50#Liquid Cooling - Supply Water Temperature;;0.100000;0.000000;°C;4
10641;4;32460;F32;;50#Liquid Cooling - Inlet Water Temperature;;0.100000;0.000000;°C;4
10642;4;32462;F32;;50#Liquid Cooling - Supply Water Pressure;;1.000000;0.000000;;4
10643;4;32464;F32;;50#Liquid Cooling - Return Water Pressure;;1.000000;0.000000;;4
10644;4;32466;U16;;50#Liquid Cooling - Fan Operating Status;;1.000000;0.000000;;9
10645;4;32467;U16;;50#Liquid Cooling - Water Pump Operating Status;;1.000000;0.000000;;9
10646;4;32468;U16;;50#Liquid Cooling - Electric Heating Operating Status;;1.000000;0.000000;;9
10647;4;32469;U16;;50#Liquid Cooling - Refrigerant Operating Status;;1.000000;0.000000;;9
10648;4;32470;F32;;50#Liquid Cooling - Fan Output;;1.000000;0.000000;;4
10649;4;32472;F32;;50#Liquid Cooling - Water Pump Output;;1.000000;0.000000;;4
10650;4;32474;F32;;50#Liquid Cooling - Target Cooling Start Point;;0.100000;0.000000;°C;4
10651;4;32476;F32;;50#Liquid Cooling - Target Cooling Stop Point;;0.100000;0.000000;°C;4
10652;4;32478;F32;;50#Liquid Cooling - Target Heating Start Point;;0.100000;0.000000;°C;4
10653;4;32480;F32;;50#Liquid Cooling - Target Heating Stop Point;;0.100000;0.000000;°C;4
10654;4;32482;U16;;50#Liquid Cooling - EMS Control Mode Status;;1.000000;0.000000;;9
10655;4;32500;U16;;51#Liquid Cooling - Operating Status;;1.000000;0.000000;;9
10656;4;32501;U16;;51#Liquid Cooling - Reserve;;1.000000;0.000000;;0
10657;4;32502;U16;;51#Liquid Cooling - Reserve;;1.000000;0.000000;;0
10658;4;32503;U16;;51#Liquid Cooling - Reserve;;1.000000;0.000000;;0
10659;4;32504;U16;;51#Liquid Cooling - Operating Mode;;1.000000;0.000000;;4
10660;4;32506;F32;;51#Liquid Cooling - Ambient Temperature;;0.100000;0.000000;°C;4
10661;4;32508;F32;;51#Liquid Cooling - Supply Water Temperature;;0.100000;0.000000;°C;4
10662;4;32510;F32;;51#Liquid Cooling - Inlet Water Temperature;;0.100000;0.000000;°C;4
10663;4;32512;F32;;51#Liquid Cooling - Supply Water Pressure;;1.000000;0.000000;;4
10664;4;32514;F32;;51#Liquid Cooling - Return Water Pressure;;1.000000;0.000000;;4
10665;4;32516;U16;;51#Liquid Cooling - Fan Operating Status;;1.000000;0.000000;;9
10666;4;32517;U16;;51#Liquid Cooling - Water Pump Operating Status;;1.000000;0.000000;;9
10667;4;32518;U16;;51#Liquid Cooling - Electric Heating Operating Status;;1.000000;0.000000;;9
10668;4;32519;U16;;51#Liquid Cooling - Refrigerant Operating Status;;1.000000;0.000000;;9
10669;4;32520;F32;;51#Liquid Cooling - Fan Output;;1.000000;0.000000;;4
10670;4;32522;F32;;51#Liquid Cooling - Water Pump Output;;1.000000;0.000000;;4
10671;4;32524;F32;;51#Liquid Cooling - Target Cooling Start Point;;0.100000;0.000000;°C;4
10672;4;32526;F32;;51#Liquid Cooling - Target Cooling Stop Point;;0.100000;0.000000;°C;4
10673;4;32528;F32;;51#Liquid Cooling - Target Heating Start Point;;0.100000;0.000000;°C;4
10674;4;32530;F32;;51#Liquid Cooling - Target Heating Stop Point;;0.100000;0.000000;°C;4
10675;4;32532;U16;;51#Liquid Cooling - EMS Control Mode Status;;1.000000;0.000000;;9
10676;4;32550;U16;;52#Liquid Cooling - Operating Status;;1.000000;0.000000;;9
10677;4;32551;U16;;52#Liquid Cooling - Reserve;;1.000000;0.000000;;0
10678;4;32552;U16;;52#Liquid Cooling - Reserve;;1.000000;0.000000;;0
10679;4;32553;U16;;52#Liquid Cooling - Reserve;;1.000000;0.000000;;0
10680;4;32554;U16;;52#Liquid Cooling - Operating Mode;;1.000000;0.000000;;4
10681;4;32556;F32;;52#Liquid Cooling - Ambient Temperature;;0.100000;0.000000;°C;4
10682;4;32558;F32;;52#Liquid Cooling - Supply Water Temperature;;0.100000;0.000000;°C;4
10683;4;32560;F32;;52#Liquid Cooling - Inlet Water Temperature;;0.100000;0.000000;°C;4
10684;4;32562;F32;;52#Liquid Cooling - Supply Water Pressure;;1.000000;0.000000;;4
10685;4;32564;F32;;52#Liquid Cooling - Return Water Pressure;;1.000000;0.000000;;4
10686;4;32566;U16;;52#Liquid Cooling - Fan Operating Status;;1.000000;0.000000;;9
10687;4;32567;U16;;52#Liquid Cooling - Water Pump Operating Status;;1.000000;0.000000;;9
10688;4;32568;U16;;52#Liquid Cooling - Electric Heating Operating Status;;1.000000;0.000000;;9
10689;4;32569;U16;;52#Liquid Cooling - Refrigerant Operating Status;;1.000000;0.000000;;9
10690;4;32570;F32;;52#Liquid Cooling - Fan Output;;1.000000;0.000000;;4
10691;4;32572;F32;;52#Liquid Cooling - Water Pump Output;;1.000000;0.000000;;4
10692;4;32574;F32;;52#Liquid Cooling - Target Cooling Start Point;;0.100000;0.000000;°C;4
10693;4;32576;F32;;52#Liquid Cooling - Target Cooling Stop Point;;0.100000;0.000000;°C;4
10694;4;32578;F32;;52#Liquid Cooling - Target Heating Start Point;;0.100000;0.000000;°C;4
10695;4;32580;F32;;52#Liquid Cooling - Target Heating Stop Point;;0.100000;0.000000;°C;4
10696;4;32582;U16;;52#Liquid Cooling - EMS Control Mode Status;;1.000000;0.000000;;9
10697;4;32600;U16;;53#Liquid Cooling - Operating Status;;1.000000;0.000000;;9
10698;4;32601;U16;;53#Liquid Cooling - Reserve;;1.000000;0.000000;;0
10699;4;32602;U16;;53#Liquid Cooling - Reserve;;1.000000;0.000000;;0
10700;4;32603;U16;;53#Liquid Cooling - Reserve;;1.000000;0.000000;;0
10701;4;32604;U16;;53#Liquid Cooling - Operating Mode;;1.000000;0.000000;;4
10702;4;32606;F32;;53#Liquid Cooling - Ambient Temperature;;0.100000;0.000000;°C;4
10703;4;32608;F32;;53#Liquid Cooling - Supply Water Temperature;;0.100000;0.000000;°C;4
10704;4;32610;F32;;53#Liquid Cooling - Inlet Water Temperature;;0.100000;0.000000;°C;4
10705;4;32612;F32;;53#Liquid Cooling - Supply Water Pressure;;1.000000;0.000000;;4
10706;4;32614;F32;;53#Liquid Cooling - Return Water Pressure;;1.000000;0.000000;;4
10707;4;32616;U16;;53#Liquid Cooling - Fan Operating Status;;1.000000;0.000000;;9
10708;4;32617;U16;;53#Liquid Cooling - Water Pump Operating Status;;1.000000;0.000000;;9
10709;4;32618;U16;;53#Liquid Cooling - Electric Heating Operating Status;;1.000000;0.000000;;9
10710;4;32619;U16;;53#Liquid Cooling - Refrigerant Operating Status;;1.000000;0.000000;;9
10711;4;32620;F32;;53#Liquid Cooling - Fan Output;;1.000000;0.000000;;4
10712;4;32622;F32;;53#Liquid Cooling - Water Pump Output;;1.000000;0.000000;;4
10713;4;32624;F32;;53#Liquid Cooling - Target Cooling Start Point;;0.100000;0.000000;°C;4
10714;4;32626;F32;;53#Liquid Cooling - Target Cooling Stop Point;;0.100000;0.000000;°C;4
10715;4;32628;F32;;53#Liquid Cooling - Target Heating Start Point;;0.100000;0.000000;°C;4
10716;4;32630;F32;;53#Liquid Cooling - Target Heating Stop Point;;0.100000;0.000000;°C;4
10717;4;32632;U16;;53#Liquid Cooling - EMS Control Mode Status;;1.000000;0.000000;;9
10718;4;32650;U16;;54#Liquid Cooling - Operating Status;;1.000000;0.000000;;9
10719;4;32651;U16;;54#Liquid Cooling - Reserve;;1.000000;0.000000;;0
10720;4;32652;U16;;54#Liquid Cooling - Reserve;;1.000000;0.000000;;0
10721;4;32653;U16;;54#Liquid Cooling - Reserve;;1.000000;0.000000;;0
10722;4;32654;U16;;54#Liquid Cooling - Operating Mode;;1.000000;0.000000;;4
10723;4;32656;F32;;54#Liquid Cooling - Ambient Temperature;;0.100000;0.000000;°C;4
10724;4;32658;F32;;54#Liquid Cooling - Supply Water Temperature;;0.100000;0.000000;°C;4
10725;4;32660;F32;;54#Liquid Cooling - Inlet Water Temperature;;0.100000;0.000000;°C;4
10726;4;32662;F32;;54#Liquid Cooling - Supply Water Pressure;;1.000000;0.000000;;4
10727;4;32664;F32;;54#Liquid Cooling - Return Water Pressure;;1.000000;0.000000;;4
10728;4;32666;U16;;54#Liquid Cooling - Fan Operating Status;;1.000000;0.000000;;9
10729;4;32667;U16;;54#Liquid Cooling - Water Pump Operating Status;;1.000000;0.000000;;9
10730;4;32668;U16;;54#Liquid Cooling - Electric Heating Operating Status;;1.000000;0.000000;;9
10731;4;32669;U16;;54#Liquid Cooling - Refrigerant Operating Status;;1.000000;0.000000;;9
10732;4;32670;F32;;54#Liquid Cooling - Fan Output;;1.000000;0.000000;;4
10733;4;32672;F32;;54#Liquid Cooling - Water Pump Output;;1.000000;0.000000;;4
10734;4;32674;F32;;54#Liquid Cooling - Target Cooling Start Point;;0.100000;0.000000;°C;4
10735;4;32676;F32;;54#Liquid Cooling - Target Cooling Stop Point;;0.100000;0.000000;°C;4
10736;4;32678;F32;;54#Liquid Cooling - Target Heating Start Point;;0.100000;0.000000;°C;4
10737;4;32680;F32;;54#Liquid Cooling - Target Heating Stop Point;;0.100000;0.000000;°C;4
10738;4;32682;U16;;54#Liquid Cooling - EMS Control Mode Status;;1.000000;0.000000;;9
10739;4;32700;U16;;55#Liquid Cooling - Operating Status;;1.000000;0.000000;;9
10740;4;32701;U16;;55#Liquid Cooling - Reserve;;1.000000;0.000000;;0
10741;4;32702;U16;;55#Liquid Cooling - Reserve;;1.000000;0.000000;;0
10742;4;32703;U16;;55#Liquid Cooling - Reserve;;1.000000;0.000000;;0
10743;4;32704;U16;;55#Liquid Cooling - Operating Mode;;1.000000;0.000000;;4
10744;4;32706;F32;;55#Liquid Cooling - Ambient Temperature;;0.100000;0.000000;°C;4
10745;4;32708;F32;;55#Liquid Cooling - Supply Water Temperature;;0.100000;0.000000;°C;4
10746;4;32710;F32;;55#Liquid Cooling - Inlet Water Temperature;;0.100000;0.000000;°C;4
10747;4;32712;F32;;55#Liquid Cooling - Supply Water Pressure;;1.000000;0.000000;;4
10748;4;32714;F32;;55#Liquid Cooling - Return Water Pressure;;1.000000;0.000000;;4
10749;4;32716;U16;;55#Liquid Cooling - Fan Operating Status;;1.000000;0.000000;;9
10750;4;32717;U16;;55#Liquid Cooling - Water Pump Operating Status;;1.000000;0.000000;;9
10751;4;32718;U16;;55#Liquid Cooling - Electric Heating Operating Status;;1.000000;0.000000;;9
10752;4;32719;U16;;55#Liquid Cooling - Refrigerant Operating Status;;1.000000;0.000000;;9
10753;4;32720;F32;;55#Liquid Cooling - Fan Output;;1.000000;0.000000;;4
10754;4;32722;F32;;55#Liquid Cooling - Water Pump Output;;1.000000;0.000000;;4
10755;4;32724;F32;;55#Liquid Cooling - Target Cooling Start Point;;0.100000;0.000000;°C;4
10756;4;32726;F32;;55#Liquid Cooling - Target Cooling Stop Point;;0.100000;0.000000;°C;4
10757;4;32728;F32;;55#Liquid Cooling - Target Heating Start Point;;0.100000;0.000000;°C;4
10758;4;32730;F32;;55#Liquid Cooling - Target Heating Stop Point;;0.100000;0.000000;°C;4
10759;4;32732;U16;;55#Liquid Cooling - EMS Control Mode Status;;1.000000;0.000000;;9
10760;4;32750;U16;;56#Liquid Cooling - Operating Status;;1.000000;0.000000;;9
10761;4;32751;U16;;56#Liquid Cooling - Reserve;;1.000000;0.000000;;0
10762;4;32752;U16;;56#Liquid Cooling - Reserve;;1.000000;0.000000;;0
10763;4;32753;U16;;56#Liquid Cooling - Reserve;;1.000000;0.000000;;0
10764;4;32754;U16;;56#Liquid Cooling - Operating Mode;;1.000000;0.000000;;4
10765;4;32756;F32;;56#Liquid Cooling - Ambient Temperature;;0.100000;0.000000;°C;4
10766;4;32758;F32;;56#Liquid Cooling - Supply Water Temperature;;0.100000;0.000000;°C;4
10767;4;32760;F32;;56#Liquid Cooling - Inlet Water Temperature;;0.100000;0.000000;°C;4
10768;4;32762;F32;;56#Liquid Cooling - Supply Water Pressure;;1.000000;0.000000;;4
10769;4;32764;F32;;56#Liquid Cooling - Return Water Pressure;;1.000000;0.000000;;4
10770;4;32766;U16;;56#Liquid Cooling - Fan Operating Status;;1.000000;0.000000;;9
10771;4;32767;U16;;56#Liquid Cooling - Water Pump Operating Status;;1.000000;0.000000;;9
10772;4;32768;U16;;56#Liquid Cooling - Electric Heating Operating Status;;1.000000;0.000000;;9
10773;4;32769;U16;;56#Liquid Cooling - Refrigerant Operating Status;;1.000000;0.000000;;9
10774;4;32770;F32;;56#Liquid Cooling - Fan Output;;1.000000;0.000000;;4
10775;4;32772;F32;;56#Liquid Cooling - Water Pump Output;;1.000000;0.000000;;4
10776;4;32774;F32;;56#Liquid Cooling - Target Cooling Start Point;;0.100000;0.000000;°C;4
10777;4;32776;F32;;56#Liquid Cooling - Target Cooling Stop Point;;0.100000;0.000000;°C;4
10778;4;32778;F32;;56#Liquid Cooling - Target Heating Start Point;;0.100000;0.000000;°C;4
10779;4;32780;F32;;56#Liquid Cooling - Target Heating Stop Point;;0.100000;0.000000;°C;4
10780;4;32782;U16;;56#Liquid Cooling - EMS Control Mode Status;;1.000000;0.000000;;9
10781;4;32800;U16;;57#Liquid Cooling - Operating Status;;1.000000;0.000000;;9
10782;4;32801;U16;;57#Liquid Cooling - Reserve;;1.000000;0.000000;;0
10783;4;32802;U16;;57#Liquid Cooling - Reserve;;1.000000;0.000000;;0
10784;4;32803;U16;;57#Liquid Cooling - Reserve;;1.000000;0.000000;;0
10785;4;32804;U16;;57#Liquid Cooling - Operating Mode;;1.000000;0.000000;;4
10786;4;32806;F32;;57#Liquid Cooling - Ambient Temperature;;0.100000;0.000000;°C;4
10787;4;32808;F32;;57#Liquid Cooling - Supply Water Temperature;;0.100000;0.000000;°C;4
10788;4;32810;F32;;57#Liquid Cooling - Inlet Water Temperature;;0.100000;0.000000;°C;4
10789;4;32812;F32;;57#Liquid Cooling - Supply Water Pressure;;1.000000;0.000000;;4
10790;4;32814;F32;;57#Liquid Cooling - Return Water Pressure;;1.000000;0.000000;;4
10791;4;32816;U16;;57#Liquid Cooling - Fan Operating Status;;1.000000;0.000000;;9
10792;4;32817;U16;;57#Liquid Cooling - Water Pump Operating Status;;1.000000;0.000000;;9
10793;4;32818;U16;;57#Liquid Cooling - Electric Heating Operating Status;;1.000000;0.000000;;9
10794;4;32819;U16;;57#Liquid Cooling - Refrigerant Operating Status;;1.000000;0.000000;;9
10795;4;32820;F32;;57#Liquid Cooling - Fan Output;;1.000000;0.000000;;4
10796;4;32822;F32;;57#Liquid Cooling - Water Pump Output;;1.000000;0.000000;;4
10797;4;32824;F32;;57#Liquid Cooling - Target Cooling Start Point;;0.100000;0.000000;°C;4
10798;4;32826;F32;;57#Liquid Cooling - Target Cooling Stop Point;;0.100000;0.000000;°C;4
10799;4;32828;F32;;57#Liquid Cooling - Target Heating Start Point;;0.100000;0.000000;°C;4
10800;4;32830;F32;;57#Liquid Cooling - Target Heating Stop Point;;0.100000;0.000000;°C;4
10801;4;32832;U16;;57#Liquid Cooling - EMS Control Mode Status;;1.000000;0.000000;;9
10802;4;32850;U16;;58#Liquid Cooling - Operating Status;;1.000000;0.000000;;9
10803;4;32851;U16;;58#Liquid Cooling - Reserve;;1.000000;0.000000;;0
10804;4;32852;U16;;58#Liquid Cooling - Reserve;;1.000000;0.000000;;0
10805;4;32853;U16;;58#Liquid Cooling - Reserve;;1.000000;0.000000;;0
10806;4;32854;U16;;58#Liquid Cooling - Operating Mode;;1.000000;0.000000;;4
10807;4;32856;F32;;58#Liquid Cooling - Ambient Temperature;;0.100000;0.000000;°C;4
10808;4;32858;F32;;58#Liquid Cooling - Supply Water Temperature;;0.100000;0.000000;°C;4
10809;4;32860;F32;;58#Liquid Cooling - Inlet Water Temperature;;0.100000;0.000000;°C;4
10810;4;32862;F32;;58#Liquid Cooling - Supply Water Pressure;;1.000000;0.000000;;4
10811;4;32864;F32;;58#Liquid Cooling - Return Water Pressure;;1.000000;0.000000;;4
10812;4;32866;U16;;58#Liquid Cooling - Fan Operating Status;;1.000000;0.000000;;9
10813;4;32867;U16;;58#Liquid Cooling - Water Pump Operating Status;;1.000000;0.000000;;9
10814;4;32868;U16;;58#Liquid Cooling - Electric Heating Operating Status;;1.000000;0.000000;;9
10815;4;32869;U16;;58#Liquid Cooling - Refrigerant Operating Status;;1.000000;0.000000;;9
10816;4;32870;F32;;58#Liquid Cooling - Fan Output;;1.000000;0.000000;;4
10817;4;32872;F32;;58#Liquid Cooling - Water Pump Output;;1.000000;0.000000;;4
10818;4;32874;F32;;58#Liquid Cooling - Target Cooling Start Point;;0.100000;0.000000;°C;4
10819;4;32876;F32;;58#Liquid Cooling - Target Cooling Stop Point;;0.100000;0.000000;°C;4
10820;4;32878;F32;;58#Liquid Cooling - Target Heating Start Point;;0.100000;0.000000;°C;4
10821;4;32880;F32;;58#Liquid Cooling - Target Heating Stop Point;;0.100000;0.000000;°C;4
10822;4;32882;U16;;58#Liquid Cooling - EMS Control Mode Status;;1.000000;0.000000;;9
10823;4;32900;U16;;59#Liquid Cooling - Operating Status;;1.000000;0.000000;;9
10824;4;32901;U16;;59#Liquid Cooling - Reserve;;1.000000;0.000000;;0
10825;4;32902;U16;;59#Liquid Cooling - Reserve;;1.000000;0.000000;;0
10826;4;32903;U16;;59#Liquid Cooling - Reserve;;1.000000;0.000000;;0
10827;4;32904;U16;;59#Liquid Cooling - Operating Mode;;1.000000;0.000000;;4
10828;4;32906;F32;;59#Liquid Cooling - Ambient Temperature;;0.100000;0.000000;°C;4
10829;4;32908;F32;;59#Liquid Cooling - Supply Water Temperature;;0.100000;0.000000;°C;4
10830;4;32910;F32;;59#Liquid Cooling - Inlet Water Temperature;;0.100000;0.000000;°C;4
10831;4;32912;F32;;59#Liquid Cooling - Supply Water Pressure;;1.000000;0.000000;;4
10832;4;32914;F32;;59#Liquid Cooling - Return Water Pressure;;1.000000;0.000000;;4
10833;4;32916;U16;;59#Liquid Cooling - Fan Operating Status;;1.000000;0.000000;;9
10834;4;32917;U16;;59#Liquid Cooling - Water Pump Operating Status;;1.000000;0.000000;;9
10835;4;32918;U16;;59#Liquid Cooling - Electric Heating Operating Status;;1.000000;0.000000;;9
10836;4;32919;U16;;59#Liquid Cooling - Refrigerant Operating Status;;1.000000;0.000000;;9
10837;4;32920;F32;;59#Liquid Cooling - Fan Output;;1.000000;0.000000;;4
10838;4;32922;F32;;59#Liquid Cooling - Water Pump Output;;1.000000;0.000000;;4
10839;4;32924;F32;;59#Liquid Cooling - Target Cooling Start Point;;0.100000;0.000000;°C;4
10840;4;32926;F32;;59#Liquid Cooling - Target Cooling Stop Point;;0.100000;0.000000;°C;4
10841;4;32928;F32;;59#Liquid Cooling - Target Heating Start Point;;0.100000;0.000000;°C;4
10842;4;32930;F32;;59#Liquid Cooling - Target Heating Stop Point;;0.100000;0.000000;°C;4
10843;4;32932;U16;;59#Liquid Cooling - EMS Control Mode Status;;1.000000;0.000000;;9
10844;4;32950;U16;;60#Liquid Cooling - Operating Status;;1.000000;0.000000;;9
10845;4;32951;U16;;60#Liquid Cooling - Reserve;;1.000000;0.000000;;0
10846;4;32952;U16;;60#Liquid Cooling - Reserve;;1.000000;0.000000;;0
10847;4;32953;U16;;60#Liquid Cooling - Reserve;;1.000000;0.000000;;0
10848;4;32954;U16;;60#Liquid Cooling - Operating Mode;;1.000000;0.000000;;4
10849;4;32956;F32;;60#Liquid Cooling - Ambient Temperature;;0.100000;0.000000;°C;4
10850;4;32958;F32;;60#Liquid Cooling - Supply Water Temperature;;0.100000;0.000000;°C;4
10851;4;32960;F32;;60#Liquid Cooling - Inlet Water Temperature;;0.100000;0.000000;°C;4
10852;4;32962;F32;;60#Liquid Cooling - Supply Water Pressure;;1.000000;0.000000;;4
10853;4;32964;F32;;60#Liquid Cooling - Return Water Pressure;;1.000000;0.000000;;4
10854;4;32966;U16;;60#Liquid Cooling - Fan Operating Status;;1.000000;0.000000;;9
10855;4;32967;U16;;60#Liquid Cooling - Water Pump Operating Status;;1.000000;0.000000;;9
10856;4;32968;U16;;60#Liquid Cooling - Electric Heating Operating Status;;1.000000;0.000000;;9
10857;4;32969;U16;;60#Liquid Cooling - Refrigerant Operating Status;;1.000000;0.000000;;9
10858;4;32970;F32;;60#Liquid Cooling - Fan Output;;1.000000;0.000000;;4
10859;4;32972;F32;;60#Liquid Cooling - Water Pump Output;;1.000000;0.000000;;4
10860;4;32974;F32;;60#Liquid Cooling - Target Cooling Start Point;;0.100000;0.000000;°C;4
10861;4;32976;F32;;60#Liquid Cooling - Target Cooling Stop Point;;0.100000;0.000000;°C;4
10862;4;32978;F32;;60#Liquid Cooling - Target Heating Start Point;;0.100000;0.000000;°C;4
10863;4;32980;F32;;60#Liquid Cooling - Target Heating Stop Point;;0.100000;0.000000;°C;4
10864;4;32982;U16;;60#Liquid Cooling - EMS Control Mode Status;;1.000000;0.000000;;9
10865;4;33000;U16;;61#Liquid Cooling - Operating Status;;1.000000;0.000000;;9
10866;4;33001;U16;;61#Liquid Cooling - Reserve;;1.000000;0.000000;;0
10867;4;33002;U16;;61#Liquid Cooling - Reserve;;1.000000;0.000000;;0
10868;4;33003;U16;;61#Liquid Cooling - Reserve;;1.000000;0.000000;;0
10869;4;33004;U16;;61#Liquid Cooling - Operating Mode;;1.000000;0.000000;;4
10870;4;33006;F32;;61#Liquid Cooling - Ambient Temperature;;0.100000;0.000000;°C;4
10871;4;33008;F32;;61#Liquid Cooling - Supply Water Temperature;;0.100000;0.000000;°C;4
10872;4;33010;F32;;61#Liquid Cooling - Inlet Water Temperature;;0.100000;0.000000;°C;4
10873;4;33012;F32;;61#Liquid Cooling - Supply Water Pressure;;1.000000;0.000000;;4
10874;4;33014;F32;;61#Liquid Cooling - Return Water Pressure;;1.000000;0.000000;;4
10875;4;33016;U16;;61#Liquid Cooling - Fan Operating Status;;1.000000;0.000000;;9
10876;4;33017;U16;;61#Liquid Cooling - Water Pump Operating Status;;1.000000;0.000000;;9
10877;4;33018;U16;;61#Liquid Cooling - Electric Heating Operating Status;;1.000000;0.000000;;9
10878;4;33019;U16;;61#Liquid Cooling - Refrigerant Operating Status;;1.000000;0.000000;;9
10879;4;33020;F32;;61#Liquid Cooling - Fan Output;;1.000000;0.000000;;4
10880;4;33022;F32;;61#Liquid Cooling - Water Pump Output;;1.000000;0.000000;;4
10881;4;33024;F32;;61#Liquid Cooling - Target Cooling Start Point;;0.100000;0.000000;°C;4
10882;4;33026;F32;;61#Liquid Cooling - Target Cooling Stop Point;;0.100000;0.000000;°C;4
10883;4;33028;F32;;61#Liquid Cooling - Target Heating Start Point;;0.100000;0.000000;°C;4
10884;4;33030;F32;;61#Liquid Cooling - Target Heating Stop Point;;0.100000;0.000000;°C;4
10885;4;33032;U16;;61#Liquid Cooling - EMS Control Mode Status;;1.000000;0.000000;;9
10886;4;33050;U16;;62#Liquid Cooling - Operating Status;;1.000000;0.000000;;9
10887;4;33051;U16;;62#Liquid Cooling - Reserve;;1.000000;0.000000;;0
10888;4;33052;U16;;62#Liquid Cooling - Reserve;;1.000000;0.000000;;0
10889;4;33053;U16;;62#Liquid Cooling - Reserve;;1.000000;0.000000;;0
10890;4;33054;U16;;62#Liquid Cooling - Operating Mode;;1.000000;0.000000;;4
10891;4;33056;F32;;62#Liquid Cooling - Ambient Temperature;;0.100000;0.000000;°C;4
10892;4;33058;F32;;62#Liquid Cooling - Supply Water Temperature;;0.100000;0.000000;°C;4
10893;4;33060;F32;;62#Liquid Cooling - Inlet Water Temperature;;0.100000;0.000000;°C;4
10894;4;33062;F32;;62#Liquid Cooling - Supply Water Pressure;;1.000000;0.000000;;4
10895;4;33064;F32;;62#Liquid Cooling - Return Water Pressure;;1.000000;0.000000;;4
10896;4;33066;U16;;62#Liquid Cooling - Fan Operating Status;;1.000000;0.000000;;9
10897;4;33067;U16;;62#Liquid Cooling - Water Pump Operating Status;;1.000000;0.000000;;9
10898;4;33068;U16;;62#Liquid Cooling - Electric Heating Operating Status;;1.000000;0.000000;;9
10899;4;33069;U16;;62#Liquid Cooling - Refrigerant Operating Status;;1.000000;0.000000;;9
10900;4;33070;F32;;62#Liquid Cooling - Fan Output;;1.000000;0.000000;;4
10901;4;33072;F32;;62#Liquid Cooling - Water Pump Output;;1.000000;0.000000;;4
10902;4;33074;F32;;62#Liquid Cooling - Target Cooling Start Point;;0.100000;0.000000;°C;4
10903;4;33076;F32;;62#Liquid Cooling - Target Cooling Stop Point;;0.100000;0.000000;°C;4
10904;4;33078;F32;;62#Liquid Cooling - Target Heating Start Point;;0.100000;0.000000;°C;4
10905;4;33080;F32;;62#Liquid Cooling - Target Heating Stop Point;;0.100000;0.000000;°C;4
10906;4;33082;U16;;62#Liquid Cooling - EMS Control Mode Status;;1.000000;0.000000;;9
10907;4;33100;U16;;63#Liquid Cooling - Operating Status;;1.000000;0.000000;;9
10908;4;33101;U16;;63#Liquid Cooling - Reserve;;1.000000;0.000000;;0
10909;4;33102;U16;;63#Liquid Cooling - Reserve;;1.000000;0.000000;;0
10910;4;33103;U16;;63#Liquid Cooling - Reserve;;1.000000;0.000000;;0
10911;4;33104;U16;;63#Liquid Cooling - Operating Mode;;1.000000;0.000000;;4
10912;4;33106;F32;;63#Liquid Cooling - Ambient Temperature;;0.100000;0.000000;°C;4
10913;4;33108;F32;;63#Liquid Cooling - Supply Water Temperature;;0.100000;0.000000;°C;4
10914;4;33110;F32;;63#Liquid Cooling - Inlet Water Temperature;;0.100000;0.000000;°C;4
10915;4;33112;F32;;63#Liquid Cooling - Supply Water Pressure;;1.000000;0.000000;;4
10916;4;33114;F32;;63#Liquid Cooling - Return Water Pressure;;1.000000;0.000000;;4
10917;4;33116;U16;;63#Liquid Cooling - Fan Operating Status;;1.000000;0.000000;;9
10918;4;33117;U16;;63#Liquid Cooling - Water Pump Operating Status;;1.000000;0.000000;;9
10919;4;33118;U16;;63#Liquid Cooling - Electric Heating Operating Status;;1.000000;0.000000;;9
10920;4;33119;U16;;63#Liquid Cooling - Refrigerant Operating Status;;1.000000;0.000000;;9
10921;4;33120;F32;;63#Liquid Cooling - Fan Output;;1.000000;0.000000;;4
10922;4;33122;F32;;63#Liquid Cooling - Water Pump Output;;1.000000;0.000000;;4
10923;4;33124;F32;;63#Liquid Cooling - Target Cooling Start Point;;0.100000;0.000000;°C;4
10924;4;33126;F32;;63#Liquid Cooling - Target Cooling Stop Point;;0.100000;0.000000;°C;4
10925;4;33128;F32;;63#Liquid Cooling - Target Heating Start Point;;0.100000;0.000000;°C;4
10926;4;33130;F32;;63#Liquid Cooling - Target Heating Stop Point;;0.100000;0.000000;°C;4
10927;4;33132;U16;;63#Liquid Cooling - EMS Control Mode Status;;1.000000;0.000000;;9
10928;4;33150;U16;;64#Liquid Cooling - Operating Status;;1.000000;0.000000;;9
10929;4;33151;U16;;64#Liquid Cooling - Reserve;;1.000000;0.000000;;0
10930;4;33152;U16;;64#Liquid Cooling - Reserve;;1.000000;0.000000;;0
10931;4;33153;U16;;64#Liquid Cooling - Reserve;;1.000000;0.000000;;0
10932;4;33154;U16;;64#Liquid Cooling - Operating Mode;;1.000000;0.000000;;4
10933;4;33156;F32;;64#Liquid Cooling - Ambient Temperature;;0.100000;0.000000;°C;4
10934;4;33158;F32;;64#Liquid Cooling - Supply Water Temperature;;0.100000;0.000000;°C;4
10935;4;33160;F32;;64#Liquid Cooling - Inlet Water Temperature;;0.100000;0.000000;°C;4
10936;4;33162;F32;;64#Liquid Cooling - Supply Water Pressure;;1.000000;0.000000;;4
10937;4;33164;F32;;64#Liquid Cooling - Return Water Pressure;;1.000000;0.000000;;4
10938;4;33166;U16;;64#Liquid Cooling - Fan Operating Status;;1.000000;0.000000;;9
10939;4;33167;U16;;64#Liquid Cooling - Water Pump Operating Status;;1.000000;0.000000;;9
10940;4;33168;U16;;64#Liquid Cooling - Electric Heating Operating Status;;1.000000;0.000000;;9
10941;4;33169;U16;;64#Liquid Cooling - Refrigerant Operating Status;;1.000000;0.000000;;9
10942;4;33170;F32;;64#Liquid Cooling - Fan Output;;1.000000;0.000000;;4
10943;4;33172;F32;;64#Liquid Cooling - Water Pump Output;;1.000000;0.000000;;4
10944;4;33174;F32;;64#Liquid Cooling - Target Cooling Start Point;;0.100000;0.000000;°C;4
10945;4;33176;F32;;64#Liquid Cooling - Target Cooling Stop Point;;0.100000;0.000000;°C;4
10946;4;33178;F32;;64#Liquid Cooling - Target Heating Start Point;;0.100000;0.000000;°C;4
10947;4;33180;F32;;64#Liquid Cooling - Target Heating Stop Point;;0.100000;0.000000;°C;4
10948;4;33182;U16;;64#Liquid Cooling - EMS Control Mode Status;;1.000000;0.000000;;9
10949;4;33200;U16;;65#Liquid Cooling - Operating Status;;1.000000;0.000000;;9
10950;4;33201;U16;;65#Liquid Cooling - Reserve;;1.000000;0.000000;;0
10951;4;33202;U16;;65#Liquid Cooling - Reserve;;1.000000;0.000000;;0
10952;4;33203;U16;;65#Liquid Cooling - Reserve;;1.000000;0.000000;;0
10953;4;33204;U16;;65#Liquid Cooling - Operating Mode;;1.000000;0.000000;;4
10954;4;33206;F32;;65#Liquid Cooling - Ambient Temperature;;0.100000;0.000000;°C;4
10955;4;33208;F32;;65#Liquid Cooling - Supply Water Temperature;;0.100000;0.000000;°C;4
10956;4;33210;F32;;65#Liquid Cooling - Inlet Water Temperature;;0.100000;0.000000;°C;4
10957;4;33212;F32;;65#Liquid Cooling - Supply Water Pressure;;1.000000;0.000000;;4
10958;4;33214;F32;;65#Liquid Cooling - Return Water Pressure;;1.000000;0.000000;;4
10959;4;33216;U16;;65#Liquid Cooling - Fan Operating Status;;1.000000;0.000000;;9
10960;4;33217;U16;;65#Liquid Cooling - Water Pump Operating Status;;1.000000;0.000000;;9
10961;4;33218;U16;;65#Liquid Cooling - Electric Heating Operating Status;;1.000000;0.000000;;9
10962;4;33219;U16;;65#Liquid Cooling - Refrigerant Operating Status;;1.000000;0.000000;;9
10963;4;33220;F32;;65#Liquid Cooling - Fan Output;;1.000000;0.000000;;4
10964;4;33222;F32;;65#Liquid Cooling - Water Pump Output;;1.000000;0.000000;;4
10965;4;33224;F32;;65#Liquid Cooling - Target Cooling Start Point;;0.100000;0.000000;°C;4
10966;4;33226;F32;;65#Liquid Cooling - Target Cooling Stop Point;;0.100000;0.000000;°C;4
10967;4;33228;F32;;65#Liquid Cooling - Target Heating Start Point;;0.100000;0.000000;°C;4
10968;4;33230;F32;;65#Liquid Cooling - Target Heating Stop Point;;0.100000;0.000000;°C;4
10969;4;33232;U16;;65#Liquid Cooling - EMS Control Mode Status;;1.000000;0.000000;;9
10970;4;33250;U16;;66#Liquid Cooling - Operating Status;;1.000000;0.000000;;9
10971;4;33251;U16;;66#Liquid Cooling - Reserve;;1.000000;0.000000;;0
10972;4;33252;U16;;66#Liquid Cooling - Reserve;;1.000000;0.000000;;0
10973;4;33253;U16;;66#Liquid Cooling - Reserve;;1.000000;0.000000;;0
10974;4;33254;U16;;66#Liquid Cooling - Operating Mode;;1.000000;0.000000;;4
10975;4;33256;F32;;66#Liquid Cooling - Ambient Temperature;;0.100000;0.000000;°C;4
10976;4;33258;F32;;66#Liquid Cooling - Supply Water Temperature;;0.100000;0.000000;°C;4
10977;4;33260;F32;;66#Liquid Cooling - Inlet Water Temperature;;0.100000;0.000000;°C;4
10978;4;33262;F32;;66#Liquid Cooling - Supply Water Pressure;;1.000000;0.000000;;4
10979;4;33264;F32;;66#Liquid Cooling - Return Water Pressure;;1.000000;0.000000;;4
10980;4;33266;U16;;66#Liquid Cooling - Fan Operating Status;;1.000000;0.000000;;9
10981;4;33267;U16;;66#Liquid Cooling - Water Pump Operating Status;;1.000000;0.000000;;9
10982;4;33268;U16;;66#Liquid Cooling - Electric Heating Operating Status;;1.000000;0.000000;;9
10983;4;33269;U16;;66#Liquid Cooling - Refrigerant Operating Status;;1.000000;0.000000;;9
10984;4;33270;F32;;66#Liquid Cooling - Fan Output;;1.000000;0.000000;;4
10985;4;33272;F32;;66#Liquid Cooling - Water Pump Output;;1.000000;0.000000;;4
10986;4;33274;F32;;66#Liquid Cooling - Target Cooling Start Point;;0.100000;0.000000;°C;4
10987;4;33276;F32;;66#Liquid Cooling - Target Cooling Stop Point;;0.100000;0.000000;°C;4
10988;4;33278;F32;;66#Liquid Cooling - Target Heating Start Point;;0.100000;0.000000;°C;4
10989;4;33280;F32;;66#Liquid Cooling - Target Heating Stop Point;;0.100000;0.000000;°C;4
10990;4;33282;U16;;66#Liquid Cooling - EMS Control Mode Status;;1.000000;0.000000;;9
10991;4;33300;U16;;67#Liquid Cooling - Operating Status;;1.000000;0.000000;;9
10992;4;33301;U16;;67#Liquid Cooling - Reserve;;1.000000;0.000000;;0
10993;4;33302;U16;;67#Liquid Cooling - Reserve;;1.000000;0.000000;;0
10994;4;33303;U16;;67#Liquid Cooling - Reserve;;1.000000;0.000000;;0
10995;4;33304;U16;;67#Liquid Cooling - Operating Mode;;1.000000;0.000000;;4
10996;4;33306;F32;;67#Liquid Cooling - Ambient Temperature;;0.100000;0.000000;°C;4
10997;4;33308;F32;;67#Liquid Cooling - Supply Water Temperature;;0.100000;0.000000;°C;4
10998;4;33310;F32;;67#Liquid Cooling - Inlet Water Temperature;;0.100000;0.000000;°C;4
10999;4;33312;F32;;67#Liquid Cooling - Supply Water Pressure;;1.000000;0.000000;;4
11000;4;33314;F32;;67#Liquid Cooling - Return Water Pressure;;1.000000;0.000000;;4
11001;4;33316;U16;;67#Liquid Cooling - Fan Operating Status;;1.000000;0.000000;;9
11002;4;33317;U16;;67#Liquid Cooling - Water Pump Operating Status;;1.000000;0.000000;;9
11003;4;33318;U16;;67#Liquid Cooling - Electric Heating Operating Status;;1.000000;0.000000;;9
11004;4;33319;U16;;67#Liquid Cooling - Refrigerant Operating Status;;1.000000;0.000000;;9
11005;4;33320;F32;;67#Liquid Cooling - Fan Output;;1.000000;0.000000;;4
11006;4;33322;F32;;67#Liquid Cooling - Water Pump Output;;1.000000;0.000000;;4
11007;4;33324;F32;;67#Liquid Cooling - Target Cooling Start Point;;0.100000;0.000000;°C;4
11008;4;33326;F32;;67#Liquid Cooling - Target Cooling Stop Point;;0.100000;0.000000;°C;4
11009;4;33328;F32;;67#Liquid Cooling - Target Heating Start Point;;0.100000;0.000000;°C;4
11010;4;33330;F32;;67#Liquid Cooling - Target Heating Stop Point;;0.100000;0.000000;°C;4
11011;4;33332;U16;;67#Liquid Cooling - EMS Control Mode Status;;1.000000;0.000000;;9
11012;4;33350;U16;;68#Liquid Cooling - Operating Status;;1.000000;0.000000;;9
11013;4;33351;U16;;68#Liquid Cooling - Reserve;;1.000000;0.000000;;0
11014;4;33352;U16;;68#Liquid Cooling - Reserve;;1.000000;0.000000;;0
11015;4;33353;U16;;68#Liquid Cooling - Reserve;;1.000000;0.000000;;0
11016;4;33354;U16;;68#Liquid Cooling - Operating Mode;;1.000000;0.000000;;4
11017;4;33356;F32;;68#Liquid Cooling - Ambient Temperature;;0.100000;0.000000;°C;4
11018;4;33358;F32;;68#Liquid Cooling - Supply Water Temperature;;0.100000;0.000000;°C;4
11019;4;33360;F32;;68#Liquid Cooling - Inlet Water Temperature;;0.100000;0.000000;°C;4
11020;4;33362;F32;;68#Liquid Cooling - Supply Water Pressure;;1.000000;0.000000;;4
11021;4;33364;F32;;68#Liquid Cooling - Return Water Pressure;;1.000000;0.000000;;4
11022;4;33366;U16;;68#Liquid Cooling - Fan Operating Status;;1.000000;0.000000;;9
11023;4;33367;U16;;68#Liquid Cooling - Water Pump Operating Status;;1.000000;0.000000;;9
11024;4;33368;U16;;68#Liquid Cooling - Electric Heating Operating Status;;1.000000;0.000000;;9
11025;4;33369;U16;;68#Liquid Cooling - Refrigerant Operating Status;;1.000000;0.000000;;9
11026;4;33370;F32;;68#Liquid Cooling - Fan Output;;1.000000;0.000000;;4
11027;4;33372;F32;;68#Liquid Cooling - Water Pump Output;;1.000000;0.000000;;4
11028;4;33374;F32;;68#Liquid Cooling - Target Cooling Start Point;;0.100000;0.000000;°C;4
11029;4;33376;F32;;68#Liquid Cooling - Target Cooling Stop Point;;0.100000;0.000000;°C;4
11030;4;33378;F32;;68#Liquid Cooling - Target Heating Start Point;;0.100000;0.000000;°C;4
11031;4;33380;F32;;68#Liquid Cooling - Target Heating Stop Point;;0.100000;0.000000;°C;4
11032;4;33382;U16;;68#Liquid Cooling - EMS Control Mode Status;;1.000000;0.000000;;9
11033;4;33400;U16;;69#Liquid Cooling - Operating Status;;1.000000;0.000000;;9
11034;4;33401;U16;;69#Liquid Cooling - Reserve;;1.000000;0.000000;;0
11035;4;33402;U16;;69#Liquid Cooling - Reserve;;1.000000;0.000000;;0
11036;4;33403;U16;;69#Liquid Cooling - Reserve;;1.000000;0.000000;;0
11037;4;33404;U16;;69#Liquid Cooling - Operating Mode;;1.000000;0.000000;;4
11038;4;33406;F32;;69#Liquid Cooling - Ambient Temperature;;0.100000;0.000000;°C;4
11039;4;33408;F32;;69#Liquid Cooling - Supply Water Temperature;;0.100000;0.000000;°C;4
11040;4;33410;F32;;69#Liquid Cooling - Inlet Water Temperature;;0.100000;0.000000;°C;4
11041;4;33412;F32;;69#Liquid Cooling - Supply Water Pressure;;1.000000;0.000000;;4
11042;4;33414;F32;;69#Liquid Cooling - Return Water Pressure;;1.000000;0.000000;;4
11043;4;33416;U16;;69#Liquid Cooling - Fan Operating Status;;1.000000;0.000000;;9
11044;4;33417;U16;;69#Liquid Cooling - Water Pump Operating Status;;1.000000;0.000000;;9
11045;4;33418;U16;;69#Liquid Cooling - Electric Heating Operating Status;;1.000000;0.000000;;9
11046;4;33419;U16;;69#Liquid Cooling - Refrigerant Operating Status;;1.000000;0.000000;;9
11047;4;33420;F32;;69#Liquid Cooling - Fan Output;;1.000000;0.000000;;4
11048;4;33422;F32;;69#Liquid Cooling - Water Pump Output;;1.000000;0.000000;;4
11049;4;33424;F32;;69#Liquid Cooling - Target Cooling Start Point;;0.100000;0.000000;°C;4
11050;4;33426;F32;;69#Liquid Cooling - Target Cooling Stop Point;;0.100000;0.000000;°C;4
11051;4;33428;F32;;69#Liquid Cooling - Target Heating Start Point;;0.100000;0.000000;°C;4
11052;4;33430;F32;;69#Liquid Cooling - Target Heating Stop Point;;0.100000;0.000000;°C;4
11053;4;33432;U16;;69#Liquid Cooling - EMS Control Mode Status;;1.000000;0.000000;;9
11054;4;33450;U16;;70#Liquid Cooling - Operating Status;;1.000000;0.000000;;9
11055;4;33451;U16;;70#Liquid Cooling - Reserve;;1.000000;0.000000;;0
11056;4;33452;U16;;70#Liquid Cooling - Reserve;;1.000000;0.000000;;0
11057;4;33453;U16;;70#Liquid Cooling - Reserve;;1.000000;0.000000;;0
11058;4;33454;U16;;70#Liquid Cooling - Operating Mode;;1.000000;0.000000;;4
11059;4;33456;F32;;70#Liquid Cooling - Ambient Temperature;;0.100000;0.000000;°C;4
11060;4;33458;F32;;70#Liquid Cooling - Supply Water Temperature;;0.100000;0.000000;°C;4
11061;4;33460;F32;;70#Liquid Cooling - Inlet Water Temperature;;0.100000;0.000000;°C;4
11062;4;33462;F32;;70#Liquid Cooling - Supply Water Pressure;;1.000000;0.000000;;4
11063;4;33464;F32;;70#Liquid Cooling - Return Water Pressure;;1.000000;0.000000;;4
11064;4;33466;U16;;70#Liquid Cooling - Fan Operating Status;;1.000000;0.000000;;9
11065;4;33467;U16;;70#Liquid Cooling - Water Pump Operating Status;;1.000000;0.000000;;9
11066;4;33468;U16;;70#Liquid Cooling - Electric Heating Operating Status;;1.000000;0.000000;;9
11067;4;33469;U16;;70#Liquid Cooling - Refrigerant Operating Status;;1.000000;0.000000;;9
11068;4;33470;F32;;70#Liquid Cooling - Fan Output;;1.000000;0.000000;;4
11069;4;33472;F32;;70#Liquid Cooling - Water Pump Output;;1.000000;0.000000;;4
11070;4;33474;F32;;70#Liquid Cooling - Target Cooling Start Point;;0.100000;0.000000;°C;4
11071;4;33476;F32;;70#Liquid Cooling - Target Cooling Stop Point;;0.100000;0.000000;°C;4
11072;4;33478;F32;;70#Liquid Cooling - Target Heating Start Point;;0.100000;0.000000;°C;4
11073;4;33480;F32;;70#Liquid Cooling - Target Heating Stop Point;;0.100000;0.000000;°C;4
11074;4;33482;U16;;70#Liquid Cooling - EMS Control Mode Status;;1.000000;0.000000;;9
11075;4;33500;U16;;71#Liquid Cooling - Operating Status;;1.000000;0.000000;;9
11076;4;33501;U16;;71#Liquid Cooling - Reserve;;1.000000;0.000000;;0
11077;4;33502;U16;;71#Liquid Cooling - Reserve;;1.000000;0.000000;;0
11078;4;33503;U16;;71#Liquid Cooling - Reserve;;1.000000;0.000000;;0
11079;4;33504;U16;;71#Liquid Cooling - Operating Mode;;1.000000;0.000000;;4
11080;4;33506;F32;;71#Liquid Cooling - Ambient Temperature;;0.100000;0.000000;°C;4
11081;4;33508;F32;;71#Liquid Cooling - Supply Water Temperature;;0.100000;0.000000;°C;4
11082;4;33510;F32;;71#Liquid Cooling - Inlet Water Temperature;;0.100000;0.000000;°C;4
11083;4;33512;F32;;71#Liquid Cooling - Supply Water Pressure;;1.000000;0.000000;;4
11084;4;33514;F32;;71#Liquid Cooling - Return Water Pressure;;1.000000;0.000000;;4
11085;4;33516;U16;;71#Liquid Cooling - Fan Operating Status;;1.000000;0.000000;;9
11086;4;33517;U16;;71#Liquid Cooling - Water Pump Operating Status;;1.000000;0.000000;;9
11087;4;33518;U16;;71#Liquid Cooling - Electric Heating Operating Status;;1.000000;0.000000;;9
11088;4;33519;U16;;71#Liquid Cooling - Refrigerant Operating Status;;1.000000;0.000000;;9
11089;4;33520;F32;;71#Liquid Cooling - Fan Output;;1.000000;0.000000;;4
11090;4;33522;F32;;71#Liquid Cooling - Water Pump Output;;1.000000;0.000000;;4
11091;4;33524;F32;;71#Liquid Cooling - Target Cooling Start Point;;0.100000;0.000000;°C;4
11092;4;33526;F32;;71#Liquid Cooling - Target Cooling Stop Point;;0.100000;0.000000;°C;4
11093;4;33528;F32;;71#Liquid Cooling - Target Heating Start Point;;0.100000;0.000000;°C;4
11094;4;33530;F32;;71#Liquid Cooling - Target Heating Stop Point;;0.100000;0.000000;°C;4
11095;4;33532;U16;;71#Liquid Cooling - EMS Control Mode Status;;1.000000;0.000000;;9
11096;4;33550;U16;;72#Liquid Cooling - Operating Status;;1.000000;0.000000;;9
11097;4;33551;U16;;72#Liquid Cooling - Reserve;;1.000000;0.000000;;0
11098;4;33552;U16;;72#Liquid Cooling - Reserve;;1.000000;0.000000;;0
11099;4;33553;U16;;72#Liquid Cooling - Reserve;;1.000000;0.000000;;0
11100;4;33554;U16;;72#Liquid Cooling - Operating Mode;;1.000000;0.000000;;4
11101;4;33556;F32;;72#Liquid Cooling - Ambient Temperature;;0.100000;0.000000;°C;4
11102;4;33558;F32;;72#Liquid Cooling - Supply Water Temperature;;0.100000;0.000000;°C;4
11103;4;33560;F32;;72#Liquid Cooling - Inlet Water Temperature;;0.100000;0.000000;°C;4
11104;4;33562;F32;;72#Liquid Cooling - Supply Water Pressure;;1.000000;0.000000;;4
11105;4;33564;F32;;72#Liquid Cooling - Return Water Pressure;;1.000000;0.000000;;4
11106;4;33566;U16;;72#Liquid Cooling - Fan Operating Status;;1.000000;0.000000;;9
11107;4;33567;U16;;72#Liquid Cooling - Water Pump Operating Status;;1.000000;0.000000;;9
11108;4;33568;U16;;72#Liquid Cooling - Electric Heating Operating Status;;1.000000;0.000000;;9
11109;4;33569;U16;;72#Liquid Cooling - Refrigerant Operating Status;;1.000000;0.000000;;9
11110;4;33570;F32;;72#Liquid Cooling - Fan Output;;1.000000;0.000000;;4
11111;4;33572;F32;;72#Liquid Cooling - Water Pump Output;;1.000000;0.000000;;4
11112;4;33574;F32;;72#Liquid Cooling - Target Cooling Start Point;;0.100000;0.000000;°C;4
11113;4;33576;F32;;72#Liquid Cooling - Target Cooling Stop Point;;0.100000;0.000000;°C;4
11114;4;33578;F32;;72#Liquid Cooling - Target Heating Start Point;;0.100000;0.000000;°C;4
11115;4;33580;F32;;72#Liquid Cooling - Target Heating Stop Point;;0.100000;0.000000;°C;4
11116;4;33582;U16;;72#Liquid Cooling - EMS Control Mode Status;;1.000000;0.000000;;9
11117;4;33600;U16;;73#Liquid Cooling - Operating Status;;1.000000;0.000000;;9
11118;4;33601;U16;;73#Liquid Cooling - Reserve;;1.000000;0.000000;;0
11119;4;33602;U16;;73#Liquid Cooling - Reserve;;1.000000;0.000000;;0
11120;4;33603;U16;;73#Liquid Cooling - Reserve;;1.000000;0.000000;;0
11121;4;33604;U16;;73#Liquid Cooling - Operating Mode;;1.000000;0.000000;;4
11122;4;33606;F32;;73#Liquid Cooling - Ambient Temperature;;0.100000;0.000000;°C;4
11123;4;33608;F32;;73#Liquid Cooling - Supply Water Temperature;;0.100000;0.000000;°C;4
11124;4;33610;F32;;73#Liquid Cooling - Inlet Water Temperature;;0.100000;0.000000;°C;4
11125;4;33612;F32;;73#Liquid Cooling - Supply Water Pressure;;1.000000;0.000000;;4
11126;4;33614;F32;;73#Liquid Cooling - Return Water Pressure;;1.000000;0.000000;;4
11127;4;33616;U16;;73#Liquid Cooling - Fan Operating Status;;1.000000;0.000000;;9
11128;4;33617;U16;;73#Liquid Cooling - Water Pump Operating Status;;1.000000;0.000000;;9
11129;4;33618;U16;;73#Liquid Cooling - Electric Heating Operating Status;;1.000000;0.000000;;9
11130;4;33619;U16;;73#Liquid Cooling - Refrigerant Operating Status;;1.000000;0.000000;;9
11131;4;33620;F32;;73#Liquid Cooling - Fan Output;;1.000000;0.000000;;4
11132;4;33622;F32;;73#Liquid Cooling - Water Pump Output;;1.000000;0.000000;;4
11133;4;33624;F32;;73#Liquid Cooling - Target Cooling Start Point;;0.100000;0.000000;°C;4
11134;4;33626;F32;;73#Liquid Cooling - Target Cooling Stop Point;;0.100000;0.000000;°C;4
11135;4;33628;F32;;73#Liquid Cooling - Target Heating Start Point;;0.100000;0.000000;°C;4
11136;4;33630;F32;;73#Liquid Cooling - Target Heating Stop Point;;0.100000;0.000000;°C;4
11137;4;33632;U16;;73#Liquid Cooling - EMS Control Mode Status;;1.000000;0.000000;;9
11138;4;33650;U16;;74#Liquid Cooling - Operating Status;;1.000000;0.000000;;9
11139;4;33651;U16;;74#Liquid Cooling - Reserve;;1.000000;0.000000;;0
11140;4;33652;U16;;74#Liquid Cooling - Reserve;;1.000000;0.000000;;0
11141;4;33653;U16;;74#Liquid Cooling - Reserve;;1.000000;0.000000;;0
11142;4;33654;U16;;74#Liquid Cooling - Operating Mode;;1.000000;0.000000;;4
11143;4;33656;F32;;74#Liquid Cooling - Ambient Temperature;;0.100000;0.000000;°C;4
11144;4;33658;F32;;74#Liquid Cooling - Supply Water Temperature;;0.100000;0.000000;°C;4
11145;4;33660;F32;;74#Liquid Cooling - Inlet Water Temperature;;0.100000;0.000000;°C;4
11146;4;33662;F32;;74#Liquid Cooling - Supply Water Pressure;;1.000000;0.000000;;4
11147;4;33664;F32;;74#Liquid Cooling - Return Water Pressure;;1.000000;0.000000;;4
11148;4;33666;U16;;74#Liquid Cooling - Fan Operating Status;;1.000000;0.000000;;9
11149;4;33667;U16;;74#Liquid Cooling - Water Pump Operating Status;;1.000000;0.000000;;9
11150;4;33668;U16;;74#Liquid Cooling - Electric Heating Operating Status;;1.000000;0.000000;;9
11151;4;33669;U16;;74#Liquid Cooling - Refrigerant Operating Status;;1.000000;0.000000;;9
11152;4;33670;F32;;74#Liquid Cooling - Fan Output;;1.000000;0.000000;;4
11153;4;33672;F32;;74#Liquid Cooling - Water Pump Output;;1.000000;0.000000;;4
11154;4;33674;F32;;74#Liquid Cooling - Target Cooling Start Point;;0.100000;0.000000;°C;4
11155;4;33676;F32;;74#Liquid Cooling - Target Cooling Stop Point;;0.100000;0.000000;°C;4
11156;4;33678;F32;;74#Liquid Cooling - Target Heating Start Point;;0.100000;0.000000;°C;4
11157;4;33680;F32;;74#Liquid Cooling - Target Heating Stop Point;;0.100000;0.000000;°C;4
11158;4;33682;U16;;74#Liquid Cooling - EMS Control Mode Status;;1.000000;0.000000;;9
11159;4;33700;U16;;75#Liquid Cooling - Operating Status;;1.000000;0.000000;;9
11160;4;33701;U16;;75#Liquid Cooling - Reserve;;1.000000;0.000000;;0
11161;4;33702;U16;;75#Liquid Cooling - Reserve;;1.000000;0.000000;;0
11162;4;33703;U16;;75#Liquid Cooling - Reserve;;1.000000;0.000000;;0
11163;4;33704;U16;;75#Liquid Cooling - Operating Mode;;1.000000;0.000000;;4
11164;4;33706;F32;;75#Liquid Cooling - Ambient Temperature;;0.100000;0.000000;°C;4
11165;4;33708;F32;;75#Liquid Cooling - Supply Water Temperature;;0.100000;0.000000;°C;4
11166;4;33710;F32;;75#Liquid Cooling - Inlet Water Temperature;;0.100000;0.000000;°C;4
11167;4;33712;F32;;75#Liquid Cooling - Supply Water Pressure;;1.000000;0.000000;;4
11168;4;33714;F32;;75#Liquid Cooling - Return Water Pressure;;1.000000;0.000000;;4
11169;4;33716;U16;;75#Liquid Cooling - Fan Operating Status;;1.000000;0.000000;;9
11170;4;33717;U16;;75#Liquid Cooling - Water Pump Operating Status;;1.000000;0.000000;;9
11171;4;33718;U16;;75#Liquid Cooling - Electric Heating Operating Status;;1.000000;0.000000;;9
11172;4;33719;U16;;75#Liquid Cooling - Refrigerant Operating Status;;1.000000;0.000000;;9
11173;4;33720;F32;;75#Liquid Cooling - Fan Output;;1.000000;0.000000;;4
11174;4;33722;F32;;75#Liquid Cooling - Water Pump Output;;1.000000;0.000000;;4
11175;4;33724;F32;;75#Liquid Cooling - Target Cooling Start Point;;0.100000;0.000000;°C;4
11176;4;33726;F32;;75#Liquid Cooling - Target Cooling Stop Point;;0.100000;0.000000;°C;4
11177;4;33728;F32;;75#Liquid Cooling - Target Heating Start Point;;0.100000;0.000000;°C;4
11178;4;33730;F32;;75#Liquid Cooling - Target Heating Stop Point;;0.100000;0.000000;°C;4
11179;4;33732;U16;;75#Liquid Cooling - EMS Control Mode Status;;1.000000;0.000000;;9
11180;4;33750;U16;;76#Liquid Cooling - Operating Status;;1.000000;0.000000;;9
11181;4;33751;U16;;76#Liquid Cooling - Reserve;;1.000000;0.000000;;0
11182;4;33752;U16;;76#Liquid Cooling - Reserve;;1.000000;0.000000;;0
11183;4;33753;U16;;76#Liquid Cooling - Reserve;;1.000000;0.000000;;0
11184;4;33754;U16;;76#Liquid Cooling - Operating Mode;;1.000000;0.000000;;4
11185;4;33756;F32;;76#Liquid Cooling - Ambient Temperature;;0.100000;0.000000;°C;4
11186;4;33758;F32;;76#Liquid Cooling - Supply Water Temperature;;0.100000;0.000000;°C;4
11187;4;33760;F32;;76#Liquid Cooling - Inlet Water Temperature;;0.100000;0.000000;°C;4
11188;4;33762;F32;;76#Liquid Cooling - Supply Water Pressure;;1.000000;0.000000;;4
11189;4;33764;F32;;76#Liquid Cooling - Return Water Pressure;;1.000000;0.000000;;4
11190;4;33766;U16;;76#Liquid Cooling - Fan Operating Status;;1.000000;0.000000;;9
11191;4;33767;U16;;76#Liquid Cooling - Water Pump Operating Status;;1.000000;0.000000;;9
11192;4;33768;U16;;76#Liquid Cooling - Electric Heating Operating Status;;1.000000;0.000000;;9
11193;4;33769;U16;;76#Liquid Cooling - Refrigerant Operating Status;;1.000000;0.000000;;9
11194;4;33770;F32;;76#Liquid Cooling - Fan Output;;1.000000;0.000000;;4
11195;4;33772;F32;;76#Liquid Cooling - Water Pump Output;;1.000000;0.000000;;4
11196;4;33774;F32;;76#Liquid Cooling - Target Cooling Start Point;;0.100000;0.000000;°C;4
11197;4;33776;F32;;76#Liquid Cooling - Target Cooling Stop Point;;0.100000;0.000000;°C;4
11198;4;33778;F32;;76#Liquid Cooling - Target Heating Start Point;;0.100000;0.000000;°C;4
11199;4;33780;F32;;76#Liquid Cooling - Target Heating Stop Point;;0.100000;0.000000;°C;4
11200;4;33782;U16;;76#Liquid Cooling - EMS Control Mode Status;;1.000000;0.000000;;9
11201;4;33800;U16;;77#Liquid Cooling - Operating Status;;1.000000;0.000000;;9
11202;4;33801;U16;;77#Liquid Cooling - Reserve;;1.000000;0.000000;;0
11203;4;33802;U16;;77#Liquid Cooling - Reserve;;1.000000;0.000000;;0
11204;4;33803;U16;;77#Liquid Cooling - Reserve;;1.000000;0.000000;;0
11205;4;33804;U16;;77#Liquid Cooling - Operating Mode;;1.000000;0.000000;;4
11206;4;33806;F32;;77#Liquid Cooling - Ambient Temperature;;0.100000;0.000000;°C;4
11207;4;33808;F32;;77#Liquid Cooling - Supply Water Temperature;;0.100000;0.000000;°C;4
11208;4;33810;F32;;77#Liquid Cooling - Inlet Water Temperature;;0.100000;0.000000;°C;4
11209;4;33812;F32;;77#Liquid Cooling - Supply Water Pressure;;1.000000;0.000000;;4
11210;4;33814;F32;;77#Liquid Cooling - Return Water Pressure;;1.000000;0.000000;;4
11211;4;33816;U16;;77#Liquid Cooling - Fan Operating Status;;1.000000;0.000000;;9
11212;4;33817;U16;;77#Liquid Cooling - Water Pump Operating Status;;1.000000;0.000000;;9
11213;4;33818;U16;;77#Liquid Cooling - Electric Heating Operating Status;;1.000000;0.000000;;9
11214;4;33819;U16;;77#Liquid Cooling - Refrigerant Operating Status;;1.000000;0.000000;;9
11215;4;33820;F32;;77#Liquid Cooling - Fan Output;;1.000000;0.000000;;4
11216;4;33822;F32;;77#Liquid Cooling - Water Pump Output;;1.000000;0.000000;;4
11217;4;33824;F32;;77#Liquid Cooling - Target Cooling Start Point;;0.100000;0.000000;°C;4
11218;4;33826;F32;;77#Liquid Cooling - Target Cooling Stop Point;;0.100000;0.000000;°C;4
11219;4;33828;F32;;77#Liquid Cooling - Target Heating Start Point;;0.100000;0.000000;°C;4
11220;4;33830;F32;;77#Liquid Cooling - Target Heating Stop Point;;0.100000;0.000000;°C;4
11221;4;33832;U16;;77#Liquid Cooling - EMS Control Mode Status;;1.000000;0.000000;;9
11222;4;33850;U16;;78#Liquid Cooling - Operating Status;;1.000000;0.000000;;9
11223;4;33851;U16;;78#Liquid Cooling - Reserve;;1.000000;0.000000;;0
11224;4;33852;U16;;78#Liquid Cooling - Reserve;;1.000000;0.000000;;0
11225;4;33853;U16;;78#Liquid Cooling - Reserve;;1.000000;0.000000;;0
11226;4;33854;U16;;78#Liquid Cooling - Operating Mode;;1.000000;0.000000;;4
11227;4;33856;F32;;78#Liquid Cooling - Ambient Temperature;;0.100000;0.000000;°C;4
11228;4;33858;F32;;78#Liquid Cooling - Supply Water Temperature;;0.100000;0.000000;°C;4
11229;4;33860;F32;;78#Liquid Cooling - Inlet Water Temperature;;0.100000;0.000000;°C;4
11230;4;33862;F32;;78#Liquid Cooling - Supply Water Pressure;;1.000000;0.000000;;4
11231;4;33864;F32;;78#Liquid Cooling - Return Water Pressure;;1.000000;0.000000;;4
11232;4;33866;U16;;78#Liquid Cooling - Fan Operating Status;;1.000000;0.000000;;9
11233;4;33867;U16;;78#Liquid Cooling - Water Pump Operating Status;;1.000000;0.000000;;9
11234;4;33868;U16;;78#Liquid Cooling - Electric Heating Operating Status;;1.000000;0.000000;;9
11235;4;33869;U16;;78#Liquid Cooling - Refrigerant Operating Status;;1.000000;0.000000;;9
11236;4;33870;F32;;78#Liquid Cooling - Fan Output;;1.000000;0.000000;;4
11237;4;33872;F32;;78#Liquid Cooling - Water Pump Output;;1.000000;0.000000;;4
11238;4;33874;F32;;78#Liquid Cooling - Target Cooling Start Point;;0.100000;0.000000;°C;4
11239;4;33876;F32;;78#Liquid Cooling - Target Cooling Stop Point;;0.100000;0.000000;°C;4
11240;4;33878;F32;;78#Liquid Cooling - Target Heating Start Point;;0.100000;0.000000;°C;4
11241;4;33880;F32;;78#Liquid Cooling - Target Heating Stop Point;;0.100000;0.000000;°C;4
11242;4;33882;U16;;78#Liquid Cooling - EMS Control Mode Status;;1.000000;0.000000;;9
11243;4;33900;U16;;79#Liquid Cooling - Operating Status;;1.000000;0.000000;;9
11244;4;33901;U16;;79#Liquid Cooling - Reserve;;1.000000;0.000000;;0
11245;4;33902;U16;;79#Liquid Cooling - Reserve;;1.000000;0.000000;;0
11246;4;33903;U16;;79#Liquid Cooling - Reserve;;1.000000;0.000000;;0
11247;4;33904;U16;;79#Liquid Cooling - Operating Mode;;1.000000;0.000000;;4
11248;4;33906;F32;;79#Liquid Cooling - Ambient Temperature;;0.100000;0.000000;°C;4
11249;4;33908;F32;;79#Liquid Cooling - Supply Water Temperature;;0.100000;0.000000;°C;4
11250;4;33910;F32;;79#Liquid Cooling - Inlet Water Temperature;;0.100000;0.000000;°C;4
11251;4;33912;F32;;79#Liquid Cooling - Supply Water Pressure;;1.000000;0.000000;;4
11252;4;33914;F32;;79#Liquid Cooling - Return Water Pressure;;1.000000;0.000000;;4
11253;4;33916;U16;;79#Liquid Cooling - Fan Operating Status;;1.000000;0.000000;;9
11254;4;33917;U16;;79#Liquid Cooling - Water Pump Operating Status;;1.000000;0.000000;;9
11255;4;33918;U16;;79#Liquid Cooling - Electric Heating Operating Status;;1.000000;0.000000;;9
11256;4;33919;U16;;79#Liquid Cooling - Refrigerant Operating Status;;1.000000;0.000000;;9
11257;4;33920;F32;;79#Liquid Cooling - Fan Output;;1.000000;0.000000;;4
11258;4;33922;F32;;79#Liquid Cooling - Water Pump Output;;1.000000;0.000000;;4
11259;4;33924;F32;;79#Liquid Cooling - Target Cooling Start Point;;0.100000;0.000000;°C;4
11260;4;33926;F32;;79#Liquid Cooling - Target Cooling Stop Point;;0.100000;0.000000;°C;4
11261;4;33928;F32;;79#Liquid Cooling - Target Heating Start Point;;0.100000;0.000000;°C;4
11262;4;33930;F32;;79#Liquid Cooling - Target Heating Stop Point;;0.100000;0.000000;°C;4
11263;4;33932;U16;;79#Liquid Cooling - EMS Control Mode Status;;1.000000;0.000000;;9
11264;4;33950;U16;;80#Liquid Cooling - Operating Status;;1.000000;0.000000;;9
11265;4;33951;U16;;80#Liquid Cooling - Reserve;;1.000000;0.000000;;0
11266;4;33952;U16;;80#Liquid Cooling - Reserve;;1.000000;0.000000;;0
11267;4;33953;U16;;80#Liquid Cooling - Reserve;;1.000000;0.000000;;0
11268;4;33954;U16;;80#Liquid Cooling - Operating Mode;;1.000000;0.000000;;4
11269;4;33956;F32;;80#Liquid Cooling - Ambient Temperature;;0.100000;0.000000;°C;4
11270;4;33958;F32;;80#Liquid Cooling - Supply Water Temperature;;0.100000;0.000000;°C;4
11271;4;33960;F32;;80#Liquid Cooling - Inlet Water Temperature;;0.100000;0.000000;°C;4
11272;4;33962;F32;;80#Liquid Cooling - Supply Water Pressure;;1.000000;0.000000;;4
11273;4;33964;F32;;80#Liquid Cooling - Return Water Pressure;;1.000000;0.000000;;4
11274;4;33966;U16;;80#Liquid Cooling - Fan Operating Status;;1.000000;0.000000;;9
11275;4;33967;U16;;80#Liquid Cooling - Water Pump Operating Status;;1.000000;0.000000;;9
11276;4;33968;U16;;80#Liquid Cooling - Electric Heating Operating Status;;1.000000;0.000000;;9
11277;4;33969;U16;;80#Liquid Cooling - Refrigerant Operating Status;;1.000000;0.000000;;9
11278;4;33970;F32;;80#Liquid Cooling - Fan Output;;1.000000;0.000000;;4
11279;4;33972;F32;;80#Liquid Cooling - Water Pump Output;;1.000000;0.000000;;4
11280;4;33974;F32;;80#Liquid Cooling - Target Cooling Start Point;;0.100000;0.000000;°C;4
11281;4;33976;F32;;80#Liquid Cooling - Target Cooling Stop Point;;0.100000;0.000000;°C;4
11282;4;33978;F32;;80#Liquid Cooling - Target Heating Start Point;;0.100000;0.000000;°C;4
11283;4;33980;F32;;80#Liquid Cooling - Target Heating Stop Point;;0.100000;0.000000;°C;4
11284;4;33982;U16;;80#Liquid Cooling - EMS Control Mode Status;;1.000000;0.000000;;9
11285;4;34000;U16;;81#Liquid Cooling - Operating Status;;1.000000;0.000000;;9
11286;4;34001;U16;;81#Liquid Cooling - Reserve;;1.000000;0.000000;;0
11287;4;34002;U16;;81#Liquid Cooling - Reserve;;1.000000;0.000000;;0
11288;4;34003;U16;;81#Liquid Cooling - Reserve;;1.000000;0.000000;;0
11289;4;34004;U16;;81#Liquid Cooling - Operating Mode;;1.000000;0.000000;;4
11290;4;34006;F32;;81#Liquid Cooling - Ambient Temperature;;0.100000;0.000000;°C;4
11291;4;34008;F32;;81#Liquid Cooling - Supply Water Temperature;;0.100000;0.000000;°C;4
11292;4;34010;F32;;81#Liquid Cooling - Inlet Water Temperature;;0.100000;0.000000;°C;4
11293;4;34012;F32;;81#Liquid Cooling - Supply Water Pressure;;1.000000;0.000000;;4
11294;4;34014;F32;;81#Liquid Cooling - Return Water Pressure;;1.000000;0.000000;;4
11295;4;34016;U16;;81#Liquid Cooling - Fan Operating Status;;1.000000;0.000000;;9
11296;4;34017;U16;;81#Liquid Cooling - Water Pump Operating Status;;1.000000;0.000000;;9
11297;4;34018;U16;;81#Liquid Cooling - Electric Heating Operating Status;;1.000000;0.000000;;9
11298;4;34019;U16;;81#Liquid Cooling - Refrigerant Operating Status;;1.000000;0.000000;;9
11299;4;34020;F32;;81#Liquid Cooling - Fan Output;;1.000000;0.000000;;4
11300;4;34022;F32;;81#Liquid Cooling - Water Pump Output;;1.000000;0.000000;;4
11301;4;34024;F32;;81#Liquid Cooling - Target Cooling Start Point;;0.100000;0.000000;°C;4
11302;4;34026;F32;;81#Liquid Cooling - Target Cooling Stop Point;;0.100000;0.000000;°C;4
11303;4;34028;F32;;81#Liquid Cooling - Target Heating Start Point;;0.100000;0.000000;°C;4
11304;4;34030;F32;;81#Liquid Cooling - Target Heating Stop Point;;0.100000;0.000000;°C;4
11305;4;34032;U16;;81#Liquid Cooling - EMS Control Mode Status;;1.000000;0.000000;;9
11306;4;34050;U16;;82#Liquid Cooling - Operating Status;;1.000000;0.000000;;9
11307;4;34051;U16;;82#Liquid Cooling - Reserve;;1.000000;0.000000;;0
11308;4;34052;U16;;82#Liquid Cooling - Reserve;;1.000000;0.000000;;0
11309;4;34053;U16;;82#Liquid Cooling - Reserve;;1.000000;0.000000;;0
11310;4;34054;U16;;82#Liquid Cooling - Operating Mode;;1.000000;0.000000;;4
11311;4;34056;F32;;82#Liquid Cooling - Ambient Temperature;;0.100000;0.000000;°C;4
11312;4;34058;F32;;82#Liquid Cooling - Supply Water Temperature;;0.100000;0.000000;°C;4
11313;4;34060;F32;;82#Liquid Cooling - Inlet Water Temperature;;0.100000;0.000000;°C;4
11314;4;34062;F32;;82#Liquid Cooling - Supply Water Pressure;;1.000000;0.000000;;4
11315;4;34064;F32;;82#Liquid Cooling - Return Water Pressure;;1.000000;0.000000;;4
11316;4;34066;U16;;82#Liquid Cooling - Fan Operating Status;;1.000000;0.000000;;9
11317;4;34067;U16;;82#Liquid Cooling - Water Pump Operating Status;;1.000000;0.000000;;9
11318;4;34068;U16;;82#Liquid Cooling - Electric Heating Operating Status;;1.000000;0.000000;;9
11319;4;34069;U16;;82#Liquid Cooling - Refrigerant Operating Status;;1.000000;0.000000;;9
11320;4;34070;F32;;82#Liquid Cooling - Fan Output;;1.000000;0.000000;;4
11321;4;34072;F32;;82#Liquid Cooling - Water Pump Output;;1.000000;0.000000;;4
11322;4;34074;F32;;82#Liquid Cooling - Target Cooling Start Point;;0.100000;0.000000;°C;4
11323;4;34076;F32;;82#Liquid Cooling - Target Cooling Stop Point;;0.100000;0.000000;°C;4
11324;4;34078;F32;;82#Liquid Cooling - Target Heating Start Point;;0.100000;0.000000;°C;4
11325;4;34080;F32;;82#Liquid Cooling - Target Heating Stop Point;;0.100000;0.000000;°C;4
11326;4;34082;U16;;82#Liquid Cooling - EMS Control Mode Status;;1.000000;0.000000;;9
11327;4;34100;U16;;83#Liquid Cooling - Operating Status;;1.000000;0.000000;;9
11328;4;34101;U16;;83#Liquid Cooling - Reserve;;1.000000;0.000000;;0
11329;4;34102;U16;;83#Liquid Cooling - Reserve;;1.000000;0.000000;;0
11330;4;34103;U16;;83#Liquid Cooling - Reserve;;1.000000;0.000000;;0
11331;4;34104;U16;;83#Liquid Cooling - Operating Mode;;1.000000;0.000000;;4
11332;4;34106;F32;;83#Liquid Cooling - Ambient Temperature;;0.100000;0.000000;°C;4
11333;4;34108;F32;;83#Liquid Cooling - Supply Water Temperature;;0.100000;0.000000;°C;4
11334;4;34110;F32;;83#Liquid Cooling - Inlet Water Temperature;;0.100000;0.000000;°C;4
11335;4;34112;F32;;83#Liquid Cooling - Supply Water Pressure;;1.000000;0.000000;;4
11336;4;34114;F32;;83#Liquid Cooling - Return Water Pressure;;1.000000;0.000000;;4
11337;4;34116;U16;;83#Liquid Cooling - Fan Operating Status;;1.000000;0.000000;;9
11338;4;34117;U16;;83#Liquid Cooling - Water Pump Operating Status;;1.000000;0.000000;;9
11339;4;34118;U16;;83#Liquid Cooling - Electric Heating Operating Status;;1.000000;0.000000;;9
11340;4;34119;U16;;83#Liquid Cooling - Refrigerant Operating Status;;1.000000;0.000000;;9
11341;4;34120;F32;;83#Liquid Cooling - Fan Output;;1.000000;0.000000;;4
11342;4;34122;F32;;83#Liquid Cooling - Water Pump Output;;1.000000;0.000000;;4
11343;4;34124;F32;;83#Liquid Cooling - Target Cooling Start Point;;0.100000;0.000000;°C;4
11344;4;34126;F32;;83#Liquid Cooling - Target Cooling Stop Point;;0.100000;0.000000;°C;4
11345;4;34128;F32;;83#Liquid Cooling - Target Heating Start Point;;0.100000;0.000000;°C;4
11346;4;34130;F32;;83#Liquid Cooling - Target Heating Stop Point;;0.100000;0.000000;°C;4
11347;4;34132;U16;;83#Liquid Cooling - EMS Control Mode Status;;1.000000;0.000000;;9
11348;4;34150;U16;;84#Liquid Cooling - Operating Status;;1.000000;0.000000;;9
11349;4;34151;U16;;84#Liquid Cooling - Reserve;;1.000000;0.000000;;0
11350;4;34152;U16;;84#Liquid Cooling - Reserve;;1.000000;0.000000;;0
11351;4;34153;U16;;84#Liquid Cooling - Reserve;;1.000000;0.000000;;0
11352;4;34154;U16;;84#Liquid Cooling - Operating Mode;;1.000000;0.000000;;4
11353;4;34156;F32;;84#Liquid Cooling - Ambient Temperature;;0.100000;0.000000;°C;4
11354;4;34158;F32;;84#Liquid Cooling - Supply Water Temperature;;0.100000;0.000000;°C;4
11355;4;34160;F32;;84#Liquid Cooling - Inlet Water Temperature;;0.100000;0.000000;°C;4
11356;4;34162;F32;;84#Liquid Cooling - Supply Water Pressure;;1.000000;0.000000;;4
11357;4;34164;F32;;84#Liquid Cooling - Return Water Pressure;;1.000000;0.000000;;4
11358;4;34166;U16;;84#Liquid Cooling - Fan Operating Status;;1.000000;0.000000;;9
11359;4;34167;U16;;84#Liquid Cooling - Water Pump Operating Status;;1.000000;0.000000;;9
11360;4;34168;U16;;84#Liquid Cooling - Electric Heating Operating Status;;1.000000;0.000000;;9
11361;4;34169;U16;;84#Liquid Cooling - Refrigerant Operating Status;;1.000000;0.000000;;9
11362;4;34170;F32;;84#Liquid Cooling - Fan Output;;1.000000;0.000000;;4
11363;4;34172;F32;;84#Liquid Cooling - Water Pump Output;;1.000000;0.000000;;4
11364;4;34174;F32;;84#Liquid Cooling - Target Cooling Start Point;;0.100000;0.000000;°C;4
11365;4;34176;F32;;84#Liquid Cooling - Target Cooling Stop Point;;0.100000;0.000000;°C;4
11366;4;34178;F32;;84#Liquid Cooling - Target Heating Start Point;;0.100000;0.000000;°C;4
11367;4;34180;F32;;84#Liquid Cooling - Target Heating Stop Point;;0.100000;0.000000;°C;4
11368;4;34182;U16;;84#Liquid Cooling - EMS Control Mode Status;;1.000000;0.000000;;9
11369;4;34200;U16;;85#Liquid Cooling - Operating Status;;1.000000;0.000000;;9
11370;4;34201;U16;;85#Liquid Cooling - Reserve;;1.000000;0.000000;;0
11371;4;34202;U16;;85#Liquid Cooling - Reserve;;1.000000;0.000000;;0
11372;4;34203;U16;;85#Liquid Cooling - Reserve;;1.000000;0.000000;;0
11373;4;34204;U16;;85#Liquid Cooling - Operating Mode;;1.000000;0.000000;;4
11374;4;34206;F32;;85#Liquid Cooling - Ambient Temperature;;0.100000;0.000000;°C;4
11375;4;34208;F32;;85#Liquid Cooling - Supply Water Temperature;;0.100000;0.000000;°C;4
11376;4;34210;F32;;85#Liquid Cooling - Inlet Water Temperature;;0.100000;0.000000;°C;4
11377;4;34212;F32;;85#Liquid Cooling - Supply Water Pressure;;1.000000;0.000000;;4
11378;4;34214;F32;;85#Liquid Cooling - Return Water Pressure;;1.000000;0.000000;;4
11379;4;34216;U16;;85#Liquid Cooling - Fan Operating Status;;1.000000;0.000000;;9
11380;4;34217;U16;;85#Liquid Cooling - Water Pump Operating Status;;1.000000;0.000000;;9
11381;4;34218;U16;;85#Liquid Cooling - Electric Heating Operating Status;;1.000000;0.000000;;9
11382;4;34219;U16;;85#Liquid Cooling - Refrigerant Operating Status;;1.000000;0.000000;;9
11383;4;34220;F32;;85#Liquid Cooling - Fan Output;;1.000000;0.000000;;4
11384;4;34222;F32;;85#Liquid Cooling - Water Pump Output;;1.000000;0.000000;;4
11385;4;34224;F32;;85#Liquid Cooling - Target Cooling Start Point;;0.100000;0.000000;°C;4
11386;4;34226;F32;;85#Liquid Cooling - Target Cooling Stop Point;;0.100000;0.000000;°C;4
11387;4;34228;F32;;85#Liquid Cooling - Target Heating Start Point;;0.100000;0.000000;°C;4
11388;4;34230;F32;;85#Liquid Cooling - Target Heating Stop Point;;0.100000;0.000000;°C;4
11389;4;34232;U16;;85#Liquid Cooling - EMS Control Mode Status;;1.000000;0.000000;;9
11390;4;34250;U16;;86#Liquid Cooling - Operating Status;;1.000000;0.000000;;9
11391;4;34251;U16;;86#Liquid Cooling - Reserve;;1.000000;0.000000;;0
11392;4;34252;U16;;86#Liquid Cooling - Reserve;;1.000000;0.000000;;0
11393;4;34253;U16;;86#Liquid Cooling - Reserve;;1.000000;0.000000;;0
11394;4;34254;U16;;86#Liquid Cooling - Operating Mode;;1.000000;0.000000;;4
11395;4;34256;F32;;86#Liquid Cooling - Ambient Temperature;;0.100000;0.000000;°C;4
11396;4;34258;F32;;86#Liquid Cooling - Supply Water Temperature;;0.100000;0.000000;°C;4
11397;4;34260;F32;;86#Liquid Cooling - Inlet Water Temperature;;0.100000;0.000000;°C;4
11398;4;34262;F32;;86#Liquid Cooling - Supply Water Pressure;;1.000000;0.000000;;4
11399;4;34264;F32;;86#Liquid Cooling - Return Water Pressure;;1.000000;0.000000;;4
11400;4;34266;U16;;86#Liquid Cooling - Fan Operating Status;;1.000000;0.000000;;9
11401;4;34267;U16;;86#Liquid Cooling - Water Pump Operating Status;;1.000000;0.000000;;9
11402;4;34268;U16;;86#Liquid Cooling - Electric Heating Operating Status;;1.000000;0.000000;;9
11403;4;34269;U16;;86#Liquid Cooling - Refrigerant Operating Status;;1.000000;0.000000;;9
11404;4;34270;F32;;86#Liquid Cooling - Fan Output;;1.000000;0.000000;;4
11405;4;34272;F32;;86#Liquid Cooling - Water Pump Output;;1.000000;0.000000;;4
11406;4;34274;F32;;86#Liquid Cooling - Target Cooling Start Point;;0.100000;0.000000;°C;4
11407;4;34276;F32;;86#Liquid Cooling - Target Cooling Stop Point;;0.100000;0.000000;°C;4
11408;4;34278;F32;;86#Liquid Cooling - Target Heating Start Point;;0.100000;0.000000;°C;4
11409;4;34280;F32;;86#Liquid Cooling - Target Heating Stop Point;;0.100000;0.000000;°C;4
11410;4;34282;U16;;86#Liquid Cooling - EMS Control Mode Status;;1.000000;0.000000;;9
11411;4;34300;U16;;87#Liquid Cooling - Operating Status;;1.000000;0.000000;;9
11412;4;34301;U16;;87#Liquid Cooling - Reserve;;1.000000;0.000000;;0
11413;4;34302;U16;;87#Liquid Cooling - Reserve;;1.000000;0.000000;;0
11414;4;34303;U16;;87#Liquid Cooling - Reserve;;1.000000;0.000000;;0
11415;4;34304;U16;;87#Liquid Cooling - Operating Mode;;1.000000;0.000000;;4
11416;4;34306;F32;;87#Liquid Cooling - Ambient Temperature;;0.100000;0.000000;°C;4
11417;4;34308;F32;;87#Liquid Cooling - Supply Water Temperature;;0.100000;0.000000;°C;4
11418;4;34310;F32;;87#Liquid Cooling - Inlet Water Temperature;;0.100000;0.000000;°C;4
11419;4;34312;F32;;87#Liquid Cooling - Supply Water Pressure;;1.000000;0.000000;;4
11420;4;34314;F32;;87#Liquid Cooling - Return Water Pressure;;1.000000;0.000000;;4
11421;4;34316;U16;;87#Liquid Cooling - Fan Operating Status;;1.000000;0.000000;;9
11422;4;34317;U16;;87#Liquid Cooling - Water Pump Operating Status;;1.000000;0.000000;;9
11423;4;34318;U16;;87#Liquid Cooling - Electric Heating Operating Status;;1.000000;0.000000;;9
11424;4;34319;U16;;87#Liquid Cooling - Refrigerant Operating Status;;1.000000;0.000000;;9
11425;4;34320;F32;;87#Liquid Cooling - Fan Output;;1.000000;0.000000;;4
11426;4;34322;F32;;87#Liquid Cooling - Water Pump Output;;1.000000;0.000000;;4
11427;4;34324;F32;;87#Liquid Cooling - Target Cooling Start Point;;0.100000;0.000000;°C;4
11428;4;34326;F32;;87#Liquid Cooling - Target Cooling Stop Point;;0.100000;0.000000;°C;4
11429;4;34328;F32;;87#Liquid Cooling - Target Heating Start Point;;0.100000;0.000000;°C;4
11430;4;34330;F32;;87#Liquid Cooling - Target Heating Stop Point;;0.100000;0.000000;°C;4
11431;4;34332;U16;;87#Liquid Cooling - EMS Control Mode Status;;1.000000;0.000000;;9
11432;4;34350;U16;;88#Liquid Cooling - Operating Status;;1.000000;0.000000;;9
11433;4;34351;U16;;88#Liquid Cooling - Reserve;;1.000000;0.000000;;0
11434;4;34352;U16;;88#Liquid Cooling - Reserve;;1.000000;0.000000;;0
11435;4;34353;U16;;88#Liquid Cooling - Reserve;;1.000000;0.000000;;0
11436;4;34354;U16;;88#Liquid Cooling - Operating Mode;;1.000000;0.000000;;4
11437;4;34356;F32;;88#Liquid Cooling - Ambient Temperature;;0.100000;0.000000;°C;4
11438;4;34358;F32;;88#Liquid Cooling - Supply Water Temperature;;0.100000;0.000000;°C;4
11439;4;34360;F32;;88#Liquid Cooling - Inlet Water Temperature;;0.100000;0.000000;°C;4
11440;4;34362;F32;;88#Liquid Cooling - Supply Water Pressure;;1.000000;0.000000;;4
11441;4;34364;F32;;88#Liquid Cooling - Return Water Pressure;;1.000000;0.000000;;4
11442;4;34366;U16;;88#Liquid Cooling - Fan Operating Status;;1.000000;0.000000;;9
11443;4;34367;U16;;88#Liquid Cooling - Water Pump Operating Status;;1.000000;0.000000;;9
11444;4;34368;U16;;88#Liquid Cooling - Electric Heating Operating Status;;1.000000;0.000000;;9
11445;4;34369;U16;;88#Liquid Cooling - Refrigerant Operating Status;;1.000000;0.000000;;9
11446;4;34370;F32;;88#Liquid Cooling - Fan Output;;1.000000;0.000000;;4
11447;4;34372;F32;;88#Liquid Cooling - Water Pump Output;;1.000000;0.000000;;4
11448;4;34374;F32;;88#Liquid Cooling - Target Cooling Start Point;;0.100000;0.000000;°C;4
11449;4;34376;F32;;88#Liquid Cooling - Target Cooling Stop Point;;0.100000;0.000000;°C;4
11450;4;34378;F32;;88#Liquid Cooling - Target Heating Start Point;;0.100000;0.000000;°C;4
11451;4;34380;F32;;88#Liquid Cooling - Target Heating Stop Point;;0.100000;0.000000;°C;4
11452;4;34382;U16;;88#Liquid Cooling - EMS Control Mode Status;;1.000000;0.000000;;9
11453;4;34400;U16;;89#Liquid Cooling - Operating Status;;1.000000;0.000000;;9
11454;4;34401;U16;;89#Liquid Cooling - Reserve;;1.000000;0.000000;;0
11455;4;34402;U16;;89#Liquid Cooling - Reserve;;1.000000;0.000000;;0
11456;4;34403;U16;;89#Liquid Cooling - Reserve;;1.000000;0.000000;;0
11457;4;34404;U16;;89#Liquid Cooling - Operating Mode;;1.000000;0.000000;;4
11458;4;34406;F32;;89#Liquid Cooling - Ambient Temperature;;0.100000;0.000000;°C;4
11459;4;34408;F32;;89#Liquid Cooling - Supply Water Temperature;;0.100000;0.000000;°C;4
11460;4;34410;F32;;89#Liquid Cooling - Inlet Water Temperature;;0.100000;0.000000;°C;4
11461;4;34412;F32;;89#Liquid Cooling - Supply Water Pressure;;1.000000;0.000000;;4
11462;4;34414;F32;;89#Liquid Cooling - Return Water Pressure;;1.000000;0.000000;;4
11463;4;34416;U16;;89#Liquid Cooling - Fan Operating Status;;1.000000;0.000000;;9
11464;4;34417;U16;;89#Liquid Cooling - Water Pump Operating Status;;1.000000;0.000000;;9
11465;4;34418;U16;;89#Liquid Cooling - Electric Heating Operating Status;;1.000000;0.000000;;9
11466;4;34419;U16;;89#Liquid Cooling - Refrigerant Operating Status;;1.000000;0.000000;;9
11467;4;34420;F32;;89#Liquid Cooling - Fan Output;;1.000000;0.000000;;4
11468;4;34422;F32;;89#Liquid Cooling - Water Pump Output;;1.000000;0.000000;;4
11469;4;34424;F32;;89#Liquid Cooling - Target Cooling Start Point;;0.100000;0.000000;°C;4
11470;4;34426;F32;;89#Liquid Cooling - Target Cooling Stop Point;;0.100000;0.000000;°C;4
11471;4;34428;F32;;89#Liquid Cooling - Target Heating Start Point;;0.100000;0.000000;°C;4
11472;4;34430;F32;;89#Liquid Cooling - Target Heating Stop Point;;0.100000;0.000000;°C;4
11473;4;34432;U16;;89#Liquid Cooling - EMS Control Mode Status;;1.000000;0.000000;;9
11474;4;34450;U16;;90#Liquid Cooling - Operating Status;;1.000000;0.000000;;9
11475;4;34451;U16;;90#Liquid Cooling - Reserve;;1.000000;0.000000;;0
11476;4;34452;U16;;90#Liquid Cooling - Reserve;;1.000000;0.000000;;0
11477;4;34453;U16;;90#Liquid Cooling - Reserve;;1.000000;0.000000;;0
11478;4;34454;U16;;90#Liquid Cooling - Operating Mode;;1.000000;0.000000;;4
11479;4;34456;F32;;90#Liquid Cooling - Ambient Temperature;;0.100000;0.000000;°C;4
11480;4;34458;F32;;90#Liquid Cooling - Supply Water Temperature;;0.100000;0.000000;°C;4
11481;4;34460;F32;;90#Liquid Cooling - Inlet Water Temperature;;0.100000;0.000000;°C;4
11482;4;34462;F32;;90#Liquid Cooling - Supply Water Pressure;;1.000000;0.000000;;4
11483;4;34464;F32;;90#Liquid Cooling - Return Water Pressure;;1.000000;0.000000;;4
11484;4;34466;U16;;90#Liquid Cooling - Fan Operating Status;;1.000000;0.000000;;9
11485;4;34467;U16;;90#Liquid Cooling - Water Pump Operating Status;;1.000000;0.000000;;9
11486;4;34468;U16;;90#Liquid Cooling - Electric Heating Operating Status;;1.000000;0.000000;;9
11487;4;34469;U16;;90#Liquid Cooling - Refrigerant Operating Status;;1.000000;0.000000;;9
11488;4;34470;F32;;90#Liquid Cooling - Fan Output;;1.000000;0.000000;;4
11489;4;34472;F32;;90#Liquid Cooling - Water Pump Output;;1.000000;0.000000;;4
11490;4;34474;F32;;90#Liquid Cooling - Target Cooling Start Point;;0.100000;0.000000;°C;4
11491;4;34476;F32;;90#Liquid Cooling - Target Cooling Stop Point;;0.100000;0.000000;°C;4
11492;4;34478;F32;;90#Liquid Cooling - Target Heating Start Point;;0.100000;0.000000;°C;4
11493;4;34480;F32;;90#Liquid Cooling - Target Heating Stop Point;;0.100000;0.000000;°C;4
11494;4;34482;U16;;90#Liquid Cooling - EMS Control Mode Status;;1.000000;0.000000;;9
11495;4;34500;U16;;91#Liquid Cooling - Operating Status;;1.000000;0.000000;;9
11496;4;34501;U16;;91#Liquid Cooling - Reserve;;1.000000;0.000000;;0
11497;4;34502;U16;;91#Liquid Cooling - Reserve;;1.000000;0.000000;;0
11498;4;34503;U16;;91#Liquid Cooling - Reserve;;1.000000;0.000000;;0
11499;4;34504;U16;;91#Liquid Cooling - Operating Mode;;1.000000;0.000000;;4
11500;4;34506;F32;;91#Liquid Cooling - Ambient Temperature;;0.100000;0.000000;°C;4
11501;4;34508;F32;;91#Liquid Cooling - Supply Water Temperature;;0.100000;0.000000;°C;4
11502;4;34510;F32;;91#Liquid Cooling - Inlet Water Temperature;;0.100000;0.000000;°C;4
11503;4;34512;F32;;91#Liquid Cooling - Supply Water Pressure;;1.000000;0.000000;;4
11504;4;34514;F32;;91#Liquid Cooling - Return Water Pressure;;1.000000;0.000000;;4
11505;4;34516;U16;;91#Liquid Cooling - Fan Operating Status;;1.000000;0.000000;;9
11506;4;34517;U16;;91#Liquid Cooling - Water Pump Operating Status;;1.000000;0.000000;;9
11507;4;34518;U16;;91#Liquid Cooling - Electric Heating Operating Status;;1.000000;0.000000;;9
11508;4;34519;U16;;91#Liquid Cooling - Refrigerant Operating Status;;1.000000;0.000000;;9
11509;4;34520;F32;;91#Liquid Cooling - Fan Output;;1.000000;0.000000;;4
11510;4;34522;F32;;91#Liquid Cooling - Water Pump Output;;1.000000;0.000000;;4
11511;4;34524;F32;;91#Liquid Cooling - Target Cooling Start Point;;0.100000;0.000000;°C;4
11512;4;34526;F32;;91#Liquid Cooling - Target Cooling Stop Point;;0.100000;0.000000;°C;4
11513;4;34528;F32;;91#Liquid Cooling - Target Heating Start Point;;0.100000;0.000000;°C;4
11514;4;34530;F32;;91#Liquid Cooling - Target Heating Stop Point;;0.100000;0.000000;°C;4
11515;4;34532;U16;;91#Liquid Cooling - EMS Control Mode Status;;1.000000;0.000000;;9
11516;4;34550;U16;;92#Liquid Cooling - Operating Status;;1.000000;0.000000;;9
11517;4;34551;U16;;92#Liquid Cooling - Reserve;;1.000000;0.000000;;0
11518;4;34552;U16;;92#Liquid Cooling - Reserve;;1.000000;0.000000;;0
11519;4;34553;U16;;92#Liquid Cooling - Reserve;;1.000000;0.000000;;0
11520;4;34554;U16;;92#Liquid Cooling - Operating Mode;;1.000000;0.000000;;4
11521;4;34556;F32;;92#Liquid Cooling - Ambient Temperature;;0.100000;0.000000;°C;4
11522;4;34558;F32;;92#Liquid Cooling - Supply Water Temperature;;0.100000;0.000000;°C;4
11523;4;34560;F32;;92#Liquid Cooling - Inlet Water Temperature;;0.100000;0.000000;°C;4
11524;4;34562;F32;;92#Liquid Cooling - Supply Water Pressure;;1.000000;0.000000;;4
11525;4;34564;F32;;92#Liquid Cooling - Return Water Pressure;;1.000000;0.000000;;4
11526;4;34566;U16;;92#Liquid Cooling - Fan Operating Status;;1.000000;0.000000;;9
11527;4;34567;U16;;92#Liquid Cooling - Water Pump Operating Status;;1.000000;0.000000;;9
11528;4;34568;U16;;92#Liquid Cooling - Electric Heating Operating Status;;1.000000;0.000000;;9
11529;4;34569;U16;;92#Liquid Cooling - Refrigerant Operating Status;;1.000000;0.000000;;9
11530;4;34570;F32;;92#Liquid Cooling - Fan Output;;1.000000;0.000000;;4
11531;4;34572;F32;;92#Liquid Cooling - Water Pump Output;;1.000000;0.000000;;4
11532;4;34574;F32;;92#Liquid Cooling - Target Cooling Start Point;;0.100000;0.000000;°C;4
11533;4;34576;F32;;92#Liquid Cooling - Target Cooling Stop Point;;0.100000;0.000000;°C;4
11534;4;34578;F32;;92#Liquid Cooling - Target Heating Start Point;;0.100000;0.000000;°C;4
11535;4;34580;F32;;92#Liquid Cooling - Target Heating Stop Point;;0.100000;0.000000;°C;4
11536;4;34582;U16;;92#Liquid Cooling - EMS Control Mode Status;;1.000000;0.000000;;9
11537;4;34600;U16;;93#Liquid Cooling - Operating Status;;1.000000;0.000000;;9
11538;4;34601;U16;;93#Liquid Cooling - Reserve;;1.000000;0.000000;;0
11539;4;34602;U16;;93#Liquid Cooling - Reserve;;1.000000;0.000000;;0
11540;4;34603;U16;;93#Liquid Cooling - Reserve;;1.000000;0.000000;;0
11541;4;34604;U16;;93#Liquid Cooling - Operating Mode;;1.000000;0.000000;;4
11542;4;34606;F32;;93#Liquid Cooling - Ambient Temperature;;0.100000;0.000000;°C;4
11543;4;34608;F32;;93#Liquid Cooling - Supply Water Temperature;;0.100000;0.000000;°C;4
11544;4;34610;F32;;93#Liquid Cooling - Inlet Water Temperature;;0.100000;0.000000;°C;4
11545;4;34612;F32;;93#Liquid Cooling - Supply Water Pressure;;1.000000;0.000000;;4
11546;4;34614;F32;;93#Liquid Cooling - Return Water Pressure;;1.000000;0.000000;;4
11547;4;34616;U16;;93#Liquid Cooling - Fan Operating Status;;1.000000;0.000000;;9
11548;4;34617;U16;;93#Liquid Cooling - Water Pump Operating Status;;1.000000;0.000000;;9
11549;4;34618;U16;;93#Liquid Cooling - Electric Heating Operating Status;;1.000000;0.000000;;9
11550;4;34619;U16;;93#Liquid Cooling - Refrigerant Operating Status;;1.000000;0.000000;;9
11551;4;34620;F32;;93#Liquid Cooling - Fan Output;;1.000000;0.000000;;4
11552;4;34622;F32;;93#Liquid Cooling - Water Pump Output;;1.000000;0.000000;;4
11553;4;34624;F32;;93#Liquid Cooling - Target Cooling Start Point;;0.100000;0.000000;°C;4
11554;4;34626;F32;;93#Liquid Cooling - Target Cooling Stop Point;;0.100000;0.000000;°C;4
11555;4;34628;F32;;93#Liquid Cooling - Target Heating Start Point;;0.100000;0.000000;°C;4
11556;4;34630;F32;;93#Liquid Cooling - Target Heating Stop Point;;0.100000;0.000000;°C;4
11557;4;34632;U16;;93#Liquid Cooling - EMS Control Mode Status;;1.000000;0.000000;;9
11558;4;34650;U16;;94#Liquid Cooling - Operating Status;;1.000000;0.000000;;9
11559;4;34651;U16;;94#Liquid Cooling - Reserve;;1.000000;0.000000;;0
11560;4;34652;U16;;94#Liquid Cooling - Reserve;;1.000000;0.000000;;0
11561;4;34653;U16;;94#Liquid Cooling - Reserve;;1.000000;0.000000;;0
11562;4;34654;U16;;94#Liquid Cooling - Operating Mode;;1.000000;0.000000;;4
11563;4;34656;F32;;94#Liquid Cooling - Ambient Temperature;;0.100000;0.000000;°C;4
11564;4;34658;F32;;94#Liquid Cooling - Supply Water Temperature;;0.100000;0.000000;°C;4
11565;4;34660;F32;;94#Liquid Cooling - Inlet Water Temperature;;0.100000;0.000000;°C;4
11566;4;34662;F32;;94#Liquid Cooling - Supply Water Pressure;;1.000000;0.000000;;4
11567;4;34664;F32;;94#Liquid Cooling - Return Water Pressure;;1.000000;0.000000;;4
11568;4;34666;U16;;94#Liquid Cooling - Fan Operating Status;;1.000000;0.000000;;9
11569;4;34667;U16;;94#Liquid Cooling - Water Pump Operating Status;;1.000000;0.000000;;9
11570;4;34668;U16;;94#Liquid Cooling - Electric Heating Operating Status;;1.000000;0.000000;;9
11571;4;34669;U16;;94#Liquid Cooling - Refrigerant Operating Status;;1.000000;0.000000;;9
11572;4;34670;F32;;94#Liquid Cooling - Fan Output;;1.000000;0.000000;;4
11573;4;34672;F32;;94#Liquid Cooling - Water Pump Output;;1.000000;0.000000;;4
11574;4;34674;F32;;94#Liquid Cooling - Target Cooling Start Point;;0.100000;0.000000;°C;4
11575;4;34676;F32;;94#Liquid Cooling - Target Cooling Stop Point;;0.100000;0.000000;°C;4
11576;4;34678;F32;;94#Liquid Cooling - Target Heating Start Point;;0.100000;0.000000;°C;4
11577;4;34680;F32;;94#Liquid Cooling - Target Heating Stop Point;;0.100000;0.000000;°C;4
11578;4;34682;U16;;94#Liquid Cooling - EMS Control Mode Status;;1.000000;0.000000;;9
11579;4;34700;U16;;95#Liquid Cooling - Operating Status;;1.000000;0.000000;;9
11580;4;34701;U16;;95#Liquid Cooling - Reserve;;1.000000;0.000000;;0
11581;4;34702;U16;;95#Liquid Cooling - Reserve;;1.000000;0.000000;;0
11582;4;34703;U16;;95#Liquid Cooling - Reserve;;1.000000;0.000000;;0
11583;4;34704;U16;;95#Liquid Cooling - Operating Mode;;1.000000;0.000000;;4
11584;4;34706;F32;;95#Liquid Cooling - Ambient Temperature;;0.100000;0.000000;°C;4
11585;4;34708;F32;;95#Liquid Cooling - Supply Water Temperature;;0.100000;0.000000;°C;4
11586;4;34710;F32;;95#Liquid Cooling - Inlet Water Temperature;;0.100000;0.000000;°C;4
11587;4;34712;F32;;95#Liquid Cooling - Supply Water Pressure;;1.000000;0.000000;;4
11588;4;34714;F32;;95#Liquid Cooling - Return Water Pressure;;1.000000;0.000000;;4
11589;4;34716;U16;;95#Liquid Cooling - Fan Operating Status;;1.000000;0.000000;;9
11590;4;34717;U16;;95#Liquid Cooling - Water Pump Operating Status;;1.000000;0.000000;;9
11591;4;34718;U16;;95#Liquid Cooling - Electric Heating Operating Status;;1.000000;0.000000;;9
11592;4;34719;U16;;95#Liquid Cooling - Refrigerant Operating Status;;1.000000;0.000000;;9
11593;4;34720;F32;;95#Liquid Cooling - Fan Output;;1.000000;0.000000;;4
11594;4;34722;F32;;95#Liquid Cooling - Water Pump Output;;1.000000;0.000000;;4
11595;4;34724;F32;;95#Liquid Cooling - Target Cooling Start Point;;0.100000;0.000000;°C;4
11596;4;34726;F32;;95#Liquid Cooling - Target Cooling Stop Point;;0.100000;0.000000;°C;4
11597;4;34728;F32;;95#Liquid Cooling - Target Heating Start Point;;0.100000;0.000000;°C;4
11598;4;34730;F32;;95#Liquid Cooling - Target Heating Stop Point;;0.100000;0.000000;°C;4
11599;4;34732;U16;;95#Liquid Cooling - EMS Control Mode Status;;1.000000;0.000000;;9
11600;4;34750;U16;;96#Liquid Cooling - Operating Status;;1.000000;0.000000;;9
11601;4;34751;U16;;96#Liquid Cooling - Reserve;;1.000000;0.000000;;0
11602;4;34752;U16;;96#Liquid Cooling - Reserve;;1.000000;0.000000;;0
11603;4;34753;U16;;96#Liquid Cooling - Reserve;;1.000000;0.000000;;0
11604;4;34754;U16;;96#Liquid Cooling - Operating Mode;;1.000000;0.000000;;4
11605;4;34756;F32;;96#Liquid Cooling - Ambient Temperature;;0.100000;0.000000;°C;4
11606;4;34758;F32;;96#Liquid Cooling - Supply Water Temperature;;0.100000;0.000000;°C;4
11607;4;34760;F32;;96#Liquid Cooling - Inlet Water Temperature;;0.100000;0.000000;°C;4
11608;4;34762;F32;;96#Liquid Cooling - Supply Water Pressure;;1.000000;0.000000;;4
11609;4;34764;F32;;96#Liquid Cooling - Return Water Pressure;;1.000000;0.000000;;4
11610;4;34766;U16;;96#Liquid Cooling - Fan Operating Status;;1.000000;0.000000;;9
11611;4;34767;U16;;96#Liquid Cooling - Water Pump Operating Status;;1.000000;0.000000;;9
11612;4;34768;U16;;96#Liquid Cooling - Electric Heating Operating Status;;1.000000;0.000000;;9
11613;4;34769;U16;;96#Liquid Cooling - Refrigerant Operating Status;;1.000000;0.000000;;9
11614;4;34770;F32;;96#Liquid Cooling - Fan Output;;1.000000;0.000000;;4
11615;4;34772;F32;;96#Liquid Cooling - Water Pump Output;;1.000000;0.000000;;4
11616;4;34774;F32;;96#Liquid Cooling - Target Cooling Start Point;;0.100000;0.000000;°C;4
11617;4;34776;F32;;96#Liquid Cooling - Target Cooling Stop Point;;0.100000;0.000000;°C;4
11618;4;34778;F32;;96#Liquid Cooling - Target Heating Start Point;;0.100000;0.000000;°C;4
11619;4;34780;F32;;96#Liquid Cooling - Target Heating Stop Point;;0.100000;0.000000;°C;4
11620;4;34782;U16;;96#Liquid Cooling - EMS Control Mode Status;;1.000000;0.000000;;9
11621;4;34800;U16;;97#Liquid Cooling - Operating Status;;1.000000;0.000000;;9
11622;4;34801;U16;;97#Liquid Cooling - Reserve;;1.000000;0.000000;;0
11623;4;34802;U16;;97#Liquid Cooling - Reserve;;1.000000;0.000000;;0
11624;4;34803;U16;;97#Liquid Cooling - Reserve;;1.000000;0.000000;;0
11625;4;34804;U16;;97#Liquid Cooling - Operating Mode;;1.000000;0.000000;;4
11626;4;34806;F32;;97#Liquid Cooling - Ambient Temperature;;0.100000;0.000000;°C;4
11627;4;34808;F32;;97#Liquid Cooling - Supply Water Temperature;;0.100000;0.000000;°C;4
11628;4;34810;F32;;97#Liquid Cooling - Inlet Water Temperature;;0.100000;0.000000;°C;4
11629;4;34812;F32;;97#Liquid Cooling - Supply Water Pressure;;1.000000;0.000000;;4
11630;4;34814;F32;;97#Liquid Cooling - Return Water Pressure;;1.000000;0.000000;;4
11631;4;34816;U16;;97#Liquid Cooling - Fan Operating Status;;1.000000;0.000000;;9
11632;4;34817;U16;;97#Liquid Cooling - Water Pump Operating Status;;1.000000;0.000000;;9
11633;4;34818;U16;;97#Liquid Cooling - Electric Heating Operating Status;;1.000000;0.000000;;9
11634;4;34819;U16;;97#Liquid Cooling - Refrigerant Operating Status;;1.000000;0.000000;;9
11635;4;34820;F32;;97#Liquid Cooling - Fan Output;;1.000000;0.000000;;4
11636;4;34822;F32;;97#Liquid Cooling - Water Pump Output;;1.000000;0.000000;;4
11637;4;34824;F32;;97#Liquid Cooling - Target Cooling Start Point;;0.100000;0.000000;°C;4
11638;4;34826;F32;;97#Liquid Cooling - Target Cooling Stop Point;;0.100000;0.000000;°C;4
11639;4;34828;F32;;97#Liquid Cooling - Target Heating Start Point;;0.100000;0.000000;°C;4
11640;4;34830;F32;;97#Liquid Cooling - Target Heating Stop Point;;0.100000;0.000000;°C;4
11641;4;34832;U16;;97#Liquid Cooling - EMS Control Mode Status;;1.000000;0.000000;;9
11642;4;34850;U16;;98#Liquid Cooling - Operating Status;;1.000000;0.000000;;9
11643;4;34851;U16;;98#Liquid Cooling - Reserve;;1.000000;0.000000;;0
11644;4;34852;U16;;98#Liquid Cooling - Reserve;;1.000000;0.000000;;0
11645;4;34853;U16;;98#Liquid Cooling - Reserve;;1.000000;0.000000;;0
11646;4;34854;U16;;98#Liquid Cooling - Operating Mode;;1.000000;0.000000;;4
11647;4;34856;F32;;98#Liquid Cooling - Ambient Temperature;;0.100000;0.000000;°C;4
11648;4;34858;F32;;98#Liquid Cooling - Supply Water Temperature;;0.100000;0.000000;°C;4
11649;4;34860;F32;;98#Liquid Cooling - Inlet Water Temperature;;0.100000;0.000000;°C;4
11650;4;34862;F32;;98#Liquid Cooling - Supply Water Pressure;;1.000000;0.000000;;4
11651;4;34864;F32;;98#Liquid Cooling - Return Water Pressure;;1.000000;0.000000;;4
11652;4;34866;U16;;98#Liquid Cooling - Fan Operating Status;;1.000000;0.000000;;9
11653;4;34867;U16;;98#Liquid Cooling - Water Pump Operating Status;;1.000000;0.000000;;9
11654;4;34868;U16;;98#Liquid Cooling - Electric Heating Operating Status;;1.000000;0.000000;;9
11655;4;34869;U16;;98#Liquid Cooling - Refrigerant Operating Status;;1.000000;0.000000;;9
11656;4;34870;F32;;98#Liquid Cooling - Fan Output;;1.000000;0.000000;;4
11657;4;34872;F32;;98#Liquid Cooling - Water Pump Output;;1.000000;0.000000;;4
11658;4;34874;F32;;98#Liquid Cooling - Target Cooling Start Point;;0.100000;0.000000;°C;4
11659;4;34876;F32;;98#Liquid Cooling - Target Cooling Stop Point;;0.100000;0.000000;°C;4
11660;4;34878;F32;;98#Liquid Cooling - Target Heating Start Point;;0.100000;0.000000;°C;4
11661;4;34880;F32;;98#Liquid Cooling - Target Heating Stop Point;;0.100000;0.000000;°C;4
11662;4;34882;U16;;98#Liquid Cooling - EMS Control Mode Status;;1.000000;0.000000;;9
11663;4;34900;U16;;99#Liquid Cooling - Operating Status;;1.000000;0.000000;;9
11664;4;34901;U16;;99#Liquid Cooling - Reserve;;1.000000;0.000000;;0
11665;4;34902;U16;;99#Liquid Cooling - Reserve;;1.000000;0.000000;;0
11666;4;34903;U16;;99#Liquid Cooling - Reserve;;1.000000;0.000000;;0
11667;4;34904;U16;;99#Liquid Cooling - Operating Mode;;1.000000;0.000000;;4
11668;4;34906;F32;;99#Liquid Cooling - Ambient Temperature;;0.100000;0.000000;°C;4
11669;4;34908;F32;;99#Liquid Cooling - Supply Water Temperature;;0.100000;0.000000;°C;4
11670;4;34910;F32;;99#Liquid Cooling - Inlet Water Temperature;;0.100000;0.000000;°C;4
11671;4;34912;F32;;99#Liquid Cooling - Supply Water Pressure;;1.000000;0.000000;;4
11672;4;34914;F32;;99#Liquid Cooling - Return Water Pressure;;1.000000;0.000000;;4
11673;4;34916;U16;;99#Liquid Cooling - Fan Operating Status;;1.000000;0.000000;;9
11674;4;34917;U16;;99#Liquid Cooling - Water Pump Operating Status;;1.000000;0.000000;;9
11675;4;34918;U16;;99#Liquid Cooling - Electric Heating Operating Status;;1.000000;0.000000;;9
11676;4;34919;U16;;99#Liquid Cooling - Refrigerant Operating Status;;1.000000;0.000000;;9
11677;4;34920;F32;;99#Liquid Cooling - Fan Output;;1.000000;0.000000;;4
11678;4;34922;F32;;99#Liquid Cooling - Water Pump Output;;1.000000;0.000000;;4
11679;4;34924;F32;;99#Liquid Cooling - Target Cooling Start Point;;0.100000;0.000000;°C;4
11680;4;34926;F32;;99#Liquid Cooling - Target Cooling Stop Point;;0.100000;0.000000;°C;4
11681;4;34928;F32;;99#Liquid Cooling - Target Heating Start Point;;0.100000;0.000000;°C;4
11682;4;34930;F32;;99#Liquid Cooling - Target Heating Stop Point;;0.100000;0.000000;°C;4
11683;4;34932;U16;;99#Liquid Cooling - EMS Control Mode Status;;1.000000;0.000000;;9
11684;4;34950;U16;;100#Liquid Cooling - Operating Status;;1.000000;0.000000;;9
11685;4;34951;U16;;100#Liquid Cooling - Reserve;;1.000000;0.000000;;0
11686;4;34952;U16;;100#Liquid Cooling - Reserve;;1.000000;0.000000;;0
11687;4;34953;U16;;100#Liquid Cooling - Reserve;;1.000000;0.000000;;0
11688;4;34954;U16;;100#Liquid Cooling - Operating Mode;;1.000000;0.000000;;4
11689;4;34956;F32;;100#Liquid Cooling - Ambient Temperature;;0.100000;0.000000;°C;4
11690;4;34958;F32;;100#Liquid Cooling - Supply Water Temperature;;0.100000;0.000000;°C;4
11691;4;34960;F32;;100#Liquid Cooling - Inlet Water Temperature;;0.100000;0.000000;°C;4
11692;4;34962;F32;;100#Liquid Cooling - Supply Water Pressure;;1.000000;0.000000;;4
11693;4;34964;F32;;100#Liquid Cooling - Return Water Pressure;;1.000000;0.000000;;4
11694;4;34966;U16;;100#Liquid Cooling - Fan Operating Status;;1.000000;0.000000;;9
11695;4;34967;U16;;100#Liquid Cooling - Water Pump Operating Status;;1.000000;0.000000;;9
11696;4;34968;U16;;100#Liquid Cooling - Electric Heating Operating Status;;1.000000;0.000000;;9
11697;4;34969;U16;;100#Liquid Cooling - Refrigerant Operating Status;;1.000000;0.000000;;9
11698;4;34970;F32;;100#Liquid Cooling - Fan Output;;1.000000;0.000000;;4
11699;4;34972;F32;;100#Liquid Cooling - Water Pump Output;;1.000000;0.000000;;4
11700;4;34974;F32;;100#Liquid Cooling - Target Cooling Start Point;;0.100000;0.000000;°C;4
11701;4;34976;F32;;100#Liquid Cooling - Target Cooling Stop Point;;0.100000;0.000000;°C;4
11702;4;34978;F32;;100#Liquid Cooling - Target Heating Start Point;;0.100000;0.000000;°C;4
11703;4;34980;F32;;100#Liquid Cooling - Target Heating Stop Point;;0.100000;0.000000;°C;4
11704;4;34982;U16;;100#Liquid Cooling - EMS Control Mode Status;;1.000000;0.000000;;9
